sample_id,source_mission,split,label,scan_age_max,scan_age_p95,scan_gap_max,scan_valid_fraction_min,tf_map_odom_age_max,tf_map_odom_age_p95,tf_odom_base_age_max,amcl_position_step_max,tf_map_odom_position_step_max,amcl_tf_jump_product,wheel_opposite_forward_fraction,wheel_opposite_motion_fraction,right_negative_forward_fraction,left_negative_forward_fraction,right_negative_straight_fraction,left_negative_straight_fraction,left_cmd_sign_disagreement_fraction,right_cmd_sign_disagreement_fraction,wheel_velocity_difference_mean,wheel_velocity_difference_p95,wheel_velocity_difference_max,wheel_velocity_product_min,wheel_velocity_product_p05,left_wheel_abs_mean,right_wheel_abs_mean,left_cmd_vx_correlation,right_cmd_vx_correlation,linear_motion_error_p95,angular_motion_error_p95,odom_imu_yaw_error_p95,command_active_fraction,straight_forward_fraction,cmd_vx_abs_mean,cmd_wz_abs_mean,fault_start_s,fault_duration_s,localization_offset_m,modified_wheel,modified_samples
healthy_001__Healthy__000,healthy_001,train,Healthy,0.1735967820000041,0.17137186930000606,0.2016897370000023,0.8555555555555555,0.1708412589999994,0.1622195375999979,0.0340767710000022,0.2724371570507145,0.0362140760754777,0.00986605993122144,0.0,0.13,0.0,0.0,0.0,0.0,0.0,0.0,2.9177668151702254,7.879525489490718,8.672683257611936,-18.803858664682565,-15.059784558039444,4.475276582285649,5.181336892525906,0.7168633863350276,0.8396231172338592,0.021668953277037946,0.16136365520982837,0.02071547159737717,0.95,0.42,0.14763157894736836,0.3363179487179487,,,,,
healthy_001__Healthy__001,healthy_001,train,Healthy,0.1984622410000014,0.19732296575000205,0.2016897370000023,0.8805555555555555,0.1935366140000027,0.1867527847999998,0.0332836660000026,0.2724371570507145,0.0258541851989668,0.0070436407134691756,0.0,0.0,0.0,0.0,0.0,0.0,0.0,0.0,0.7912436636879717,5.584209287078812,7.441952891344951,-0.00242118745229055,-9.94093830252541e-06,4.001304380437088,4.58547395585842,0.11857511705670223,0.37893861363878334,0.02315495221947877,0.06229041640698364,0.007960257857142125,0.68,0.56,0.1423052631578947,0.0940307692307692,,,,,
healthy_001__Healthy__002,healthy_001,train,Healthy,0.1673552940000036,0.1657034565999996,0.2015482879999979,0.8555555555555555,0.1650849010000001,0.15650541565000392,0.033182778000004,0.2611468410094815,0.0335374166990657,0.00875819042657964,0.0,0.33,0.0,0.0,0.0,0.0,0.0,0.0,3.37464887572629,8.659456556709424,8.692697736053308,-18.89074827409834,-18.7465482926564,4.3917343080216975,4.472393816246154,0.7553773434425848,0.8643320853237797,0.013367597827548261,0.162867630353094,0.02079918415792188,1.0,0.38,0.11428421052631574,0.3854871794871795,,,,,
healthy_001__Healthy__003,healthy_001,train,Healthy,0.1790070360000015,0.178159730100004,0.2016897370000023,0.8555555555555555,0.1755731120000021,0.1691730067500049,0.0340767710000022,0.2724371570507145,0.0362140760754777,0.00986605993122144,0.0,0.0,0.0,0.0,0.0,0.0,0.0,0.0,2.018983368874739,5.584209287078812,7.441952891344951,-9.788791995086303e-06,-9.067532859693496e-06,4.008173307734611,4.661325679124073,0.5773565944808867,0.7675311766559995,0.012971635845008008,0.10822842930320814,0.009947739911760218,0.76,0.42,0.1445052631578947,0.23403076923076915,,,,,
healthy_001__Healthy__004,healthy_001,train,Healthy,0.2001320389999996,0.1987062160000027,0.201879796,0.8722222222222222,0.2096844240000006,0.20151547719999985,0.033635942,0.2625406489326475,0.0864186749102557,0.022688414990838037,0.06,0.09,0.0,0.06,0.0,0.0,0.0,0.0,2.8749813638291717,8.794405658603507,9.058848562370144,-18.553987950468755,-12.987365578679071,3.8096252407248072,6.149340768412442,0.7669484872989941,0.49924141298673524,0.04781737563661565,0.14984375999970106,0.023127541118722613,0.82,0.43,0.1948363286264441,0.40061288305190756,,,,,
healthy_001__Healthy__005,healthy_001,train,Healthy,0.160261362000007,0.15728243555000632,0.2015482879999979,0.8555555555555555,0.1558168500000007,0.14932447935000176,0.0325286710000014,0.2552422104589066,0.0587062941950697,0.014984324298200468,0.0,0.4,0.0,0.0,0.0,0.0,0.0,0.0,3.1116904488895782,8.659456556709424,8.692697736053308,-18.89074827409834,-18.7465482926564,2.9982793238900087,2.466697836961188,0.746513034440753,0.7664006618397607,0.013367597827548261,0.16268076456660832,0.02079918415792188,0.78,0.2,0.052221052631578925,0.3521641025641024,,,,,
healthy_001__Healthy__006,healthy_001,train,Healthy,0.1745684310000044,0.1733403426500085,0.2016897370000023,0.8555555555555555,0.1708412589999994,0.1622195375999979,0.0340767710000022,0.2724371570507145,0.0362140760754777,0.00986605993122144,0.0,0.1,0.0,0.0,0.0,0.0,0.0,0.0,2.731128095804617,7.879525489490718,8.672683257611936,-18.803858664682565,-15.059784558039444,4.402913227325241,5.067061528120704,0.6873015103086971,0.8618968882118805,0.021668953277037946,0.1599902869927775,0.02071547159737717,0.92,0.42,0.1470526315789473,0.3181743589743589,,,,,
healthy_001__Healthy__007,healthy_001,train,Healthy,0.1730621029999994,0.17084377635000114,0.2016897370000023,0.8555555555555555,0.1690852040000052,0.16164017570000402,0.0340767710000022,0.2724371570507145,0.0362140760754777,0.00986605993122144,0.0,0.16,0.0,0.0,0.0,0.0,0.0,0.0,2.9869537315305608,7.879525489490718,8.672683257611936,-18.803858664682565,-15.059784558039444,4.49934619933485,5.22645419183704,0.7404849438397174,0.8413666960007292,0.022615768504476413,0.16286218302095343,0.02071547159737717,0.98,0.42,0.14821052631578938,0.34535384615384607,,,,,
healthy_001__Healthy__008,healthy_001,train,Healthy,0.2001320389999996,0.1987062160000027,0.201879796,0.8722222222222222,0.2096844240000006,0.20136580635000198,0.033635942,0.2625406489326475,0.0864186749102557,0.022688414990838037,0.06,0.09,0.0,0.06,0.0,0.0,0.0,0.0,2.8750499628632276,8.794405658603507,9.058848562370144,-18.553987950468755,-12.987365578679071,4.3253695746592715,6.665112255321825,0.759054700650853,0.4777415055678647,0.043123216071476504,0.14714906268701408,0.023127541118722613,0.9,0.51,0.19604385964912271,0.36500284900284913,,,,,
healthy_001__Healthy__009,healthy_001,train,Healthy,0.197664888000002,0.19587675830000226,0.2016897370000023,0.875,0.1935366140000027,0.1865288303000015,0.0340767710000022,0.2724371570507145,0.0362140760754777,0.00986605993122144,0.0,0.0,0.0,0.0,0.0,0.0,0.0,0.0,0.8620987733468027,5.584209287078812,7.441952891344951,-0.00242118745229055,-9.94093830252541e-06,3.9558576947945245,4.623862188407517,0.09370401659752159,0.39855838618777467,0.02315495221947877,0.07323257507204933,0.007995067124846895,0.68,0.56,0.14242105263157892,0.10018461538461536,,,,,
healthy_001__Healthy__010,healthy_001,train,Healthy,0.2001320389999996,0.1987062160000027,0.2013216809999995,0.8916666666666667,0.2013584240000021,0.19355899850000258,0.0332836660000026,0.2724371570507145,0.0310259651166499,0.008452625731134738,0.0,0.0,0.0,0.0,0.0,0.0,0.0,0.0,0.27844716182654755,1.0729034131298523,1.5421511407873876,-0.00242118745229055,-9.94093830252541e-06,4.65568788444528,4.680159470996689,0.5580868453892031,0.6981673752197821,0.023078198372993075,0.06216936496707423,0.008192790927547926,0.73,0.73,0.15295789473684204,0.02769230769230762,,,,,
healthy_001__Healthy__011,healthy_001,train,Healthy,0.163209952999999,0.16196528889999798,0.2015482879999979,0.8555555555555555,0.1593778089999986,0.15081525955000316,0.0325286710000014,0.2552422104589066,0.0587062941950697,0.014984324298200468,0.0,0.4,0.0,0.0,0.0,0.0,0.0,0.0,3.2772554762016846,8.659456556709424,8.692697736053308,-18.89074827409834,-18.7465482926564,3.742438439520727,3.293962369907208,0.7632098254816059,0.8333627328545787,0.013367597827548261,0.16268076456660832,0.02079918415792188,0.9,0.32,0.07815789473684208,0.3724205128205127,,,,,
healthy_001__Healthy__012,healthy_001,train,Healthy,0.1827795610000002,0.18106022165000013,0.2016897370000023,0.8555555555555555,0.180901342999995,0.17219336224999884,0.0340767710000022,0.2724371570507145,0.0362140760754777,0.00986605993122144,0.0,0.0,0.0,0.0,0.0,0.0,0.0,0.0,1.917602846211492,5.584209287078812,7.441952891344951,-0.00242118745229055,-9.94093830252541e-06,3.9153642175907373,4.6712824825874115,0.09971788050523993,0.386208444173406,0.0141456756087727,0.10822842930320814,0.009226763782741888,0.68,0.38,0.14218947368421048,0.2242871794871794,,,,,
healthy_001__Healthy__013,healthy_001,train,Healthy,0.1694637820000082,0.1673762315500035,0.2016897370000023,0.8555555555555555,0.1654865659999984,0.1590260145000044,0.0340767710000022,0.2611468410094815,0.0362140760754777,0.009457191567188042,0.0,0.26,0.0,0.0,0.0,0.0,0.0,0.0,3.191989376909055,8.652202284508355,8.692697736053308,-18.89074827409834,-18.715151017203898,4.5601333652101355,4.896807762333196,0.7584376553431861,0.8632194307056564,0.013367597827548261,0.16286218302095343,0.020325253759642694,1.0,0.42,0.13165263157894733,0.3636205128205128,,,,,
healthy_001__Healthy__014,healthy_001,train,Healthy,0.1983229000000008,0.19695381855000008,0.2016897370000023,0.8805555555555555,0.1935366140000027,0.1865288303000015,0.0340767710000022,0.2724371570507145,0.0362140760754777,0.00986605993122144,0.0,0.0,0.0,0.0,0.0,0.0,0.0,0.0,0.8201153119195445,5.584209287078812,7.441952891344951,-0.00242118745229055,-9.94093830252541e-06,3.9847513337254394,4.602019155328784,0.10640885580661362,0.3880600906734908,0.02315495221947877,0.07323257507204933,0.007995067124846895,0.68,0.56,0.1423052631578947,0.09659487179487178,,,,,
healthy_001__Healthy__015,healthy_001,train,Healthy,0.2001320389999996,0.1987062160000027,0.201879796,0.8722222222222222,0.2057569300000032,0.20004212344999964,0.033635942,0.2625406489326475,0.0465044710120376,0.012209313997769845,0.06,0.09,0.0,0.06,0.0,0.0,0.0,0.0,2.22674507547595,8.719330074811307,8.84069636940364,-18.553987950468755,-12.987365578679071,5.398365197540094,7.022306343296836,0.814317485639271,0.3950407987176622,0.025556152103310737,0.10210139172389752,0.017015213264508767,1.0,0.71,0.1983473684210525,0.2518461538461539,,,,,
healthy_001__Healthy__016,healthy_001,train,Healthy,0.1895928849999997,0.18786636935000284,0.2016897370000023,0.8694444444444445,0.1857043470000015,0.18062951790000414,0.0340767710000022,0.2724371570507145,0.0362140760754777,0.00986605993122144,0.0,0.0,0.0,0.0,0.0,0.0,0.0,0.0,1.4724586834838305,5.584209287078812,7.441952891344951,-0.00242118745229055,-9.94093830252541e-06,3.6443375963876212,4.99124687828957,0.04723428501586209,0.46523879110333477,0.023149800634956176,0.09205247198863163,0.009224624352163252,0.68,0.45,0.14288421052631575,0.17044102564102567,,,,,
healthy_001__Healthy__017,healthy_001,train,Healthy,0.2001320389999996,0.1987062160000027,0.201879796,0.8722222222222222,0.2096844240000006,0.20169689010000072,0.033635942,0.2625406489326475,0.0864186749102557,0.022688414990838037,0.06,0.09,0.0,0.06,0.0,0.0,0.0,0.0,2.866202114631355,8.794405658603507,9.058848562370144,-18.553987950468755,-12.987365578679071,3.2895973786739017,5.637806907586185,0.7714034541284353,0.5370726965812632,0.05057587732275793,0.15361094323995994,0.023127541118722613,0.74,0.35,0.1927418207681365,0.44288288288288297,,,,,
healthy_001__Healthy__018,healthy_001,train,Healthy,0.1694637820000082,0.16733907750000512,0.2016897370000023,0.8555555555555555,0.1654865659999984,0.1590260145000044,0.0340767710000022,0.2611468410094815,0.0362140760754777,0.009457191567188042,0.0,0.27,0.0,0.0,0.0,0.0,0.0,0.0,3.2194202666140654,8.652202284508355,8.692697736053308,-18.89074827409834,-18.715151017203898,4.558356162221526,4.843875060281815,0.754993060774866,0.8652834038219624,0.013367597827548261,0.16286218302095343,0.020325253759642694,1.0,0.42,0.12956842105263153,0.3656102564102563,,,,,
healthy_001__Healthy__019,healthy_001,train,Healthy,0.1833656700000006,0.1813254535000016,0.2016897370000023,0.8694444444444445,0.180901342999995,0.17470827665000704,0.0340767710000022,0.2724371570507145,0.0362140760754777,0.00986605993122144,0.0,0.0,0.0,0.0,0.0,0.0,0.0,0.0,1.8793105529230199,5.584209287078812,7.441952891344951,-0.00242118745229055,-9.94093830252541e-06,3.9312946086822746,4.72550516696742,0.1300904970891375,0.30994627888458365,0.0141456756087727,0.10822842930320814,0.009226763782741888,0.68,0.38,0.14323157894736838,0.2201846153846153,,,,,
healthy_001__Healthy__020,healthy_001,train,Healthy,0.1745684310000044,0.1733403426500085,0.2016897370000023,0.8555555555555555,0.1708412589999994,0.1622195375999979,0.0340767710000022,0.2724371570507145,0.0362140760754777,0.00986605993122144,0.0,0.1,0.0,0.0,0.0,0.0,0.0,0.0,2.731128095804617,7.879525489490718,8.672683257611936,-18.803858664682565,-15.059784558039444,4.402913227325241,5.067061528120704,0.6873015103086971,0.8618968882118805,0.021668953277037946,0.1599902869927775,0.02071547159737717,0.92,0.42,0.1470526315789473,0.3181743589743589,,,,,
healthy_001__Healthy__021,healthy_001,train,Healthy,0.2001320389999996,0.1987062160000027,0.2013216809999995,0.8916666666666667,0.2017480969999994,0.19409264300000076,0.0332836660000026,0.2724371570507145,0.0310259651166499,0.008452625731134738,0.0,0.0,0.0,0.0,0.0,0.0,0.0,0.0,0.37860675780453584,1.5104155424539276,3.7265828923525577,-0.00242118745229055,-9.94093830252541e-06,4.868521633592845,4.993369205598193,0.46297401109513336,0.6347267441327635,0.023078198372993075,0.0892794719203893,0.010024988007329606,0.77,0.77,0.16152631578947363,0.037948717948717875,,,,,
healthy_001__Healthy__022,healthy_001,train,Healthy,0.1602957350000053,0.1577654804000044,0.2015482879999979,0.8555555555555555,0.1558168500000007,0.14932447935000176,0.0325286710000014,0.2552422104589066,0.0587062941950697,0.014984324298200468,0.0,0.4,0.0,0.0,0.0,0.0,0.0,0.0,3.12760458252182,8.659456556709424,8.692697736053308,-18.89074827409834,-18.7465482926564,3.0729014741292557,2.525379124972143,0.7528412390057341,0.773617305577472,0.013367597827548261,0.16268076456660832,0.02079918415792188,0.79,0.21,0.05442105263157892,0.3539589743589742,,,,,
healthy_001__Healthy__023,healthy_001,train,Healthy,0.1654948800000042,0.1634419677500016,0.2015482879999979,0.8555555555555555,0.161086491000006,0.15470187170000282,0.0325286710000014,0.2552422104589066,0.0587062941950697,0.014984324298200468,0.0,0.4,0.0,0.0,0.0,0.0,0.0,0.0,3.565318973187116,8.659456556709424,8.692697736053308,-18.89074827409834,-18.7465482926564,4.120779316602339,3.960744782745216,0.7428870451800985,0.8558000038768274,0.013367597827548261,0.16268076456660832,0.02079918415792188,0.98,0.33,0.09506315789473678,0.40472820512820507,,,,,
healthy_001__Healthy__024,healthy_001,train,Healthy,0.1733422550000014,0.1710857757000017,0.2016897370000023,0.8555555555555555,0.1690852040000052,0.16176430245000437,0.0340767710000022,0.2724371570507145,0.0362140760754777,0.00986605993122144,0.0,0.15,0.0,0.0,0.0,0.0,0.0,0.0,2.9670934221062164,7.879525489490718,8.672683257611936,-18.803858664682565,-15.059784558039444,4.492922040676884,5.2130180410706615,0.7346818631866386,0.8398472803317362,0.021668953277037946,0.16136365520982837,0.02071547159737717,0.97,0.42,0.14786315789473675,0.34144615384615384,,,,,
healthy_001__Healthy__025,healthy_001,train,Healthy,0.2001320389999996,0.1987062160000027,0.201879796,0.8722222222222222,0.2096844240000006,0.2001609775000004,0.033635942,0.2625406489326475,0.0698504388308429,0.018338579538879695,0.06,0.09,0.0,0.06,0.0,0.0,0.0,0.0,2.5128991855019898,8.719330074811307,8.84069636940364,-18.553987950468755,-12.987365578679071,5.260658301684937,7.195018295196918,0.8004337828287768,0.42566567921968207,0.025556152103310737,0.12244153051743313,0.019013417957008644,1.0,0.67,0.19857894736842094,0.2799282051282052,,,,,
healthy_001__Healthy__026,healthy_001,train,Healthy,0.1964181120000034,0.1945042091499997,0.2016897370000023,0.8722222222222222,0.1935366140000027,0.1865288303000015,0.0340767710000022,0.2724371570507145,0.0362140760754777,0.00986605993122144,0.0,0.0,0.0,0.0,0.0,0.0,0.0,0.0,0.910327819483605,5.584209287078812,7.441952891344951,-0.00242118745229055,-9.94093830252541e-06,3.9230430821841162,4.656659996978317,0.08663988493836,0.4095785555111502,0.02315495221947877,0.07323257507204933,0.007995067124846895,0.68,0.56,0.14253684210526313,0.10582564102564099,,,,,
healthy_001__Healthy__027,healthy_001,train,Healthy,0.2001320389999996,0.1987062160000027,0.201879796,0.8722222222222222,0.2096844240000006,0.20175470574999943,0.033635942,0.2625406489326475,0.0864186749102557,0.022688414990838037,0.06,0.09,0.0,0.06,0.0,0.0,0.0,0.0,2.8552507390285125,8.794405658603507,9.058848562370144,-18.553987950468755,-12.987365578679071,2.954298558141994,5.313473528375491,0.7781103684375873,0.5619818966681948,0.0521271142802579,0.15606119043722644,0.023127541118722613,0.69,0.3,0.19127002288329517,0.47311780007432175,,,,,
healthy_001__Healthy__028,healthy_001,train,Healthy,0.2001320389999996,0.1987062160000027,0.201879796,0.8722222222222222,0.2096844240000006,0.20090834819999992,0.033635942,0.2625406489326475,0.0864186749102557,0.022688414990838037,0.06,0.09,0.0,0.06,0.0,0.0,0.0,0.0,2.894291513103003,8.794405658603507,9.058848562370144,-18.553987950468755,-12.987365578679071,4.784093167028038,7.104591474302995,0.7581284415610716,0.4511456343561438,0.03901582645197971,0.144791202538413,0.023127541118722613,0.97,0.58,0.19741454150841015,0.34104150145387263,,,,,
healthy_001__Healthy__029,healthy_001,train,Healthy,0.1792396499999995,0.17830595739999744,0.2016897370000023,0.8555555555555555,0.1755731120000021,0.1691730067500049,0.0340767710000022,0.2724371570507145,0.0362140760754777,0.00986605993122144,0.0,0.0,0.0,0.0,0.0,0.0,0.0,0.0,2.004516663847518,5.584209287078812,7.441952891344951,-1.027375573829228e-05,-9.47516752656918e-06,3.958832461312698,4.626656601495637,0.47188631889300614,0.7152963165309483,0.012971635845008008,0.10822842930320814,0.009947739911760218,0.73,0.42,0.14323157894736838,0.23223589743589737,,,,,
healthy_001__Healthy__030,healthy_001,train,Healthy,0.1754816390000044,0.1742543935999997,0.2016897370000023,0.8555555555555555,0.1709109800000021,0.16554982204999855,0.0340767710000022,0.2724371570507145,0.0362140760754777,0.00986605993122144,0.0,0.06,0.0,0.0,0.0,0.0,0.0,0.0,2.5240820277743117,7.501253839512696,8.672683257611936,-18.803858664682565,-8.436065113627606,4.313421637692407,4.949507049723231,0.646064063591931,0.8838413780439202,0.021668953277037946,0.15130814371295334,0.013579922077055566,0.88,0.42,0.14612631578947363,0.29382564102564096,,,,,
healthy_001__Healthy__031,healthy_001,train,Healthy,0.1602957350000053,0.15841069310000255,0.2015482879999979,0.8555555555555555,0.1558168500000007,0.14932447935000176,0.0325286710000014,0.2552422104589066,0.0587062941950697,0.014984324298200468,0.0,0.4,0.0,0.0,0.0,0.0,0.0,0.0,3.13985467643039,8.659456556709424,8.692697736053308,-18.89074827409834,-18.7465482926564,3.14568137645916,2.585884216844066,0.7581279146399256,0.7806371130934339,0.013367597827548261,0.16268076456660832,0.02079918415792188,0.8,0.22,0.056621052631578926,0.35626666666666656,,,,,
healthy_001__Healthy__032,healthy_001,train,Healthy,0.2001320389999996,0.1987062160000027,0.2013216809999995,0.8833333333333333,0.2057569300000032,0.19697997505000045,0.0332836660000026,0.2724371570507145,0.0310259651166499,0.008452625731134738,0.0,0.0,0.0,0.0,0.0,0.0,0.0,0.0,0.7172242611918169,3.8280196939694124,6.370824619473895,-0.00242118745229055,-9.94093830252541e-06,5.133834428771415,5.5976835987103035,0.238477578405496,0.47778152298769855,0.023135524090245788,0.09163557638631205,0.010024988007329606,0.84,0.77,0.1764631578947368,0.07564102564102558,,,,,
healthy_001__Healthy__033,healthy_001,train,Healthy,0.2001320389999996,0.1987062160000027,0.2013216809999995,0.8916666666666667,0.2013584240000021,0.19355899850000258,0.0332836660000026,0.2724371570507145,0.0310259651166499,0.008452625731134738,0.0,0.0,0.0,0.0,0.0,0.0,0.0,0.0,0.27844716182654755,1.0729034131298523,1.5421511407873876,-0.00242118745229055,-9.94093830252541e-06,4.65568788444528,4.680159470996689,0.5580868453892031,0.6981673752197821,0.023078198372993075,0.06216936496707423,0.008192790927547926,0.73,0.73,0.15295789473684204,0.02769230769230762,,,,,
healthy_001__Healthy__034,healthy_001,train,Healthy,0.1958482660000022,0.19429071374999912,0.2016897370000023,0.8722222222222222,0.1916778740000033,0.1857455183000015,0.0340767710000022,0.2724371570507145,0.0362140760754777,0.00986605993122144,0.0,0.0,0.0,0.0,0.0,0.0,0.0,0.0,0.922926377676025,5.584209287078812,7.441952891344951,-0.00242118745229055,-9.94093830252541e-06,3.9146181555446105,4.665069194961904,0.08095348614146645,0.4152778188996226,0.02315495221947877,0.07323257507204933,0.007995067124846895,0.68,0.56,0.14253684210526313,0.10736410256410255,,,,,
healthy_001__Healthy__035,healthy_001,train,Healthy,0.2001320389999996,0.1987062160000027,0.201879796,0.8722222222222222,0.2096844240000006,0.2001609775000004,0.033635942,0.2625406489326475,0.0821103814965567,0.021557312842213246,0.06,0.09,0.0,0.06,0.0,0.0,0.0,0.0,2.6544696225231017,8.719330074811307,8.84069636940364,-18.553987950468755,-12.987365578679071,5.189832976738652,7.265763407271744,0.7821451581153637,0.42551571340493893,0.025556152103310737,0.12244153051743313,0.019013417957008644,1.0,0.65,0.198578947368421,0.2963384615384616,,,,,
healthy_001__Healthy__036,healthy_001,train,Healthy,0.2001320389999996,0.1987062160000027,0.201879796,0.8722222222222222,0.2096844240000006,0.20136580635000198,0.033635942,0.2625406489326475,0.0864186749102557,0.022688414990838037,0.06,0.09,0.0,0.06,0.0,0.0,0.0,0.0,2.8750720694654617,8.794405658603507,9.058848562370144,-18.553987950468755,-12.987365578679071,4.392048554860315,6.731769128920633,0.7580637097313228,0.4761214149498775,0.042536446125834154,0.14681222552292825,0.023127541118722613,0.91,0.52,0.19617987275882004,0.3609918286841365,,,,,
healthy_001__Healthy__037,healthy_001,train,Healthy,0.1958319960000025,0.19411384635000326,0.2016897370000023,0.8722222222222222,0.1911595350000006,0.18418841775000094,0.0340767710000022,0.2724371570507145,0.0362140760754777,0.00986605993122144,0.0,0.0,0.0,0.0,0.0,0.0,0.0,0.0,0.9397340497069122,5.584209287078812,7.441952891344951,-0.00242118745229055,-9.94093830252541e-06,3.907577252189508,4.67910504292789,0.07622331485980563,0.4236030008490252,0.02315495221947877,0.09205247198863163,0.007995067124846895,0.68,0.55,0.14253684210526316,0.11095384615384614,,,,,
healthy_001__Healthy__038,healthy_001,train,Healthy,0.2001320389999996,0.1987062160000027,0.201879796,0.8722222222222222,0.2057569300000032,0.20004212344999964,0.033635942,0.2625406489326475,0.0465044710120376,0.012209313997769845,0.06,0.09,0.0,0.06,0.0,0.0,0.0,0.0,2.22674507547595,8.719330074811307,8.84069636940364,-18.553987950468755,-12.987365578679071,5.398365197540094,7.022306343296836,0.814317485639271,0.3950407987176622,0.025556152103310737,0.10210139172389752,0.017015213264508767,1.0,0.71,0.1983473684210525,0.2518461538461539,,,,,
healthy_001__Healthy__039,healthy_001,train,Healthy,0.1811220029999987,0.1790134670999968,0.2016897370000023,0.8555555555555555,0.180901342999995,0.17192960550000572,0.0340767710000022,0.2724371570507145,0.0362140760754777,0.00986605993122144,0.0,0.0,0.0,0.0,0.0,0.0,0.0,0.0,1.9831588667866797,5.584209287078812,7.441952891344951,-1.0586519322212007e-05,-9.7959341751186e-06,3.892001317462091,4.581386582149512,0.33015001227927443,0.6362143310623702,0.012971635845008008,0.10822842930320814,0.009947739911760218,0.7,0.4,0.14149473684210523,0.2304410256410256,,,,,
healthy_001__Healthy__040,healthy_001,train,Healthy,0.1984622410000014,0.19732296575000205,0.2016897370000023,0.8805555555555555,0.1935366140000027,0.1867527847999998,0.0332836660000026,0.2724371570507145,0.0258541851989668,0.0070436407134691756,0.0,0.0,0.0,0.0,0.0,0.0,0.0,0.0,0.7912436636879717,5.584209287078812,7.441952891344951,-0.00242118745229055,-9.94093830252541e-06,4.001304380437088,4.58547395585842,0.11857511705670223,0.37893861363878334,0.02315495221947877,0.06229041640698364,0.007960257857142125,0.68,0.56,0.1423052631578947,0.0940307692307692,,,,,
healthy_001__Healthy__041,healthy_001,train,Healthy,0.1694637820000082,0.16727908079999873,0.2016897370000023,0.8555555555555555,0.1654865659999984,0.1590260145000044,0.0340767710000022,0.2611468410094815,0.0362140760754777,0.009457191567188042,0.0,0.27,0.0,0.0,0.0,0.0,0.0,0.0,3.197659333646969,8.652202284508355,8.692697736053308,-18.89074827409834,-18.715151017203898,4.523864205041045,4.7663262792338825,0.7598651594584396,0.8667473933886606,0.013367597827548261,0.16286218302095343,0.020325253759642694,1.0,0.42,0.12748421052631576,0.3617128205128204,,,,,
healthy_001__Healthy__042,healthy_001,train,Healthy,0.1786099270000036,0.17743897515000592,0.2016897370000023,0.8555555555555555,0.1755731120000021,0.1691730067500049,0.0340767710000022,0.2724371570507145,0.0362140760754777,0.00986605993122144,0.0,0.0,0.0,0.0,0.0,0.0,0.0,0.0,2.0245939738513434,5.584209287078812,7.441952891344951,-9.618336098390753e-06,-8.895471738823676e-06,4.0215427216486,4.669017120804782,0.6056779477246954,0.7823224339049993,0.012971635845008008,0.10822842930320814,0.009947739911760218,0.77,0.42,0.14485263157894732,0.23428717948717945,,,,,
healthy_001__Healthy__043,healthy_001,train,Healthy,0.2001320389999996,0.1987062160000027,0.201879796,0.8833333333333333,0.2057569300000032,0.19697997505000045,0.0332836660000026,0.2724371570507145,0.0310259651166499,0.008452625731134738,0.0,0.0,0.0,0.0,0.0,0.0,0.0,0.0,0.8714870236449103,4.720735112905506,6.442734352162472,-0.00242118745229055,-9.94093830252541e-06,5.256483589691193,5.87476289259323,0.21876269896191738,0.4146468191088651,0.023135524090245788,0.0927556761687187,0.013318876148291168,0.87,0.77,0.18283157894736835,0.09390769230769226,,,,,
healthy_001__Healthy__044,healthy_001,train,Healthy,0.1694637820000082,0.16727908079999873,0.2016897370000023,0.8555555555555555,0.1654865659999984,0.1590260145000044,0.0340767710000022,0.2611468410094815,0.0362140760754777,0.009457191567188042,0.0,0.27,0.0,0.0,0.0,0.0,0.0,0.0,3.197659333646969,8.652202284508355,8.692697736053308,-18.89074827409834,-18.715151017203898,4.523864205041045,4.7663262792338825,0.7598651594584396,0.8667473933886606,0.013367597827548261,0.16286218302095343,0.020325253759642694,1.0,0.42,0.12748421052631576,0.3617128205128204,,,,,
healthy_001__Healthy__045,healthy_001,train,Healthy,0.1712790759999976,0.16947353155000788,0.2016897370000023,0.8555555555555555,0.1690852040000052,0.16116120645000573,0.0340767710000022,0.2611468410094815,0.0362140760754777,0.009457191567188042,0.0,0.21,0.0,0.0,0.0,0.0,0.0,0.0,3.081172473486687,7.879525489490718,8.672683257611936,-18.803858664682565,-15.248647067997686,4.51209237302273,5.170951860803099,0.7793611465130076,0.8516866706206789,0.014097492545503153,0.16286218302095343,0.020325253759642694,1.0,0.42,0.14242105263157886,0.3492615384615384,,,,,
healthy_001__Healthy__046,healthy_001,train,Healthy,0.2001320389999996,0.1987062160000027,0.2013216809999995,0.8916666666666667,0.2013584240000021,0.19208663845000143,0.0332836660000026,0.2724371570507145,0.0310259651166499,0.008452625731134738,0.0,0.0,0.0,0.0,0.0,0.0,0.0,0.0,0.21365967843100614,0.6673945564944077,1.2220802945561902,-0.00242118745229055,-9.94093830252541e-06,4.362038694372161,4.321444592936417,0.6162911708604268,0.7168177656692049,0.023078198372993075,0.06216936496707423,0.007466320701432773,0.68,0.68,0.14207368421052627,0.021794871794871707,,,,,
healthy_001__Healthy__047,healthy_001,train,Healthy,0.2001320389999996,0.1987062160000027,0.201879796,0.8777777777777778,0.2057569300000032,0.1981234745000007,0.0332836660000026,0.2724371570507145,0.0310259651166499,0.008452625731134738,0.0,0.0,0.0,0.0,0.0,0.0,0.0,0.0,1.1674198405297893,5.603104090409832,6.569562376059389,-0.00242118745229055,-8.746588568442323e-06,5.508071828832077,6.4226368539341685,0.1595357820576233,0.39106682397104653,0.023135524090245788,0.0927556761687187,0.013318876148291168,0.93,0.78,0.1956842105263157,0.12467692307692299,,,,,
healthy_001__Healthy__048,healthy_001,train,Healthy,0.1792396499999995,0.17830595739999744,0.2016897370000023,0.8555555555555555,0.1755731120000021,0.1691730067500049,0.0340767710000022,0.2724371570507145,0.0362140760754777,0.00986605993122144,0.0,0.0,0.0,0.0,0.0,0.0,0.0,0.0,2.004516663847518,5.584209287078812,7.441952891344951,-1.027375573829228e-05,-9.47516752656918e-06,3.958832461312698,4.626656601495637,0.47188631889300614,0.7152963165309483,0.012971635845008008,0.10822842930320814,0.009947739911760218,0.73,0.42,0.14323157894736838,0.23223589743589737,,,,,
healthy_001__Healthy__049,healthy_001,train,Healthy,0.2001320389999996,0.1987062160000027,0.201879796,0.8722222222222222,0.2096844240000006,0.20136580635000198,0.033635942,0.2625406489326475,0.0864186749102557,0.022688414990838037,0.06,0.09,0.0,0.06,0.0,0.0,0.0,0.0,2.880480979607012,8.794405658603507,9.058848562370144,-18.553987950468755,-12.987365578679071,4.521054821109003,6.855366485027774,0.7577239617974416,0.4672490882940106,0.04136290623454928,0.14613855119475647,0.023127541118722613,0.93,0.54,0.19656762874929248,0.35405569341053217,,,,,
healthy_001__Healthy__050,healthy_001,train,Healthy,0.2001320389999996,0.1987062160000027,0.201879796,0.8722222222222222,0.2096844240000006,0.2001609775000004,0.033635942,0.2625406489326475,0.0698504388308429,0.018338579538879695,0.06,0.09,0.0,0.06,0.0,0.0,0.0,0.0,2.4475118464692884,8.719330074811307,8.84069636940364,-18.553987950468755,-12.987365578679071,5.293354624685101,7.162327279164378,0.8070828549997138,0.42232570489912247,0.025556152103310737,0.12244153051743313,0.019013417957008644,1.0,0.68,0.1985789473684209,0.272748717948718,,,,,
healthy_001__Healthy__051,healthy_001,train,Healthy,0.0331051150000001,0.0327620629999999,0.201879796,0.8722222222222222,0.2096844240000006,0.20178114074999953,0.033635942,0.2599030821721219,0.0864186749102557,0.022460479966406075,0.06,0.09,0.0,0.06,0.0,0.0,0.0,0.0,2.8352014445275984,8.794405658603507,9.058848562370144,-18.553987950468755,-12.987365578679071,2.37235340343831,4.751592629978978,0.7890673672585549,0.6412702128562843,0.054822774764194254,0.160824572289722,0.023127541118722613,0.6,0.21,0.1877324561403508,0.5402393162393163,,,,,
healthy_001__Healthy__052,healthy_001,train,Healthy,0.1724003260000017,0.17019963595000434,0.2016897370000023,0.8555555555555555,0.1690852040000052,0.16116120645000573,0.0340767710000022,0.2724371570507145,0.0362140760754777,0.00986605993122144,0.0,0.17,0.0,0.0,0.0,0.0,0.0,0.0,3.028816183181026,7.879525489490718,8.672683257611936,-18.803858664682565,-15.059784558039444,4.509752232926793,5.2579106098955615,0.7459112840877958,0.8391283731706729,0.022615768504476413,0.16286218302095343,0.02071547159737717,0.99,0.42,0.148557894736842,0.350225641025641,,,,,
healthy_001__Healthy__053,healthy_001,train,Healthy,0.1811357850000021,0.17927425879999992,0.2016897370000023,0.8555555555555555,0.180901342999995,0.17192960550000572,0.0340767710000022,0.2724371570507145,0.0362140760754777,0.00986605993122144,0.0,0.0,0.0,0.0,0.0,0.0,0.0,0.0,1.9686201414703561,5.584209287078812,7.441952891344951,-0.00242118745229055,-9.94093830252541e-06,3.8706976383058094,4.5755986080436175,0.2190814167856251,0.5636085939501949,0.0141456756087727,0.10822842930320814,0.009947739911760218,0.68,0.38,0.1399894736842105,0.22890256410256404,,,,,
healthy_001__Healthy__054,healthy_001,train,Healthy,0.1782899589999971,0.17738658570000182,0.2016897370000023,0.8555555555555555,0.1755731120000021,0.1691730067500049,0.0340767710000022,0.2724371570507145,0.0362140760754777,0.00986605993122144,0.0,0.0,0.0,0.0,0.0,0.0,0.0,0.0,2.0268387827902656,5.584209287078812,7.441952891344951,-9.467632338578571e-06,-8.75671798562267e-06,4.033196045099252,4.678359045975755,0.6312077275593507,0.794177077908376,0.012971635845008008,0.10822842930320814,0.009947739911760218,0.78,0.42,0.14519999999999994,0.2345435897435897,,,,,
healthy_001__Healthy__055,healthy_001,train,Healthy,0.1733422550000014,0.1710857757000017,0.2016897370000023,0.8555555555555555,0.1690852040000052,0.16176430245000437,0.0340767710000022,0.2724371570507145,0.0362140760754777,0.00986605993122144,0.0,0.15,0.0,0.0,0.0,0.0,0.0,0.0,2.9670934221062164,7.879525489490718,8.672683257611936,-18.803858664682565,-15.059784558039444,4.492922040676884,5.2130180410706615,0.7346818631866386,0.8398472803317362,0.021668953277037946,0.16136365520982837,0.02071547159737717,0.97,0.42,0.14786315789473675,0.34144615384615384,,,,,
healthy_001__Healthy__056,healthy_001,train,Healthy,0.197664888000002,0.19535197905000032,0.2016897370000023,0.8722222222222222,0.1935366140000027,0.1865288303000015,0.0340767710000022,0.2724371570507145,0.0362140760754777,0.00986605993122144,0.0,0.0,0.0,0.0,0.0,0.0,0.0,0.0,0.8846950283842047,5.584209287078812,7.441952891344951,-0.00242118745229055,-9.94093830252541e-06,3.9366586401590755,4.636034625739737,0.09544307462203636,0.39739307560936465,0.02315495221947877,0.07323257507204933,0.007995067124846895,0.68,0.56,0.14253684210526313,0.1022358974358974,,,,,
healthy_001__Healthy__057,healthy_001,train,Healthy,0.1880162480000038,0.18687813430000066,0.2016897370000023,0.8694444444444445,0.1857043470000015,0.18062951790000414,0.0340767710000022,0.2724371570507145,0.0362140760754777,0.00986605993122144,0.0,0.0,0.0,0.0,0.0,0.0,0.0,0.0,1.4977569623079359,5.584209287078812,7.441952891344951,-0.00242118745229055,-9.94093830252541e-06,3.6719700472420373,4.9706063154184985,0.09501132552696298,0.4334688132003012,0.014173608349176988,0.1013831939716858,0.009226763782741888,0.68,0.45,0.1432315789473684,0.17556923076923078,,,,,
healthy_001__Healthy__058,healthy_001,train,Healthy,0.2001320389999996,0.1987062160000027,0.201879796,0.8722222222222222,0.2096844240000006,0.20136580635000198,0.033635942,0.2625406489326475,0.0864186749102557,0.022688414990838037,0.06,0.09,0.0,0.06,0.0,0.0,0.0,0.0,2.880480979607012,8.794405658603507,9.058848562370144,-18.553987950468755,-12.987365578679071,4.521054821109003,6.855366485027774,0.7577239617974416,0.4672490882940106,0.04136290623454928,0.14613855119475647,0.023127541118722613,0.93,0.54,0.19656762874929248,0.35405569341053217,,,,,
healthy_001__Healthy__059,healthy_001,train,Healthy,0.2001320389999996,0.1987062160000027,0.201879796,0.8722222222222222,0.2096844240000006,0.20136580635000198,0.033635942,0.2625406489326475,0.0864186749102557,0.022688414990838037,0.06,0.09,0.0,0.06,0.0,0.0,0.0,0.0,2.875020198502881,8.794405658603507,9.058848562370144,-18.553987950468755,-12.987365578679071,4.132400615510939,6.4721569872658655,0.7616283286151432,0.48522638969790777,0.04488352590840372,0.14815957417927172,0.023127541118722613,0.87,0.48,0.195617059891107,0.3775891541408784,,,,,
healthy_001__Localization_Jump__000,healthy_001,train,Localization Jump,0.1811357850000021,0.17907688840000585,0.2016897370000023,0.8555555555555555,0.180901342999995,0.17192960550000572,0.0340767710000022,1.6391674908327538,1.6325865834834592,2.6760828536158,0.0,0.0,0.0,0.0,0.0,0.0,0.0,0.0,1.9774535016522596,5.584209287078812,7.441952891344951,-0.00242118745229055,-9.94093830252541e-06,3.8645879586448224,4.560655568200727,0.27629059464349215,0.606704165860413,0.012971635845008008,0.10822842930320814,0.009947739911760218,0.69,0.39,0.14079999999999995,0.22967179487179482,9.647213095192598,,1.6391674908327538,,
healthy_001__Localization_Jump__001,healthy_001,train,Localization Jump,0.1895928849999997,0.18786636935000284,0.2016897370000023,0.8694444444444445,0.1857043470000015,0.18062951790000414,0.0340767710000022,1.1218211941639722,0.9614995980339837,1.0786306272546629,0.0,0.0,0.0,0.0,0.0,0.0,0.0,0.0,1.4724586834838305,5.584209287078812,7.441952891344951,-0.00242118745229055,-9.94093830252541e-06,3.6443375963876212,4.99124687828957,0.04723428501586209,0.46523879110333477,0.023149800634956176,0.09205247198863163,0.009224624352163252,0.68,0.45,0.14288421052631575,0.17044102564102567,10.542461727363403,,1.1218211941639722,,
healthy_001__Localization_Jump__002,healthy_001,train,Localization Jump,0.1984622410000014,0.19732296575000205,0.2016897370000023,0.8805555555555555,0.1935366140000027,0.1867527847999998,0.0332836660000026,1.3288867145747796,1.2010558945881709,1.5960672217799472,0.0,0.0,0.0,0.0,0.0,0.0,0.0,0.0,0.7912436636879717,5.584209287078812,7.441952891344951,-0.00242118745229055,-9.94093830252541e-06,4.001304380437088,4.58547395585842,0.11857511705670223,0.37893861363878334,0.02315495221947877,0.06229041640698364,0.007960257857142125,0.68,0.56,0.1423052631578947,0.0940307692307692,7.138817494074825,,1.3288867145747796,,
healthy_001__Localization_Jump__003,healthy_001,train,Localization Jump,0.2001320389999996,0.1987062160000027,0.201879796,0.8722222222222222,0.2096844240000006,0.20169689010000072,0.033635942,1.1013156403780335,1.1037834666887754,1.2156139954550345,0.06,0.09,0.0,0.06,0.0,0.0,0.0,0.0,2.864091185226056,8.794405658603507,9.058848562370144,-18.553987950468755,-12.987365578679071,3.225383569865625,5.575706864649501,0.770993194052856,0.5445698638742382,0.05088612471425791,0.1541009926794132,0.023127541118722613,0.73,0.34,0.19236842105263152,0.44859852476290846,7.908184012222326,,1.1013156403780335,,
healthy_001__Localization_Jump__004,healthy_001,train,Localization Jump,0.1895928849999997,0.1872217036000005,0.2016897370000023,0.8694444444444445,0.1857043470000015,0.18062951790000414,0.0340767710000022,1.8353408098482273,1.9036607997369561,3.493866353865549,0.0,0.0,0.0,0.0,0.0,0.0,0.0,0.0,1.4726712768364931,5.584209287078812,7.441952891344951,-0.00242118745229055,-9.94093830252541e-06,3.640935611130469,4.987632299679755,0.05721233267562733,0.45637699797280334,0.023149800634956176,0.09205247198863163,0.009859972736164735,0.68,0.45,0.14299999999999996,0.1709538461538462,12.771205243872597,,1.8353408098482273,,
healthy_001__Localization_Jump__005,healthy_001,train,Localization Jump,0.2001320389999996,0.1987062160000027,0.201879796,0.8722222222222222,0.2096844240000006,0.20090834819999992,0.033635942,0.6982947643357706,0.7095670927582174,0.4954869858180173,0.06,0.09,0.0,0.06,0.0,0.0,0.0,0.0,2.9081504861254315,8.794405658603507,9.058848562370144,-18.553987950468755,-12.987365578679071,4.9725129279361315,7.302124222071553,0.7570022945255724,0.44522051655995426,0.03725551661505265,0.14378069104615543,0.023127541118722613,1.0,0.61,0.1978605263157894,0.3326051282051283,5.318143172577884,,0.6982947643357706,,
healthy_001__Localization_Jump__006,healthy_001,train,Localization Jump,0.196934916,0.1945775203000016,0.2016897370000023,0.8722222222222222,0.1935366140000027,0.1865288303000015,0.0340767710000022,1.5120686547046598,1.527421725440025,2.309566513552769,0.0,0.0,0.0,0.0,0.0,0.0,0.0,0.0,0.8971461040374972,5.584209287078812,7.441952891344951,-0.00242118745229055,-9.94093830252541e-06,3.9282393741632022,4.644449878234403,0.09006543103170161,0.40210314537968767,0.02315495221947877,0.07323257507204933,0.007995067124846895,0.68,0.56,0.14253684210526313,0.10377435897435892,6.690889379531182,,1.5120686547046598,,
healthy_001__Localization_Jump__007,healthy_001,train,Localization Jump,0.1982192550000014,0.1964439522000032,0.2016897370000023,0.8805555555555555,0.1935366140000027,0.1865288303000015,0.0340767710000022,1.1169939365127957,1.1113698680406492,1.241393403824431,0.0,0.0,0.0,0.0,0.0,0.0,0.0,0.0,0.8436229215625901,5.584209287078812,7.441952891344951,-0.00242118745229055,-9.94093830252541e-06,3.970877191648005,4.615872390216402,0.09647063233339585,0.3963112863514049,0.02315495221947877,0.07323257507204933,0.007995067124846895,0.68,0.56,0.1423052631578947,0.09864615384615384,8.870648731528075,,1.1169939365127957,,
healthy_001__Localization_Jump__008,healthy_001,train,Localization Jump,0.2001320389999996,0.1987062160000027,0.2013216809999995,0.8916666666666667,0.2017480969999994,0.19409264300000076,0.0332836660000026,0.7536516861986203,0.7980972082766653,0.6014873067681203,0.0,0.0,0.0,0.0,0.0,0.0,0.0,0.0,0.3172820833594413,1.2295556612414769,2.0113233282025824,-0.00242118745229055,-9.94093830252541e-06,4.769473375578267,4.83289470215778,0.5488646064995363,0.6554689742486061,0.023078198372993075,0.06216936496707423,0.008192790927547926,0.75,0.75,0.15712631578947361,0.03230769230769223,5.854094516551832,,0.7536516861986203,,
healthy_001__Localization_Jump__009,healthy_001,train,Localization Jump,0.1786099270000036,0.17743897515000592,0.2016897370000023,0.8555555555555555,0.1755731120000021,0.1691730067500049,0.0340767710000022,2.438969227148493,2.509974225865147,6.121749897820955,0.0,0.0,0.0,0.0,0.0,0.0,0.0,0.0,2.0245939738513434,5.584209287078812,7.441952891344951,-9.618336098390753e-06,-8.895471738823676e-06,4.0215427216486,4.669017120804782,0.6056779477246954,0.7823224339049993,0.012971635845008008,0.10822842930320814,0.009947739911760218,0.77,0.42,0.14485263157894732,0.23428717948717945,7.6945261629868185,,2.438969227148493,,
healthy_001__Localization_Jump__010,healthy_001,train,Localization Jump,0.1781590400000041,0.17559747880000207,0.2016897370000023,0.8555555555555555,0.1746627590000073,0.1671916833500045,0.0340767710000022,1.059038292453415,1.1200373637694374,1.1861624572104095,0.0,0.0,0.0,0.0,0.0,0.0,0.0,0.0,2.033431459941751,5.584209287078812,7.441952891344951,-9.061635561758741e-06,-8.335889605333892e-06,4.061056928016442,4.699438213000195,0.6944835783266093,0.823671954698442,0.012971635845008008,0.10822842930320814,0.009947739911760218,0.81,0.42,0.14589473684210522,0.2353128205128205,9.442246617713813,,1.059038292453415,,
healthy_001__Localization_Jump__011,healthy_001,train,Localization Jump,0.197664888000002,0.19535197905000032,0.2016897370000023,0.8722222222222222,0.1935366140000027,0.1865288303000015,0.0340767710000022,1.1257941158182918,1.1069038544163148,1.2461458460784742,0.0,0.0,0.0,0.0,0.0,0.0,0.0,0.0,0.8846950283842047,5.584209287078812,7.441952891344951,-0.00242118745229055,-9.94093830252541e-06,3.9366586401590755,4.636034625739737,0.09544307462203636,0.39739307560936465,0.02315495221947877,0.07323257507204933,0.007995067124846895,0.68,0.56,0.14253684210526313,0.1022358974358974,6.993496024252888,,1.1257941158182918,,
healthy_001__Localization_Jump__012,healthy_001,train,Localization Jump,0.2001320389999996,0.1987062160000027,0.201879796,0.8722222222222222,0.2096844240000006,0.20090834819999992,0.033635942,2.021868669073716,1.919524505939263,3.8810264580778,0.06,0.09,0.0,0.06,0.0,0.0,0.0,0.0,2.9008907027917137,8.794405658603507,9.058848562370144,-18.553987950468755,-12.987365578679071,5.055727656819005,7.378079167620709,0.7534378352740543,0.42617218370400956,0.025623790519604877,0.1156139152184755,0.023127541118722613,1.0,0.62,0.1989263157894736,0.32454358974359,13.632069966214104,,2.021868669073716,,
healthy_001__Localization_Jump__013,healthy_001,train,Localization Jump,0.1833656700000006,0.18197358385000495,0.2016897370000023,0.8694444444444445,0.180901342999995,0.17470827665000704,0.0340767710000022,1.8066962710785437,1.5707818356437173,2.837925685135414,0.0,0.0,0.0,0.0,0.0,0.0,0.0,0.0,1.8603691356015883,5.584209287078812,7.441952891344951,-0.00242118745229055,-9.94093830252541e-06,3.9183098092532096,4.731461784859786,0.13786844248484326,0.3051546976892124,0.0141456756087727,0.10822842930320814,0.009226763782741888,0.68,0.38,0.14334736842105258,0.21813333333333326,10.88548150115881,,1.8066962710785437,,
healthy_001__Localization_Jump__014,healthy_001,train,Localization Jump,0.1994964450000012,0.19847437395000148,0.2016203029999985,0.8944444444444445,0.1964190569999999,0.19065289999999985,0.0332836660000026,1.4981018221041476,1.3231842974445456,1.98226480698127,0.0,0.0,0.0,0.0,0.0,0.0,0.0,0.0,0.5803485561427434,5.064799351802419,7.441952891344951,-0.00242118745229055,-9.94093830252541e-06,4.1074725553564795,4.458548686795269,0.15698698511172096,0.37360583103409306,0.02315495221947877,0.06229041640698364,0.007466320701432773,0.68,0.61,0.14207368421052627,0.07146666666666662,5.3759528523377575,,1.4981018221041476,,
healthy_001__Localization_Jump__015,healthy_001,train,Localization Jump,0.2001320389999996,0.1987062160000027,0.201879796,0.8722222222222222,0.2096844240000006,0.20151547719999985,0.033635942,0.8577740777030345,0.9116230989977706,0.7819666629555948,0.06,0.09,0.0,0.06,0.0,0.0,0.0,0.0,2.8750024536274856,8.794405658603507,9.058848562370144,-18.553987950468755,-12.987365578679071,3.9394397118031343,6.279177146201754,0.7632784985193103,0.4957643279205033,0.04664383574533078,0.14917008567152926,0.023127541118722613,0.84,0.45,0.19502192982456135,0.3910744810744812,10.871212800961437,,0.8577740777030345,,
healthy_001__Localization_Jump__016,healthy_001,train,Localization Jump,0.187167837000004,0.1853125435000025,0.2016897370000023,0.8694444444444445,0.1841086320000009,0.17614768760000138,0.0340767710000022,1.6900126731332052,1.8091055323783514,3.057411276754808,0.0,0.0,0.0,0.0,0.0,0.0,0.0,0.0,1.5528425031607418,5.584209287078812,7.441952891344951,-0.00242118745229055,-9.94093830252541e-06,3.7300342320750235,4.933621158398796,0.12967611252869068,0.3957358634445339,0.014173608349176988,0.11492737628105162,0.009226763782741888,0.68,0.45,0.14346315789473682,0.18274871794871791,8.379367470860409,,1.6900126731332052,,
healthy_001__Localization_Jump__017,healthy_001,train,Localization Jump,0.1945380890000017,0.1933255480500017,0.2016897370000023,0.8722222222222222,0.1911595350000006,0.1834661261000006,0.0340767710000022,0.6838053998464284,0.6577738966061624,0.4497893423773201,0.0,0.0,0.0,0.0,0.0,0.0,0.0,0.0,1.0034594274940638,5.584209287078812,7.441952891344951,-0.00242118745229055,-9.94093830252541e-06,3.8713228439021834,4.715344617129307,0.06875566670684045,0.43217648876425824,0.02315495221947877,0.09205247198863163,0.007995067124846895,0.68,0.54,0.14276842105263157,0.11838974358974358,12.87774952763214,,0.6838053998464284,,
healthy_001__Localization_Jump__018,healthy_001,train,Localization Jump,0.1945024259999996,0.19288681510000388,0.2016897370000023,0.8694444444444445,0.1911595350000006,0.1834661261000006,0.0340767710000022,1.6520215437046293,1.5056597079756413,2.4873822750637804,0.0,0.0,0.0,0.0,0.0,0.0,0.0,0.0,1.0765593404444591,5.584209287078812,7.441952891344951,-0.00242118745229055,-9.94093830252541e-06,3.8347358191571757,4.751857505334695,0.06740728037498185,0.4302328974558216,0.02315495221947877,0.09205247198863163,0.008192790927547926,0.68,0.52,0.14288421052631578,0.1271076923076923,14.460933080015757,,1.6520215437046293,,
healthy_001__Localization_Jump__019,healthy_001,train,Localization Jump,0.2001320389999996,0.1987062160000027,0.2013216809999995,0.8833333333333333,0.2017480969999994,0.19644424479999992,0.0332836660000026,1.3890446914039924,1.187592621003827,1.6496192257559195,0.0,0.0,0.0,0.0,0.0,0.0,0.0,0.0,0.5940542663978738,3.3632339979462778,5.49973017141248,-0.00242118745229055,-9.94093830252541e-06,5.086794849010426,5.427366427724093,0.30105285764410017,0.5212593930736624,0.023078198372993075,0.0892794719203893,0.010024988007329606,0.82,0.77,0.17229473684210522,0.062307692307692245,10.154177731809412,,1.3890446914039924,,
healthy_001__Localization_Jump__020,healthy_001,train,Localization Jump,0.1694637820000082,0.1673762315500035,0.2016897370000023,0.8555555555555555,0.1654865659999984,0.1590260145000044,0.0340767710000022,0.7976931962172493,0.6979595466795993,0.5567575816211919,0.0,0.26,0.0,0.0,0.0,0.0,0.0,0.0,3.191989376909055,8.652202284508355,8.692697736053308,-18.89074827409834,-18.715151017203898,4.5601333652101355,4.896807762333196,0.7584376553431861,0.8632194307056564,0.013367597827548261,0.16286218302095343,0.020325253759642694,1.0,0.42,0.13165263157894733,0.3636205128205128,14.015920559959845,,0.7976931962172493,,
healthy_001__Localization_Jump__021,healthy_001,train,Localization Jump,0.1811220029999987,0.1790134670999968,0.2016897370000023,0.8555555555555555,0.180901342999995,0.17192960550000572,0.0340767710000022,1.8256568166899656,1.857074109038511,3.390380006264602,0.0,0.0,0.0,0.0,0.0,0.0,0.0,0.0,1.9831588667866797,5.584209287078812,7.441952891344951,-1.0586519322212007e-05,-9.7959341751186e-06,3.892001317462091,4.581386582149512,0.33015001227927443,0.6362143310623702,0.012971635845008008,0.10822842930320814,0.009947739911760218,0.7,0.4,0.14149473684210523,0.2304410256410256,7.856891385225339,,1.8256568166899656,,
healthy_001__Localization_Jump__022,healthy_001,train,Localization Jump,0.1736736360000037,0.1724334148500016,0.2016897370000023,0.8555555555555555,0.1708412589999994,0.1622195375999979,0.0340767710000022,2.333703453372464,2.003729192022598,4.676109735046354,0.0,0.12,0.0,0.0,0.0,0.0,0.0,0.0,2.865581924850456,7.879525489490718,8.672683257611936,-18.803858664682565,-15.059784558039444,4.456183704134401,5.1482448803573835,0.7060484111288783,0.8454975747094104,0.021668953277037946,0.1599902869927775,0.02071547159737717,0.94,0.42,0.14751578947368416,0.3320205128205128,6.075084400884208,,2.333703453372464,,
healthy_001__Localization_Jump__023,healthy_001,train,Localization Jump,0.1895928849999997,0.18786636935000284,0.2016897370000023,0.8694444444444445,0.1857043470000015,0.18062951790000414,0.0340767710000022,2.162983691402178,2.2406301307960352,4.846446431376153,0.0,0.0,0.0,0.0,0.0,0.0,0.0,0.0,1.4724586834838305,5.584209287078812,7.441952891344951,-0.00242118745229055,-9.94093830252541e-06,3.6443375963876212,4.99124687828957,0.04723428501586209,0.46523879110333477,0.023149800634956176,0.09205247198863163,0.009224624352163252,0.68,0.45,0.14288421052631575,0.17044102564102567,8.679317518182422,,2.162983691402178,,
healthy_001__Localization_Jump__024,healthy_001,train,Localization Jump,0.2001320389999996,0.1987062160000027,0.201879796,0.8833333333333333,0.2057569300000032,0.19697997505000045,0.0332836660000026,1.096017319517435,0.9961394212542263,1.091786058348706,0.0,0.0,0.0,0.0,0.0,0.0,0.0,0.0,0.8454419372972874,4.720735112905506,6.442734352162472,-0.00242118745229055,-9.94093830252541e-06,5.202906596952449,5.795082776643532,0.22445947489713292,0.4104150673744698,0.023135524090245788,0.09163557638631205,0.013318876148291168,0.86,0.77,0.18063157894736837,0.08948717948717944,14.469910915993319,,1.096017319517435,,
healthy_001__Localization_Jump__025,healthy_001,train,Localization Jump,0.1629624440000014,0.1605379397000007,0.2015482879999979,0.8555555555555555,0.1593778089999986,0.15081525955000316,0.0325286710000014,0.6089230263968114,0.5785209147045728,0.35227470621576007,0.0,0.4,0.0,0.0,0.0,0.0,0.0,0.0,3.1991042621312507,8.659456556709424,8.692697736053308,-18.89074827409834,-18.7465482926564,3.588661633486576,3.0619073546528073,0.7703589312415567,0.8201890908729758,0.013367597827548261,0.16268076456660832,0.02079918415792188,0.87,0.29,0.07167368421052628,0.36344615384615375,6.572238925571412,,0.6089230263968114,,
healthy_001__Localization_Jump__026,healthy_001,train,Localization Jump,0.1572587800000064,0.1552505842500043,0.2016317770000029,0.8555555555555555,0.1547461740000031,0.14593009160000284,0.033341785999994,2.0022438785247596,2.113353851724465,4.231449812772033,0.0,0.4,0.0,0.0,0.0,0.0,0.0,0.0,2.977195547340134,8.659456556709424,8.692697736053308,-18.89074827409834,-18.7465482926564,2.6047318172098297,2.2077873727874398,0.6955653359895141,0.7331380061779504,0.013367597827548261,0.16268076456660832,0.02079918415792188,0.73,0.17,0.04122105263157893,0.33498461538461527,13.978172022830478,,2.0022438785247596,,
healthy_001__Localization_Jump__027,healthy_001,train,Localization Jump,0.1924595440000018,0.19070956270000072,0.2016897370000023,0.8694444444444445,0.1911595350000006,0.18119807639999974,0.0340767710000022,2.048584615579756,2.0530548126664177,4.205856504170401,0.0,0.0,0.0,0.0,0.0,0.0,0.0,0.0,1.3347873841946352,5.584209287078812,7.441952891344951,-0.00242118745229055,-9.94093830252541e-06,3.716076907492812,4.8914309750673235,0.06368646517319564,0.4280174038243373,0.023149800634956176,0.09205247198863163,0.009157839137080306,0.68,0.45,0.14276842105263154,0.1560820512820513,8.064625324832125,,2.048584615579756,,
healthy_001__Localization_Jump__028,healthy_001,train,Localization Jump,0.2001320389999996,0.1987062160000027,0.2013216809999995,0.8916666666666667,0.2013584240000021,0.19237415695000357,0.0332836660000026,1.9986434304710714,2.129488669145857,4.256088538850952,0.0,0.0,0.0,0.0,0.0,0.0,0.0,0.0,0.26307965593590865,1.0228068760636702,1.5087452478047982,-0.00242118745229055,-9.94093830252541e-06,4.596764180724107,4.6058073374281685,0.5601533060497416,0.7161654025433664,0.023078198372993075,0.06216936496707423,0.008192790927547926,0.72,0.72,0.15087368421052627,0.026410256410256336,5.866576647863976,,1.9986434304710714,,
healthy_001__Localization_Jump__029,healthy_001,train,Localization Jump,0.2001320389999996,0.1987062160000027,0.201879796,0.8722222222222222,0.2057569300000032,0.20004212344999964,0.033635942,2.165603090807314,1.917111814852704,4.151703271668235,0.06,0.08,0.0,0.06,0.0,0.0,0.0,0.0,2.1435436791125584,8.719330074811307,8.84069636940364,-18.553987950468755,-12.45471710749034,5.487451657895583,7.0473571379544815,0.8402470007379841,0.3020786118763112,0.023362730824741273,0.09408321575875321,0.017015213264508767,1.0,0.73,0.20228421052631568,0.2357641025641026,6.247859479718034,,2.165603090807314,,
healthy_001__Localization_Jump__030,healthy_001,train,Localization Jump,0.2001320389999996,0.1987062160000027,0.201879796,0.8722222222222222,0.2096844240000006,0.2001609775000004,0.033635942,2.2516328408581794,2.074596958564897,4.671230643449218,0.06,0.09,0.0,0.06,0.0,0.0,0.0,0.0,2.8169512404784682,8.728093625116006,8.925054821317406,-18.553987950468755,-12.987365578679071,5.101502561792929,7.339914610281387,0.7635768948288081,0.4261026085116992,0.025556152103310737,0.1156139152184755,0.019013417957008644,1.0,0.63,0.19869473684210517,0.31480000000000014,10.908291915376141,,2.2516328408581794,,
healthy_001__Localization_Jump__031,healthy_001,train,Localization Jump,0.1735967820000041,0.17128100919999803,0.2016897370000023,0.8555555555555555,0.1708412589999994,0.1622195375999979,0.0340767710000022,1.511467548680638,1.3347715896302954,2.017463942627061,0.0,0.14,0.0,0.0,0.0,0.0,0.0,0.0,2.9428354604536553,7.879525489490718,8.672683257611936,-18.803858664682565,-15.059784558039444,4.484299163543797,5.197382956551186,0.7261782430579673,0.8396436056694653,0.021668953277037946,0.16136365520982837,0.02071547159737717,0.96,0.42,0.14774736842105254,0.3391384615384615,14.640720023237591,,1.511467548680638,,
healthy_001__Localization_Jump__032,healthy_001,train,Localization Jump,0.2001320389999996,0.032738949149999995,0.201879796,0.8722222222222222,0.2096844240000006,0.20176792324999948,0.033635942,0.7810079912173117,0.6857417892668426,0.5355698173290618,0.06,0.09,0.0,0.06,0.0,0.0,0.0,0.0,2.8399381072956373,8.794405658603507,9.058848562370144,-18.553987950468755,-12.987365578679071,2.501036130090611,4.875533016046646,0.7883896094277228,0.6176100949625867,0.05429884602075788,0.15949153651339953,0.023127541118722613,0.62,0.23,0.18877334465195242,0.5236393713813068,7.308760129673203,,0.7810079912173117,,
healthy_001__Localization_Jump__033,healthy_001,train,Localization Jump,0.1933171900000019,0.19217137754999916,0.2016897370000023,0.8694444444444445,0.1911595350000006,0.1826826080000005,0.0340767710000022,1.6706108862573867,1.4967811503674437,2.500538884148706,0.0,0.0,0.0,0.0,0.0,0.0,0.0,0.0,1.2308692592137604,5.584209287078812,7.441952891344951,-0.00242118745229055,-9.94093830252541e-06,3.7645395686798224,4.8359711736266435,0.0552304069862766,0.4364836898217447,0.02315495221947877,0.09205247198863163,0.009157839137080306,0.68,0.48,0.14299999999999996,0.14454358974358975,11.886035391616598,,1.6706108862573867,,
healthy_001__Localization_Jump__034,healthy_001,train,Localization Jump,0.1712790759999976,0.16947353155000788,0.2016897370000023,0.8555555555555555,0.1690852040000052,0.16116120645000573,0.0340767710000022,1.9831883277527727,1.7421583113401622,3.4550280281472907,0.0,0.21,0.0,0.0,0.0,0.0,0.0,0.0,3.081172473486687,7.879525489490718,8.672683257611936,-18.803858664682565,-15.248647067997686,4.51209237302273,5.170951860803099,0.7793611465130076,0.8516866706206789,0.014097492545503153,0.16286218302095343,0.020325253759642694,1.0,0.42,0.14242105263157886,0.3492615384615384,12.115423501359764,,1.9831883277527727,,
healthy_001__Localization_Jump__035,healthy_001,train,Localization Jump,0.1629624440000014,0.16119309260000558,0.2015482879999979,0.8555555555555555,0.1593778089999986,0.15081525955000316,0.0325286710000014,1.1158784097262608,1.073892737402555,1.1983337200293442,0.0,0.4,0.0,0.0,0.0,0.0,0.0,0.0,3.248375885317289,8.659456556709424,8.692697736053308,-18.89074827409834,-18.7465482926564,3.693760566419663,3.2163647675467963,0.7666714328343776,0.8290337006706001,0.013367597827548261,0.16268076456660832,0.02079918415792188,0.89,0.31,0.07595789473684207,0.36908717948717934,8.99289747007721,,1.1158784097262608,,
healthy_001__Localization_Jump__036,healthy_001,train,Localization Jump,0.1811357850000021,0.17927425879999992,0.2016897370000023,0.8555555555555555,0.180901342999995,0.17192960550000572,0.0340767710000022,1.087163529226469,0.9303050562922578,1.0113937282559198,0.0,0.0,0.0,0.0,0.0,0.0,0.0,0.0,1.9686201414703561,5.584209287078812,7.441952891344951,-0.00242118745229055,-9.94093830252541e-06,3.8706976383058094,4.5755986080436175,0.2190814167856251,0.5636085939501949,0.0141456756087727,0.10822842930320814,0.009947739911760218,0.68,0.38,0.1399894736842105,0.22890256410256404,14.521935046926309,,1.087163529226469,,
healthy_001__Localization_Jump__037,healthy_001,train,Localization Jump,0.1895928849999997,0.18786636935000284,0.2016897370000023,0.8694444444444445,0.1857043470000015,0.18062951790000414,0.0340767710000022,0.7296768594264915,0.643777918493436,0.46974984973441425,0.0,0.0,0.0,0.0,0.0,0.0,0.0,0.0,1.4724586834838305,5.584209287078812,7.441952891344951,-0.00242118745229055,-9.94093830252541e-06,3.6443375963876212,4.99124687828957,0.04723428501586209,0.46523879110333477,0.023149800634956176,0.09205247198863163,0.009224624352163252,0.68,0.45,0.14288421052631575,0.17044102564102567,11.26217710058949,,0.7296768594264915,,
healthy_001__Localization_Jump__038,healthy_001,train,Localization Jump,0.1994964450000012,0.19847437395000148,0.2016203029999985,0.8944444444444445,0.1964190569999999,0.19065289999999985,0.0332836660000026,1.7001642554040581,1.7596751228423777,2.9917367449803556,0.0,0.0,0.0,0.0,0.0,0.0,0.0,0.0,0.5803485561427434,5.064799351802419,7.441952891344951,-0.00242118745229055,-9.94093830252541e-06,4.1074725553564795,4.458548686795269,0.15698698511172096,0.37360583103409306,0.02315495221947877,0.06229041640698364,0.007466320701432773,0.68,0.61,0.14207368421052627,0.07146666666666662,14.611929761911323,,1.7001642554040581,,
healthy_001__Localization_Jump__039,healthy_001,train,Localization Jump,0.1964181120000034,0.1945042091499997,0.2016897370000023,0.8722222222222222,0.1935366140000027,0.1865288303000015,0.0340767710000022,0.5553168322744357,0.4859594920987858,0.2698614857659914,0.0,0.0,0.0,0.0,0.0,0.0,0.0,0.0,0.910327819483605,5.584209287078812,7.441952891344951,-0.00242118745229055,-9.94093830252541e-06,3.9230430821841162,4.656659996978317,0.08663988493836,0.4095785555111502,0.02315495221947877,0.07323257507204933,0.007995067124846895,0.68,0.56,0.14253684210526313,0.10582564102564099,12.817872562857538,,0.5553168322744357,,
healthy_001__Localization_Jump__040,healthy_001,train,Localization Jump,0.1694637820000082,0.16733907750000512,0.2016897370000023,0.8555555555555555,0.1654865659999984,0.1590260145000044,0.0340767710000022,0.9806286690935387,0.9702179609011244,0.9514235477291166,0.0,0.27,0.0,0.0,0.0,0.0,0.0,0.0,3.2194202666140654,8.652202284508355,8.692697736053308,-18.89074827409834,-18.715151017203898,4.558356162221526,4.843875060281815,0.754993060774866,0.8652834038219624,0.013367597827548261,0.16286218302095343,0.020325253759642694,1.0,0.42,0.12956842105263153,0.3656102564102563,13.060340701816273,,0.9806286690935387,,
healthy_001__Localization_Jump__041,healthy_001,train,Localization Jump,0.166563023000009,0.1650185907500002,0.2015482879999979,0.8555555555555555,0.1650849010000001,0.15650541565000392,0.033182778000004,1.336891707161887,1.2514139663417783,1.6730049538288883,0.0,0.36,0.0,0.0,0.0,0.0,0.0,0.0,3.4458992937865762,8.659456556709424,8.692697736053308,-18.89074827409834,-18.7465482926564,4.272007345310667,4.308000705863466,0.7548001462310494,0.8649707843057962,0.013367597827548261,0.162867630353094,0.02079918415792188,1.0,0.35,0.10779999999999994,0.39317948717948714,10.960147892709841,,1.336891707161887,,
healthy_001__Localization_Jump__042,healthy_001,train,Localization Jump,0.1991197540000016,0.19822443725000136,0.2016203029999985,0.8944444444444445,0.1964190569999999,0.19065289999999985,0.0332836660000026,2.2376314508696034,2.0295386614300024,4.541359539571569,0.0,0.0,0.0,0.0,0.0,0.0,0.0,0.0,0.6825344947601247,5.584209287078812,7.441952891344951,-0.00242118745229055,-9.94093830252541e-06,4.055161437175998,4.51759120292219,0.1418575958040969,0.36459744458150245,0.02315495221947877,0.06229041640698364,0.007466320701432773,0.68,0.59,0.1423052631578947,0.08223589743589738,11.476248515873909,,2.2376314508696034,,
healthy_001__Localization_Jump__043,healthy_001,train,Localization Jump,0.2001320389999996,0.1987062160000027,0.201879796,0.8722222222222222,0.2057569300000032,0.20004212344999964,0.033635942,2.136806151579343,1.8680257640339553,3.9916089438964577,0.06,0.09,0.0,0.06,0.0,0.0,0.0,0.0,2.2108074983217687,8.719330074811307,8.84069636940364,-18.553987950468755,-12.987365578679071,5.446714914125271,7.028665409742896,0.8522987643968125,0.3516851625484151,0.02402538129450794,0.09998195913111348,0.017015213264508767,1.0,0.72,0.20019999999999988,0.24499487179487187,12.461546795319975,,2.136806151579343,,
healthy_001__Localization_Jump__044,healthy_001,train,Localization Jump,0.2001320389999996,0.1987062160000027,0.201879796,0.8722222222222222,0.2096844240000006,0.20169689010000072,0.033635942,0.8094230235015426,0.7457837368912589,0.6036545271928017,0.06,0.09,0.0,0.06,0.0,0.0,0.0,0.0,2.868318495858183,8.794405658603507,9.058848562370144,-18.553987950468755,-12.987365578679071,3.3538157090560463,5.699906052764485,0.7718081294150613,0.5298502744057787,0.05026562993125795,0.15312089380050667,0.023127541118722613,0.75,0.36,0.1931052631578947,0.4373196581196582,10.898680695023163,,0.8094230235015426,,
healthy_001__Localization_Jump__045,healthy_001,train,Localization Jump,0.2001320389999996,0.1987062160000027,0.201879796,0.8722222222222222,0.2096844240000006,0.20136580635000198,0.033635942,0.8477528110158508,0.7761055068990425,0.657945625118545,0.06,0.09,0.0,0.06,0.0,0.0,0.0,0.0,2.887257187788828,8.794405658603507,9.058848562370144,-18.553987950468755,-12.987365578679071,4.587599467491785,6.915134923228737,0.7581474880317755,0.4615867919152961,0.04077613628890693,0.1458017140306706,0.023127541118722613,0.94,0.55,0.19681690929451276,0.3511074740861975,14.263952124631322,,0.8477528110158508,,
healthy_001__Localization_Jump__046,healthy_001,train,Localization Jump,0.2001320389999996,0.1987062160000027,0.201879796,0.8722222222222222,0.2096844240000006,0.20090834819999992,0.033635942,0.5618730723461512,0.5001611696559977,0.28102709306286,0.06,0.09,0.0,0.06,0.0,0.0,0.0,0.0,2.894291513103003,8.794405658603507,9.058848562370144,-18.553987950468755,-12.987365578679071,4.784093167028038,7.104591474302995,0.7581284415610716,0.4511456343561438,0.03901582645197971,0.144791202538413,0.023127541118722613,0.97,0.58,0.19741454150841015,0.34104150145387263,6.1807755984738915,,0.5618730723461512,,
healthy_001__Localization_Jump__047,healthy_001,train,Localization Jump,0.2001320389999996,0.1987062160000027,0.201879796,0.8722222222222222,0.2096844240000006,0.20169689010000072,0.033635942,1.8678147630630226,1.7567451676498533,3.281274559076021,0.06,0.09,0.0,0.06,0.0,0.0,0.0,0.0,2.8619009004562423,8.794405658603507,9.058848562370144,-18.553987950468755,-12.987365578679071,3.1576246943327146,5.510141147184026,0.7710400718621253,0.5502993187334495,0.051196372105757976,0.15459104211886662,0.023127541118722613,0.72,0.33,0.19198464912280694,0.4544729344729347,10.9522561416921,,1.8678147630630226,,
healthy_001__Localization_Jump__048,healthy_001,train,Localization Jump,0.2001320389999996,0.1987062160000027,0.201879796,0.8833333333333333,0.2057569300000032,0.19697997505000045,0.0332836660000026,2.252509785624525,1.937156758382169,4.363464554544519,0.0,0.0,0.0,0.0,0.0,0.0,0.0,0.0,0.8454419372972874,4.720735112905506,6.442734352162472,-0.00242118745229055,-9.94093830252541e-06,5.202906596952449,5.795082776643532,0.22445947489713292,0.4104150673744698,0.023135524090245788,0.09163557638631205,0.013318876148291168,0.86,0.77,0.18063157894736837,0.08948717948717944,10.027641591178346,,2.252509785624525,,
healthy_001__Localization_Jump__049,healthy_001,train,Localization Jump,0.2001320389999996,0.1987062160000027,0.201879796,0.8722222222222222,0.2096844240000006,0.2001609775000004,0.033635942,1.0137874001477793,0.9949142370502728,1.0086315177492076,0.06,0.09,0.0,0.06,0.0,0.0,0.0,0.0,2.7379060417848926,8.719330074811307,8.84069636940364,-18.553987950468755,-12.987365578679071,5.148074195133351,7.307441044928233,0.7746368234699235,0.4260695134959411,0.025556152103310737,0.1156139152184755,0.019013417957008644,1.0,0.64,0.198578947368421,0.30505641025641034,7.3976788840124055,,1.0137874001477793,,
healthy_001__Localization_Jump__050,healthy_001,train,Localization Jump,0.1994964450000012,0.19847437395000148,0.2016203029999985,0.8944444444444445,0.1964190569999999,0.19065289999999985,0.0332836660000026,1.2597559941499519,1.1002514065249642,1.386048304441739,0.0,0.0,0.0,0.0,0.0,0.0,0.0,0.0,0.5803485561427434,5.064799351802419,7.441952891344951,-0.00242118745229055,-9.94093830252541e-06,4.1074725553564795,4.458548686795269,0.15698698511172096,0.37360583103409306,0.02315495221947877,0.06229041640698364,0.007466320701432773,0.68,0.61,0.14207368421052627,0.07146666666666662,5.553383685121663,,1.2597559941499519,,
healthy_001__Localization_Jump__051,healthy_001,train,Localization Jump,0.1694637820000082,0.16727908079999873,0.2016897370000023,0.8555555555555555,0.1654865659999984,0.1590260145000044,0.0340767710000022,2.3511869006557626,2.05210657519545,4.824886098349102,0.0,0.27,0.0,0.0,0.0,0.0,0.0,0.0,3.197659333646969,8.652202284508355,8.692697736053308,-18.89074827409834,-18.715151017203898,4.523864205041045,4.7663262792338825,0.7598651594584396,0.8667473933886606,0.013367597827548261,0.16286218302095343,0.020325253759642694,1.0,0.42,0.12748421052631576,0.3617128205128204,5.460455732087425,,2.3511869006557626,,
healthy_001__Localization_Jump__052,healthy_001,train,Localization Jump,0.1673552940000036,0.16712117955000702,0.2015482879999979,0.8555555555555555,0.1654865659999984,0.1590260145000044,0.033182778000004,2.4595499475614533,2.5315651626690094,6.2265109630909645,0.0,0.3,0.0,0.0,0.0,0.0,0.0,0.0,3.2276871165655137,8.652202284508355,8.692697736053308,-18.89074827409834,-18.715151017203898,4.449069715226038,4.588347700425548,0.767049770961118,0.8640053415840931,0.013367597827548261,0.162867630353094,0.02079918415792188,1.0,0.41,0.12088421052631575,0.3675999999999999,13.958682400751456,,2.4595499475614533,,
healthy_001__Localization_Jump__053,healthy_001,train,Localization Jump,0.1827795610000002,0.18106022165000013,0.2016897370000023,0.8555555555555555,0.180901342999995,0.17219336224999884,0.0340767710000022,0.7864133726580312,0.7654127133477886,0.6019307933791693,0.0,0.0,0.0,0.0,0.0,0.0,0.0,0.0,1.917602846211492,5.584209287078812,7.441952891344951,-0.00242118745229055,-9.94093830252541e-06,3.9153642175907373,4.6712824825874115,0.09971788050523993,0.386208444173406,0.0141456756087727,0.10822842930320814,0.009226763782741888,0.68,0.38,0.14218947368421048,0.2242871794871794,12.732829510620832,,0.7864133726580312,,
healthy_001__Localization_Jump__054,healthy_001,train,Localization Jump,0.1924595440000018,0.19147761050000262,0.2016897370000023,0.8694444444444445,0.1911595350000006,0.18119807639999974,0.0340767710000022,1.4363427438751615,1.4321767069886988,2.0570966210302406,0.0,0.0,0.0,0.0,0.0,0.0,0.0,0.0,1.301229714589046,5.584209287078812,7.441952891344951,-0.00242118745229055,-9.94093830252541e-06,3.725837064920337,4.867633462889259,0.06675563918840959,0.42194213042871415,0.02315495221947877,0.09205247198863163,0.009157839137080306,0.68,0.46,0.14288421052631578,0.15223589743589744,13.49454563855544,,1.4363427438751615,,
healthy_001__Localization_Jump__055,healthy_001,train,Localization Jump,0.2001320389999996,0.1987062160000027,0.201879796,0.8722222222222222,0.2057569300000032,0.198805404900002,0.033635942,1.4661970025670166,1.3868530989882157,2.0333998567373,0.01,0.01,0.0,0.01,0.0,0.0,0.0,0.0,1.593981323346344,6.631156110219275,8.804035636165288,-6.447997147765302,18.608664324189796,5.598503696328757,6.923467879685039,0.2773133660047794,0.2948739563500452,0.02315495221947877,0.0927556761687187,0.013318876148291168,0.98,0.78,0.2056421052631578,0.1721128205128205,6.383419451958034,,1.4661970025670166,,
healthy_001__Localization_Jump__056,healthy_001,train,Localization Jump,0.2001320389999996,0.1987062160000027,0.201879796,0.8722222222222222,0.2057569300000032,0.20004212344999964,0.033635942,1.24545705065597,1.1673379221778886,1.4538692456745412,0.06,0.09,0.0,0.06,0.0,0.0,0.0,0.0,2.221074401084079,8.719330074811307,8.84069636940364,-18.553987950468755,-12.987365578679071,5.404215630201085,7.0094638032761285,0.8121870909450647,0.39376466208330646,0.025556152103310737,0.10210139172389752,0.017015213264508767,1.0,0.71,0.1981157894736841,0.2508205128205129,8.664530949767865,,1.24545705065597,,
healthy_001__Localization_Jump__057,healthy_001,train,Localization Jump,0.1790683220000062,0.17826386629999824,0.2016897370000023,0.8555555555555555,0.1755731120000021,0.1691730067500049,0.0340767710000022,2.398738694896374,2.544486164727232,6.10355742195968,0.0,0.0,0.0,0.0,0.0,0.0,0.0,0.0,2.0101607781146607,5.584209287078812,7.441952891344951,-1.0117689731595223e-05,-9.316070518142665e-06,3.9756866570502565,4.637797512870319,0.5127876145042383,0.736305378572201,0.012971635845008008,0.10822842930320814,0.009947739911760218,0.74,0.42,0.1436947368421052,0.23300512820512814,7.987130065385102,,2.398738694896374,,
healthy_001__Localization_Jump__058,healthy_001,train,Localization Jump,0.1945380890000017,0.1933255480500017,0.2016897370000023,0.8722222222222222,0.1911595350000006,0.1834661261000006,0.0340767710000022,1.5801608838634063,1.580311138721125,2.497145845740759,0.0,0.0,0.0,0.0,0.0,0.0,0.0,0.0,1.0034594274940638,5.584209287078812,7.441952891344951,-0.00242118745229055,-9.94093830252541e-06,3.8713228439021834,4.715344617129307,0.06875566670684045,0.43217648876425824,0.02315495221947877,0.09205247198863163,0.007995067124846895,0.68,0.54,0.14276842105263157,0.11838974358974358,8.3468427563161,,1.5801608838634063,,
healthy_001__Localization_Jump__059,healthy_001,train,Localization Jump,0.1712790759999976,0.16947353155000788,0.2016897370000023,0.8555555555555555,0.1690852040000052,0.16116120645000573,0.0340767710000022,1.773176905949889,1.6247190725466796,2.8809143380960944,0.0,0.21,0.0,0.0,0.0,0.0,0.0,0.0,3.081172473486687,7.879525489490718,8.672683257611936,-18.803858664682565,-15.248647067997686,4.51209237302273,5.170951860803099,0.7793611465130076,0.8516866706206789,0.014097492545503153,0.16286218302095343,0.020325253759642694,1.0,0.42,0.14242105263157886,0.3492615384615384,10.30216533382496,,1.773176905949889,,
healthy_001__LiDAR_Dropout__000,healthy_001,train,LiDAR Dropout,5.134871590655262,4.144871590655261,5.385443932054308,0.8555555555555555,0.1746627590000073,0.16677235080000155,0.0340767710000022,0.2724371570507145,0.0362140760754777,0.00986605993122144,0.0,0.04,0.0,0.0,0.0,0.0,0.0,0.0,2.3511889463844646,6.903688069642719,8.672683257611936,-18.803858664682565,-8.20358105487505e-06,4.226987490292879,4.863048115732914,0.6645748094546287,0.8734362063319765,0.0141456756087727,0.14016929331173297,0.013579922077055566,0.86,0.42,0.14589473684210522,0.275425641025641,6.21442755875431,5.07722821155654,,,
healthy_001__LiDAR_Dropout__001,healthy_001,train,LiDAR Dropout,1.3614208265919021,0.37142082659190157,1.5668179023300155,0.8722222222222222,0.2096844240000006,0.20136580635000198,0.033635942,0.2625406489326475,0.0864186749102557,0.022688414990838037,0.06,0.09,0.0,0.06,0.0,0.0,0.0,0.0,2.8750720694654617,8.794405658603507,9.058848562370144,-18.553987950468755,-12.987365578679071,4.392048554860315,6.731769128920633,0.7580637097313228,0.4761214149498775,0.042536446125834154,0.14681222552292825,0.023127541118722613,0.91,0.52,0.19617987275882004,0.3609918286841365,8.686278443251519,1.2991032138485874,,,
healthy_001__LiDAR_Dropout__002,healthy_001,train,LiDAR Dropout,1.5934974101496386,0.6034974101496382,1.9033340330108777,0.8722222222222222,0.2096844240000006,0.20151547719999985,0.033635942,0.2625406489326475,0.0864186749102557,0.022688414990838037,0.06,0.09,0.0,0.06,0.0,0.0,0.0,0.0,2.8748720048523433,8.794405658603507,9.058848562370144,-18.553987950468755,-12.987365578679071,3.6202064884826695,5.959812657193477,0.7670783669264973,0.514555962875203,0.04902464036525796,0.15116069604269344,0.023127541118722613,0.79,0.4,0.1940273151232511,0.4158260305095748,10.615638936203755,1.5656699592381536,,,
healthy_001__LiDAR_Dropout__003,healthy_001,train,LiDAR Dropout,5.7140528393810746,4.724052839381074,5.919066310861071,0.8555555555555555,0.1690852040000052,0.16116120645000573,0.0340767710000022,0.2724371570507145,0.0362140760754777,0.00986605993122144,0.0,0.2,0.0,0.0,0.0,0.0,0.0,0.0,3.077947403666276,7.879525489490718,8.672683257611936,-18.803858664682565,-15.059784558039444,4.495692418968301,5.228970925966933,0.7781788064257473,0.8489750882800707,0.021660735651753596,0.16286218302095343,0.020325253759642694,1.0,0.42,0.14462105263157887,0.3477230769230769,8.562092026798124,5.630531859166146,,,
healthy_001__LiDAR_Dropout__004,healthy_001,train,LiDAR Dropout,4.556757561225284,3.566757561225284,4.495992900026668,0.8555555555555555,0.1593778089999986,0.15081525955000316,0.0325286710000014,0.2552422104589066,0.0587062941950697,0.014984324298200468,0.0,0.4,0.0,0.0,0.0,0.0,0.0,0.0,3.165829008614499,8.659456556709424,8.692697736053308,-18.89074827409834,-18.7465482926564,3.4720630601964784,2.9119373123302625,0.7696244119615403,0.8106870730472732,0.013367597827548261,0.16268076456660832,0.02079918415792188,0.85,0.27,0.06750526315789471,0.36036923076923066,6.520300123035123,4.417478140757347,,,
healthy_001__LiDAR_Dropout__005,healthy_001,train,LiDAR Dropout,4.410433454246844,3.4204334542468438,4.480918006486538,0.8694444444444445,0.180901342999995,0.17470827665000704,0.0340767710000022,0.2724371570507145,0.0362140760754777,0.00986605993122144,0.0,0.0,0.0,0.0,0.0,0.0,0.0,0.0,1.7824770794939113,5.584209287078812,7.441952891344951,-0.00242118745229055,-9.94093830252541e-06,3.878477864781578,4.771239291092756,0.1268562428394252,0.3225661429851419,0.02261236421956369,0.10822842930320814,0.009226763782741888,0.68,0.38,0.14334736842105256,0.2096717948717948,6.027747824556733,4.259188852276384,,,
healthy_001__LiDAR_Dropout__006,healthy_001,train,LiDAR Dropout,5.551345759052386,4.561345759052386,5.802490771995124,0.8722222222222222,0.1935366140000027,0.1865288303000015,0.0340767710000022,0.2724371570507145,0.0362140760754777,0.00986605993122144,0.0,0.0,0.0,0.0,0.0,0.0,0.0,0.0,0.910327819483605,5.584209287078812,7.441952891344951,-0.00242118745229055,-9.94093830252541e-06,3.9230430821841162,4.656659996978317,0.08663988493836,0.4095785555111502,0.02315495221947877,0.07323257507204933,0.007995067124846895,0.68,0.56,0.14253684210526313,0.10582564102564099,8.135790653078736,5.512717357041504,,,
healthy_001__LiDAR_Dropout__007,healthy_001,train,LiDAR Dropout,6.591639858323043,5.601639858323042,6.652708361397978,0.8694444444444445,0.1911595350000006,0.1834661261000006,0.0340767710000022,0.2724371570507145,0.0362140760754777,0.00986605993122144,0.0,0.0,0.0,0.0,0.0,0.0,0.0,0.0,1.1180431727459565,5.584209287078812,7.441952891344951,-0.00242118745229055,-9.94093830252541e-06,3.820996922785727,4.7796024412647435,0.06572864825068538,0.4317951970076579,0.02315495221947877,0.09205247198863163,0.009157839137080306,0.68,0.51,0.14276842105263154,0.13146666666666668,8.597560649135673,6.566788284847641,,,
healthy_001__LiDAR_Dropout__008,healthy_001,train,LiDAR Dropout,4.865409059889907,3.8754090598899062,5.020121185992439,0.8722222222222222,0.2096844240000006,0.20136580635000198,0.033635942,0.2625406489326475,0.0864186749102557,0.022688414990838037,0.06,0.09,0.0,0.06,0.0,0.0,0.0,0.0,2.875025915160559,8.794405658603507,9.058848562370144,-18.553987950468755,-12.987365578679071,4.195555751824262,6.535317840236868,0.7622045870047794,0.48050159570302653,0.044296755962761204,0.14782273701518578,0.023127541118722613,0.88,0.49,0.19589413875598077,0.37329836829836843,5.52625407146461,4.844538695755325,,,
healthy_001__LiDAR_Dropout__009,healthy_001,train,LiDAR Dropout,2.966269279513015,1.9762692795130143,3.1214278416763612,0.8555555555555555,0.1708412589999994,0.1622195375999979,0.0340767710000022,0.2724371570507145,0.0362140760754777,0.00986605993122144,0.0,0.14,0.0,0.0,0.0,0.0,0.0,0.0,2.9428354604536553,7.879525489490718,8.672683257611936,-18.803858664682565,-15.059784558039444,4.484299163543797,5.197382956551186,0.7261782430579673,0.8396436056694653,0.021668953277037946,0.16136365520982837,0.02071547159737717,0.96,0.42,0.14774736842105254,0.3391384615384615,9.027388479851556,2.8019178774679006,,,
healthy_001__LiDAR_Dropout__010,healthy_001,train,LiDAR Dropout,3.1551958598345875,2.165195859834587,3.13874170602522,0.8555555555555555,0.1708412589999994,0.1622195375999979,0.0340767710000022,0.2724371570507145,0.0362140760754777,0.00986605993122144,0.0,0.11,0.0,0.0,0.0,0.0,0.0,0.0,2.805125852562169,7.879525489490718,8.672683257611936,-18.803858664682565,-15.059784558039444,4.432947482537085,5.111025029666412,0.6964796633440321,0.8519904784033256,0.021668953277037946,0.1599902869927775,0.02071547159737717,0.93,0.42,0.14728421052631574,0.32561025641025637,6.6232096454610545,2.9944097119639412,,,
healthy_001__LiDAR_Dropout__011,healthy_001,train,LiDAR Dropout,6.69576199294687,5.705761992946869,6.778974230426814,0.8722222222222222,0.2096844240000006,0.20090834819999992,0.033635942,0.2625406489326475,0.0864186749102557,0.022688414990838037,0.06,0.09,0.0,0.06,0.0,0.0,0.0,0.0,2.896665878000229,8.794405658603507,9.058848562370144,-18.553987950468755,-12.987365578679071,4.851944892042691,7.17006883442042,0.7570947669278214,0.44964830887272944,0.03842905650633736,0.14445436537432713,0.023127541118722613,0.98,0.59,0.19752685284640165,0.3378231292517007,5.88670023525315,6.597603019267188,,,
healthy_001__LiDAR_Dropout__012,healthy_001,train,LiDAR Dropout,4.2092225381762,3.2192225381762,4.5146983071448075,0.8916666666666667,0.2013584240000021,0.19208663845000143,0.0332836660000026,0.2724371570507145,0.0310259651166499,0.008452625731134738,0.0,0.0,0.0,0.0,0.0,0.0,0.0,0.0,0.22426695287454076,0.6695112821324177,1.2220802945561902,-0.00242118745229055,-9.94093830252541e-06,4.419839935625722,4.389902509255114,0.5987366218896373,0.7186905432147801,0.023078198372993075,0.06216936496707423,0.00796605206731742,0.69,0.69,0.14427368421052628,0.022564102564102483,9.378114252064268,4.183856311093269,,,
healthy_001__LiDAR_Dropout__013,healthy_001,train,LiDAR Dropout,3.2208285173468996,2.230828517346899,3.417054146406501,0.8555555555555555,0.1690852040000052,0.16176430245000437,0.0340767710000022,0.2724371570507145,0.0362140760754777,0.00986605993122144,0.0,0.15,0.0,0.0,0.0,0.0,0.0,0.0,2.9670934221062164,7.879525489490718,8.672683257611936,-18.803858664682565,-15.059784558039444,4.492922040676884,5.2130180410706615,0.7346818631866386,0.8398472803317362,0.021668953277037946,0.16136365520982837,0.02071547159737717,0.97,0.42,0.14786315789473675,0.34144615384615384,7.8762173847472425,3.0710646829292045,,,
healthy_001__LiDAR_Dropout__014,healthy_001,train,LiDAR Dropout,1.491924334196235,0.5019243341962342,1.7515751402245954,0.8555555555555555,0.1746627590000073,0.16677235080000155,0.0340767710000022,0.2724371570507145,0.0362140760754777,0.00986605993122144,0.0,0.0,0.0,0.0,0.0,0.0,0.0,0.0,2.035614944198773,5.584209287078812,7.441952891344951,-8.886726274458672e-06,-8.20358105487505e-06,4.069163128728663,4.705298475111439,0.711604805805122,0.8308652631187685,0.0141456756087727,0.11559848238109924,0.010971206131955293,0.82,0.42,0.14589473684210522,0.2371692307692307,10.707167960023046,1.4464150364673607,,,
healthy_001__LiDAR_Dropout__015,healthy_001,train,LiDAR Dropout,4.469605284025426,3.4796052840254252,4.661854309337725,0.8555555555555555,0.180901342999995,0.17470827665000704,0.0340767710000022,0.2724371570507145,0.0362140760754777,0.00986605993122144,0.0,0.0,0.0,0.0,0.0,0.0,0.0,0.0,1.8940058662565904,5.584209287078812,7.441952891344951,-0.00242118745229055,-9.94093830252541e-06,3.9351398185168756,4.7146550634684505,0.11827037216409027,0.3219334401369842,0.0141456756087727,0.10822842930320814,0.009226763782741888,0.68,0.38,0.14311578947368417,0.22172307692307686,5.731530070010676,4.40602539980609,,,
healthy_001__LiDAR_Dropout__016,healthy_001,train,LiDAR Dropout,6.063879008874818,5.073879008874818,6.0386246281400515,0.8722222222222222,0.2096844240000006,0.20176792324999948,0.033635942,0.2599030821721219,0.0864186749102557,0.022460479966406075,0.06,0.09,0.0,0.06,0.0,0.0,0.0,0.0,2.8399381072956373,8.794405658603507,9.058848562370144,-18.553987950468755,-12.987365578679071,2.501036130090611,4.875533016046646,0.7883896094277228,0.6176100949625867,0.05429884602075788,0.15949153651339953,0.023127541118722613,0.62,0.23,0.18877334465195242,0.5236393713813068,7.72590777105048,5.9000169205368245,,,
healthy_001__LiDAR_Dropout__017,healthy_001,train,LiDAR Dropout,2.802130380384501,1.8121303803845001,2.9276751347423637,0.8722222222222222,0.1935366140000027,0.1865288303000015,0.0340767710000022,0.2724371570507145,0.0362140760754777,0.00986605993122144,0.0,0.0,0.0,0.0,0.0,0.0,0.0,0.0,0.8846950283842047,5.584209287078812,7.441952891344951,-0.00242118745229055,-9.94093830252541e-06,3.9366586401590755,4.636034625739737,0.09544307462203636,0.39739307560936465,0.02315495221947877,0.07323257507204933,0.007995067124846895,0.68,0.56,0.14253684210526313,0.1022358974358974,7.653884762407359,2.6021425660876973,,,
healthy_001__LiDAR_Dropout__018,healthy_001,train,LiDAR Dropout,6.984285376620147,5.994285376620147,7.295078351669034,0.8555555555555555,0.1690852040000052,0.16176430245000437,0.0340767710000022,0.2724371570507145,0.0362140760754777,0.00986605993122144,0.0,0.15,0.0,0.0,0.0,0.0,0.0,0.0,2.9670934221062164,7.879525489490718,8.672683257611936,-18.803858664682565,-15.059784558039444,4.492922040676884,5.2130180410706615,0.7346818631866386,0.8398472803317362,0.021668953277037946,0.16136365520982837,0.02071547159737717,0.97,0.42,0.14786315789473675,0.34144615384615384,5.663530465976663,6.98131834437671,,,
healthy_001__LiDAR_Dropout__019,healthy_001,train,LiDAR Dropout,1.496762003978035,0.5067620039780346,1.7201744699319834,0.8722222222222222,0.2057569300000032,0.1981234745000007,0.0332836660000026,0.2724371570507145,0.0310259651166499,0.008452625731134738,0.0,0.0,0.0,0.0,0.0,0.0,0.0,0.0,1.2453704330635202,5.978546147366324,7.801437059257187,-0.00242118745229055,11.677539142300981,5.535702709645664,6.528277570486759,0.1338133511767164,0.3902854377224703,0.023135524090245788,0.0927556761687187,0.013318876148291168,0.94,0.78,0.1978842105263157,0.13313846153846148,10.02137947796563,1.3704430507897118,,,
healthy_001__LiDAR_Dropout__020,healthy_001,train,LiDAR Dropout,1.2812869957629818,0.2912869957629814,1.5888865996690233,0.8555555555555555,0.180901342999995,0.17192960550000572,0.0340767710000022,0.2724371570507145,0.0362140760754777,0.00986605993122144,0.0,0.0,0.0,0.0,0.0,0.0,0.0,0.0,1.9774535016522596,5.584209287078812,7.441952891344951,-0.00242118745229055,-9.94093830252541e-06,3.8645879586448224,4.560655568200727,0.27629059464349215,0.606704165860413,0.012971635845008008,0.10822842930320814,0.009947739911760218,0.69,0.39,0.14079999999999995,0.22967179487179482,8.900750093352782,1.2697765800000358,,,
healthy_001__LiDAR_Dropout__021,healthy_001,train,LiDAR Dropout,1.716656292811434,0.7266562928114333,1.8840681957574663,0.8722222222222222,0.2096844240000006,0.20175470574999943,0.033635942,0.2625406489326475,0.0864186749102557,0.022688414990838037,0.06,0.09,0.0,0.06,0.0,0.0,0.0,0.0,2.848909969172452,8.794405658603507,9.058848562370144,-18.553987950468755,-12.987365578679071,2.7616562007454712,5.127172682281998,0.7775221466489801,0.5891705803495527,0.053057856454757926,0.1575313387555864,0.023127541118722613,0.66,0.27,0.1899641148325358,0.4934576534576536,6.444968348246882,1.6010378135498007,,,
healthy_001__LiDAR_Dropout__022,healthy_001,train,LiDAR Dropout,4.905240967454952,3.9152409674549515,4.895343760911597,0.8722222222222222,0.2096844240000006,0.2001609775000004,0.033635942,0.2625406489326475,0.0698504388308429,0.018338579538879695,0.06,0.09,0.0,0.06,0.0,0.0,0.0,0.0,2.4475118464692884,8.719330074811307,8.84069636940364,-18.553987950468755,-12.987365578679071,5.293354624685101,7.162327279164378,0.8070828549997138,0.42232570489912247,0.025556152103310737,0.12244153051743313,0.019013417957008644,1.0,0.68,0.1985789473684209,0.272748717948718,10.463829362785312,4.834494947763188,,,
healthy_001__LiDAR_Dropout__023,healthy_001,train,LiDAR Dropout,4.620732725130064,3.630732725130063,4.807773162438509,0.8722222222222222,0.2096844240000006,0.20178114074999953,0.033635942,0.2599030821721219,0.0864186749102557,0.022460479966406075,0.06,0.09,0.0,0.06,0.0,0.0,0.0,0.0,2.8352014445275984,8.794405658603507,9.058848562370144,-18.553987950468755,-12.987365578679071,2.37235340343831,4.751592629978978,0.7890673672585549,0.6412702128562843,0.054822774764194254,0.160824572289722,0.023127541118722613,0.6,0.21,0.1877324561403508,0.5402393162393163,5.309947502086393,4.5173286191806845,,,
healthy_001__LiDAR_Dropout__024,healthy_001,train,LiDAR Dropout,1.0713270393430931,0.20369178901715404,1.350850379058044,0.8722222222222222,0.2057569300000032,0.20004212344999964,0.033635942,0.2625406489326475,0.0465044710120376,0.012209313997769845,0.06,0.08,0.0,0.06,0.0,0.0,0.0,0.0,2.1435436791125584,8.719330074811307,8.84069636940364,-18.553987950468755,-12.45471710749034,5.487451657895583,7.0473571379544815,0.8402470007379841,0.3020786118763112,0.023362730824741273,0.09408321575875321,0.017015213264508767,1.0,0.73,0.20228421052631568,0.2357641025641026,10.096453057538437,1.060561222965541,,,
healthy_001__LiDAR_Dropout__025,healthy_001,train,LiDAR Dropout,5.148696268828604,4.158696268828603,5.399555004662028,0.8555555555555555,0.1593778089999986,0.15081525955000316,0.0325286710000014,0.2552422104589066,0.0587062941950697,0.014984324298200468,0.0,0.4,0.0,0.0,0.0,0.0,0.0,0.0,3.248375885317289,8.659456556709424,8.692697736053308,-18.89074827409834,-18.7465482926564,3.693760566419663,3.2163647675467963,0.7666714328343776,0.8290337006706001,0.013367597827548261,0.16268076456660832,0.02079918415792188,0.89,0.31,0.07595789473684207,0.36908717948717934,9.632650394626284,5.098160939065414,,,
healthy_001__LiDAR_Dropout__026,healthy_001,train,LiDAR Dropout,1.5978028781511726,0.6078028781511721,1.6883784766834469,0.8722222222222222,0.2096844240000006,0.20175470574999943,0.033635942,0.2625406489326475,0.0864186749102557,0.022688414990838037,0.06,0.09,0.0,0.06,0.0,0.0,0.0,0.0,2.85314220904453,8.794405658603507,9.058848562370144,-18.553987950468755,-12.987365578679071,2.890083883886283,5.251368125550731,0.7779007283706315,0.5706648773586249,0.05243736167175793,0.1565512398766798,0.023127541118722613,0.68,0.29,0.19084752321981419,0.47969834087481145,6.210692664314332,1.487019179625551,,,
healthy_001__LiDAR_Dropout__027,healthy_001,train,LiDAR Dropout,6.258597767430913,5.268597767430912,6.158689826232518,0.8555555555555555,0.1709109800000021,0.16554982204999855,0.0340767710000022,0.2724371570507145,0.0362140760754777,0.00986605993122144,0.0,0.06,0.0,0.0,0.0,0.0,0.0,0.0,2.5240820277743117,7.501253839512696,8.672683257611936,-18.803858664682565,-8.436065113627606,4.313421637692407,4.949507049723231,0.646064063591931,0.8838413780439202,0.021668953277037946,0.15130814371295334,0.013579922077055566,0.88,0.42,0.14612631578947363,0.29382564102564096,8.780071067458392,6.0621259285001905,,,
healthy_001__LiDAR_Dropout__028,healthy_001,train,LiDAR Dropout,2.6045448948025536,1.614544894802553,2.668751542486534,0.8555555555555555,0.1746627590000073,0.16677235080000155,0.0340767710000022,0.2724371570507145,0.0362140760754777,0.00986605993122144,0.0,0.04,0.0,0.0,0.0,0.0,0.0,0.0,2.3511889463844646,6.903688069642719,8.672683257611936,-18.803858664682565,-8.20358105487505e-06,4.226987490292879,4.863048115732914,0.6645748094546287,0.8734362063319765,0.0141456756087727,0.14016929331173297,0.013579922077055566,0.86,0.42,0.14589473684210522,0.275425641025641,6.158248945213424,2.4057801333021427,,,
healthy_001__LiDAR_Dropout__029,healthy_001,train,LiDAR Dropout,1.1125810331629598,0.16624581460814714,1.2782446754234211,0.8555555555555555,0.1558168500000007,0.14932447935000176,0.0325286710000014,0.2552422104589066,0.0587062941950697,0.014984324298200468,0.0,0.4,0.0,0.0,0.0,0.0,0.0,0.0,3.060419934985487,8.659456556709424,8.692697736053308,-18.89074827409834,-18.7465482926564,2.8393099670384014,2.3590627992083597,0.7286534426672098,0.7531410253018568,0.013367597827548261,0.16268076456660832,0.02079918415792188,0.76,0.18,0.04782105263157892,0.3465230769230769,8.669261635862417,1.0433519844451613,,,
healthy_001__LiDAR_Dropout__030,healthy_001,train,LiDAR Dropout,5.194538373422811,4.204538373422811,5.272281550060662,0.8722222222222222,0.2096844240000006,0.20175470574999943,0.033635942,0.2625406489326475,0.0864186749102557,0.022688414990838037,0.06,0.09,0.0,0.06,0.0,0.0,0.0,0.0,2.8552507390285125,8.794405658603507,9.058848562370144,-18.553987950468755,-12.987365578679071,2.954298558141994,5.313473528375491,0.7781103684375873,0.5619818966681948,0.0521271142802579,0.15606119043722644,0.023127541118722613,0.69,0.3,0.19127002288329517,0.47311780007432175,10.304874268200903,5.170343196133912,,,
healthy_001__LiDAR_Dropout__031,healthy_001,train,LiDAR Dropout,6.949438737837864,5.959438737837864,7.061739423928959,0.8722222222222222,0.2096844240000006,0.20151547719999985,0.033635942,0.2625406489326475,0.0864186749102557,0.022688414990838037,0.06,0.09,0.0,0.06,0.0,0.0,0.0,0.0,2.874949664105726,8.794405658603507,9.058848562370144,-18.553987950468755,-12.987365578679071,3.746482828352902,6.086166656317093,0.7663945758348355,0.5046599806699471,0.048404145582258,0.1501805971637869,0.023127541118722613,0.81,0.42,0.19452566601689403,0.4055587211142768,6.101199373281914,6.874171231191412,,,
healthy_001__LiDAR_Dropout__032,healthy_001,train,LiDAR Dropout,4.491134909619501,3.501134909619501,4.39974192113893,0.8555555555555555,0.1690852040000052,0.16164017570000402,0.0340767710000022,0.2724371570507145,0.0362140760754777,0.00986605993122144,0.0,0.16,0.0,0.0,0.0,0.0,0.0,0.0,2.9869537315305608,7.879525489490718,8.672683257611936,-18.803858664682565,-15.059784558039444,4.49934619933485,5.22645419183704,0.7404849438397174,0.8413666960007292,0.022615768504476413,0.16286218302095343,0.02071547159737717,0.98,0.42,0.14821052631578938,0.34535384615384607,8.81845005264666,4.306202844739415,,,
healthy_001__LiDAR_Dropout__033,healthy_001,train,LiDAR Dropout,4.4691313084301685,3.4791313084301683,4.601441242964236,0.8555555555555555,0.1593778089999986,0.15081525955000316,0.0325286710000014,0.2552422104589066,0.0587062941950697,0.014984324298200468,0.0,0.4,0.0,0.0,0.0,0.0,0.0,0.0,3.165829008614499,8.659456556709424,8.692697736053308,-18.89074827409834,-18.7465482926564,3.4720630601964784,2.9119373123302625,0.7696244119615403,0.8106870730472732,0.013367597827548261,0.16268076456660832,0.02079918415792188,0.85,0.27,0.06750526315789471,0.36036923076923066,6.808055795088308,4.341508459587516,,,
healthy_001__LiDAR_Dropout__034,healthy_001,train,LiDAR Dropout,1.7544690416595656,0.7644690416595649,1.8376714580304483,0.8555555555555555,0.180901342999995,0.17192960550000572,0.0340767710000022,0.2724371570507145,0.0362140760754777,0.00986605993122144,0.0,0.0,0.0,0.0,0.0,0.0,0.0,0.0,1.9357250881690309,5.584209287078812,7.441952891344951,-0.00242118745229055,-9.94093830252541e-06,3.892852222226686,4.630648245265821,0.14206774854158033,0.4661602089342163,0.0141456756087727,0.10822842930320814,0.009947739911760218,0.68,0.38,0.14114736842105258,0.22582564102564098,10.643566458173112,1.6351656364963656,,,
healthy_001__LiDAR_Dropout__035,healthy_001,train,LiDAR Dropout,1.5148818423622978,0.5248818423622971,1.5412987980076216,0.8916666666666667,0.1964190569999999,0.19118545195000072,0.0332836660000026,0.2724371570507145,0.0310259651166499,0.008452625731134738,0.0,0.0,0.0,0.0,0.0,0.0,0.0,0.0,0.3943964333591027,1.029736855157976,7.441952891344951,-0.00242118745229055,-9.94093830252541e-06,4.197284318407078,4.347883041220339,0.23047329849531417,0.38924717281806265,0.02315495221947877,0.06229041640698364,0.007466320701432773,0.68,0.64,0.14218947368421048,0.050953846153846086,7.845012376895709,1.451070415045792,,,
healthy_001__LiDAR_Dropout__036,healthy_001,train,LiDAR Dropout,3.579225306684644,2.589225306684644,3.629086510303493,0.8722222222222222,0.2057569300000032,0.1981234745000007,0.0332836660000026,0.2724371570507145,0.0465044710120376,0.012669545872666886,0.0,0.0,0.0,0.0,0.0,0.0,0.0,0.0,1.419470064785759,6.393541346551538,8.793898817679203,-0.00242118745229055,18.608664324189796,5.581745004222017,6.748539207966292,0.10620765863137908,0.36490765869356934,0.023135524090245788,0.0927556761687187,0.013318876148291168,0.96,0.78,0.20216842105263147,0.1521128205128205,6.828227622564988,3.3957902461925045,,,
healthy_001__LiDAR_Dropout__037,healthy_001,train,LiDAR Dropout,3.451530396540732,2.4615303965407316,3.3906221474098817,0.8555555555555555,0.180901342999995,0.17470827665000704,0.0340767710000022,0.2724371570507145,0.0362140760754777,0.00986605993122144,0.0,0.0,0.0,0.0,0.0,0.0,0.0,0.0,1.8940058662565904,5.584209287078812,7.441952891344951,-0.00242118745229055,-9.94093830252541e-06,3.9351398185168756,4.7146550634684505,0.11827037216409027,0.3219334401369842,0.0141456756087727,0.10822842930320814,0.009226763782741888,0.68,0.38,0.14311578947368417,0.22172307692307686,7.4708653795134214,3.275333589400793,,,
healthy_001__LiDAR_Dropout__038,healthy_001,train,LiDAR Dropout,1.1177646110097583,0.19369767570049148,1.10269696919445,0.8694444444444445,0.1841086320000009,0.17614768760000138,0.0340767710000022,0.2724371570507145,0.0362140760754777,0.00986605993122144,0.0,0.0,0.0,0.0,0.0,0.0,0.0,0.0,1.568975909890103,5.584209287078812,7.441952891344951,-0.00242118745229055,-9.94093830252541e-06,3.7447988047434166,4.91184162529863,0.14038666246461712,0.37860241701921493,0.014173608349176988,0.11492737628105162,0.009226763782741888,0.68,0.44,0.14357894736842103,0.1863384615384615,6.902245467903427,0.9271769559473917,,,
healthy_001__LiDAR_Dropout__039,healthy_001,train,LiDAR Dropout,4.329462106302284,3.3394621063022836,4.526216548798905,0.8722222222222222,0.1911595350000006,0.18418841775000094,0.0340767710000022,0.2724371570507145,0.0362140760754777,0.00986605993122144,0.0,0.0,0.0,0.0,0.0,0.0,0.0,0.0,0.9397340497069122,5.584209287078812,7.441952891344951,-0.00242118745229055,-9.94093830252541e-06,3.907577252189508,4.67910504292789,0.07622331485980563,0.4236030008490252,0.02315495221947877,0.09205247198863163,0.007995067124846895,0.68,0.55,0.14253684210526316,0.11095384615384614,6.353557209225266,4.306484978669329,,,
healthy_001__LiDAR_Dropout__040,healthy_001,train,LiDAR Dropout,4.893000923718319,3.9030009237183187,4.955192501629712,0.8555555555555555,0.1755731120000021,0.1691730067500049,0.0340767710000022,0.2724371570507145,0.0362140760754777,0.00986605993122144,0.0,0.0,0.0,0.0,0.0,0.0,0.0,0.0,2.0268387827902656,5.584209287078812,7.441952891344951,-9.467632338578571e-06,-8.75671798562267e-06,4.033196045099252,4.678359045975755,0.6312077275593507,0.794177077908376,0.012971635845008008,0.10822842930320814,0.009947739911760218,0.78,0.42,0.14519999999999994,0.2345435897435897,8.88769089320726,4.810328256082499,,,
healthy_001__LiDAR_Dropout__041,healthy_001,train,LiDAR Dropout,3.448495487898609,2.4584954878986083,3.655738373915625,0.8555555555555555,0.1690852040000052,0.16116120645000573,0.0340767710000022,0.2724371570507145,0.0362140760754777,0.00986605993122144,0.0,0.17,0.0,0.0,0.0,0.0,0.0,0.0,3.028816183181026,7.879525489490718,8.672683257611936,-18.803858664682565,-15.059784558039444,4.509752232926793,5.2579106098955615,0.7459112840877958,0.8391283731706729,0.022615768504476413,0.16286218302095343,0.02071547159737717,0.99,0.42,0.148557894736842,0.350225641025641,8.294866301598077,3.417934629633308,,,
healthy_001__LiDAR_Dropout__042,healthy_001,train,LiDAR Dropout,5.434960743626836,4.444960743626835,5.6571667034551005,0.8916666666666667,0.2017480969999994,0.19409264300000076,0.0332836660000026,0.2724371570507145,0.0310259651166499,0.008452625731134738,0.0,0.0,0.0,0.0,0.0,0.0,0.0,0.0,0.3172820833594413,1.2295556612414769,2.0113233282025824,-0.00242118745229055,-9.94093830252541e-06,4.769473375578267,4.83289470215778,0.5488646064995363,0.6554689742486061,0.023078198372993075,0.06216936496707423,0.008192790927547926,0.75,0.75,0.15712631578947361,0.03230769230769223,8.07643546764055,5.341245837437988,,,
healthy_001__LiDAR_Dropout__043,healthy_001,train,LiDAR Dropout,4.093765463059891,3.1037654630598905,4.267694346094737,0.8555555555555555,0.1593778089999986,0.15248126220000732,0.0325286710000014,0.2552422104589066,0.0587062941950697,0.014984324298200468,0.0,0.4,0.0,0.0,0.0,0.0,0.0,0.0,3.3072954375299055,8.659456556709424,8.692697736053308,-18.89074827409834,-18.7465482926564,3.7940414841505663,3.37564959745658,0.7611274715065032,0.8374443233095515,0.013367597827548261,0.16268076456660832,0.02079918415792188,0.91,0.33,0.08035789473684206,0.37575384615384605,8.021797551098595,3.977733222865586,,,
healthy_001__LiDAR_Dropout__044,healthy_001,train,LiDAR Dropout,3.9789515154172017,2.9889515154172015,3.897849390360348,0.8833333333333333,0.2057569300000032,0.19697997505000045,0.0332836660000026,0.2724371570507145,0.0310259651166499,0.008452625731134738,0.0,0.0,0.0,0.0,0.0,0.0,0.0,0.0,0.8714870236449103,4.720735112905506,6.442734352162472,-0.00242118745229055,-9.94093830252541e-06,5.256483589691193,5.87476289259323,0.21876269896191738,0.4146468191088651,0.023135524090245788,0.0927556761687187,0.013318876148291168,0.87,0.77,0.18283157894736835,0.09390769230769226,10.024294174070413,3.8130923730597672,,,
healthy_001__LiDAR_Dropout__045,healthy_001,train,LiDAR Dropout,1.1739070389452138,0.20882078899725987,1.1842613073534278,0.8722222222222222,0.2096844240000006,0.20169689010000072,0.033635942,0.2625406489326475,0.0864186749102557,0.022688414990838037,0.06,0.09,0.0,0.06,0.0,0.0,0.0,0.0,2.8704516862667453,8.794405658603507,9.058848562370144,-18.553987950468755,-12.987365578679071,3.418043618616312,5.761998073443111,0.7722065488412543,0.5228835097982246,0.049955382539757974,0.1526308443610534,0.023127541118722613,0.76,0.37,0.1934591412742382,0.43190283400809715,10.051959266236778,1.0500778765133312,,,
healthy_001__LiDAR_Dropout__046,healthy_001,train,LiDAR Dropout,2.789183319973766,1.799183319973765,2.950335999770057,0.8833333333333333,0.2017480969999994,0.19644424479999992,0.0332836660000026,0.2724371570507145,0.0310259651166499,0.008452625731134738,0.0,0.0,0.0,0.0,0.0,0.0,0.0,0.0,0.5940542663978738,3.3632339979462778,5.49973017141248,-0.00242118745229055,-9.94093830252541e-06,5.086794849010426,5.427366427724093,0.30105285764410017,0.5212593930736624,0.023078198372993075,0.0892794719203893,0.010024988007329606,0.82,0.77,0.17229473684210522,0.062307692307692245,6.0379666711495625,2.6775282297525314,,,
healthy_001__LiDAR_Dropout__047,healthy_001,train,LiDAR Dropout,6.108690412296371,5.1186904122963695,6.257931020477183,0.8722222222222222,0.2096844240000006,0.20176792324999948,0.033635942,0.2599030821721219,0.0864186749102557,0.022460479966406075,0.06,0.09,0.0,0.06,0.0,0.0,0.0,0.0,2.8399381072956373,8.794405658603507,9.058848562370144,-18.553987950468755,-12.987365578679071,2.501036130090611,4.875533016046646,0.7883896094277228,0.6176100949625867,0.05429884602075788,0.15949153651339953,0.023127541118722613,0.62,0.23,0.18877334465195242,0.5236393713813068,9.96304054712412,6.096252548519718,,,
healthy_001__LiDAR_Dropout__048,healthy_001,train,LiDAR Dropout,1.5757577589220293,0.5857577589220286,1.6134129102723107,0.8722222222222222,0.2096844240000006,0.20090834819999992,0.033635942,0.2625406489326475,0.0864186749102557,0.022688414990838037,0.06,0.09,0.0,0.06,0.0,0.0,0.0,0.0,2.894291513103003,8.794405658603507,9.058848562370144,-18.553987950468755,-12.987365578679071,4.784093167028038,7.104591474302995,0.7581284415610716,0.4511456343561438,0.03901582645197971,0.144791202538413,0.023127541118722613,0.97,0.58,0.19741454150841015,0.34104150145387263,8.605042447670485,1.453937101948835,,,
healthy_001__LiDAR_Dropout__049,healthy_001,train,LiDAR Dropout,5.68912579180994,4.69912579180994,5.707549268510118,0.8555555555555555,0.1558168500000007,0.14932447935000176,0.0325286710000014,0.2552422104589066,0.0587062941950697,0.014984324298200468,0.0,0.4,0.0,0.0,0.0,0.0,0.0,0.0,3.152842985560791,8.659456556709424,8.692697736053308,-18.89074827409834,-18.7465482926564,3.281992410738204,2.7091413832644737,0.7646919612098677,0.793405645189164,0.013367597827548261,0.16268076456660832,0.02079918415792188,0.82,0.24,0.06102105263157892,0.3593435897435896,10.972786835501822,5.564260815533888,,,
healthy_001__LiDAR_Dropout__050,healthy_001,train,LiDAR Dropout,3.2593753684577367,2.269375368457736,3.385669269906841,0.8555555555555555,0.1755731120000021,0.1691730067500049,0.0340767710000022,0.2724371570507145,0.0362140760754777,0.00986605993122144,0.0,0.0,0.0,0.0,0.0,0.0,0.0,0.0,2.0101607781146607,5.584209287078812,7.441952891344951,-1.0117689731595223e-05,-9.316070518142665e-06,3.9756866570502565,4.637797512870319,0.5127876145042383,0.736305378572201,0.012971635845008008,0.10822842930320814,0.009947739911760218,0.74,0.42,0.1436947368421052,0.23300512820512814,9.232438192904077,3.1434026795309933,,,
healthy_001__LiDAR_Dropout__051,healthy_001,train,LiDAR Dropout,4.013562857593009,3.0235628575930087,4.1071816999712345,0.8722222222222222,0.2096844240000006,0.2017745319999995,0.033635942,0.2599030821721219,0.0864186749102557,0.022460479966406075,0.06,0.09,0.0,0.06,0.0,0.0,0.0,0.0,2.8375999538958685,8.794405658603507,9.058848562370144,-18.553987950468755,-12.987365578679071,2.436712890752307,4.813550784695013,0.7886902279265549,0.629140666666431,0.0546090934122579,0.1599815859528529,0.023127541118722613,0.61,0.22,0.18826143226919753,0.5318032786885245,6.254345951613448,4.008056308693746,,,
healthy_001__LiDAR_Dropout__052,healthy_001,train,LiDAR Dropout,6.953193610022502,5.963193610022503,7.148328745315249,0.8722222222222222,0.2096844240000006,0.20090834819999992,0.033635942,0.2625406489326475,0.0864186749102557,0.022688414990838037,0.06,0.09,0.0,0.06,0.0,0.0,0.0,0.0,2.9081504861254315,8.794405658603507,9.058848562370144,-18.553987950468755,-12.987365578679071,4.9725129279361315,7.302124222071553,0.7570022945255724,0.44522051655995426,0.03725551661505265,0.14378069104615543,0.023127541118722613,1.0,0.61,0.1978605263157894,0.3326051282051283,10.017825743301428,6.931537916906715,,,
healthy_001__LiDAR_Dropout__053,healthy_001,train,LiDAR Dropout,1.6402113623093697,0.6502113623093693,1.7765277819595864,0.8555555555555555,0.1654865659999984,0.1590260145000044,0.0340767710000022,0.2611468410094815,0.0362140760754777,0.009457191567188042,0.0,0.29,0.0,0.0,0.0,0.0,0.0,0.0,3.1809439255607956,8.652202284508355,8.692697736053308,-18.89074827409834,-18.715151017203898,4.457860257497752,4.628142889338403,0.770985468086852,0.8637045980241038,0.013367597827548261,0.162867630353094,0.020325253759642694,1.0,0.42,0.12308421052631573,0.3604205128205127,10.941929985957636,1.5920540979832811,,,
healthy_001__LiDAR_Dropout__054,healthy_001,train,LiDAR Dropout,5.64809759236366,4.65809759236366,5.638713796803669,0.8916666666666667,0.2013584240000021,0.19208663845000143,0.0332836660000026,0.2724371570507145,0.0310259651166499,0.008452625731134738,0.0,0.0,0.0,0.0,0.0,0.0,0.0,0.0,0.20738821248521774,0.6673945564944077,1.2220802945561902,-0.00242118745229055,-9.94093830252541e-06,4.3191988702580195,4.271908005310363,0.377330296253169,0.4764309124725934,0.023135524090245788,0.06216936496707423,0.006422670254740772,0.68,0.67,0.14207368421052627,0.026338461538461453,5.48029570187711,5.458580088606891,,,
healthy_001__LiDAR_Dropout__055,healthy_001,train,LiDAR Dropout,2.017346221276653,1.0273462212766522,2.1619689957013337,0.8722222222222222,0.1916778740000033,0.1857455183000015,0.0340767710000022,0.2724371570507145,0.0362140760754777,0.00986605993122144,0.0,0.0,0.0,0.0,0.0,0.0,0.0,0.0,0.922926377676025,5.584209287078812,7.441952891344951,-0.00242118745229055,-9.94093830252541e-06,3.9146181555446105,4.665069194961904,0.08095348614146645,0.4152778188996226,0.02315495221947877,0.07323257507204933,0.007995067124846895,0.68,0.56,0.14253684210526313,0.10736410256410255,5.9040378428794416,1.8398379090544692,,,
healthy_001__LiDAR_Dropout__056,healthy_001,train,LiDAR Dropout,2.58829147721353,1.598291477213529,2.737033043702004,0.8722222222222222,0.2096844240000006,0.20175470574999943,0.033635942,0.2625406489326475,0.0864186749102557,0.022688414990838037,0.06,0.09,0.0,0.06,0.0,0.0,0.0,0.0,2.857516089808649,8.794405658603507,9.058848562370144,-18.553987950468755,-12.987365578679071,3.022100342274071,5.379007220027324,0.775593013223171,0.5579427197661196,0.051816866888757925,0.15557114099777317,0.023127541118722613,0.7,0.31,0.19151503759398492,0.46672527472527464,6.3971137096622375,2.539973780981528,,,
healthy_001__LiDAR_Dropout__057,healthy_001,train,LiDAR Dropout,1.352579563362119,0.3625795633621182,1.3530268439250714,0.8694444444444445,0.1841086320000009,0.17614768760000138,0.0340767710000022,0.2724371570507145,0.0362140760754777,0.00986605993122144,0.0,0.0,0.0,0.0,0.0,0.0,0.0,0.0,1.568975909890103,5.584209287078812,7.441952891344951,-0.00242118745229055,-9.94093830252541e-06,3.7447988047434166,4.91184162529863,0.14038666246461712,0.37860241701921493,0.014173608349176988,0.11492737628105162,0.009226763782741888,0.68,0.44,0.14357894736842103,0.1863384615384615,7.959739855103999,1.2299266077083573,,,
healthy_001__LiDAR_Dropout__058,healthy_001,train,LiDAR Dropout,4.932483912907206,3.9424839129072056,5.0406999924513345,0.8555555555555555,0.1654865659999984,0.1590260145000044,0.033182778000004,0.2611468410094815,0.0335374166990657,0.00875819042657964,0.0,0.3,0.0,0.0,0.0,0.0,0.0,0.0,3.2276871165655137,8.652202284508355,8.692697736053308,-18.89074827409834,-18.715151017203898,4.449069715226038,4.588347700425548,0.767049770961118,0.8640053415840931,0.013367597827548261,0.162867630353094,0.02079918415792188,1.0,0.41,0.12088421052631575,0.3675999999999999,8.825532202870754,4.789639015845928,,,
healthy_001__LiDAR_Dropout__059,healthy_001,train,LiDAR Dropout,3.011359365310666,2.0213593653106656,3.2214910556539613,0.8555555555555555,0.1708412589999994,0.1622195375999979,0.0340767710000022,0.2724371570507145,0.0362140760754777,0.00986605993122144,0.0,0.11,0.0,0.0,0.0,0.0,0.0,0.0,2.805125852562169,7.879525489490718,8.672683257611936,-18.803858664682565,-15.059784558039444,4.432947482537085,5.111025029666412,0.6964796633440321,0.8519904784033256,0.021668953277037946,0.1599902869927775,0.02071547159737717,0.93,0.42,0.14728421052631574,0.32561025641025637,5.348650890328684,3.0096328250754576,,,
healthy_001__TF_Delay_/_Discontinuity__000,healthy_001,train,TF Delay / Discontinuity,0.2001320389999996,0.1987062160000027,0.2013216809999995,0.8833333333333333,3.7456851887295075,2.7556851887295073,0.0332836660000026,0.2724371570507145,0.0310259651166499,0.008452625731134738,0.0,0.0,0.0,0.0,0.0,0.0,0.0,0.0,0.5391148882624646,2.46334507874219,4.679735372984089,-0.00242118745229055,-9.94093830252541e-06,5.047673723752434,5.333252841539755,0.31763775650461096,0.5655415661256681,0.023078198372993075,0.0892794719203893,0.010024988007329606,0.81,0.77,0.1702105263157894,0.05641025641025635,10.066873239723119,3.7402068040999517,,,
healthy_001__TF_Delay_/_Discontinuity__001,healthy_001,train,TF Delay / Discontinuity,0.1736736360000037,0.1724334148500016,0.2016897370000023,0.8555555555555555,3.9639784615277724,2.9739784615277722,0.0340767710000022,0.2724371570507145,0.0362140760754777,0.00986605993122144,0.0,0.12,0.0,0.0,0.0,0.0,0.0,0.0,2.865581924850456,7.879525489490718,8.672683257611936,-18.803858664682565,-15.059784558039444,4.456183704134401,5.1482448803573835,0.7060484111288783,0.8454975747094104,0.021668953277037946,0.1599902869927775,0.02071547159737717,0.94,0.42,0.14751578947368416,0.3320205128205128,10.112093101287014,3.8801863422920366,,,
healthy_001__TF_Delay_/_Discontinuity__002,healthy_001,train,TF Delay / Discontinuity,0.1635812520000001,0.16297294205000154,0.2015482879999979,0.8555555555555555,6.163465060759152,5.173465060759151,0.0325286710000014,0.2552422104589066,0.0587062941950697,0.014984324298200468,0.0,0.4,0.0,0.0,0.0,0.0,0.0,0.0,3.411102920262893,8.659456556709424,8.692697736053308,-18.89074827409834,-18.7465482926564,3.938470397952534,3.6240423907562898,0.7552610903575214,0.8453323460392175,0.013367597827548261,0.16268076456660832,0.02079918415792188,0.94,0.33,0.08649473684210522,0.3872923076923076,8.522743643221883,6.056728082652448,,,
healthy_001__TF_Delay_/_Discontinuity__003,healthy_001,train,TF Delay / Discontinuity,0.2001320389999996,0.1987062160000027,0.2013216809999995,0.8833333333333333,4.113794787471483,3.1237947874714824,0.0332836660000026,0.2724371570507145,0.0310259651166499,0.008452625731134738,0.0,0.0,0.0,0.0,0.0,0.0,0.0,0.0,0.49237500295618986,2.0316066123264496,4.243540114995884,-0.00242118745229055,-9.94093830252541e-06,5.004438200814427,5.243224846813619,0.33077185249696367,0.6069144853941982,0.023078198372993075,0.0892794719203893,0.010024988007329606,0.8,0.77,0.1681263157894736,0.05102564102564096,7.992901751188912,4.047889558328839,,,
healthy_001__TF_Delay_/_Discontinuity__004,healthy_001,train,TF Delay / Discontinuity,0.2001320389999996,0.1987062160000027,0.201879796,0.8722222222222222,6.601691051345654,5.6116910513456535,0.033635942,0.2625406489326475,0.0864186749102557,0.022688414990838037,0.06,0.09,0.0,0.06,0.0,0.0,0.0,0.0,2.8750032319745826,8.794405658603507,9.058848562370144,-18.553987950468755,-12.987365578679071,4.006101455061774,6.345835330160676,0.7620913715806464,0.4937886462658748,0.04605706579968843,0.14883324850744342,0.023127541118722613,0.85,0.46,0.19517956656346744,0.38647360482654614,7.391315040209244,6.479227337075559,,,
healthy_001__TF_Delay_/_Discontinuity__005,healthy_001,train,TF Delay / Discontinuity,0.1833656700000006,0.1813254535000016,0.2016897370000023,0.8694444444444445,2.8456813832869683,1.8556813832869676,0.0340767710000022,0.2724371570507145,0.0362140760754777,0.00986605993122144,0.0,0.0,0.0,0.0,0.0,0.0,0.0,0.0,1.8793105529230199,5.584209287078812,7.441952891344951,-0.00242118745229055,-9.94093830252541e-06,3.9312946086822746,4.72550516696742,0.1300904970891375,0.30994627888458365,0.0141456756087727,0.10822842930320814,0.009226763782741888,0.68,0.38,0.14323157894736838,0.2201846153846153,6.065039494621805,2.8347905043405124,,,
healthy_001__TF_Delay_/_Discontinuity__006,healthy_001,train,TF Delay / Discontinuity,0.2001320389999996,0.1987062160000027,0.201879796,0.8722222222222222,6.547551929938652,5.5575519299386515,0.033635942,0.2625406489326475,0.0821103814965567,0.021557312842213246,0.06,0.09,0.0,0.06,0.0,0.0,0.0,0.0,2.580148426988562,8.719330074811307,8.84069636940364,-18.553987950468755,-12.987365578679071,5.223522715577871,7.225131950576424,0.7904048803240554,0.42720121456683924,0.025556152103310737,0.12244153051743313,0.019013417957008644,1.0,0.66,0.19857894736842094,0.2876205128205129,5.148938790791435,6.543000888575369,,,
healthy_001__TF_Delay_/_Discontinuity__007,healthy_001,train,TF Delay / Discontinuity,0.197664888000002,0.19587675830000226,0.2016897370000023,0.875,4.523706083934454,3.5337060839344536,0.0340767710000022,0.2724371570507145,0.0362140760754777,0.00986605993122144,0.0,0.0,0.0,0.0,0.0,0.0,0.0,0.0,0.8620987733468027,5.584209287078812,7.441952891344951,-0.00242118745229055,-9.94093830252541e-06,3.9558576947945245,4.623862188407517,0.09370401659752159,0.39855838618777467,0.02315495221947877,0.07323257507204933,0.007995067124846895,0.68,0.56,0.14242105263157892,0.10018461538461536,6.8452104345247164,4.470406306813739,,,
healthy_001__TF_Delay_/_Discontinuity__008,healthy_001,train,TF Delay / Discontinuity,0.0331051150000001,0.0327620629999999,0.201879796,0.8722222222222222,5.169070328261541,4.219070328261541,0.033635942,0.2599030821721219,0.0864186749102557,0.022460479966406075,0.06,0.09,0.0,0.06,0.0,0.0,0.0,0.0,2.8352014445275984,8.794405658603507,9.058848562370144,-18.553987950468755,-12.987365578679071,2.37235340343831,4.751592629978978,0.7890673672585549,0.6412702128562843,0.054822774764194254,0.160824572289722,0.023127541118722613,0.6,0.21,0.1877324561403508,0.5402393162393163,6.668132639604883,5.129110833903022,,,
healthy_001__TF_Delay_/_Discontinuity__009,healthy_001,train,TF Delay / Discontinuity,0.1830734120000023,0.18114367445000207,0.2016897370000023,0.8555555555555555,4.674183570509336,3.6841835705093358,0.0340767710000022,0.2724371570507145,0.0362140760754777,0.00986605993122144,0.0,0.0,0.0,0.0,0.0,0.0,0.0,0.0,1.8940058662565904,5.584209287078812,7.441952891344951,-0.00242118745229055,-9.94093830252541e-06,3.9351398185168756,4.7146550634684505,0.11827037216409027,0.3219334401369842,0.0141456756087727,0.10822842930320814,0.009226763782741888,0.68,0.38,0.14311578947368417,0.22172307692307686,10.890835685255212,4.608253570845676,,,
healthy_001__TF_Delay_/_Discontinuity__010,healthy_001,train,TF Delay / Discontinuity,0.1953267150000002,0.19351538964999884,0.2016897370000023,0.8722222222222222,6.5471132889604045,5.557113288960403,0.0340767710000022,0.2724371570507145,0.0362140760754777,0.00986605993122144,0.0,0.0,0.0,0.0,0.0,0.0,0.0,0.0,0.9750333664258494,5.584209287078812,7.441952891344951,-0.00242118745229055,-9.94093830252541e-06,3.8877171681516693,4.698954552395035,0.07098839406596046,0.42821176058372373,0.02315495221947877,0.09205247198863163,0.007995067124846895,0.68,0.54,0.14265263157894734,0.11505641025641027,9.568595379104046,6.390965593373535,,,
healthy_001__TF_Delay_/_Discontinuity__011,healthy_001,train,TF Delay / Discontinuity,0.177401077000006,0.17548576830000429,0.2016897370000023,0.8555555555555555,5.674213701473479,4.684213701473479,0.0340767710000022,0.2724371570507145,0.0362140760754777,0.00986605993122144,0.0,0.0,0.0,0.0,0.0,0.0,0.0,0.0,2.035614944198773,5.584209287078812,7.441952891344951,-8.886726274458672e-06,-8.20358105487505e-06,4.069163128728663,4.705298475111439,0.711604805805122,0.8308652631187685,0.0141456756087727,0.11559848238109924,0.010971206131955293,0.82,0.42,0.14589473684210522,0.2371692307692307,10.779267341296277,5.626632575650516,,,
healthy_001__TF_Delay_/_Discontinuity__012,healthy_001,train,TF Delay / Discontinuity,0.1672759679999984,0.16541722699999858,0.2015482879999979,0.8555555555555555,5.322024235106615,4.332024235106615,0.033182778000004,0.2611468410094815,0.0587062941950697,0.015330963276415715,0.0,0.35,0.0,0.0,0.0,0.0,0.0,0.0,3.4263040359130907,8.659456556709424,8.692697736053308,-18.89074827409834,-18.7465482926564,4.313575909283446,4.36487456648878,0.7545805432129857,0.8650416917579786,0.013367597827548261,0.162867630353094,0.02079918415792188,1.0,0.36,0.10999999999999995,0.3916410256410257,5.684624427101824,5.314205068860863,,,
healthy_001__TF_Delay_/_Discontinuity__013,healthy_001,train,TF Delay / Discontinuity,0.1983229000000008,0.19695381855000008,0.2016897370000023,0.8805555555555555,4.852977688974865,3.862977688974864,0.0340767710000022,0.2724371570507145,0.0362140760754777,0.00986605993122144,0.0,0.0,0.0,0.0,0.0,0.0,0.0,0.0,0.8201153119195445,5.584209287078812,7.441952891344951,-0.00242118745229055,-9.94093830252541e-06,3.9847513337254394,4.602019155328784,0.10640885580661362,0.3880600906734908,0.02315495221947877,0.07323257507204933,0.007995067124846895,0.68,0.56,0.1423052631578947,0.09659487179487178,8.318622814467652,4.820845179738848,,,
healthy_001__TF_Delay_/_Discontinuity__014,healthy_001,train,TF Delay / Discontinuity,0.1602957350000053,0.1577654804000044,0.2015482879999979,0.8555555555555555,2.589701722814005,1.5997017228140038,0.0325286710000014,0.2552422104589066,0.0587062941950697,0.014984324298200468,0.0,0.4,0.0,0.0,0.0,0.0,0.0,0.0,3.12760458252182,8.659456556709424,8.692697736053308,-18.89074827409834,-18.7465482926564,3.0729014741292557,2.525379124972143,0.7528412390057341,0.773617305577472,0.013367597827548261,0.16268076456660832,0.02079918415792188,0.79,0.21,0.05442105263157892,0.3539589743589742,10.907468488589748,2.515837946573802,,,
healthy_001__TF_Delay_/_Discontinuity__015,healthy_001,train,TF Delay / Discontinuity,0.1762293009999993,0.17509585275000275,0.2016897370000023,0.8555555555555555,2.9059252994677403,1.9159252994677392,0.0340767710000022,0.2724371570507145,0.0362140760754777,0.00986605993122144,0.0,0.03,0.0,0.0,0.0,0.0,0.0,0.0,2.2649676040334903,6.44266169363114,8.672683257611936,-18.803858664682565,-8.20358105487505e-06,4.183843504538398,4.819970759136421,0.6775799532233258,0.8653464658610216,0.0141456756087727,0.14016929331173297,0.013579922077055566,0.85,0.42,0.14589473684210522,0.265425641025641,9.499901227611613,2.8829050262722085,,,
healthy_001__TF_Delay_/_Discontinuity__016,healthy_001,train,TF Delay / Discontinuity,0.2001320389999996,0.1987062160000027,0.201879796,0.8722222222222222,5.610377405020319,4.620377405020319,0.033635942,0.2625406489326475,0.0864186749102557,0.022688414990838037,0.06,0.09,0.0,0.06,0.0,0.0,0.0,0.0,2.8750296551286043,8.794405658603507,9.058848562370144,-18.553987950468755,-12.987365578679071,4.258707148391924,6.598472976772575,0.7600838410778828,0.4794062986437511,0.043709986017118854,0.14748589985109994,0.023127541118722613,0.89,0.5,0.19590479006505018,0.3691040046096227,5.2456817617143185,5.597261703433824,,,
healthy_001__TF_Delay_/_Discontinuity__017,healthy_001,train,TF Delay / Discontinuity,0.1945024259999996,0.19288681510000388,0.2016897370000023,0.8694444444444445,3.797651788911904,2.8076517889119037,0.0340767710000022,0.2724371570507145,0.0362140760754777,0.00986605993122144,0.0,0.0,0.0,0.0,0.0,0.0,0.0,0.0,1.0765593404444591,5.584209287078812,7.441952891344951,-0.00242118745229055,-9.94093830252541e-06,3.8347358191571757,4.751857505334695,0.06740728037498185,0.4302328974558216,0.02315495221947877,0.09205247198863163,0.008192790927547926,0.68,0.52,0.14288421052631578,0.1271076923076923,10.913241016969558,3.629332774020014,,,
healthy_001__TF_Delay_/_Discontinuity__018,healthy_001,train,TF Delay / Discontinuity,0.1588550410000024,0.1567769827499986,0.2016317770000029,0.8555555555555555,5.825861824773155,4.835861824773154,0.0325286710000014,0.2552422104589066,0.0587062941950697,0.014984324298200468,0.0,0.4,0.0,0.0,0.0,0.0,0.0,0.0,3.0926399508807663,8.659456556709424,8.692697736053308,-18.89074827409834,-18.7465482926564,2.9220898488900953,2.409585076923164,0.7390915416574275,0.7589565445642369,0.013367597827548261,0.16268076456660832,0.02079918415792188,0.77,0.19,0.050021052631578924,0.3488307692307691,7.4694560131643595,5.700197548527827,,,
healthy_001__TF_Delay_/_Discontinuity__019,healthy_001,train,TF Delay / Discontinuity,0.2001320389999996,0.1987062160000027,0.201879796,0.8722222222222222,5.860193832506545,4.870193832506545,0.033635942,0.2625406489326475,0.0864186749102557,0.022688414990838037,0.06,0.09,0.0,0.06,0.0,0.0,0.0,0.0,2.874915884445434,8.794405658603507,9.058848562370144,-18.553987950468755,-12.987365578679071,3.6868501830004465,6.026500231304344,0.765686010610404,0.512190218056169,0.04871439297375798,0.15067064660324017,0.023127541118722613,0.8,0.41,0.1942072368421052,0.41062820512820525,8.332770260826583,5.752976658010063,,,
healthy_001__TF_Delay_/_Discontinuity__020,healthy_001,train,TF Delay / Discontinuity,0.163209952999999,0.16196528889999798,0.2015482879999979,0.8555555555555555,0.9992987621889255,0.15664221085000382,0.0325286710000014,0.2552422104589066,0.0587062941950697,0.014984324298200468,0.0,0.4,0.0,0.0,0.0,0.0,0.0,0.0,3.2772554762016846,8.659456556709424,8.692697736053308,-18.89074827409834,-18.7465482926564,3.742438439520727,3.293962369907208,0.7632098254816059,0.8333627328545787,0.013367597827548261,0.16268076456660832,0.02079918415792188,0.9,0.32,0.07815789473684208,0.3724205128205127,9.93549854370459,0.9329155813673982,,,
healthy_001__TF_Delay_/_Discontinuity__021,healthy_001,train,TF Delay / Discontinuity,0.2001320389999996,0.1987062160000027,0.2013216809999995,0.8916666666666667,1.4217730373028743,0.4317730373028739,0.0332836660000026,0.2724371570507145,0.0310259651166499,0.008452625731134738,0.0,0.0,0.0,0.0,0.0,0.0,0.0,0.0,0.26307965593590865,1.0228068760636702,1.5087452478047982,-0.00242118745229055,-9.94093830252541e-06,4.596764180724107,4.6058073374281685,0.5601533060497416,0.7161654025433664,0.023078198372993075,0.06216936496707423,0.008192790927547926,0.72,0.72,0.15087368421052627,0.026410256410256336,5.292190833883108,1.3884784340217156,,,
healthy_001__TF_Delay_/_Discontinuity__022,healthy_001,train,TF Delay / Discontinuity,0.180397984999999,0.17900721320000124,0.2016897370000023,0.8555555555555555,5.625291640222595,4.6352916402225945,0.0340767710000022,0.2724371570507145,0.0362140760754777,0.00986605993122144,0.0,0.0,0.0,0.0,0.0,0.0,0.0,0.0,1.9898237454570267,5.584209287078812,7.441952891344951,-1.0586519322212007e-05,-9.7959341751186e-06,3.9163883765451932,4.599044749316366,0.3811140744074932,0.6653928318338042,0.012971635845008008,0.10822842930320814,0.009947739911760218,0.71,0.41,0.1421894736842105,0.23121025641025636,9.279549177870189,5.574440301335246,,,
healthy_001__TF_Delay_/_Discontinuity__023,healthy_001,train,TF Delay / Discontinuity,0.1672759679999984,0.16541722699999858,0.2015482879999979,0.8555555555555555,5.836766405580058,4.846766405580058,0.033182778000004,0.2611468410094815,0.0587062941950697,0.015330963276415715,0.0,0.35,0.0,0.0,0.0,0.0,0.0,0.0,3.4263040359130907,8.659456556709424,8.692697736053308,-18.89074827409834,-18.7465482926564,4.313575909283446,4.36487456648878,0.7545805432129857,0.8650416917579786,0.013367597827548261,0.162867630353094,0.02079918415792188,1.0,0.36,0.10999999999999995,0.3916410256410257,9.43658881085906,5.745491030271783,,,
healthy_001__TF_Delay_/_Discontinuity__024,healthy_001,train,TF Delay / Discontinuity,0.2001320389999996,0.1987062160000027,0.201879796,0.8722222222222222,4.764189090117558,3.774189090117557,0.033635942,0.2625406489326475,0.0864186749102557,0.022688414990838037,0.06,0.09,0.0,0.06,0.0,0.0,0.0,0.0,2.859709734759461,8.794405658603507,9.058848562370144,-18.553987950468755,-12.987365578679071,3.089860100237166,5.444570579511123,0.7732453303125647,0.5540539729326243,0.05150661949725795,0.1550810915583199,0.023127541118722613,0.71,0.32,0.19175315048183836,0.4605128205128204,6.407210902647791,4.617955972264048,,,
healthy_001__TF_Delay_/_Discontinuity__025,healthy_001,train,TF Delay / Discontinuity,0.1673552940000036,0.1657034565999996,0.2015482879999979,0.8555555555555555,4.009984140970814,3.0199841409708132,0.033182778000004,0.2611468410094815,0.0335374166990657,0.00875819042657964,0.0,0.33,0.0,0.0,0.0,0.0,0.0,0.0,3.37464887572629,8.659456556709424,8.692697736053308,-18.89074827409834,-18.7465482926564,4.3917343080216975,4.472393816246154,0.7553773434425848,0.8643320853237797,0.013367597827548261,0.162867630353094,0.02079918415792188,1.0,0.38,0.11428421052631574,0.3854871794871795,5.0270007496379545,3.9421648553330026,,,
healthy_001__TF_Delay_/_Discontinuity__026,healthy_001,train,TF Delay / Discontinuity,0.180397984999999,0.17900721320000124,0.2016897370000023,0.8555555555555555,3.2289012567542086,2.2389012567542084,0.0340767710000022,0.2724371570507145,0.0362140760754777,0.00986605993122144,0.0,0.0,0.0,0.0,0.0,0.0,0.0,0.0,1.9898237454570267,5.584209287078812,7.441952891344951,-1.0586519322212007e-05,-9.7959341751186e-06,3.9163883765451932,4.599044749316366,0.3811140744074932,0.6653928318338042,0.012971635845008008,0.10822842930320814,0.009947739911760218,0.71,0.41,0.1421894736842105,0.23121025641025636,5.17764373477168,3.228540012586345,,,
healthy_001__TF_Delay_/_Discontinuity__027,healthy_001,train,TF Delay / Discontinuity,0.1649978250000003,0.1633162632000086,0.2015482879999979,0.8555555555555555,2.346833030233479,1.356833030233478,0.0325286710000014,0.2552422104589066,0.0587062941950697,0.014984324298200468,0.0,0.4,0.0,0.0,0.0,0.0,0.0,0.0,3.523847443185702,8.659456556709424,8.692697736053308,-18.89074827409834,-18.7465482926564,4.074906880076025,3.8733555150112045,0.7451829482300267,0.8538056331764583,0.013367597827548261,0.16268076456660832,0.02079918415792188,0.97,0.33,0.092978947368421,0.40036923076923076,9.029676853135152,2.1972476891717623,,,
healthy_001__TF_Delay_/_Discontinuity__028,healthy_001,train,TF Delay / Discontinuity,0.1673552940000036,0.16640207590000347,0.2015482879999979,0.8555555555555555,6.213867429800048,5.2238674298000465,0.033182778000004,0.2611468410094815,0.0335374166990657,0.00875819042657964,0.0,0.32,0.0,0.0,0.0,0.0,0.0,0.0,3.354831580018464,8.659456556709424,8.692697736053308,-18.89074827409834,-18.7465482926564,4.432639404535333,4.525673038764622,0.75418067626118,0.8637850597441588,0.013367597827548261,0.162867630353094,0.02079918415792188,1.0,0.39,0.11648421052631573,0.3818974358974358,7.088188540457086,6.076071428207573,,,
healthy_001__TF_Delay_/_Discontinuity__029,healthy_001,train,TF Delay / Discontinuity,0.2001320389999996,0.1987062160000027,0.201879796,0.8777777777777778,3.2304733992033876,2.2404733992033874,0.0332836660000026,0.2724371570507145,0.0310259651166499,0.008452625731134738,0.0,0.0,0.0,0.0,0.0,0.0,0.0,0.0,0.9991282317112973,5.055618954649194,6.442734352162472,-0.00242118745229055,-9.94093830252541e-06,5.3924161173414555,6.138514850829557,0.2006141901138982,0.39814883057192263,0.023135524090245788,0.0927556761687187,0.013318876148291168,0.9,0.78,0.18919999999999995,0.10698461538461533,8.541921505298895,3.200722426811355,,,
healthy_001__TF_Delay_/_Discontinuity__030,healthy_001,train,TF Delay / Discontinuity,0.2001320389999996,0.1987062160000027,0.201879796,0.8722222222222222,2.049332109517459,1.059332109517458,0.0332836660000026,0.2724371570507145,0.0465044710120376,0.012669545872666886,0.0,0.0,0.0,0.0,0.0,0.0,0.0,0.0,1.419470064785759,6.393541346551538,8.793898817679203,-0.00242118745229055,18.608664324189796,5.581745004222017,6.748539207966292,0.10620765863137908,0.36490765869356934,0.023135524090245788,0.0927556761687187,0.013318876148291168,0.96,0.78,0.20216842105263147,0.1521128205128205,10.319345373031215,1.8818401962187963,,,
healthy_001__TF_Delay_/_Discontinuity__031,healthy_001,train,TF Delay / Discontinuity,0.2001320389999996,0.1987062160000027,0.201879796,0.8722222222222222,5.341783443432189,4.351783443432189,0.033635942,0.2625406489326475,0.0864186749102557,0.022688414990838037,0.06,0.09,0.0,0.06,0.0,0.0,0.0,0.0,2.874915884445434,8.794405658603507,9.058848562370144,-18.553987950468755,-12.987365578679071,3.6868501830004465,6.026500231304344,0.765686010610404,0.512190218056169,0.04871439297375798,0.15067064660324017,0.023127541118722613,0.8,0.41,0.1942072368421052,0.41062820512820525,7.051561631273962,5.221126630141875,,,
healthy_001__TF_Delay_/_Discontinuity__032,healthy_001,train,TF Delay / Discontinuity,0.1701663760000045,0.1694153605000046,0.2016897370000023,0.8555555555555555,2.7589321231758364,1.7689321231758353,0.0340767710000022,0.2611468410094815,0.0362140760754777,0.009457191567188042,0.0,0.22,0.0,0.0,0.0,0.0,0.0,0.0,3.0946988629927272,8.629006012120245,8.692697736053308,-18.89074827409834,-18.614931993895514,4.525622523240965,5.111072290845453,0.7742839301996178,0.8555131787243242,0.014097492545503153,0.16286218302095343,0.020325253759642694,1.0,0.42,0.1403368421052631,0.3513128205128205,10.992460220400588,2.5670809591703385,,,
healthy_001__TF_Delay_/_Discontinuity__033,healthy_001,train,TF Delay / Discontinuity,0.2001320389999996,0.1987062160000027,0.2016203029999985,0.8916666666666667,4.345151555710646,3.3551515557106453,0.0332836660000026,0.2724371570507145,0.0310259651166499,0.008452625731134738,0.0,0.0,0.0,0.0,0.0,0.0,0.0,0.0,0.46068050401312866,1.2054483798533944,7.441952891344951,-0.00242118745229055,-9.94093830252541e-06,4.168613095766024,4.390542171722527,0.2206015165924927,0.35923316632099467,0.02315495221947877,0.06229041640698364,0.007466320701432773,0.68,0.63,0.14207368421052627,0.058133333333333266,5.820927668177758,4.321693156625111,,,
healthy_001__TF_Delay_/_Discontinuity__034,healthy_001,train,TF Delay / Discontinuity,0.1567516249999982,0.1549936065500023,0.2016317770000029,0.8555555555555555,4.514744091035349,3.524744091035349,0.033341785999994,0.1704546786803403,0.0587062941950697,0.010006762513534134,0.0,0.4,0.0,0.0,0.0,0.0,0.0,0.0,2.939005534127984,8.659456556709424,8.692697736053308,-18.89074827409834,-18.7465482926564,2.5224743588831733,2.163755690843054,0.6797391768764043,0.7288713796083143,0.013367597827548261,0.16268076456660832,0.02079918415792188,0.72,0.17,0.03902105263157893,0.33062564102564096,9.205286060723951,4.449840894604241,,,
healthy_001__TF_Delay_/_Discontinuity__035,healthy_001,train,TF Delay / Discontinuity,0.2001320389999996,0.1987062160000027,0.2013216809999995,0.8916666666666667,3.8467004293656872,2.856700429365687,0.0332836660000026,0.2724371570507145,0.0310259651166499,0.008452625731134738,0.0,0.0,0.0,0.0,0.0,0.0,0.0,0.0,0.20738821248521774,0.6673945564944077,1.2220802945561902,-0.00242118745229055,-9.94093830252541e-06,4.3191988702580195,4.271908005310363,0.377330296253169,0.4764309124725934,0.023135524090245788,0.06216936496707423,0.006422670254740772,0.68,0.67,0.14207368421052627,0.026338461538461453,10.491792561713329,3.830574555621201,,,
healthy_001__TF_Delay_/_Discontinuity__036,healthy_001,train,TF Delay / Discontinuity,0.2001320389999996,0.1987062160000027,0.201879796,0.8722222222222222,1.1431303204773486,0.2163567188238676,0.033635942,0.2625406489326475,0.0864186749102557,0.022688414990838037,0.06,0.09,0.0,0.06,0.0,0.0,0.0,0.0,2.8750967310119444,8.794405658603507,9.058848562370144,-18.553987950468755,-12.987365578679071,4.458712459963909,6.798408372477745,0.757113163244137,0.4745368879708437,0.0419496761801918,0.1464753883588424,0.023127541118722613,0.92,0.53,0.19631292906178482,0.3570680044593089,7.192270779194801,1.1231500137409318,,,
healthy_001__TF_Delay_/_Discontinuity__037,healthy_001,train,TF Delay / Discontinuity,0.2001320389999996,0.1987062160000027,0.201879796,0.8722222222222222,3.6758270446369607,2.68582704463696,0.033635942,0.2625406489326475,0.0698504388308429,0.018338579538879695,0.06,0.09,0.0,0.06,0.0,0.0,0.0,0.0,2.3934307431794526,8.719330074811307,8.84069636940364,-18.553987950468755,-12.987365578679071,5.32041856628382,7.135310117473264,0.8104392621417205,0.41964122194029946,0.025556152103310737,0.12244153051743313,0.019013417957008644,1.0,0.69,0.1985789473684209,0.2671076923076924,5.106012685999473,3.5556634739510296,,,
healthy_001__TF_Delay_/_Discontinuity__038,healthy_001,train,TF Delay / Discontinuity,0.1830734120000023,0.18114367445000207,0.2016897370000023,0.8555555555555555,3.4670480841174056,2.4770480841174054,0.0340767710000022,0.2724371570507145,0.0362140760754777,0.00986605993122144,0.0,0.0,0.0,0.0,0.0,0.0,0.0,0.0,1.8940058662565904,5.584209287078812,7.441952891344951,-0.00242118745229055,-9.94093830252541e-06,3.9351398185168756,4.7146550634684505,0.11827037216409027,0.3219334401369842,0.0141456756087727,0.10822842930320814,0.009226763782741888,0.68,0.38,0.14311578947368417,0.22172307692307686,7.059754774273447,3.348405160483246,,,
healthy_001__TF_Delay_/_Discontinuity__039,healthy_001,train,TF Delay / Discontinuity,0.1605106270000007,0.1589190915500022,0.2015482879999979,0.8555555555555555,4.111441337459532,3.1214413374595322,0.0325286710000014,0.2552422104589066,0.0587062941950697,0.014984324298200468,0.0,0.4,0.0,0.0,0.0,0.0,0.0,0.0,3.152842985560791,8.659456556709424,8.692697736053308,-18.89074827409834,-18.7465482926564,3.281992410738204,2.7091413832644737,0.7646919612098677,0.793405645189164,0.013367597827548261,0.16268076456660832,0.02079918415792188,0.82,0.24,0.06102105263157892,0.3593435897435896,9.511778729449492,4.107396812753192,,,
healthy_001__TF_Delay_/_Discontinuity__040,healthy_001,train,TF Delay / Discontinuity,0.2001320389999996,0.1987062160000027,0.201879796,0.8722222222222222,2.3047918018154947,1.3147918018154938,0.0332836660000026,0.2724371570507145,0.0310259651166499,0.008452625731134738,0.0,0.0,0.0,0.0,0.0,0.0,0.0,0.0,1.2453704330635202,5.978546147366324,7.801437059257187,-0.00242118745229055,11.677539142300981,5.535702709645664,6.528277570486759,0.1338133511767164,0.3902854377224703,0.023135524090245788,0.0927556761687187,0.013318876148291168,0.94,0.78,0.1978842105263157,0.13313846153846148,10.381980792637972,2.1811118363481548,,,
healthy_001__TF_Delay_/_Discontinuity__041,healthy_001,train,TF Delay / Discontinuity,0.2001320389999996,0.1987062160000027,0.2013216809999995,0.8833333333333333,4.208611679835125,3.2186116798351248,0.0332836660000026,0.2724371570507145,0.0310259651166499,0.008452625731134738,0.0,0.0,0.0,0.0,0.0,0.0,0.0,0.0,0.7172242611918169,3.8280196939694124,6.370824619473895,-0.00242118745229055,-9.94093830252541e-06,5.133834428771415,5.5976835987103035,0.238477578405496,0.47778152298769855,0.023135524090245788,0.09163557638631205,0.010024988007329606,0.84,0.77,0.1764631578947368,0.07564102564102558,10.454388886537691,4.036114948295955,,,
healthy_001__TF_Delay_/_Discontinuity__042,healthy_001,train,TF Delay / Discontinuity,0.1754816390000044,0.1742543935999997,0.2016897370000023,0.8555555555555555,4.836560943885755,3.8465609438857546,0.0340767710000022,0.2724371570507145,0.0362140760754777,0.00986605993122144,0.0,0.06,0.0,0.0,0.0,0.0,0.0,0.0,2.5240820277743117,7.501253839512696,8.672683257611936,-18.803858664682565,-8.436065113627606,4.313421637692407,4.949507049723231,0.646064063591931,0.8838413780439202,0.021668953277037946,0.15130814371295334,0.013579922077055566,0.88,0.42,0.14612631578947363,0.29382564102564096,8.544468764982597,4.816667016759819,,,
healthy_001__TF_Delay_/_Discontinuity__043,healthy_001,train,TF Delay / Discontinuity,0.2001320389999996,0.1987062160000027,0.201879796,0.8777777777777778,2.9023563711046716,1.912356371104671,0.0332836660000026,0.2724371570507145,0.0310259651166499,0.008452625731134738,0.0,0.0,0.0,0.0,0.0,0.0,0.0,0.0,0.9991282317112973,5.055618954649194,6.442734352162472,-0.00242118745229055,-9.94093830252541e-06,5.3924161173414555,6.138514850829557,0.2006141901138982,0.39814883057192263,0.023135524090245788,0.0927556761687187,0.013318876148291168,0.9,0.78,0.18919999999999995,0.10698461538461533,6.448232369759977,2.7317017871625913,,,
healthy_001__TF_Delay_/_Discontinuity__044,healthy_001,train,TF Delay / Discontinuity,0.2001320389999996,0.1987062160000027,0.201879796,0.8722222222222222,2.6442122297173976,1.654212229717397,0.033635942,0.2625406489326475,0.0864186749102557,0.022688414990838037,0.06,0.09,0.0,0.06,0.0,0.0,0.0,0.0,2.894291513103003,8.794405658603507,9.058848562370144,-18.553987950468755,-12.987365578679071,4.784093167028038,7.104591474302995,0.7581284415610716,0.4511456343561438,0.03901582645197971,0.144791202538413,0.023127541118722613,0.97,0.58,0.19741454150841015,0.34104150145387263,10.245886191744844,2.484455679475719,,,
healthy_001__TF_Delay_/_Discontinuity__045,healthy_001,train,TF Delay / Discontinuity,0.1885748130000024,0.18716885460000382,0.2016897370000023,0.8694444444444445,5.798279486198278,4.808279486198278,0.0340767710000022,0.2724371570507145,0.0362140760754777,0.00986605993122144,0.0,0.0,0.0,0.0,0.0,0.0,0.0,0.0,1.4810072738993856,5.584209287078812,7.441952891344951,-0.00242118745229055,-9.94093830252541e-06,3.645095329256977,4.983456020743371,0.07170906568148713,0.4471206312632254,0.023149800634956176,0.1013831939716858,0.009859972736164735,0.68,0.45,0.14311578947368417,0.17300512820512826,9.751846550848244,5.638091889066995,,,
healthy_001__TF_Delay_/_Discontinuity__046,healthy_001,train,TF Delay / Discontinuity,0.1984622410000014,0.19732296575000205,0.2016897370000023,0.8805555555555555,6.998497722703672,6.008497722703672,0.0332836660000026,0.2724371570507145,0.0258541851989668,0.0070436407134691756,0.0,0.0,0.0,0.0,0.0,0.0,0.0,0.0,0.7912436636879717,5.584209287078812,7.441952891344951,-0.00242118745229055,-9.94093830252541e-06,4.001304380437088,4.58547395585842,0.11857511705670223,0.37893861363878334,0.02315495221947877,0.06229041640698364,0.007960257857142125,0.68,0.56,0.1423052631578947,0.0940307692307692,7.857543851520354,6.966621018290656,,,
healthy_001__TF_Delay_/_Discontinuity__047,healthy_001,train,TF Delay / Discontinuity,0.180397984999999,0.17900721320000124,0.2016897370000023,0.8555555555555555,6.452134483133103,5.462134483133102,0.0340767710000022,0.2724371570507145,0.0362140760754777,0.00986605993122144,0.0,0.0,0.0,0.0,0.0,0.0,0.0,0.0,1.9898237454570267,5.584209287078812,7.441952891344951,-1.0586519322212007e-05,-9.7959341751186e-06,3.9163883765451932,4.599044749316366,0.3811140744074932,0.6653928318338042,0.012971635845008008,0.10822842930320814,0.009947739911760218,0.71,0.41,0.1421894736842105,0.23121025641025636,9.887830658707296,6.38609000608116,,,
healthy_001__TF_Delay_/_Discontinuity__048,healthy_001,train,TF Delay / Discontinuity,0.1724003260000017,0.17019963595000434,0.2016897370000023,0.8555555555555555,4.42446805330337,3.434468053303369,0.0340767710000022,0.2724371570507145,0.0362140760754777,0.00986605993122144,0.0,0.17,0.0,0.0,0.0,0.0,0.0,0.0,3.028816183181026,7.879525489490718,8.672683257611936,-18.803858664682565,-15.059784558039444,4.509752232926793,5.2579106098955615,0.7459112840877958,0.8391283731706729,0.022615768504476413,0.16286218302095343,0.02071547159737717,0.99,0.42,0.148557894736842,0.350225641025641,6.111076069721405,4.241675622546706,,,
healthy_001__TF_Delay_/_Discontinuity__049,healthy_001,train,TF Delay / Discontinuity,0.2001320389999996,0.1987062160000027,0.201879796,0.8722222222222222,6.828517037814584,5.838517037814584,0.033635942,0.2625406489326475,0.0864186749102557,0.022688414990838037,0.06,0.09,0.0,0.06,0.0,0.0,0.0,0.0,2.8750024536274856,8.794405658603507,9.058848562370144,-18.553987950468755,-12.987365578679071,3.9394397118031343,6.279177146201754,0.7632784985193103,0.4957643279205033,0.04664383574533078,0.14917008567152926,0.023127541118722613,0.84,0.45,0.19502192982456135,0.3910744810744812,8.91753275938399,6.718701397583208,,,
healthy_001__TF_Delay_/_Discontinuity__050,healthy_001,train,TF Delay / Discontinuity,0.1924595440000018,0.19147761050000262,0.2016897370000023,0.8694444444444445,0.9706546535078775,0.18597710640000142,0.0340767710000022,0.2724371570507145,0.0362140760754777,0.00986605993122144,0.0,0.0,0.0,0.0,0.0,0.0,0.0,0.0,1.301229714589046,5.584209287078812,7.441952891344951,-0.00242118745229055,-9.94093830252541e-06,3.725837064920337,4.867633462889259,0.06675563918840959,0.42194213042871415,0.02315495221947877,0.09205247198863163,0.009157839137080306,0.68,0.46,0.14288421052631578,0.15223589743589744,7.597834957206603,0.9258093339344278,,,
healthy_001__TF_Delay_/_Discontinuity__051,healthy_001,train,TF Delay / Discontinuity,0.160342227000001,0.15855951499999954,0.2015482879999979,0.8555555555555555,0.977167587689707,0.15479970780000296,0.0325286710000014,0.2552422104589066,0.0587062941950697,0.014984324298200468,0.0,0.4,0.0,0.0,0.0,0.0,0.0,0.0,3.150529207992356,8.659456556709424,8.692697736053308,-18.89074827409834,-18.7465482926564,3.2176741780414617,2.6471769918800794,0.7628263163503329,0.7872279815281416,0.013367597827548261,0.16268076456660832,0.02079918415792188,0.81,0.23,0.05882105263157892,0.35857435897435885,5.618016104780953,0.9587982878205352,,,
healthy_001__TF_Delay_/_Discontinuity__052,healthy_001,train,TF Delay / Discontinuity,0.2001320389999996,0.1987062160000027,0.201879796,0.8722222222222222,3.6019134658447562,2.611913465844756,0.033635942,0.2625406489326475,0.0465044710120376,0.012209313997769845,0.05,0.06,0.0,0.05,0.0,0.0,0.0,0.0,2.011140188700669,8.719330074811307,8.84069636940364,-16.316203133531772,-6.746933679557891,5.533516572693252,7.080205433503005,0.7748741527040856,0.13789629821926083,0.02315495221947877,0.0927556761687187,0.015578252726041379,1.0,0.75,0.2052947368421052,0.2198051282051282,5.3931826035102945,3.5672424071941036,,,
healthy_001__TF_Delay_/_Discontinuity__053,healthy_001,train,TF Delay / Discontinuity,0.1924595440000018,0.19147761050000262,0.2016897370000023,0.8694444444444445,1.1266253634757166,0.19793282642378615,0.0340767710000022,0.2724371570507145,0.0362140760754777,0.00986605993122144,0.0,0.0,0.0,0.0,0.0,0.0,0.0,0.0,1.301229714589046,5.584209287078812,7.441952891344951,-0.00242118745229055,-9.94093830252541e-06,3.725837064920337,4.867633462889259,0.06675563918840959,0.42194213042871415,0.02315495221947877,0.09205247198863163,0.009157839137080306,0.68,0.46,0.14288421052631578,0.15223589743589744,6.875419694171503,1.0210510402217823,,,
healthy_001__TF_Delay_/_Discontinuity__054,healthy_001,train,TF Delay / Discontinuity,0.2001320389999996,0.1987062160000027,0.201879796,0.8722222222222222,1.1575954668987867,0.21707997614493943,0.033635942,0.2625406489326475,0.0864186749102557,0.022688414990838037,0.06,0.09,0.0,0.06,0.0,0.0,0.0,0.0,2.8750128319014605,8.794405658603507,9.058848562370144,-18.553987950468755,-12.987365578679071,4.072763115682415,6.412509409863947,0.7609556603209249,0.49186866092927034,0.04547029585404608,0.14849641134335756,0.023127541118722613,0.86,0.47,0.19533353733170128,0.3819797257006561,7.307026267939569,1.081329240207178,,,
healthy_001__TF_Delay_/_Discontinuity__055,healthy_001,train,TF Delay / Discontinuity,0.1786099270000036,0.17743897515000592,0.2016897370000023,0.8555555555555555,2.7276663605994225,1.7376663605994214,0.0340767710000022,0.2724371570507145,0.0362140760754777,0.00986605993122144,0.0,0.0,0.0,0.0,0.0,0.0,0.0,0.0,2.0245939738513434,5.584209287078812,7.441952891344951,-9.618336098390753e-06,-8.895471738823676e-06,4.0215427216486,4.669017120804782,0.6056779477246954,0.7823224339049993,0.012971635845008008,0.10822842930320814,0.009947739911760218,0.77,0.42,0.14485263157894732,0.23428717948717945,6.242123249148872,2.6030508833369232,,,
healthy_001__TF_Delay_/_Discontinuity__056,healthy_001,train,TF Delay / Discontinuity,0.2001320389999996,0.1987062160000027,0.2013216809999995,0.8916666666666667,0.7517036535514741,0.19644424479999992,0.0332836660000026,0.2724371570507145,0.0310259651166499,0.008452625731134738,0.0,0.0,0.0,0.0,0.0,0.0,0.0,0.0,0.20738821248521774,0.6673945564944077,1.2220802945561902,-0.00242118745229055,-9.94093830252541e-06,4.3191988702580195,4.271908005310363,0.377330296253169,0.4764309124725934,0.023135524090245788,0.06216936496707423,0.006422670254740772,0.68,0.67,0.14207368421052627,0.026338461538461453,7.499657798414887,0.7104624583512429,,,
healthy_001__TF_Delay_/_Discontinuity__057,healthy_001,train,TF Delay / Discontinuity,0.2001320389999996,0.1987062160000027,0.201879796,0.8722222222222222,0.8647222160193351,0.20414387200000003,0.033635942,0.2625406489326475,0.0864186749102557,0.022688414990838037,0.06,0.09,0.0,0.06,0.0,0.0,0.0,0.0,2.8750128319014605,8.794405658603507,9.058848562370144,-18.553987950468755,-12.987365578679071,4.072763115682415,6.412509409863947,0.7609556603209249,0.49186866092927034,0.04547029585404608,0.14849641134335756,0.023127541118722613,0.86,0.47,0.19533353733170128,0.3819797257006561,10.176587382445268,0.7077682938250209,,,
healthy_001__TF_Delay_/_Discontinuity__058,healthy_001,train,TF Delay / Discontinuity,0.1933171900000019,0.19210131179999937,0.2016897370000023,0.8694444444444445,2.8578871126381475,1.8678871126381464,0.0340767710000022,0.2724371570507145,0.0362140760754777,0.00986605993122144,0.0,0.0,0.0,0.0,0.0,0.0,0.0,0.0,1.2646219960657596,5.584209287078812,7.441952891344951,-0.00242118745229055,-9.94093830252541e-06,3.744144153853548,4.849332833299184,0.06425881996906313,0.4262732467440043,0.02315495221947877,0.09205247198863163,0.009157839137080306,0.68,0.47,0.14288421052631575,0.1483897435897436,7.937012039043249,2.798493214367018,,,
healthy_001__TF_Delay_/_Discontinuity__059,healthy_001,train,TF Delay / Discontinuity,0.1991197540000016,0.19769260635000196,0.2016203029999985,0.8833333333333333,6.122692975576588,5.132692975576588,0.0332836660000026,0.2724371570507145,0.0258541851989668,0.0070436407134691756,0.0,0.0,0.0,0.0,0.0,0.0,0.0,0.0,0.72333931134311,5.584209287078812,7.441952891344951,-0.00242118745229055,-9.94093830252541e-06,4.032509801843167,4.540258575993998,0.14239701284196626,0.3560310646896892,0.02315495221947877,0.06229041640698364,0.007466320701432773,0.68,0.58,0.14230526315789468,0.08685128205128201,9.683486825159505,5.999583349154225,,,
healthy_001__Wheel_/_Encoder_Direction_Mismatch__000,healthy_001,train,Wheel / Encoder Direction Mismatch,0.2001320389999996,0.1987062160000027,0.201879796,0.8722222222222222,0.2057569300000032,0.198805404900002,0.033635942,0.2625406489326475,0.0465044710120376,0.012209313997769845,0.15,0.15,0.0,0.15,0.0,0.12,0.12,0.0,3.272564865511733,13.332636490988147,13.333961401007265,-44.43511168959757,-44.34147382290798,5.5995806516122375,7.025661445916955,0.14709923303643863,0.23553480533202645,0.02315495221947877,0.0927556761687187,0.013318876148291168,1.0,0.78,0.2077263157894736,0.19211282051282055,6.486712246603593,2.2899617638709184,,left,12.0
healthy_001__Wheel_/_Encoder_Direction_Mismatch__001,healthy_001,train,Wheel / Encoder Direction Mismatch,0.2001320389999996,0.1987062160000027,0.201879796,0.8722222222222222,0.2057569300000032,0.198805404900002,0.033635942,0.2625406489326475,0.0465044710120376,0.012209313997769845,0.21,0.22,0.15,0.06,0.15,0.0,0.0,0.15,3.9336755853806427,13.330612531317511,13.333930733434908,-44.44790402252099,-44.39028145227135,5.507342532204079,7.060622506859525,0.8097177296706755,-0.025348057764374522,0.023362730824741273,0.09408321575875321,0.01597841900371069,1.0,0.74,0.2041368421052631,0.22755897435897438,13.972850489794695,2.9194536022042605,,right,15.0
healthy_001__Wheel_/_Encoder_Direction_Mismatch__002,healthy_001,train,Wheel / Encoder Direction Mismatch,0.1792396499999995,0.17830595739999744,0.2016897370000023,0.8555555555555555,0.1755731120000021,0.1691730067500049,0.0340767710000022,0.2724371570507145,0.0362140760754777,0.00986605993122144,0.1,0.1,0.0,0.1,0.0,0.03,0.03,0.0,2.9603398212879415,12.666744800398849,13.333331688349016,-42.18196534800443,-38.42082690632231,3.958832461312698,4.626656601495637,0.08971974180256444,0.7152963165309483,0.012971635845008008,0.10822842930320814,0.009947739911760218,0.73,0.42,0.14323157894736838,0.23223589743589737,10.510385460122876,1.9130115018536813,,left,10.0
healthy_001__Wheel_/_Encoder_Direction_Mismatch__003,healthy_001,train,Wheel / Encoder Direction Mismatch,0.2001320389999996,0.1987062160000027,0.2013216809999995,0.8833333333333333,0.2017480969999994,0.19644424479999992,0.0332836660000026,0.2724371570507145,0.0310259651166499,0.008452625731134738,0.24,0.24,0.0,0.24,0.0,0.24,0.24,0.0,3.687827506283174,13.33380648565566,13.333867761772419,-44.44790402252099,-44.438411626632735,5.086794849010426,5.427366427724093,-0.027072859480390433,0.5212593930736624,0.023078198372993075,0.0892794719203893,0.010024988007329606,0.82,0.77,0.17229473684210522,0.062307692307692245,5.5955071940786105,4.721538470356602,,left,24.0
healthy_001__Wheel_/_Encoder_Direction_Mismatch__004,healthy_001,train,Wheel / Encoder Direction Mismatch,0.2001320389999996,0.1987062160000027,0.201879796,0.8722222222222222,0.2096844240000006,0.20169689010000072,0.033635942,0.2625406489326475,0.0864186749102557,0.022688414990838037,0.21,0.24,0.0,0.21,0.0,0.15,0.15,0.0,4.713254713057568,13.33339611671467,13.333961401007265,-44.43511168959757,-44.34147382290798,3.089860100237166,5.444570579511123,0.25879956958417166,0.5540539729326243,0.05150661949725795,0.1550810915583199,0.023127541118722613,0.71,0.32,0.19175315048183836,0.4605128205128204,16.19096322359088,2.843078420958264,,left,15.0
healthy_001__Wheel_/_Encoder_Direction_Mismatch__005,healthy_001,train,Wheel / Encoder Direction Mismatch,0.1782624929999983,0.17623227714999953,0.2016897370000023,0.8555555555555555,0.1746627590000073,0.1677686617000013,0.0340767710000022,0.2724371570507145,0.0362140760754777,0.00986605993122144,0.09,0.09,0.09,0.0,0.02,0.0,0.0,0.02,2.888207228266461,12.632365185485174,13.335135034059412,-43.04041397272826,-37.16442160924197,4.052952134644743,4.6935728115757644,0.6756622681139611,0.38055946489236975,0.012971635845008008,0.10822842930320814,0.009947739911760218,0.8,0.42,0.14566315789473677,0.2350564102564102,13.506721136799811,1.6018160462298958,,right,9.0
healthy_001__Wheel_/_Encoder_Direction_Mismatch__006,healthy_001,train,Wheel / Encoder Direction Mismatch,0.2001320389999996,0.1987062160000027,0.201879796,0.8722222222222222,0.2096844240000006,0.20175470574999943,0.033635942,0.2625406489326475,0.0864186749102557,0.022688414990838037,0.12,0.15,0.0,0.12,0.0,0.05,0.05,0.0,3.5128534451846622,13.33101392507799,13.334040567731806,-44.15337961765234,-38.668747754953756,3.022100342274071,5.379007220027324,0.4781358003071433,0.5579427197661196,0.051816866888757925,0.15557114099777317,0.023127541118722613,0.7,0.31,0.19151503759398492,0.46672527472527464,8.0502486077281,1.552821486554123,,left,6.0
healthy_001__Wheel_/_Encoder_Direction_Mismatch__007,healthy_001,train,Wheel / Encoder Direction Mismatch,0.1634346370000017,0.1629199179000018,0.2015482879999979,0.8555555555555555,0.1593778089999986,0.15273358340000412,0.0325286710000014,0.2552422104589066,0.0587062941950697,0.014984324298200468,0.06,0.46,0.0,0.06,0.0,0.05,0.05,0.0,4.004169565566795,12.666985413159647,13.333960570132735,-44.059248418625636,-38.341816674386614,3.8438994307601173,3.4590804678328153,0.23616829323752261,0.8404667813120003,0.013367597827548261,0.16268076456660832,0.02079918415792188,0.92,0.33,0.08244210526315784,0.37959999999999994,2.4263696008781253,1.0370391272844937,,left,6.0
healthy_001__Wheel_/_Encoder_Direction_Mismatch__008,healthy_001,train,Wheel / Encoder Direction Mismatch,0.2001320389999996,0.1987062160000027,0.201879796,0.8722222222222222,0.2096844240000006,0.2001609775000004,0.033635942,0.2625406489326475,0.0821103814965567,0.021557312842213246,0.12,0.15,0.0,0.12,0.0,0.06,0.06,0.0,3.4028055903218437,11.965422389329566,13.333961401007265,-44.4296964750785,-35.76934136855877,5.189832976738652,7.265763407271744,0.4979288594187189,0.42551571340493893,0.025556152103310737,0.12244153051743313,0.019013417957008644,1.0,0.65,0.198578947368421,0.2963384615384616,9.85923004935695,1.1251340516065778,,left,6.0
healthy_001__Wheel_/_Encoder_Direction_Mismatch__009,healthy_001,train,Wheel / Encoder Direction Mismatch,0.2001320389999996,0.1987062160000027,0.201879796,0.8722222222222222,0.2096844240000006,0.20151547719999985,0.033635942,0.2625406489326475,0.0864186749102557,0.022688414990838037,0.24,0.27,0.18,0.06,0.18,0.0,0.0,0.18,5.024114471701953,13.33339611671467,13.333961401007265,-44.43511168959757,-44.19536105631807,4.072763115682415,6.412509409863947,0.7609556603209249,-0.019052779787768724,0.04547029585404608,0.14849641134335756,0.023127541118722613,0.86,0.47,0.19533353733170128,0.3819797257006561,12.112778408914718,3.480597146513185,,right,18.0
healthy_001__Wheel_/_Encoder_Direction_Mismatch__010,healthy_001,train,Wheel / Encoder Direction Mismatch,0.2001320389999996,0.1987062160000027,0.201879796,0.8722222222222222,0.2057569300000032,0.20004212344999964,0.033635942,0.2625406489326475,0.0465044710120376,0.012209313997769845,0.23,0.25,0.17,0.06,0.17,0.0,0.0,0.17,4.293387396790326,13.33343628747883,13.333961401007265,-44.435900835932834,-44.426613154339314,5.487451657895583,7.0473571379544815,0.8402470007379841,-0.03365420320326418,0.023362730824741273,0.09408321575875321,0.017015213264508767,1.0,0.73,0.20228421052631568,0.2357641025641026,7.414710126541342,3.276848201722707,,right,17.0
healthy_001__Wheel_/_Encoder_Direction_Mismatch__011,healthy_001,train,Wheel / Encoder Direction Mismatch,0.1868927890000016,0.18402986820000208,0.2016897370000023,0.8694444444444445,0.1841086320000009,0.17614768760000138,0.0340767710000022,0.2724371570507145,0.0362140760754777,0.00986605993122144,0.22,0.22,0.22,0.0,0.11,0.0,0.0,0.11,3.9102098736330966,13.332701692642077,13.3336562326877,-44.34280742459816,-42.97243803452199,3.758040360501768,4.891595079733895,0.1447056593307381,-0.0374379204799885,0.014173608349176988,0.10822842930320814,0.009947739911760218,0.68,0.43,0.14357894736842103,0.18941538461538457,14.126309014800142,4.397741332359118,,right,22.0
healthy_001__Wheel_/_Encoder_Direction_Mismatch__012,healthy_001,train,Wheel / Encoder Direction Mismatch,0.0331051150000001,0.0327620629999999,0.201879796,0.8722222222222222,0.2096844240000006,0.20178114074999953,0.033635942,0.2599030821721219,0.0864186749102557,0.022460479966406075,0.18,0.2,0.0,0.18,0.0,0.05,0.05,0.0,3.7755530109345945,13.331402258507833,13.334040567731806,-44.15337961765234,-38.96976716025136,2.37235340343831,4.751592629978978,0.15499681587687744,0.6412702128562843,0.054822774764194254,0.160824572289722,0.023127541118722613,0.6,0.21,0.1877324561403508,0.5402393162393163,8.164826911571053,4.4134778373694665,,left,20.0
healthy_001__Wheel_/_Encoder_Direction_Mismatch__013,healthy_001,train,Wheel / Encoder Direction Mismatch,0.183692839999999,0.18295684320000002,0.2016897370000023,0.8694444444444445,0.180901342999995,0.17470827665000704,0.0340767710000022,0.2724371570507145,0.0362140760754777,0.00986605993122144,0.09,0.09,0.09,0.0,0.08,0.0,0.0,0.08,2.8093340402405396,13.332675367846777,13.3336562326877,-44.34280742459816,-42.22039207428814,3.8896534340003917,4.753075656641099,0.1366904672278009,0.04691667472553459,0.02261236421956369,0.10822842930320814,0.009226763782741888,0.68,0.38,0.1434631578947368,0.21300512820512815,14.891693313222085,1.6509739444198317,,right,9.0
healthy_001__Wheel_/_Encoder_Direction_Mismatch__014,healthy_001,train,Wheel / Encoder Direction Mismatch,0.1735967820000041,0.17137186930000606,0.2016897370000023,0.8555555555555555,0.1708412589999994,0.1622195375999979,0.0340767710000022,0.2724371570507145,0.0362140760754777,0.00986605993122144,0.23,0.36,0.23,0.0,0.16,0.0,0.0,0.16,5.410950291580904,13.333739523955584,13.334340085860893,-44.34280742459816,-43.82330888589689,4.475276582285649,5.181336892525906,0.7168633863350276,0.14954772638765093,0.021668953277037946,0.16136365520982837,0.02071547159737717,0.95,0.42,0.14763157894736836,0.3363179487179487,7.2623055484899055,4.421966167162342,,right,23.0
healthy_001__Wheel_/_Encoder_Direction_Mismatch__015,healthy_001,train,Wheel / Encoder Direction Mismatch,0.2001320389999996,0.1987062160000027,0.201879796,0.8722222222222222,0.2057569300000032,0.198805404900002,0.033635942,0.2625406489326475,0.0465044710120376,0.012209313997769845,0.27,0.28,0.0,0.27,0.0,0.24,0.24,0.0,4.842296782353734,13.333609698559984,13.333961401007265,-44.435900835932834,-44.426932648277294,5.585981621543838,7.050120897589124,0.0779022059986696,0.16977753863341444,0.02315495221947877,0.0927556761687187,0.015578252726041379,1.0,0.77,0.20691578947368416,0.20185641025641027,5.788531205793793,4.6751747236107235,,left,24.0
healthy_001__Wheel_/_Encoder_Direction_Mismatch__016,healthy_001,train,Wheel / Encoder Direction Mismatch,0.197664888000002,0.19583280950000248,0.2016897370000023,0.8722222222222222,0.1935366140000027,0.1865288303000015,0.0340767710000022,0.2724371570507145,0.0362140760754777,0.00986605993122144,0.18,0.18,0.0,0.18,0.0,0.18,0.18,0.0,3.0667731262564892,13.332234523019617,13.33398018276128,-44.447535159603014,-44.33849816895288,3.945098743511029,4.627609727996907,0.03679145977717825,0.3985646748128608,0.02315495221947877,0.07323257507204933,0.007995067124846895,0.68,0.56,0.14253684210526316,0.10121025641025637,6.258911457186571,3.4136978173332864,,left,18.0
healthy_001__Wheel_/_Encoder_Direction_Mismatch__017,healthy_001,train,Wheel / Encoder Direction Mismatch,0.1585439609999994,0.15621584535000216,0.2016317770000029,0.8555555555555555,0.1547461740000031,0.14766975075000274,0.033341785999994,0.1704546786803403,0.0587062941950697,0.010006762513534134,0.13,0.53,0.13,0.0,0.13,0.0,0.0,0.13,3.831068284404503,8.683610978081356,13.334927108202361,-43.01343414035475,-18.851271564186828,2.760797300257083,2.304271895548222,0.7186231797402683,0.43013257870897353,0.013367597827548261,0.16268076456660832,0.02079918415792188,0.75,0.17,0.045621052631578916,0.34318974358974347,2.3613831325648675,2.446144314556797,,right,13.0
healthy_001__Wheel_/_Encoder_Direction_Mismatch__018,healthy_001,train,Wheel / Encoder Direction Mismatch,0.1701663760000045,0.16917044515000224,0.2016897370000023,0.8555555555555555,0.1654865659999984,0.16108898130000598,0.0340767710000022,0.2611468410094815,0.0362140760754777,0.009457191567188042,0.12,0.35,0.12,0.0,0.02,0.0,0.0,0.02,4.261723198969936,13.331690502870972,13.333331688349016,-42.18196534800443,-40.925650395542604,4.536774360129505,5.053460038614667,0.7692121638104908,0.3056749186564907,0.014097492545503153,0.16286218302095343,0.020325253759642694,1.0,0.42,0.13825263157894732,0.353876923076923,3.267296447322394,2.273596471313839,,right,12.0
healthy_001__Wheel_/_Encoder_Direction_Mismatch__019,healthy_001,train,Wheel / Encoder Direction Mismatch,0.1712790759999976,0.16967166070000195,0.2016897370000023,0.8555555555555555,0.1690852040000052,0.16116120645000573,0.0340767710000022,0.2724371570507145,0.0362140760754777,0.00986605993122144,0.06,0.26,0.06,0.0,0.06,0.0,0.0,0.06,3.381156291540179,7.879525489490718,8.672683257611936,-18.803858664682565,-15.059784558039444,4.495692418968301,5.228970925966933,0.7781788064257473,0.832011437851537,0.021660735651753596,0.16286218302095343,0.020325253759642694,1.0,0.42,0.14462105263157887,0.3477230769230769,12.959009296822039,3.4029356754505713,,right,9.0
healthy_001__Wheel_/_Encoder_Direction_Mismatch__020,healthy_001,train,Wheel / Encoder Direction Mismatch,0.2001320389999996,0.1987062160000027,0.201879796,0.8722222222222222,0.2057569300000032,0.20004212344999964,0.033635942,0.2625406489326475,0.0465044710120376,0.012209313997769845,0.2,0.23,0.14,0.06,0.14,0.0,0.0,0.14,4.058610795185258,13.3313360146793,13.33385246747869,-44.44790402252099,-44.43112838350146,5.3868040211450685,7.061921056497954,0.8137070090836539,0.021599568998768567,0.025556152103310737,0.1156139152184755,0.01814264639739939,1.0,0.71,0.19823157894736831,0.25441025641025644,13.468757516820089,2.6561043751569446,,right,14.0
healthy_001__Wheel_/_Encoder_Direction_Mismatch__021,healthy_001,train,Wheel / Encoder Direction Mismatch,0.2001320389999996,0.1987062160000027,0.201879796,0.8833333333333333,0.2057569300000032,0.19697997505000045,0.0332836660000026,0.2724371570507145,0.0310259651166499,0.008452625731134738,0.07,0.07,0.07,0.0,0.07,0.0,0.0,0.07,1.7078464994174494,12.666942098243556,13.333961401007265,-44.4296964750785,-39.81615132310875,5.202906596952449,5.795082776643532,0.22445947489713292,0.014821570720795107,0.023135524090245788,0.09163557638631205,0.013318876148291168,0.86,0.77,0.18063157894736837,0.08948717948717944,3.0452725355673387,1.3124335723214555,,right,7.0
healthy_001__Wheel_/_Encoder_Direction_Mismatch__022,healthy_001,train,Wheel / Encoder Direction Mismatch,0.2001320389999996,0.04106201899999956,0.201879796,0.8722222222222222,0.2096844240000006,0.20175470574999943,0.033635942,0.2625406489326475,0.0864186749102557,0.022688414990838037,0.18,0.21,0.0,0.18,0.0,0.02,0.02,0.0,3.820205918260565,13.329725759859878,13.332098608770965,-42.73007149788916,-37.18689073266001,2.7616562007454712,5.127172682281998,0.40502574368426975,0.5891705803495527,0.053057856454757926,0.1575313387555864,0.023127541118722613,0.66,0.27,0.1899641148325358,0.4934576534576536,13.920195403055004,2.385914621628725,,left,12.0
healthy_001__Wheel_/_Encoder_Direction_Mismatch__023,healthy_001,train,Wheel / Encoder Direction Mismatch,0.2001320389999996,0.0327620629999999,0.201879796,0.8722222222222222,0.2096844240000006,0.20176131449999946,0.033635942,0.2625406489326475,0.0864186749102557,0.022688414990838037,0.03,0.05,0.0,0.03,0.0,0.01,0.01,0.0,2.722675980369372,8.722793505998844,13.33133665702302,-44.060142204018014,-0.32239986143221255,2.565342521407238,4.93753303583679,0.5176894241637504,0.6126144248207545,0.0539885986292579,0.1590014870739463,0.023127541118722613,0.63,0.24,0.18890142021720965,0.5157346357346356,10.455906268252665,1.6619510303270992,,left,6.0
healthy_001__Wheel_/_Encoder_Direction_Mismatch__024,healthy_001,train,Wheel / Encoder Direction Mismatch,0.1773858230000016,0.17540293909999993,0.2016897370000023,0.8555555555555555,0.1746627590000073,0.16677235080000155,0.0340767710000022,0.2724371570507145,0.0362140760754777,0.00986605993122144,0.2,0.21,0.2,0.0,0.13,0.0,0.0,0.13,3.9685780228456036,13.333790342820107,13.335135034059412,-43.53677610124913,-40.79903881061239,4.097241353121877,4.733376332893156,0.7100579376941966,0.2966052491544955,0.0141456756087727,0.14016929331173297,0.013579922077055566,0.83,0.42,0.14589473684210522,0.245425641025641,12.430907285796906,3.832364942734351,,right,20.0
healthy_001__Wheel_/_Encoder_Direction_Mismatch__025,healthy_001,train,Wheel / Encoder Direction Mismatch,0.1754816390000044,0.1743348696999984,0.2016897370000023,0.8555555555555555,0.1746627590000073,0.16677235080000155,0.0340767710000022,0.2724371570507145,0.0362140760754777,0.00986605993122144,0.09,0.14,0.09,0.0,0.09,0.0,0.0,0.09,2.9302068417507057,7.754991763073114,8.672683257611936,-18.803858664682565,-14.42199774714636,4.270224572977776,4.906275032830362,0.6530158351986716,0.8641124447876678,0.0141456756087727,0.14016929331173297,0.013579922077055566,0.87,0.42,0.14589473684210522,0.285425641025641,15.366412831713816,2.2686126845199155,,right,12.0
healthy_001__Wheel_/_Encoder_Direction_Mismatch__026,healthy_001,train,Wheel / Encoder Direction Mismatch,0.1654948800000042,0.16358525095000004,0.2015482879999979,0.8555555555555555,0.161086491000006,0.15470187170000282,0.0325286710000014,0.2611468410094815,0.0587062941950697,0.015330963276415715,0.02,0.42,0.0,0.02,0.0,0.02,0.02,0.0,3.737860624661347,8.659456556709424,8.692697736053308,-18.89074827409834,-18.7465482926564,4.168442937081572,4.046333512635645,0.7149307147118824,0.8577880043231592,0.013367597827548261,0.16268076456660832,0.02079918415792188,0.99,0.33,0.09714736842105257,0.40908717948717943,9.255034926962303,3.3753221921137904,,left,5.0
healthy_001__Wheel_/_Encoder_Direction_Mismatch__027,healthy_001,train,Wheel / Encoder Direction Mismatch,0.2001320389999996,0.1987062160000027,0.201879796,0.8722222222222222,0.2096844240000006,0.20136580635000198,0.033635942,0.2625406489326475,0.0864186749102557,0.022688414990838037,0.07,0.1,0.0,0.07,0.0,0.03,0.03,0.0,3.1338857452862374,8.844914291999327,13.333190642334667,-44.15337961765234,-15.172362661886384,4.3253695746592715,6.665112255321825,0.5211572965030757,0.4777415055678647,0.043123216071476504,0.14714906268701408,0.023127541118722613,0.9,0.51,0.19604385964912271,0.36500284900284913,4.749093449367323,1.5748746458221365,,left,5.0
healthy_001__Wheel_/_Encoder_Direction_Mismatch__028,healthy_001,train,Wheel / Encoder Direction Mismatch,0.1790105799999963,0.1781773245500019,0.2016897370000023,0.8555555555555555,0.1755731120000021,0.1691730067500049,0.0340767710000022,0.2724371570507145,0.0362140760754777,0.00986605993122144,0.09,0.09,0.0,0.09,0.0,0.06,0.06,0.0,2.902121488614851,12.633365328563844,13.335135034059412,-43.01343414035475,-37.854040123397276,3.992956291658848,4.6485379673214595,0.08038237824321981,0.7542029076683541,0.012971635845008008,0.10822842930320814,0.009947739911760218,0.75,0.42,0.14415789473684207,0.23377435897435891,15.422466824286793,1.691775745768311,,left,9.0
healthy_001__Wheel_/_Encoder_Direction_Mismatch__029,healthy_001,train,Wheel / Encoder Direction Mismatch,0.1933171900000019,0.19217137754999916,0.2016897370000023,0.8694444444444445,0.1911595350000006,0.1826826080000005,0.0340767710000022,0.2724371570507145,0.0362140760754777,0.00986605993122144,0.05,0.05,0.05,0.0,0.05,0.0,0.0,0.05,1.7003577491297173,7.455853040789816,11.93049240364935,-35.4742456347652,-0.7461356927794662,3.7645395686798224,4.8359711736266435,0.0552304069862766,0.7898344031752276,0.02315495221947877,0.09205247198863163,0.009157839137080306,0.68,0.48,0.14299999999999996,0.14454358974358975,6.838282001530647,4.967097903714842,,right,5.0
healthy_001__Wheel_/_Encoder_Direction_Mismatch__030,healthy_001,train,Wheel / Encoder Direction Mismatch,0.034025761,0.0327715432999999,0.201879796,0.8722222222222222,0.2096844240000006,0.20178774949999956,0.033635942,0.2599030821721219,0.0864186749102557,0.022460479966406075,0.12,0.15,0.0,0.12,0.0,0.05,0.05,0.0,3.4880170790109446,13.33101392507799,13.334040567731806,-44.15337961765234,-38.668747754953756,2.3114409004258696,4.693204688563088,0.45603261311325144,0.6573832603421916,0.0550364561161306,0.1616675586265911,0.023127541118722613,0.59,0.2,0.18718554861730588,0.5489613211647111,10.201222805226362,1.0663192075902277,,left,6.0
healthy_001__Wheel_/_Encoder_Direction_Mismatch__031,healthy_001,train,Wheel / Encoder Direction Mismatch,0.1572587800000064,0.1552505842500043,0.2016317770000029,0.8555555555555555,0.1547461740000031,0.14593009160000284,0.033341785999994,0.1704546786803403,0.0587062941950697,0.010006762513534134,0.11,0.51,0.11,0.0,0.11,0.0,0.0,0.11,3.6365209086529733,8.67297373013838,10.527595449811974,-26.692995565915673,-18.80511841999893,2.6047318172098297,2.2077873727874398,0.6955653359895141,0.5387344408559928,0.013367597827548261,0.16268076456660832,0.02079918415792188,0.73,0.17,0.04122105263157893,0.33498461538461527,2.3430047362468684,3.338555336536662,,right,14.0
healthy_001__Wheel_/_Encoder_Direction_Mismatch__032,healthy_001,train,Wheel / Encoder Direction Mismatch,0.2001320389999996,0.1987062160000027,0.201879796,0.8722222222222222,0.2096844240000006,0.20136580635000198,0.033635942,0.2625406489326475,0.0864186749102557,0.022688414990838037,0.29,0.32,0.23,0.06,0.23,0.0,0.0,0.23,5.749904467654537,13.333609698559984,13.333961401007265,-44.435900835932834,-44.426932648277294,4.3253695746592715,6.665112255321825,0.759054700650853,-0.05062959911239712,0.043123216071476504,0.14714906268701408,0.023127541118722613,0.9,0.51,0.19604385964912271,0.36500284900284913,12.30526521428175,4.589208799016372,,right,23.0
healthy_001__Wheel_/_Encoder_Direction_Mismatch__033,healthy_001,train,Wheel / Encoder Direction Mismatch,0.1654948800000042,0.1641402112000033,0.2015482879999979,0.8555555555555555,0.161086491000006,0.15585091910000087,0.0325286710000014,0.2611468410094815,0.0587062941950697,0.015330963276415715,0.16,0.55,0.0,0.16,0.0,0.16,0.16,0.0,4.77811449922875,11.931262044951149,13.334927108202361,-43.01343414035475,-33.304888030609284,4.245107981540989,4.1888962233628915,0.23038782935843857,0.8610024425842514,0.013367597827548261,0.1626328079767364,0.02079918415792188,1.0,0.34,0.10154736842105257,0.41317948717948716,6.733137113666466,3.1448016524455014,,left,16.0
healthy_001__Wheel_/_Encoder_Direction_Mismatch__034,healthy_001,train,Wheel / Encoder Direction Mismatch,0.1833656700000006,0.1827881183500002,0.2016897370000023,0.8694444444444445,0.180901342999995,0.17470827665000704,0.0340767710000022,0.2724371570507145,0.0362140760754777,0.00986605993122144,0.11,0.11,0.11,0.0,0.01,0.0,0.0,0.01,2.8859184244934704,13.33148783731166,13.333236254505707,-42.09358953318619,-40.86472704491308,3.907855109024877,4.741905429756927,0.14345335442491494,0.047854592715521595,0.0141456756087727,0.10822842930320814,0.009226763782741888,0.68,0.38,0.1434631578947368,0.21582564102564095,12.75911531890647,2.0927487660035062,,right,11.0
healthy_001__Wheel_/_Encoder_Direction_Mismatch__035,healthy_001,train,Wheel / Encoder Direction Mismatch,0.2001320389999996,0.1987062160000027,0.201879796,0.8722222222222222,0.2096844240000006,0.20169689010000072,0.033635942,0.2625406489326475,0.0864186749102557,0.022688414990838037,0.07,0.09,0.13,0.06,0.01,0.0,0.0,0.01,2.995362445492256,13.318932866626781,13.333537542501663,-44.060142204018014,-25.08740687326399,3.089860100237166,5.444570579511123,0.7732453303125647,0.37319739881322556,0.05150661949725795,0.1550810915583199,0.023127541118722613,0.71,0.32,0.19175315048183836,0.4605128205128204,8.894223059948544,3.378270435563458,,right,14.0
healthy_001__Wheel_/_Encoder_Direction_Mismatch__036,healthy_001,train,Wheel / Encoder Direction Mismatch,0.2001320389999996,0.1987062160000027,0.201879796,0.8777777777777778,0.2057569300000032,0.1981234745000007,0.0332836660000026,0.2724371570507145,0.0310259651166499,0.008452625731134738,0.19,0.19,0.0,0.19,0.0,0.19,0.19,0.0,3.4297479317022317,13.33343628747883,13.333961401007265,-44.435900835932834,-44.426613154339314,5.4355821800515844,6.228616296257323,-0.0779394733669058,0.3863358040707628,0.023135524090245788,0.0927556761687187,0.013318876148291168,0.91,0.78,0.19128421052631572,0.11185641025641019,4.380142417142952,3.654484186641408,,left,19.0
healthy_001__Wheel_/_Encoder_Direction_Mismatch__037,healthy_001,train,Wheel / Encoder Direction Mismatch,0.1683787020000053,0.1672169017500017,0.2016897370000023,0.8555555555555555,0.1654865659999984,0.1590260145000044,0.0340767710000022,0.2611468410094815,0.0362140760754777,0.009457191567188042,0.06,0.34,0.0,0.06,0.0,0.06,0.06,0.0,3.789075920422418,11.931262044951149,13.334927108202361,-43.01343414035475,-33.304888030609284,4.492998062254863,4.697167807422875,0.37309747894769685,0.8631807790663415,0.013367597827548261,0.162867630353094,0.020325253759642694,1.0,0.42,0.12528421052631575,0.3600923076923076,8.922239228606976,1.0726421756574567,,left,6.0
healthy_001__Wheel_/_Encoder_Direction_Mismatch__038,healthy_001,train,Wheel / Encoder Direction Mismatch,0.1862381870000007,0.1838265575500024,0.2016897370000023,0.8694444444444445,0.1841086320000009,0.17614768760000138,0.0340767710000022,0.2724371570507145,0.0362140760754777,0.00986605993122144,0.02,0.02,0.02,0.0,0.02,0.0,0.0,0.02,1.856252988105638,6.887595902083136,9.123389431189828,-20.796189672536315,-7.535354613537726e-06,3.7832663058172984,4.866376876203926,0.15372018397378795,0.6531934428400478,0.014173608349176988,0.10822842930320814,0.009947739911760218,0.68,0.42,0.14357894736842103,0.19249230769230763,3.0525967755879186,5.0,,right,25.0
healthy_001__Wheel_/_Encoder_Direction_Mismatch__039,healthy_001,train,Wheel / Encoder Direction Mismatch,0.166563023000009,0.16479118290000086,0.2015482879999979,0.8555555555555555,0.1650849010000001,0.15650541565000392,0.033182778000004,0.2611468410094815,0.0587062941950697,0.015330963276415715,0.11,0.48,0.11,0.0,0.1,0.0,0.0,0.1,4.49765312225142,11.966717505773275,13.335135034059412,-43.01343414035475,-34.631617091073906,4.256698550648518,4.270975723447574,0.7500298781255583,0.5812056317420258,0.013367597827548261,0.162867630353094,0.02079918415792188,1.0,0.34,0.10571578947368415,0.4013846153846154,6.855130503971445,2.0146580262473144,,right,11.0
healthy_001__Wheel_/_Encoder_Direction_Mismatch__040,healthy_001,train,Wheel / Encoder Direction Mismatch,0.1839866620000023,0.18324268855000103,0.2016897370000023,0.8694444444444445,0.180901342999995,0.17470827665000704,0.0340767710000022,0.2724371570507145,0.0362140760754777,0.00986605993122144,0.17,0.17,0.0,0.17,0.0,0.12,0.12,0.0,3.639922728373207,13.333660268472036,13.334340085860893,-44.34280742459816,-43.82330888589689,3.8704241188923696,4.793319491266036,-0.1935047131362034,0.3404030929762239,0.014173608349176988,0.10822842930320814,0.009226763782741888,0.68,0.38,0.14323157894736835,0.2063384615384615,16.30580139152325,3.2141633603584445,,left,17.0
healthy_001__Wheel_/_Encoder_Direction_Mismatch__041,healthy_001,train,Wheel / Encoder Direction Mismatch,0.2001320389999996,0.1987062160000027,0.2013216809999995,0.8916666666666667,0.2013584240000021,0.19208663845000143,0.0332836660000026,0.2724371570507145,0.0310259651166499,0.008452625731134738,0.13,0.13,0.13,0.0,0.13,0.0,0.0,0.13,1.7270149903912733,12.63212712723231,13.33398018276128,-44.447535159603014,-39.831439479014556,4.280981310991602,4.278319233593402,0.3228762030179847,0.45024850726089727,0.023143357423272705,0.06229041640698364,0.007466320701432773,0.68,0.66,0.14207368421052627,0.035056410256410174,10.750141597061248,3.7104830543991767,,right,13.0
healthy_001__Wheel_/_Encoder_Direction_Mismatch__042,healthy_001,train,Wheel / Encoder Direction Mismatch,0.1773858230000016,0.17540293909999993,0.2016897370000023,0.8555555555555555,0.1746627590000073,0.16677235080000155,0.0340767710000022,0.2724371570507145,0.0362140760754777,0.00986605993122144,0.09,0.1,0.0,0.09,0.0,0.09,0.09,0.0,2.5843249219575988,6.887591732930485,8.421925570955946,-17.121351518334254,-6.985208718820834,4.097241353121877,4.733376332893156,0.7321513613481105,0.8450161496556372,0.0141456756087727,0.14016929331173297,0.013579922077055566,0.83,0.42,0.14589473684210522,0.245425641025641,16.001826118114472,3.2677511812775464,,left,12.0
healthy_001__Wheel_/_Encoder_Direction_Mismatch__043,healthy_001,train,Wheel / Encoder Direction Mismatch,0.1745684310000044,0.1733403426500085,0.2016897370000023,0.8555555555555555,0.1708412589999994,0.1622195375999979,0.0340767710000022,0.2724371570507145,0.0362140760754777,0.00986605993122144,0.25,0.35,0.0,0.25,0.0,0.16,0.16,0.0,5.414327866686497,13.333396036522792,13.333960570132735,-44.34280742459816,-43.82330888589689,4.402913227325241,5.067061528120704,-0.10372722738235658,0.8618968882118805,0.021668953277037946,0.1599902869927775,0.02071547159737717,0.92,0.42,0.1470526315789473,0.3181743589743589,6.5822570356361965,4.93366830397175,,left,25.0
healthy_001__Wheel_/_Encoder_Direction_Mismatch__044,healthy_001,train,Wheel / Encoder Direction Mismatch,0.1994964450000012,0.19847437395000148,0.2016203029999985,0.8944444444444445,0.1964190569999999,0.19065289999999985,0.0332836660000026,0.2724371570507145,0.0310259651166499,0.008452625731134738,0.16,0.16,0.16,0.0,0.16,0.0,0.0,0.16,2.5309061744108594,12.667203747702475,13.333930733434908,-44.43543540629126,-40.09093095137148,4.1074725553564795,4.458548686795269,0.15698698511172096,-0.12120665217584256,0.02315495221947877,0.06229041640698364,0.007466320701432773,0.68,0.61,0.14207368421052627,0.07146666666666662,6.004089560120065,3.058332207542124,,right,16.0
healthy_001__Wheel_/_Encoder_Direction_Mismatch__045,healthy_001,train,Wheel / Encoder Direction Mismatch,0.2001320389999996,0.032738949149999995,0.201879796,0.8722222222222222,0.2096844240000006,0.20176792324999948,0.033635942,0.2599030821721219,0.0864186749102557,0.022460479966406075,0.11,0.13,0.0,0.11,0.0,0.03,0.03,0.0,3.385847338959361,13.331402258507833,13.333537542501663,-44.15337961765234,-36.719446030458236,2.501036130090611,4.875533016046646,0.20893659776522716,0.6176100949625867,0.05429884602075788,0.15949153651339953,0.023127541118722613,0.62,0.23,0.18877334465195242,0.5236393713813068,10.381494054115823,4.1841142252415136,,left,18.0
healthy_001__Wheel_/_Encoder_Direction_Mismatch__046,healthy_001,train,Wheel / Encoder Direction Mismatch,0.1924595440000018,0.19010529160000098,0.2016897370000023,0.8694444444444445,0.1911595350000006,0.18119807639999974,0.0340767710000022,0.2724371570507145,0.0362140760754777,0.00986605993122144,0.14,0.14,0.14,0.0,0.14,0.0,0.0,0.14,3.1053156264575263,13.330413246769307,13.33398018276128,-44.447535159603014,-44.33849816895288,3.7045456804770307,4.909975630764089,0.055992443971241306,-0.0012092696846182243,0.023149800634956176,0.09205247198863163,0.009157839137080306,0.68,0.45,0.14276842105263154,0.15941538461538463,3.3965886745187035,2.631845721442261,,right,14.0
healthy_001__Wheel_/_Encoder_Direction_Mismatch__047,healthy_001,train,Wheel / Encoder Direction Mismatch,0.2001320389999996,0.1987062160000027,0.201879796,0.8722222222222222,0.2096844240000006,0.20151547719999985,0.033635942,0.2625406489326475,0.0864186749102557,0.022688414990838037,0.13,0.15,0.19,0.06,0.02,0.0,0.0,0.02,3.54514907275893,13.330326371634174,13.333537542501663,-44.060142204018014,-38.11933432373807,3.8096252407248072,6.149340768412442,0.7669484872989941,0.27670059655998586,0.04781737563661565,0.14984375999970106,0.023127541118722613,0.82,0.43,0.1948363286264441,0.40061288305190756,6.734030630765967,4.55862568670159,,right,20.0
healthy_001__Wheel_/_Encoder_Direction_Mismatch__048,healthy_001,train,Wheel / Encoder Direction Mismatch,0.2001320389999996,0.1987062160000027,0.2013216809999995,0.8916666666666667,0.2013584240000021,0.19208663845000143,0.0332836660000026,0.2724371570507145,0.0310259651166499,0.008452625731134738,0.19,0.19,0.19,0.0,0.19,0.0,0.0,0.19,2.542205899265817,13.33139108988479,13.333930733434908,-44.436345209207744,-44.39018965205555,4.3191988702580195,4.271908005310363,0.377330296253169,-0.1563722946602231,0.023135524090245788,0.06216936496707423,0.006422670254740772,0.68,0.67,0.14207368421052627,0.026338461538461453,7.007640893988398,3.730326392836881,,right,19.0
healthy_001__Wheel_/_Encoder_Direction_Mismatch__049,healthy_001,train,Wheel / Encoder Direction Mismatch,0.2001320389999996,0.1987062160000027,0.201879796,0.8722222222222222,0.2096844240000006,0.20090834819999992,0.033635942,0.2625406489326475,0.0864186749102557,0.022688414990838037,0.31,0.34,0.25,0.06,0.23,0.0,0.0,0.23,5.843236713522649,13.33339611671467,13.333961401007265,-44.43511168959757,-44.34147382290798,4.716356081397875,7.038994773261579,0.7591815357274441,-0.07034117912736777,0.039602596397622224,0.14512803970249893,0.023127541118722613,0.96,0.57,0.19729989035087714,0.3443269230769232,9.79104184413972,4.84619851816413,,right,25.0
healthy_001__Wheel_/_Encoder_Direction_Mismatch__050,healthy_001,train,Wheel / Encoder Direction Mismatch,0.2001320389999996,0.1987062160000027,0.201879796,0.8722222222222222,0.2096844240000006,0.2001609775000004,0.033635942,0.2625406489326475,0.0864186749102557,0.022688414990838037,0.15,0.18,0.0,0.15,0.0,0.09,0.09,0.0,3.8304117129874005,13.330165993000152,13.333607517178166,-44.18775131931202,-41.08588723553721,5.101502561792929,7.339914610281387,0.42877532768875204,0.4261026085116992,0.025556152103310737,0.1156139152184755,0.019013417957008644,1.0,0.63,0.19869473684210517,0.31480000000000014,8.749288613637187,1.7981679715979624,,left,9.0
healthy_001__Wheel_/_Encoder_Direction_Mismatch__051,healthy_001,train,Wheel / Encoder Direction Mismatch,0.1672759679999984,0.16550349265000397,0.2015482879999979,0.8555555555555555,0.1650849010000001,0.15650541565000392,0.033182778000004,0.2611468410094815,0.0587062941950697,0.015330963276415715,0.1,0.44,0.1,0.0,0.1,0.0,0.0,0.1,3.975813459777707,8.671996456430064,9.825538916978807,-23.445183472727226,-18.80086889189436,4.3532358480948545,4.419211335913923,0.7548104169959066,0.8124188750977851,0.013367597827548261,0.162867630353094,0.02079918415792188,1.0,0.37,0.11219999999999995,0.3890769230769231,9.194450116337386,4.650330976567725,,right,13.0
healthy_001__Wheel_/_Encoder_Direction_Mismatch__052,healthy_001,train,Wheel / Encoder Direction Mismatch,0.2001320389999996,0.1987062160000027,0.201879796,0.8722222222222222,0.2057569300000032,0.20004212344999964,0.033635942,0.2625406489326475,0.0698504388308429,0.018338579538879695,0.21,0.24,0.15,0.06,0.15,0.0,0.0,0.15,4.1743924722995684,13.330612531317511,13.333930733434908,-44.44790402252099,-44.39028145227135,5.3683284432580685,7.080411559688708,0.8132625398104122,0.0053595309421946135,0.025556152103310737,0.1156139152184755,0.019013417957008644,1.0,0.71,0.1983473684210525,0.25768205128205135,15.477488586844249,2.8792035526993125,,right,15.0
healthy_001__Wheel_/_Encoder_Direction_Mismatch__053,healthy_001,train,Wheel / Encoder Direction Mismatch,0.1762293009999993,0.17509585275000275,0.2016897370000023,0.8555555555555555,0.1746627590000073,0.16677235080000155,0.0340767710000022,0.2724371570507145,0.0362140760754777,0.00986605993122144,0.05,0.08,0.05,0.0,0.05,0.0,0.0,0.05,2.5161355886825647,6.44266169363114,8.672683257611936,-18.803858664682565,-5.699136739670977,4.183843504538398,4.819970759136421,0.6775799532233258,0.8743171904483734,0.0141456756087727,0.14016929331173297,0.013579922077055566,0.85,0.42,0.14589473684210522,0.265425641025641,16.41865273368363,3.28134726631637,,right,8.0
healthy_001__Wheel_/_Encoder_Direction_Mismatch__054,healthy_001,train,Wheel / Encoder Direction Mismatch,0.2001320389999996,0.1987062160000027,0.2013216809999995,0.8916666666666667,0.2013584240000021,0.19208663845000143,0.0332836660000026,0.2724371570507145,0.0310259651166499,0.008452625731134738,0.16,0.16,0.0,0.16,0.0,0.16,0.16,0.0,2.234891032067642,13.330612531317511,13.333930733434908,-44.44790402252099,-44.39028145227135,4.478933497920406,4.4640900931628344,-0.09235725207452312,0.7147837936507122,0.023078198372993075,0.06216936496707423,0.008192790927547926,0.7,0.7,0.14647368421052626,0.023846153846153767,6.7989863261496595,3.0680779473977164,,left,16.0
healthy_001__Wheel_/_Encoder_Direction_Mismatch__055,healthy_001,train,Wheel / Encoder Direction Mismatch,0.1754816390000044,0.1743348696999984,0.2016897370000023,0.8555555555555555,0.1746627590000073,0.16677235080000155,0.0340767710000022,0.2724371570507145,0.0362140760754777,0.00986605993122144,0.2,0.25,0.2,0.0,0.09,0.0,0.0,0.09,4.471628022113706,13.332700732234088,13.333382341987797,-44.02685638100572,-42.22039207428814,4.270224572977776,4.906275032830362,0.6530158351986716,0.1492822518615877,0.0141456756087727,0.14016929331173297,0.013579922077055566,0.87,0.42,0.14589473684210522,0.285425641025641,6.210866038221141,3.9245439066111807,,right,20.0
healthy_001__Wheel_/_Encoder_Direction_Mismatch__056,healthy_001,train,Wheel / Encoder Direction Mismatch,0.1730621029999994,0.17084377635000114,0.2016897370000023,0.8555555555555555,0.1690852040000052,0.16164017570000402,0.0340767710000022,0.2724371570507145,0.0362140760754777,0.00986605993122144,0.17,0.33,0.0,0.17,0.0,0.06,0.06,0.0,4.728038950734812,13.331994178529614,13.333236254505707,-43.90264067081125,-41.65036807173666,4.49934619933485,5.22645419183704,0.17148010144063777,0.8413666960007292,0.022615768504476413,0.16286218302095343,0.02071547159737717,0.98,0.42,0.14821052631578938,0.34535384615384607,3.5651775507061885,3.2797352745661055,,left,17.0
healthy_001__Wheel_/_Encoder_Direction_Mismatch__057,healthy_001,train,Wheel / Encoder Direction Mismatch,0.2001320389999996,0.1987062160000027,0.201879796,0.8722222222222222,0.2096844240000006,0.20151547719999985,0.033635942,0.2625406489326475,0.0864186749102557,0.022688414990838037,0.3,0.33,0.0,0.3,0.0,0.13,0.13,0.0,5.239284645755812,13.333004796540068,13.333961401007265,-44.4296964750785,-43.84897066685966,3.9394397118031343,6.279177146201754,0.24029146129599008,0.4957643279205033,0.04664383574533078,0.14917008567152926,0.023127541118722613,0.84,0.45,0.19502192982456135,0.3910744810744812,10.011091198483147,4.61589316351216,,left,24.0
healthy_001__Wheel_/_Encoder_Direction_Mismatch__058,healthy_001,train,Wheel / Encoder Direction Mismatch,0.1672759679999984,0.16541722699999858,0.2015482879999979,0.8555555555555555,0.1650849010000001,0.15650541565000392,0.033182778000004,0.2611468410094815,0.0587062941950697,0.015330963276415715,0.04,0.39,0.0,0.04,0.0,0.04,0.04,0.0,3.640737190668614,8.659456556709424,8.692697736053308,-18.89074827409834,-18.7465482926564,4.313575909283446,4.36487456648878,0.7175713605506305,0.8650416917579786,0.013367597827548261,0.162867630353094,0.02079918415792188,1.0,0.36,0.10999999999999995,0.3916410256410257,10.067602049676992,4.192389743273331,,left,7.0
healthy_001__Wheel_/_Encoder_Direction_Mismatch__059,healthy_001,train,Wheel / Encoder Direction Mismatch,0.2001320389999996,0.1987062160000027,0.201879796,0.8722222222222222,0.2096844240000006,0.20151547719999985,0.033635942,0.2625406489326475,0.0864186749102557,0.022688414990838037,0.16,0.19,0.0,0.16,0.0,0.1,0.1,0.0,4.137090959597989,12.632144505148602,13.33388092034263,-44.435162304736515,-39.88163787415432,3.8727744462559337,6.212508361971839,0.382108446975248,0.4977906668971508,0.04723060569097313,0.14950692283561512,0.023127541118722613,0.83,0.44,0.19486049461001897,0.3957862218103183,15.646821132827817,1.8175894683257177,,left,10.0
healthy_002__Healthy__000,healthy_002,train,Healthy,0.2012878029999996,0.1991621208000069,0.2020150790000059,0.8666666666666667,0.2044095020000043,0.20319459760000455,0.0339181200000098,0.2739914615074958,0.0564755491456446,0.01547381824985357,0.02,0.32,0.02,0.0,0.0,0.0,0.0,0.0,2.528499728644558,8.232435186558064,8.89819308624146,-12.435157085823732,-6.654930735200873,4.457254651003338,3.208001034484342,0.9010958625312103,0.8453552916281063,0.022792339580795785,0.15402658186863738,0.04685652052601042,0.96,0.43,0.11057894736842101,0.28976410256410234,,,,,
healthy_002__Healthy__001,healthy_002,train,Healthy,0.14640619,0.1451589235500002,0.2020274430000004,0.875,0.14508615,0.1372801505499995,0.0338936910000011,0.2926730121304112,0.0608772753218906,0.01781713553875007,0.0,0.0,0.0,0.0,0.0,0.0,0.0,0.0,1.4342922707245582,7.023109083202004,9.119562933938887,-4.160648766828794e-09,2.6812819919496737e-08,4.526189150157488,4.639768847197715,0.20400463289958182,0.22698752848958662,0.0229967519220938,0.14418219339615568,0.025682246551300077,0.71,0.62,0.21559673832468493,0.22805344889851917,,,,,
healthy_002__Healthy__002,healthy_002,train,Healthy,0.1752444440000005,0.17383921645001124,0.2017689030000156,0.8833333333333333,0.173226876000001,0.16284234185000343,0.0339969810000297,0.2852103642259094,0.043578332531008,0.012428992093526587,0.0,0.17,0.0,0.0,0.0,0.0,0.0,0.0,1.4312819967558916,4.736867109539785,6.506709787039063,-10.584318032174185,-3.5440306359869136,4.925801057149133,4.124892853993042,0.9450960490118337,0.967978236433052,0.013733085554267364,0.09424347025479428,0.034806954991617255,0.97,0.64,0.1401052631578947,0.15941538461538443,,,,,
healthy_002__Healthy__003,healthy_002,train,Healthy,0.0816901199999975,0.07980885230000005,0.2014966099999924,0.8638888888888889,0.079270110000003,0.07122016849999709,0.034321558000002,0.2567066659442411,0.0524707411595952,0.013469589022702946,0.0,0.15,0.0,0.0,0.0,0.0,0.0,0.0,1.0895277784695088,4.241409397596205,6.411236958286562,-10.275983929603669,-4.499766177855535,3.667564018759572,3.6554726604621868,0.9277842372138522,0.9608963892967177,0.012567048945919194,0.13087202002475679,0.04079115501663995,0.85,0.58,0.11115789473684207,0.11968205128205113,,,,,
healthy_002__Healthy__004,healthy_002,train,Healthy,0.2012878029999996,0.1991621208000069,0.2017400590000022,0.8666666666666667,0.2044095020000043,0.20319459760000455,0.0339181200000098,0.2739914615074958,0.0564755491456446,0.01547381824985357,0.02,0.19,0.02,0.0,0.0,0.0,0.0,0.0,2.2261304411034675,8.232435186558064,8.89819308624146,-12.435157085823732,-6.654930735200873,4.305781106283724,3.0571016461818936,0.8865990876344444,0.8026556293758456,0.022792339580795785,0.15402658186863738,0.04685652052601042,0.83,0.43,0.11057894736842101,0.25514871794871785,,,,,
healthy_002__Healthy__005,healthy_002,train,Healthy,0.1927890410000117,0.19201082370000072,0.2020518979999934,0.8694444444444445,0.1894699360000089,0.18369822360000607,0.0338024600000039,0.3314849640762115,0.043578332531008,0.014445561993542385,0.0,0.03,0.0,0.0,0.0,0.0,0.0,0.0,0.8310267452125032,2.521286861170739,6.457052147930224,-0.6020652480986896,-8.775981628783228e-07,4.551382690473033,4.462113593057655,0.7442459108048276,0.8201877031614246,0.02289936176757508,0.10242644790967272,0.035661000313466404,0.73,0.64,0.15029473684210523,0.09012307692307686,,,,,
healthy_002__Healthy__006,healthy_002,train,Healthy,0.0785574560000057,0.07604711925000306,0.2014966099999924,0.8638888888888889,0.0756356190000033,0.06686281125000587,0.034321558000002,0.2567066659442411,0.0524707411595952,0.013469589022702946,0.0,0.19,0.0,0.0,0.0,0.0,0.0,0.0,1.2091272550293795,4.241409397596205,6.411236958286562,-10.275983929603669,-4.499766177855535,3.897544445070123,3.9494219942918094,0.925982860822447,0.9612157182100822,0.02263402094375646,0.1409380886489682,0.04079115501663995,0.93,0.62,0.11972631578947364,0.13506666666666656,,,,,
healthy_002__Healthy__007,healthy_002,train,Healthy,0.0919451350000031,0.0901195032000071,0.2020944590000013,0.8638888888888889,0.0892674099999979,0.08160060365000062,0.0340744000000015,0.2567066659442411,0.0230130985621498,0.005907615804935684,0.0,0.12,0.0,0.0,0.0,0.0,0.0,0.0,0.7687723054966671,2.4320408237854654,3.7372894304348456,-3.4918329982655707,-1.478819387312446,3.4210921451268983,3.4545654036355837,0.9494941902472339,0.9685829863972191,0.011905035393099495,0.12823441982898165,0.030802187198243014,0.78,0.56,0.10837894736842102,0.09351794871794863,,,,,
healthy_002__Healthy__008,healthy_002,train,Healthy,0.04001224000001,0.038487646350002076,0.2015905060000022,0.9083333333333332,0.2066708640000172,0.202310660800007,0.0339179870000094,0.2693459456706941,0.0564755491456446,0.015211460191905404,0.02,0.46,0.02,0.0,0.0,0.0,0.0,0.0,3.6433938038979217,8.67203742960026,8.89819308624146,-19.43206539004426,-18.59743870117358,2.470705709995336,1.6558803727743652,0.8269928457137146,0.12340411709837827,0.021741765375496616,0.21869331519779048,0.07139224793166689,0.71,0.01,0.026747368421052613,0.4135589743589745,,,,,
healthy_002__Healthy__009,healthy_002,train,Healthy,0.0458409250000073,0.04405924445000409,0.2015905060000022,0.9,0.2066708640000172,0.202310660800007,0.0339179870000094,0.2693459456706941,0.0435472536098913,0.011729276204917718,0.0,0.44,0.0,0.0,0.0,0.0,0.0,0.0,3.1187968660849106,8.62494781716871,8.816363760651964,-19.43206539004426,-18.59743870117358,1.9578239943788895,2.0352671435059575,0.5596070308906032,0.427502878526176,0.0037932161387090593,0.2316005803030305,0.07139224793166689,0.77,0.11,0.023389473684210512,0.3542153846153846,,,,,
healthy_002__Healthy__010,healthy_002,train,Healthy,0.0760033820000032,0.07367331495000644,0.2014966099999924,0.8638888888888889,0.0744841170000043,0.06535831600000744,0.034321558000002,0.2567066659442411,0.0524707411595952,0.013469589022702946,0.0,0.19,0.0,0.0,0.0,0.0,0.0,0.0,1.1469029660553816,4.241409397596205,6.411236958286562,-10.275983929603669,-4.499766177855535,4.160930105733872,4.150834666001291,0.9475774738893703,0.9680183472984428,0.01202982358328871,0.1409380886489682,0.04079115501663995,0.96,0.65,0.125978947368421,0.1276307692307691,,,,,
healthy_002__Healthy__011,healthy_002,train,Healthy,0.0417382400000008,0.03981209969999489,0.2015905060000022,0.9111111111111112,0.2066708640000172,0.202310660800007,0.0339179870000094,0.2693459456706941,0.0435472536098913,0.011729276204917718,0.02,0.46,0.02,0.0,0.0,0.0,0.0,0.0,3.320661881903506,8.67203742960026,8.89819308624146,-19.43206539004426,-18.59743870117358,2.0241963902086955,1.5900375329864533,0.7337429895960471,-0.02520072748245759,0.021741765375496616,0.21869331519779048,0.07139224793166689,0.71,0.02,0.018178947368421038,0.3781743589743591,,,,,
healthy_002__Healthy__012,healthy_002,train,Healthy,0.1842101460000123,0.1826524212500004,0.2014729200000147,0.875,0.1836574600000062,0.17360790580000154,0.0339969810000297,0.3314849640762115,0.043578332531008,0.014445561993542385,0.0,0.0,0.0,0.0,0.0,0.0,0.0,0.0,1.457494128583756,4.687657566201394,6.457052147930224,2.7614155987676003,5.404696632842704,6.367410723087533,5.59647178922276,0.7105434895591312,0.8333965709184071,0.02276331723106161,0.10319598125404557,0.06163541539161908,1.0,0.87,0.19776842105263145,0.15891282051282038,,,,,
healthy_002__Healthy__013,healthy_002,train,Healthy,0.0651224550000009,0.06289921780000396,0.2014966099999924,0.8638888888888889,0.0601080750000022,0.05491337454999858,0.034321558000002,0.2693459456706941,0.0643539067709276,0.017333463876819177,0.0,0.19,0.0,0.0,0.0,0.0,0.0,0.0,1.4883663986080669,4.297186037341835,6.411236958286562,-10.275983929603669,-4.499766177855535,3.0890868995340113,3.032390600799295,0.912061388079574,0.9393696744675278,0.01179653132056431,0.14805800091727955,0.06144048539831165,0.96,0.48,0.09101052631578943,0.1712205128205127,,,,,
healthy_002__Healthy__014,healthy_002,train,Healthy,0.1140597159999998,0.11181816585000151,0.2016123239999991,0.8583333333333333,0.1112940520000016,0.10428646225000135,0.0339712140000045,0.2876796413887802,0.0350561531789033,0.010084941574977049,0.0,0.03,0.0,0.0,0.0,0.0,0.0,0.0,1.2502841554633284,3.7826745099805765,6.545922260417711,-3.4918329982655707,-0.18639734700228033,4.264073523188208,3.49125238140144,0.9551853864650661,0.923415619117428,0.02265802667705786,0.1552035462416812,0.042883814218851395,1.0,0.61,0.1260710526315789,0.15542564102564094,,,,,
healthy_002__Healthy__015,healthy_002,train,Healthy,0.0816901199999975,0.07980885230000005,0.2014966099999924,0.8638888888888889,0.079270110000003,0.07122016849999709,0.034321558000002,0.2567066659442411,0.0524707411595952,0.013469589022702946,0.0,0.15,0.0,0.0,0.0,0.0,0.0,0.0,1.0895277784695088,4.241409397596205,6.411236958286562,-10.275983929603669,-4.499766177855535,3.667564018759572,3.6554726604621868,0.9277842372138522,0.9608963892967177,0.012567048945919194,0.13087202002475679,0.04079115501663995,0.85,0.58,0.11115789473684207,0.11968205128205113,,,,,
healthy_002__Healthy__016,healthy_002,train,Healthy,0.0785574560000057,0.07692154375000049,0.2014966099999924,0.8638888888888889,0.0756356190000033,0.06686281125000587,0.034321558000002,0.2567066659442411,0.0524707411595952,0.013469589022702946,0.0,0.19,0.0,0.0,0.0,0.0,0.0,0.0,1.1909879472257747,4.241409397596205,6.411236958286562,-10.275983929603669,-4.499766177855535,3.8400381876373735,3.8736907783694177,0.9260944830323774,0.9609443723993176,0.02263402094375646,0.1409380886489682,0.04079115501663995,0.92,0.61,0.11752631578947365,0.13275897435897427,,,,,
healthy_002__Healthy__017,healthy_002,train,Healthy,0.1254436430000005,0.12409223749999784,0.2016123239999991,0.8722222222222222,0.1224126830000038,0.11433325999999919,0.0338610090000024,0.2926730121304112,0.0381974550816599,0.011179364234465484,0.0,0.01,0.0,0.0,0.0,0.0,0.0,0.0,1.5795537194505587,3.7826745099805765,6.545922260417711,-0.4711137182525239,-0.1129689444358523,5.515277822263942,4.3125737059552565,0.9505026393246682,0.9190159397694005,0.022698201671814584,0.12766657382704905,0.031185422474721013,1.0,0.73,0.16219736842105256,0.18466666666666648,,,,,
healthy_002__Healthy__018,healthy_002,train,Healthy,0.1195705610000033,0.11813143570000226,0.2016123239999991,0.8583333333333333,0.1173405080000016,0.11135880155000151,0.0326574050000019,0.2926730121304112,0.0381974550816599,0.011179364234465484,0.0,0.01,0.0,0.0,0.0,0.0,0.0,0.0,1.321763880648112,3.7826745099805765,6.545922260417711,-0.4711137182525239,-0.1129689444358523,5.268072967111884,4.454415445471863,0.9405914024462732,0.9138081967826783,0.023014557432798708,0.14096250198427748,0.03376633293743843,1.0,0.73,0.15988157894736835,0.15524102564102552,,,,,
healthy_002__Healthy__019,healthy_002,train,Healthy,0.0289020590000035,0.0272370483000017,0.2017400590000022,0.8694444444444445,0.2044095020000043,0.20319459760000455,0.0339181200000098,0.2739914615074958,0.0564755491456446,0.01547381824985357,0.02,0.14,0.02,0.0,0.0,0.0,0.0,0.0,2.2307105247092367,8.415174280231179,8.89819308624146,-17.72475843921849,-14.357104232219402,4.288439947575558,3.022240223998951,0.9396728985723628,0.4768142819228085,0.022792339580795785,0.10485634330199592,0.028657699678927763,0.73,0.43,0.10884210526315785,0.25473846153846147,,,,,
healthy_002__Healthy__020,healthy_002,train,Healthy,0.0877458500000045,0.0861058775500048,0.2020944590000013,0.8638888888888889,0.084485671000003,0.07918115390000044,0.0340744000000015,0.2567066659442411,0.0524707411595952,0.013469589022702946,0.0,0.12,0.0,0.0,0.0,0.0,0.0,0.0,0.7888314432556127,2.4320408237854654,3.7372894304348456,-3.4918329982655707,-1.478819387312446,3.5005564912300895,3.4592948849812406,0.9483228769006424,0.9712398972698176,0.011905035393099495,0.13087202002475679,0.037768628796365014,0.78,0.58,0.10953684210526311,0.08647179487179477,,,,,
healthy_002__Healthy__021,healthy_002,train,Healthy,0.1807556429999977,0.1788078332999994,0.2017689030000156,0.8833333333333333,0.1778914350000064,0.168752451349993,0.0339969810000297,0.3314849640762115,0.043578332531008,0.014445561993542385,0.0,0.04,0.0,0.0,0.0,0.0,0.0,0.0,1.360034554536757,4.736867109539785,6.506709787039063,-10.584318032174185,0.4722092955625401,5.91125647230055,4.84317821508065,0.9171985764234064,0.9468933651864945,0.02276331723106161,0.09384253830298647,0.03495418310572302,1.0,0.8,0.1742631578947368,0.1550564102564101,,,,,
healthy_002__Healthy__022,healthy_002,train,Healthy,0.104938366999999,0.10475905140000341,0.2020944590000013,0.8583333333333333,0.1043850579999983,0.09462530460000342,0.0340744000000015,0.2685031951844936,0.0350561531789033,0.009412689139412579,0.0,0.12,0.0,0.0,0.0,0.0,0.0,0.0,1.2292228535084895,3.7826745099805765,6.545922260417711,-3.4918329982655707,-1.478819387312446,3.8536568023317055,3.1996074026207704,0.9556537829386951,0.9340624456604172,0.01261511593367349,0.1552035462416812,0.040473753127176,0.79,0.49,0.11115789473684207,0.14927179487179476,,,,,
healthy_002__Healthy__023,healthy_002,train,Healthy,0.1310947400000017,0.13012878185000143,0.2016123239999991,0.8722222222222222,0.1273273990000003,0.12231419965000077,0.0338610090000024,0.2926730121304112,0.0427953844912614,0.012525054084336558,0.0,0.01,0.0,0.0,0.0,0.0,0.0,0.0,1.2818967403140553,2.839646135069813,6.545922260417711,-0.4711137182525239,-0.1129689444358523,5.36640708330477,4.461359946132589,0.9505013471345168,0.9309633409677689,0.023014156379150857,0.12766657382704905,0.033490435380457644,1.0,0.75,0.162428947368421,0.15210256410256393,,,,,
healthy_002__Healthy__024,healthy_002,train,Healthy,0.2012878029999996,0.1991621208000069,0.2020150790000059,0.8666666666666667,0.2044095020000043,0.20319459760000455,0.0339181200000098,0.2739914615074958,0.0564755491456446,0.01547381824985357,0.0,0.3,0.0,0.0,0.0,0.0,0.0,0.0,2.1280824870588204,6.856407260526758,8.330472473925454,-12.435157085823732,-6.481197965989604,4.044564872352233,3.1530341072086117,0.9104529765416531,0.8835295382435272,0.012820312599152464,0.14412808980113448,0.032802636246984415,0.9,0.42,0.10177894736842101,0.24016410256410237,,,,,
healthy_002__Healthy__025,healthy_002,train,Healthy,0.1952997290000127,0.19266951580000438,0.2020518979999934,0.8694444444444445,0.1934121350000168,0.18521484500000576,0.0338024600000039,0.3314849640762115,0.043578332531008,0.014445561993542385,0.0,0.08,0.0,0.0,0.0,0.0,0.0,0.0,0.924657962410091,2.521286861170739,6.457052147930224,-1.4943227355468596,-0.6020791341280991,4.281188688617183,4.189624308427671,0.8682325958110884,0.9191756237753339,0.02276331723106161,0.10242644790967272,0.035661000313466404,0.73,0.59,0.13964210526315787,0.1008923076923076,,,,,
healthy_002__Healthy__026,healthy_002,train,Healthy,0.1000599540000024,0.09848081500000132,0.2020944590000013,0.8583333333333333,0.099451344000002,0.08964910640000627,0.0340744000000015,0.2685031951844936,0.0230130985621498,0.006179090495032897,0.0,0.12,0.0,0.0,0.0,0.0,0.0,0.0,0.7177990400610105,2.4320408237854654,3.7372894304348456,-3.4918329982655707,-1.478819387312446,3.338818607574574,3.557820797243587,0.9528955671862216,0.9727907905212184,0.01189954896185095,0.15097029419574734,0.040473753127176,0.78,0.56,0.10837894736842105,0.08614358974358971,,,,,
healthy_002__Healthy__027,healthy_002,train,Healthy,0.1118453139999999,0.11053302010000234,0.2020944590000013,0.8583333333333333,0.1079502230000031,0.1033676133500033,0.0339712140000045,0.2876796413887802,0.0350561531789033,0.010084941574977049,0.0,0.07,0.0,0.0,0.0,0.0,0.0,0.0,1.3309782266432708,3.7826745099805765,6.545922260417711,-3.4918329982655707,-1.478819387312446,4.188298804473835,3.3842084588969477,0.9538155807965053,0.9320132311256635,0.02265802667705786,0.1552035462416812,0.042883814218851395,1.0,0.57,0.1216710526315789,0.1646564102564101,,,,,
healthy_002__Healthy__028,healthy_002,train,Healthy,0.1153560050000024,0.11468435785000192,0.2016123239999991,0.8583333333333333,0.1125890429999998,0.10465584570000226,0.0339712140000045,0.2876796413887802,0.0350561531789033,0.010084941574977049,0.0,0.01,0.0,0.0,0.0,0.0,0.0,0.0,1.268632502147724,3.7826745099805765,6.545922260417711,-0.4711137182525239,-0.1129689444358523,4.559503338402252,3.8857410333052735,0.9481686481133028,0.9103244117135499,0.022704861654929593,0.15049241425190024,0.03153199861165624,1.0,0.68,0.13834473684210521,0.15504615384615375,,,,,
healthy_002__Healthy__029,healthy_002,train,Healthy,0.0550115220000009,0.05322836029999244,0.2015905060000022,0.8638888888888889,0.2066708640000172,0.04723289049999617,0.034321558000002,0.2693459456706941,0.0643539067709276,0.017333463876819177,0.0,0.35,0.0,0.0,0.0,0.0,0.0,0.0,2.3594445737653564,8.137514161100064,8.686763038514282,-18.864954094721018,-15.985804670493208,3.0832374821535784,2.985898899227885,0.8409923274284662,0.8354818375975284,0.004237331342667459,0.17529129662069756,0.053142755145729484,0.94,0.34,0.07584210526315786,0.27767179487179483,,,,,
healthy_002__Healthy__030,healthy_002,train,Healthy,0.0644283399999992,0.06210494255000676,0.2014966099999924,0.8638888888888889,0.0601080750000022,0.05491337454999858,0.034321558000002,0.2693459456706941,0.0643539067709276,0.017333463876819177,0.0,0.19,0.0,0.0,0.0,0.0,0.0,0.0,1.485654615007199,4.297186037341835,6.411236958286562,-10.275983929603669,-4.499766177855535,3.0315910601594958,2.99231147303894,0.9122291098137494,0.9386552430160554,0.011794986227053026,0.14805800091727955,0.06144048539831165,0.96,0.47,0.0895052631578947,0.1707076923076922,,,,,
healthy_002__Healthy__031,healthy_002,train,Healthy,0.1035096310000014,0.10225880715000031,0.2020944590000013,0.8583333333333333,0.099451344000002,0.09389538150000085,0.0340744000000015,0.2685031951844936,0.0350561531789033,0.009412689139412579,0.0,0.12,0.0,0.0,0.0,0.0,0.0,0.0,0.9478648087011726,2.8857252540865543,3.7372894304348456,-3.4918329982655707,-1.478819387312446,3.4917799321492957,3.3699024139435743,0.9426484486947605,0.954475211470217,0.013122988943812027,0.15097029419574734,0.030937334894481743,0.78,0.56,0.10849473684210524,0.11332307692307683,,,,,
healthy_002__Healthy__032,healthy_002,train,Healthy,0.1432515150000002,0.1411386342500003,0.2020274430000004,0.875,0.1404337390000005,0.13216933544999965,0.0338936910000011,0.2926730121304112,0.0608772753218906,0.01781713553875007,0.0,0.0,0.0,0.0,0.0,0.0,0.0,0.0,1.58181040596026,7.023109083202004,9.119562933938887,2.3668167814033342e-08,3.491379832512578e-08,5.279187467493755,5.535801851357038,0.3777870283229645,0.31026655039786194,0.02300343923864774,0.13892739824309194,0.026177393375676386,0.85,0.76,0.21141795665634666,0.20919457013574647,,,,,
healthy_002__Healthy__033,healthy_002,train,Healthy,0.0620632750000069,0.060619850800002685,0.2014966099999924,0.8638888888888889,0.0601080750000022,0.05162899515000339,0.034321558000002,0.2693459456706941,0.0643539067709276,0.017333463876819177,0.0,0.21,0.0,0.0,0.0,0.0,0.0,0.0,1.5214358426629588,4.690881780812462,6.964901894947436,-12.127464281587311,-5.503908466950518,2.7907968180169753,2.7962929170512565,0.9091914767380002,0.9287964535863787,0.011381153026225279,0.15842350867071928,0.053142755145729484,0.95,0.39,0.08151578947368414,0.18083076923076916,,,,,
healthy_002__Healthy__034,healthy_002,train,Healthy,0.1793239540000115,0.1777602578500037,0.2017689030000156,0.8833333333333333,0.1778914350000064,0.168752451349993,0.0339969810000297,0.3314849640762115,0.043578332531008,0.014445561993542385,0.0,0.07,0.0,0.0,0.0,0.0,0.0,0.0,1.4364106776124732,4.736867109539785,6.506709787039063,-10.584318032174185,-3.5440306359869136,5.752968406579631,4.730609524660767,0.9238991390814091,0.9549434631229284,0.02276331723106161,0.07014567145372007,0.03336299455741878,1.0,0.77,0.167778947368421,0.1632615384615383,,,,,
healthy_002__Healthy__035,healthy_002,train,Healthy,0.0316337419999968,0.030917688249994746,0.2017400590000022,0.8972222222222223,0.2045297520000133,0.20281828854999873,0.0338893769999941,0.2739914615074958,0.0564755491456446,0.01547381824985357,0.02,0.33,0.02,0.0,0.0,0.0,0.0,0.0,3.455012477823101,8.67203742960026,8.89819308624146,-19.43206539004426,-18.59743870117358,4.133488852005944,2.8306016491711468,0.8400966993190622,0.6142927287957897,0.022792339580795785,0.21869331519779048,0.07139224793166689,0.72,0.25,0.0840631578947368,0.3880512820512819,,,,,
healthy_002__Healthy__036,healthy_002,train,Healthy,0.0592225530000121,0.057530501300011076,0.2015905060000022,0.8638888888888889,0.2066708640000172,0.05082449660000275,0.034321558000002,0.2693459456706941,0.0643539067709276,0.017333463876819177,0.0,0.3,0.0,0.0,0.0,0.0,0.0,0.0,1.9208332778859858,5.616278402240578,7.556731930274999,-14.276046603177646,-7.890536806194505,2.865807826247983,2.855860599803373,0.8892098179853495,0.8820677733110764,0.004416856328162884,0.14749896753600358,0.053142755145729484,0.95,0.34,0.0763052631578947,0.2280717948717948,,,,,
healthy_002__Healthy__037,healthy_002,train,Healthy,0.1301675580000001,0.12847991075000068,0.2016123239999991,0.8722222222222222,0.1273273990000003,0.12190994730000165,0.0338610090000024,0.2926730121304112,0.0427953844912614,0.012525054084336558,0.0,0.01,0.0,0.0,0.0,0.0,0.0,0.0,1.4543537503990622,3.7826745099805765,6.545922260417711,-0.4711137182525239,-0.1129689444358523,5.4596689996873,4.382164852430113,0.9485163735751236,0.9229377934723746,0.023014156379150857,0.12766657382704905,0.033490435380457644,1.0,0.73,0.16242894736842095,0.17184615384615362,,,,,
healthy_002__Healthy__038,healthy_002,train,Healthy,0.1048354390000056,0.10352031075000132,0.2020944590000013,0.8583333333333333,0.1043850579999983,0.09462530460000342,0.0340744000000015,0.2685031951844936,0.0350561531789033,0.009412689139412579,0.0,0.12,0.0,0.0,0.0,0.0,0.0,0.0,1.0630883742994464,3.3569225148132973,3.8291452561047814,-3.4918329982655707,-1.478819387312446,3.6174510400346236,3.258415871662399,0.941086565054312,0.947093054540691,0.013122988943812027,0.15097029419574734,0.03153199861165624,0.78,0.53,0.10872631578947364,0.12511794871794862,,,,,
healthy_002__Healthy__039,healthy_002,train,Healthy,0.0961544230000086,0.09567952515000465,0.2020944590000013,0.8583333333333333,0.0944433700000075,0.0858425688499981,0.0340744000000015,0.2685031951844936,0.0230130985621498,0.006179090495032897,0.0,0.12,0.0,0.0,0.0,0.0,0.0,0.0,0.6336571169661551,2.4320408237854654,3.7372894304348456,-3.4918329982655707,-1.478819387312446,3.2837132523777286,3.584845255766069,0.9572329434939828,0.9743833885989409,0.01189954896185095,0.15097029419574734,0.031059808482449644,0.78,0.56,0.1082631578947368,0.07614358974358973,,,,,
healthy_002__Healthy__040,healthy_002,train,Healthy,0.2012878029999996,0.1991621208000069,0.2020518979999934,0.8666666666666667,0.2044095020000043,0.20319459760000455,0.0339181200000098,0.2739914615074958,0.0521502956966975,0.014288735735986217,0.0,0.3,0.0,0.0,0.0,0.0,0.0,0.0,1.6321735030364612,5.198386013419656,7.052703672574204,-12.435157085823732,-6.481197965989604,3.3474838662296214,2.951991897283101,0.9156329654779446,0.9247015534950953,0.012074078024466698,0.14412808980113448,0.028704053658630175,0.83,0.42,0.08649473684210522,0.18349743589743575,,,,,
healthy_002__Healthy__041,healthy_002,train,Healthy,0.1952997290000127,0.1941158308500106,0.2020518979999934,0.8694444444444445,0.1934121350000168,0.18521484500000576,0.0338024600000039,0.3314849640762115,0.043578332531008,0.014445561993542385,0.0,0.11,0.0,0.0,0.0,0.0,0.0,0.0,1.0118994706429718,3.351170861722717,6.457052147930224,-2.7649732544627756,-0.9980848219772177,4.135785498522325,4.04375903801433,0.8898113861302961,0.9385093282878317,0.02276331723106161,0.10242644790967272,0.035661000313466404,0.73,0.56,0.13304210526315785,0.11063589743589734,,,,,
healthy_002__Healthy__042,healthy_002,train,Healthy,0.1922387019999973,0.1905133014,0.2020518979999934,0.8722222222222222,0.1894699360000089,0.1799482372,0.0338024600000039,0.3314849640762115,0.043578332531008,0.014445561993542385,0.0,0.0,0.0,0.0,0.0,0.0,0.0,0.0,0.8315908981886245,2.521286861170739,6.457052147930224,-8.916621392574078e-07,-8.318225155282553e-07,5.135332946399027,5.009335509824711,-0.2174141191025389,0.09551106556641681,0.02289936176757508,0.10319598125404557,0.061525881605952876,0.79,0.73,0.1693999999999999,0.09191794871794863,,,,,
healthy_002__Healthy__043,healthy_002,train,Healthy,0.1746825420000135,0.17300284095001925,0.2017689030000156,0.8833333333333333,0.173226876000001,0.16269135260001658,0.0339969810000297,0.2852103642259094,0.043578332531008,0.012428992093526587,0.0,0.17,0.0,0.0,0.0,0.0,0.0,0.0,1.3979930911286178,4.736867109539785,6.506709787039063,-10.584318032174185,-3.5440306359869136,4.7196725728501185,3.9521209805686515,0.9443354790707397,0.9678597418051006,0.013733085554267364,0.09424347025479428,0.034806954991617255,0.94,0.61,0.1337368421052631,0.15608205128205113,,,,,
healthy_002__Healthy__044,healthy_002,train,Healthy,0.1746825420000135,0.17322030645000266,0.2017689030000156,0.8833333333333333,0.173226876000001,0.16269135260001658,0.0339969810000297,0.2852103642259094,0.043578332531008,0.012428992093526587,0.0,0.17,0.0,0.0,0.0,0.0,0.0,0.0,1.4091023572845367,4.736867109539785,6.506709787039063,-10.584318032174185,-3.5440306359869136,4.788390393404283,4.009706354898769,0.9444991162767352,0.9679767247569183,0.013733085554267364,0.09424347025479428,0.034806954991617255,0.95,0.62,0.1357052631578947,0.15685128205128188,,,,,
healthy_002__Healthy__045,healthy_002,train,Healthy,0.1807556429999977,0.1791455487500094,0.2017689030000156,0.8833333333333333,0.1778914350000064,0.1692691002000067,0.0339969810000297,0.3314849640762115,0.043578332531008,0.014445561993542385,0.0,0.03,0.0,0.0,0.0,0.0,0.0,0.0,1.3257804296254927,4.687657566201394,6.506709787039063,-10.584318032174185,0.8561670903645082,5.960805614779869,4.875735392266552,0.9171446339238339,0.9438504438792296,0.02276331723106161,0.09384253830298647,0.03495418310572302,1.0,0.81,0.17646315789473677,0.1514666666666665,,,,,
healthy_002__Healthy__046,healthy_002,train,Healthy,0.1381063220000005,0.1349484734500016,0.2020274430000004,0.875,0.1321588059999996,0.12601716489999934,0.0338936910000011,0.2926730121304112,0.0608772753218906,0.01781713553875007,0.0,0.0,0.0,0.0,0.0,0.0,0.0,0.0,1.5940974032347817,6.046335369585676,9.119562933938887,-0.4204812178553362,1.8959702522239905,5.565697269635043,5.710062415666569,0.8015750094418912,0.8446363419621947,0.014977967634984716,0.14063390353315425,0.026177393375676386,1.0,0.85,0.18537894736842098,0.17167179487179474,,,,,
healthy_002__Healthy__047,healthy_002,train,Healthy,0.125075056,0.12398450515000187,0.2016123239999991,0.8722222222222222,0.1224126830000038,0.1134842858000009,0.0338610090000024,0.2926730121304112,0.0381974550816599,0.011179364234465484,0.0,0.01,0.0,0.0,0.0,0.0,0.0,0.0,1.5265260606270241,3.7826745099805765,6.545922260417711,-0.4711137182525239,-0.1129689444358523,5.485281011770581,4.335604554285432,0.9500797274783375,0.9192702369434755,0.022698201671814584,0.12766657382704905,0.031185422474721013,1.0,0.73,0.16196578947368415,0.1774871794871793,,,,,
healthy_002__Healthy__048,healthy_002,train,Healthy,0.0952791079999997,0.09336039394999879,0.2020944590000013,0.8638888888888889,0.0944433700000075,0.08512411545000123,0.0340744000000015,0.2567066659442411,0.0230130985621498,0.005907615804935684,0.0,0.12,0.0,0.0,0.0,0.0,0.0,0.0,0.6713236804155583,2.4320408237854654,3.7372894304348456,-3.4918329982655707,-1.478819387312446,3.3270390815495343,3.5485723685123527,0.9544806696668601,0.9711799432616935,0.01189954896185095,0.15097029419574734,0.03790594689864003,0.78,0.56,0.10861052631578945,0.08281025641025637,,,,,
healthy_002__Healthy__049,healthy_002,train,Healthy,0.0492099450000012,0.04870179340000361,0.2015905060000022,0.8666666666666667,0.2066708640000172,0.19702353819999832,0.0339179870000094,0.2693459456706941,0.0643539067709276,0.017333463876819177,0.0,0.44,0.0,0.0,0.0,0.0,0.0,0.0,3.364002852113679,8.62494781716871,8.816363760651964,-19.43206539004426,-18.59743870117358,3.283622313265966,3.1359686363865165,0.8083611171315598,0.67525528785576,0.0037932161387090593,0.2316005803030305,0.07139224793166689,0.96,0.28,0.06345263157894734,0.3837025641025641,,,,,
healthy_002__Healthy__050,healthy_002,train,Healthy,0.1310947400000017,0.1305257970500015,0.2016123239999991,0.8722222222222222,0.1298822630000007,0.12241392770000357,0.0338610090000024,0.2926730121304112,0.0427953844912614,0.012525054084336558,0.0,0.01,0.0,0.0,0.0,0.0,0.0,0.0,1.2221508929777638,2.4544526290727373,6.545922260417711,-0.4711137182525239,-0.1129689444358523,5.33304336255385,4.48774207271796,0.9531535368364314,0.9340473314446895,0.023014156379150857,0.12766657382704905,0.033490435380457644,1.0,0.77,0.16242894736842095,0.14492307692307674,,,,,
healthy_002__Healthy__051,healthy_002,train,Healthy,0.2012878029999996,0.1991621208000069,0.2020518979999934,0.8666666666666667,0.1985719750000072,0.19329260605000226,0.0338024600000039,0.3314849640762115,0.043578332531008,0.014445561993542385,0.0,0.3,0.0,0.0,0.0,0.0,0.0,0.0,1.866250448811837,5.442963222838019,7.052703672574204,-12.435157085823732,-6.481197965989604,3.2940169445333116,3.219762489975224,0.8764805030343387,0.9274315238362609,0.011947557064342395,0.15353421379489676,0.06992562183902078,0.73,0.36,0.09193684210526312,0.20464615384615367,,,,,
healthy_002__Healthy__052,healthy_002,train,Healthy,0.0390382160000086,0.03779931815001584,0.2015905060000022,0.9055555555555556,0.2066708640000172,0.2027797011000103,0.0339083420000179,0.2693459456706941,0.0564755491456446,0.015211460191905404,0.02,0.46,0.02,0.0,0.0,0.0,0.0,0.0,3.8268804291576,8.67203742960026,8.89819308624146,-19.43206539004426,-18.59743870117358,2.8677199310409303,1.8413758164335596,0.8545442024739804,0.2681249383261684,0.021741765375496616,0.21869331519779048,0.07139224793166689,0.71,0.02,0.0365894736842105,0.43355897435897445,,,,,
healthy_002__Healthy__053,healthy_002,train,Healthy,0.0510893180000096,0.04900150454999797,0.2015905060000022,0.8638888888888889,0.2066708640000172,0.05796227624999901,0.0339179870000094,0.2693459456706941,0.0643539067709276,0.017333463876819177,0.0,0.39,0.0,0.0,0.0,0.0,0.0,0.0,3.08195865538182,8.62494781716871,8.816363760651964,-19.43206539004426,-18.59743870117358,3.4459055042907094,3.339929742339089,0.8157872517211907,0.7476756638127651,0.0037932161387090593,0.2316005803030305,0.059702909362423916,0.97,0.34,0.07572631578947364,0.3570256410256411,,,,,
healthy_002__Healthy__054,healthy_002,train,Healthy,0.1195487570000004,0.1178202808000019,0.2016123239999991,0.8583333333333333,0.116407873,0.10833444960000162,0.0326574050000019,0.2926730121304112,0.0381974550816599,0.011179364234465484,0.0,0.01,0.0,0.0,0.0,0.0,0.0,0.0,1.3015309283987226,3.7826745099805765,6.545922260417711,-0.4711137182525239,-0.1129689444358523,5.203508953555414,4.413713073062849,0.9404609020454628,0.9121405575811623,0.023014557432798708,0.14096250198427748,0.03376633293743843,1.0,0.73,0.1581447368421052,0.15293333333333323,,,,,
healthy_002__Healthy__055,healthy_002,train,Healthy,0.1048354390000056,0.10315830485000207,0.2020944590000013,0.8583333333333333,0.1043850579999983,0.09462530460000342,0.0340744000000015,0.2685031951844936,0.0350561531789033,0.009412689139412579,0.0,0.12,0.0,0.0,0.0,0.0,0.0,0.0,1.0408153285005894,3.344523194794342,3.7802286812371975,-3.4918329982655707,-1.478819387312446,3.586803029719544,3.282077720670557,0.9409959508422694,0.9483979254407034,0.013122988943812027,0.15097029419574734,0.03153199861165624,0.78,0.54,0.10884210526315787,0.1230666666666666,,,,,
healthy_002__Healthy__056,healthy_002,train,Healthy,0.1207984599999996,0.11845205185000147,0.2016123239999991,0.8583333333333333,0.1173405080000016,0.11135880155000151,0.0326574050000019,0.2926730121304112,0.0381974550816599,0.011179364234465484,0.0,0.01,0.0,0.0,0.0,0.0,0.0,0.0,1.3282739750478325,3.7826745099805765,6.545922260417711,-0.4711137182525239,-0.1129689444358523,5.28544085824911,4.465134139384689,0.9405620323054242,0.9146572494126568,0.023014557432798708,0.14096250198427748,0.03376633293743843,1.0,0.73,0.16057631578947362,0.15652307692307676,,,,,
healthy_002__Healthy__057,healthy_002,train,Healthy,0.1997275610000031,0.19808489665000478,0.2020518979999934,0.8666666666666667,0.1974354790000063,0.18948250850000925,0.0338024600000039,0.3314849640762115,0.043578332531008,0.014445561993542385,0.0,0.26,0.0,0.0,0.0,0.0,0.0,0.0,1.6747785577188967,5.0916321092945145,6.457052147930224,-8.00744111284,-5.041157056256956,3.4443604150563085,3.380152424234375,0.887877438456517,0.9262822169994462,0.011977524503121024,0.1502241424103243,0.06680836032286655,0.73,0.4,0.10038947368421049,0.1808717948717947,,,,,
healthy_002__Healthy__058,healthy_002,train,Healthy,0.0447998110000043,0.0435677098500001,0.2015905060000022,0.9,0.2066708640000172,0.202310660800007,0.0339179870000094,0.2693459456706941,0.0435472536098913,0.011729276204917718,0.0,0.44,0.0,0.0,0.0,0.0,0.0,0.0,3.081935262871389,8.62494781716871,8.816363760651964,-19.43206539004426,-18.59743870117358,1.8516615381867396,1.9662046437207845,0.5102804388240244,0.41672018052804466,0.0037932161387090593,0.2316005803030305,0.07139224793166689,0.75,0.09,0.020494736842105246,0.3501128205128205,,,,,
healthy_002__Healthy__059,healthy_002,train,Healthy,0.2012878029999996,0.1991621208000069,0.2020150790000059,0.8666666666666667,0.2044095020000043,0.20319459760000455,0.0339181200000098,0.2739914615074958,0.0564755491456446,0.01547381824985357,0.02,0.3,0.02,0.0,0.0,0.0,0.0,0.0,2.503920618497182,8.232435186558064,8.89819308624146,-12.435157085823732,-6.654930735200873,4.444958800661857,3.1957141291974747,0.8980980890188716,0.8419265329779693,0.022792339580795785,0.15402658186863738,0.04685652052601042,0.94,0.43,0.11057894736842101,0.2871999999999998,,,,,
healthy_002__Localization_Jump__000,healthy_002,train,Localization Jump,0.0959541590000085,0.09529907504999995,0.2020944590000013,0.8583333333333333,0.0944433700000075,0.08537862310000142,0.0340744000000015,1.321612829564537,1.358143777146395,1.794940240269915,0.0,0.12,0.0,0.0,0.0,0.0,0.0,0.0,0.6266335892700061,2.4320408237854654,3.7372894304348456,-3.4918329982655707,-1.478819387312446,3.2837255728610755,3.5778340485532665,0.9572334003245535,0.9739693179837466,0.01189954896185095,0.15097029419574734,0.031059808482449644,0.78,0.56,0.10826315789473683,0.07614358974358973,8.77493439427866,,1.321612829564537,,
healthy_002__Localization_Jump__001,healthy_002,train,Localization Jump,0.1112308659999996,0.10991087660000073,0.2020944590000013,0.8583333333333333,0.1079502230000031,0.10308961935000283,0.0339712140000045,0.7588975681384991,0.8014778528122194,0.6082395934160592,0.0,0.1,0.0,0.0,0.0,0.0,0.0,0.0,1.3795075357163833,3.7826745099805765,6.545922260417711,-3.4918329982655707,-1.478819387312446,4.144237374424884,3.336357159592576,0.9547173113912734,0.9363495786407193,0.02265802667705786,0.1552035462416812,0.042883814218851395,1.0,0.54,0.11935526315789467,0.16927179487179472,14.355604128678685,,0.7588975681384991,,
healthy_002__Localization_Jump__002,healthy_002,train,Localization Jump,0.1310947400000017,0.13011984970000168,0.2016123239999991,0.8722222222222222,0.1273273990000003,0.12190994730000165,0.0338610090000024,2.1960275014145547,2.07551088290013,4.557878978333888,0.0,0.01,0.0,0.0,0.0,0.0,0.0,0.0,1.3081448521574766,3.768485725109968,6.545922260417711,-0.4711137182525239,-0.1129689444358523,5.379523036548384,4.448227787532781,0.949703125118075,0.9293241395015103,0.023014156379150857,0.12766657382704905,0.033490435380457644,1.0,0.74,0.16254473684210521,0.155179487179487,7.568645194654755,,2.1960275014145547,,
healthy_002__Localization_Jump__003,healthy_002,train,Localization Jump,0.0670914490000029,0.06593856720000559,0.2014966099999924,0.8638888888888889,0.0641160970000029,0.05778718415000267,0.034321558000002,1.9262854986452533,2.014522799465138,3.880546055299935,0.0,0.19,0.0,0.0,0.0,0.0,0.0,0.0,1.5724487286828224,4.297186037341835,6.411236958286562,-10.275983929603669,-4.499766177855535,3.848761562547572,3.6061598391256746,0.9194702809763037,0.9452016984355404,0.01202982358328871,0.14805800091727955,0.055121864411206936,0.96,0.6,0.11301052631578942,0.18224615384615364,7.408262867252411,,1.9262854986452533,,
healthy_002__Localization_Jump__004,healthy_002,train,Localization Jump,0.1961291330000136,0.19415009100001296,0.2020518979999934,0.8694444444444445,0.1934121350000168,0.18521484500000576,0.0338024600000039,1.5710837806898725,1.4238782506120546,2.2370320252136686,0.0,0.12,0.0,0.0,0.0,0.0,0.0,0.0,1.0493845046346904,3.7657368470685064,6.457052147930224,-3.5382097618664154,-1.047421837408635,4.095032624085408,4.00284002052895,0.8941307833045786,0.9431595876896934,0.012673102933994596,0.10242644790967272,0.035661000313466404,0.73,0.55,0.13084210526315784,0.11499487179487168,8.480146846746777,,1.5710837806898725,,
healthy_002__Localization_Jump__005,healthy_002,train,Localization Jump,0.1207984599999996,0.11845205185000147,0.2016123239999991,0.8583333333333333,0.1173405080000016,0.11135880155000151,0.0326574050000019,2.2782178806390485,2.343813478229145,5.33971777498444,0.0,0.01,0.0,0.0,0.0,0.0,0.0,0.0,1.3282739750478325,3.7826745099805765,6.545922260417711,-0.4711137182525239,-0.1129689444358523,5.28544085824911,4.465134139384689,0.9405620323054242,0.9146572494126568,0.023014557432798708,0.14096250198427748,0.03376633293743843,1.0,0.73,0.16057631578947362,0.15652307692307676,14.469222641820245,,2.2782178806390485,,
healthy_002__Localization_Jump__006,healthy_002,train,Localization Jump,0.0558937130000032,0.0541058326000005,0.2015905060000022,0.8638888888888889,0.2066708640000172,0.04723289049999617,0.034321558000002,1.568896419041346,1.4903723836939906,2.3382398958156165,0.0,0.34,0.0,0.0,0.0,0.0,0.0,0.0,2.1673209401882736,7.464284009814255,8.504440113665163,-17.593386716398104,-13.457262330074203,2.9803796156659104,2.8968424335605234,0.8726409316788495,0.8491940154967486,0.007929721111185147,0.17529129662069756,0.059702909362423916,0.94,0.34,0.0763052631578947,0.25350769230769227,9.80753453685277,,1.568896419041346,,
healthy_002__Localization_Jump__007,healthy_002,train,Localization Jump,0.1254436430000005,0.12409223749999784,0.2016123239999991,0.8722222222222222,0.1224126830000038,0.11433325999999919,0.0338610090000024,2.405454437374453,2.311321968575817,5.559779685511755,0.0,0.01,0.0,0.0,0.0,0.0,0.0,0.0,1.5795537194505587,3.7826745099805765,6.545922260417711,-0.4711137182525239,-0.1129689444358523,5.515277822263942,4.3125737059552565,0.9505026393246682,0.9190159397694005,0.022698201671814584,0.12766657382704905,0.031185422474721013,1.0,0.73,0.16219736842105256,0.18466666666666648,6.2982226906096415,,2.405454437374453,,
healthy_002__Localization_Jump__008,healthy_002,train,Localization Jump,0.1807556429999977,0.1791455487500094,0.2017689030000156,0.8833333333333333,0.1778914350000064,0.1692691002000067,0.0339969810000297,1.6177447730390684,1.469288313913519,2.3769334899209813,0.0,0.03,0.0,0.0,0.0,0.0,0.0,0.0,1.3257804296254927,4.687657566201394,6.506709787039063,-10.584318032174185,0.8561670903645082,5.960805614779869,4.875735392266552,0.9171446339238339,0.9438504438792296,0.02276331723106161,0.09384253830298647,0.03495418310572302,1.0,0.81,0.17646315789473677,0.1514666666666665,6.673922867306473,,1.6177447730390684,,
healthy_002__Localization_Jump__009,healthy_002,train,Localization Jump,0.1454101950000002,0.1440352483000001,0.2020274430000004,0.875,0.14508615,0.1372801505499995,0.0338936910000011,2.3353598471058072,2.1577617747402957,5.039150208348253,0.0,0.0,0.0,0.0,0.0,0.0,0.0,0.0,1.4612111286956233,7.023109083202004,9.119562933938887,-4.160648766828794e-09,2.6812819919496737e-08,4.77812991358856,4.914127330080575,0.19996418820503795,0.22576903468673784,0.02299229371105784,0.14327425274223748,0.025682246551300077,0.75,0.66,0.21567719298245605,0.21794188034188017,6.098915676798994,,2.3353598471058072,,
healthy_002__Localization_Jump__010,healthy_002,train,Localization Jump,0.04001224000001,0.03869773885000917,0.2015905060000022,0.9083333333333332,0.2066708640000172,0.202310660800007,0.0339179870000094,1.312893465585651,1.1724991467321895,1.539366468149443,0.02,0.46,0.02,0.0,0.0,0.0,0.0,0.0,3.588923372638084,8.67203742960026,8.89819308624146,-19.43206539004426,-18.59743870117358,2.3873168742581545,1.6269619682970213,0.8159905970956874,0.09143209269013662,0.021741765375496616,0.21869331519779048,0.07139224793166689,0.71,0.01,0.025010526315789455,0.40791794871794884,9.66482829348601,,1.312893465585651,,
healthy_002__Localization_Jump__011,healthy_002,train,Localization Jump,0.1738377400000104,0.17125747160000343,0.2017689030000156,0.8833333333333333,0.173226876000001,0.16269135260001658,0.0339969810000297,1.9883969728084003,1.9045157273335578,3.786933306896035,0.0,0.17,0.0,0.0,0.0,0.0,0.0,0.0,1.3646521288287334,4.736867109539785,6.506709787039063,-10.584318032174185,-3.5440306359869136,4.502994922305052,3.7688510816234793,0.9433792352463106,0.9673114774879729,0.013733085554267364,0.07014567145372007,0.034806954991617255,0.91,0.58,0.12736842105263152,0.15172307692307677,13.279213972158942,,1.9883969728084003,,
healthy_002__Localization_Jump__012,healthy_002,train,Localization Jump,0.1222912310000019,0.12058609035000206,0.2016123239999991,0.8583333333333333,0.1173405080000016,0.11135880155000151,0.0334028990000021,1.1959463934158208,1.1107386161494648,1.328383842011632,0.0,0.01,0.0,0.0,0.0,0.0,0.0,0.0,1.3403162182031587,3.7826745099805765,6.545922260417711,-0.4711137182525239,-0.1129689444358523,5.358148278178337,4.441589377506913,0.9455672004248055,0.9182815014111075,0.023014557432798708,0.12766657382704905,0.031185422474721013,1.0,0.73,0.16150263157894731,0.15754871794871778,14.156549548001589,,1.1959463934158208,,
healthy_002__Localization_Jump__013,healthy_002,train,Localization Jump,0.2012878029999996,0.1991621208000069,0.2020518979999934,0.8666666666666667,0.203658859000015,0.19905091620000517,0.0339181200000098,2.006660397794822,2.0719493779952236,4.1576987630586295,0.0,0.3,0.0,0.0,0.0,0.0,0.0,0.0,1.543096829027686,5.442963222838019,7.052703672574204,-12.435157085823732,-6.481197965989604,2.3283743018600607,2.6347954826885536,0.8381665311053291,0.9256981125771656,0.011660716528098506,0.1539194169125479,0.06680836032286655,0.73,0.29,0.06588421052631575,0.16951794871794856,11.279477441634214,,2.006660397794822,,
healthy_002__Localization_Jump__014,healthy_002,train,Localization Jump,0.1104867820000023,0.10974246939999971,0.2020944590000013,0.8583333333333333,0.1079502230000031,0.10308961935000283,0.0340097520000028,1.3872194137823377,1.1798731397704845,1.6367429252899377,0.0,0.13,0.0,0.0,0.0,0.0,0.0,0.0,1.407867685290475,3.7826745099805765,6.545922260417711,-3.4918329982655707,-1.478819387312446,4.111247166173611,3.3024783847819146,0.9559532415613057,0.9397999840143061,0.02265802667705786,0.1552035462416812,0.042883814218851395,1.0,0.52,0.11773421052631573,0.17311794871794856,14.288291481745567,,1.3872194137823377,,
healthy_002__Localization_Jump__015,healthy_002,train,Localization Jump,0.1726036379999982,0.16988781840000222,0.2017689030000156,0.8833333333333333,0.1665901320000102,0.162053875599986,0.0339969810000297,0.6428849509495074,0.6142124554289825,0.3948679442810379,0.0,0.17,0.0,0.0,0.0,0.0,0.0,0.0,1.3425554502787052,4.736867109539785,6.506709787039063,-10.584318032174185,-3.5440306359869136,4.299013981227697,3.5870316979798655,0.9424945135718482,0.9667011831835705,0.013733085554267364,0.07014567145372007,0.034806954991617255,0.88,0.55,0.12076842105263154,0.14992820512820498,7.860768906229083,,0.6428849509495074,,
healthy_002__Localization_Jump__016,healthy_002,train,Localization Jump,0.1261802180000018,0.12491311555000056,0.2016123239999991,0.8722222222222222,0.1224126830000038,0.11433325999999919,0.0338610090000024,1.771919969799816,1.8818251904267045,3.334443634589419,0.0,0.01,0.0,0.0,0.0,0.0,0.0,0.0,1.605450723144033,3.7826745099805765,6.545922260417711,-0.4711137182525239,-0.1129689444358523,5.524717901793192,4.296116781791034,0.9504532094002477,0.9186583798603406,0.022698201671814584,0.12766657382704905,0.031185422474721013,1.0,0.73,0.16208157894736835,0.186205128205128,6.451898577770983,,1.771919969799816,,
healthy_002__Localization_Jump__017,healthy_002,train,Localization Jump,0.0919451350000031,0.0901195032000071,0.2020944590000013,0.8638888888888889,0.0892674099999979,0.08160060365000062,0.0340744000000015,1.432976871706717,1.4355401796740421,2.0570958758786073,0.0,0.12,0.0,0.0,0.0,0.0,0.0,0.0,0.7687723054966671,2.4320408237854654,3.7372894304348456,-3.4918329982655707,-1.478819387312446,3.4210921451268983,3.4545654036355837,0.9494941902472339,0.9685829863972191,0.011905035393099495,0.12823441982898165,0.030802187198243014,0.78,0.56,0.10837894736842102,0.09351794871794863,12.173486999872502,,1.432976871706717,,
healthy_002__Localization_Jump__018,healthy_002,train,Localization Jump,0.0420838990000049,0.040018831500010045,0.2015905060000022,0.9111111111111112,0.2066708640000172,0.202310660800007,0.0339179870000094,2.401120967356386,2.1388325142411238,5.1355955956079375,0.02,0.46,0.02,0.0,0.0,0.0,0.0,0.0,3.252653994130089,8.67203742960026,8.89819308624146,-19.43206539004426,-18.59743870117358,1.9342695865425066,1.5983863824614992,0.6979746860914507,-0.04327104246983861,0.011371708496915614,0.21869331519779048,0.07139224793166689,0.71,0.03,0.016557894736842094,0.3704820512820513,9.759542698264454,,2.401120967356386,,
healthy_002__Localization_Jump__019,healthy_002,train,Localization Jump,0.0293681010000028,0.028549653650002643,0.2017400590000022,0.8722222222222222,0.2045297520000133,0.20322320184999826,0.0339181200000098,0.5997024050810491,0.5717655793884239,0.34288919310179733,0.02,0.17,0.02,0.0,0.0,0.0,0.0,0.0,2.441709773273527,8.521799333227607,8.89819308624146,-19.43206539004426,-17.06111593646546,4.340989195007498,3.0809311270625193,0.9449216060436015,0.44832775808509073,0.022792339580795785,0.15887537463237322,0.04705887848797963,0.73,0.42,0.10687368421052629,0.2785743589743589,13.383390897798293,,0.5997024050810491,,
healthy_002__Localization_Jump__020,healthy_002,train,Localization Jump,0.1922387019999973,0.1917136944999988,0.2020518979999934,0.8722222222222222,0.1894699360000089,0.18369822360000607,0.0338024600000039,2.483779278665304,2.488247635649714,6.180257917614695,0.0,0.0,0.0,0.0,0.0,0.0,0.0,0.0,0.7953113816097809,2.521286861170739,6.457052147930224,-0.020908551130176936,-8.612650721795228e-07,4.724443460851852,4.637233749583025,-0.24851604693786591,0.10070872114554989,0.02289936176757508,0.10242644790967272,0.035661000313466404,0.73,0.67,0.15654736842105257,0.08602051282051276,12.555097878585045,,2.483779278665304,,
healthy_002__Localization_Jump__021,healthy_002,train,Localization Jump,0.0959541590000085,0.0936086116000044,0.2020944590000013,0.8638888888888889,0.0944433700000075,0.08512411545000123,0.0340744000000015,1.245344267341942,1.2700736461960787,1.5816789343923643,0.0,0.12,0.0,0.0,0.0,0.0,0.0,0.0,0.650645557082515,2.4320408237854654,3.7372894304348456,-3.4918329982655707,-1.478819387312446,3.314161960991984,3.5614425588699077,0.955855359851759,0.9726563023579223,0.01189954896185095,0.15097029419574734,0.03790594689864003,0.78,0.56,0.10849473684210524,0.08075897435897433,14.538059508296925,,1.245344267341942,,
healthy_002__Localization_Jump__022,healthy_002,train,Localization Jump,0.0760033820000032,0.07516558395000633,0.2014966099999924,0.8638888888888889,0.0744841170000043,0.06535831600000744,0.034321558000002,1.9451694193426614,2.0592144207171565,4.005520919048426,0.0,0.19,0.0,0.0,0.0,0.0,0.0,0.0,1.210549680959284,4.241409397596205,6.411236958286562,-10.275983929603669,-4.499766177855535,4.122045505628489,4.175596780799812,0.9418495335905375,0.9676640004702595,0.012567048945919194,0.1409380886489682,0.04079115501663995,0.96,0.65,0.12609473684210523,0.1353230769230768,10.67240150534316,,1.9451694193426614,,
healthy_002__Localization_Jump__023,healthy_002,train,Localization Jump,0.073192824000003,0.07156091935000033,0.2014966099999924,0.8638888888888889,0.0692142940000053,0.06167737195000099,0.034321558000002,1.197877617934107,1.1306479748654232,1.3543779028538154,0.0,0.19,0.0,0.0,0.0,0.0,0.0,0.0,1.1833763857705428,4.241409397596205,6.411236958286562,-10.275983929603669,-4.499766177855535,4.235216175986537,4.0842114060241315,0.9481728625624263,0.9668680581521514,0.01202982358328871,0.1409380886489682,0.03859684791881335,0.96,0.65,0.12632631578947365,0.1340410256410255,11.374731766970221,,1.197877617934107,,
healthy_002__Localization_Jump__024,healthy_002,train,Localization Jump,0.0691215670000033,0.06812764510000015,0.2014966099999924,0.8638888888888889,0.0641160970000029,0.060121530350002256,0.034321558000002,0.7016128845368332,0.7021524808470122,0.4926392274717658,0.0,0.19,0.0,0.0,0.0,0.0,0.0,0.0,1.4502490570162099,4.297186037341835,6.411236958286562,-10.275983929603669,-4.499766177855535,4.134414860529746,3.760070106704388,0.9338105738839809,0.9570538019692876,0.01202982358328871,0.14805800091727955,0.04300384786253152,0.96,0.61,0.11995789473684206,0.16788717948717935,6.281495951284903,,0.7016128845368332,,
healthy_002__Localization_Jump__025,healthy_002,train,Localization Jump,0.0309633610000048,0.030240890999997536,0.2017400590000022,0.8805555555555555,0.2045297520000133,0.20317895014999574,0.0338893769999941,1.1665627484901242,1.0446525840089387,1.2186527896187778,0.02,0.27,0.02,0.0,0.0,0.0,0.0,0.0,3.2298101634108987,8.67203742960026,8.89819308624146,-19.43206539004426,-18.59743870117358,4.445630318490825,3.1434966318381345,0.8330653718987457,0.6171783151559886,0.022792339580795785,0.16211131209259771,0.05224957296025902,0.73,0.32,0.09761052631578943,0.36370256410256396,5.15431909552963,,1.1665627484901242,,
healthy_002__Localization_Jump__026,healthy_002,train,Localization Jump,0.2012878029999996,0.1991621208000069,0.2020518979999934,0.8666666666666667,0.203658859000015,0.19950522710001192,0.0339181200000098,1.0084271469077717,0.8871672563173122,0.8946435451180629,0.0,0.3,0.0,0.0,0.0,0.0,0.0,0.0,1.3476613479420407,5.137467109061156,7.052703672574204,-12.435157085823732,-6.481197965989604,2.6228384315806115,2.512009392833052,0.9042090370001591,0.9305227497534935,0.011764707091925218,0.14412808980113448,0.02349164820678333,0.74,0.36,0.06727368421052629,0.15144615384615367,13.595945353787187,,1.0084271469077717,,
healthy_002__Localization_Jump__027,healthy_002,train,Localization Jump,0.1000599540000024,0.09882735665000192,0.2020944590000013,0.8583333333333333,0.099451344000002,0.08964910640000627,0.0340744000000015,1.0813711178664738,1.086982791515167,1.1754317963623764,0.0,0.12,0.0,0.0,0.0,0.0,0.0,0.0,0.7487164536966345,2.4320408237854654,3.7372894304348456,-3.4918329982655707,-1.478819387312446,3.3544398732726033,3.542220314141097,0.9529778705421618,0.970292247188943,0.01189954896185095,0.15097029419574734,0.040473753127176,0.78,0.56,0.10861052631578944,0.08922051282051278,6.485202176897609,,1.0813711178664738,,
healthy_002__Localization_Jump__028,healthy_002,train,Localization Jump,0.1904874599999999,0.1885091706500091,0.2020518979999934,0.8722222222222222,0.1894699360000089,0.1799482372,0.0338024600000039,1.593316489202424,1.703529644675052,2.714261872705907,0.0,0.0,0.0,0.0,0.0,0.0,0.0,0.0,1.0407916744210355,4.270224912688274,6.457052147930224,-8.360708542821568e-07,-8.146931906619494e-07,5.573444228216706,5.238158260484286,-0.08768892365980617,0.009027356285632704,0.02289936176757508,0.10319598125404557,0.061525881605952876,0.84,0.73,0.18039999999999992,0.1167897435897435,7.039567057954216,,1.593316489202424,,
healthy_002__Localization_Jump__029,healthy_002,train,Localization Jump,0.04001224000001,0.038487646350002076,0.2015905060000022,0.9083333333333332,0.2066708640000172,0.202310660800007,0.0339179870000094,1.7584467506895938,1.6243000657179663,2.8562451727066516,0.02,0.46,0.02,0.0,0.0,0.0,0.0,0.0,3.6433938038979217,8.67203742960026,8.89819308624146,-19.43206539004426,-18.59743870117358,2.470705709995336,1.6558803727743652,0.8269928457137146,0.12340411709837827,0.021741765375496616,0.21869331519779048,0.07139224793166689,0.71,0.01,0.026747368421052613,0.4135589743589745,7.614149321244838,,1.7584467506895938,,
healthy_002__Localization_Jump__030,healthy_002,train,Localization Jump,0.1761495380000042,0.17456662965000475,0.2017689030000156,0.8833333333333333,0.173540659000011,0.1648976006000083,0.0339969810000297,1.8771468871068082,1.7682988966413469,3.319356769304708,0.0,0.17,0.0,0.0,0.0,0.0,0.0,0.0,1.4555451711564864,4.736867109539785,6.506709787039063,-10.584318032174185,-3.5440306359869136,5.060746213485742,4.235421896151228,0.945345499852664,0.9677837133562269,0.022716197955752485,0.09424347025479428,0.034806954991617255,0.99,0.66,0.14438947368421048,0.161979487179487,8.898534888216318,,1.8771468871068082,,
healthy_002__Localization_Jump__031,healthy_002,train,Localization Jump,0.1961291330000136,0.19415009100001296,0.2020518979999934,0.8694444444444445,0.1934121350000168,0.18521484500000576,0.0338024600000039,1.3990069150640332,1.490313975573442,2.084959557443816,0.0,0.12,0.0,0.0,0.0,0.0,0.0,0.0,1.0493845046346904,3.7657368470685064,6.457052147930224,-3.5382097618664154,-1.047421837408635,4.095032624085408,4.00284002052895,0.8941307833045786,0.9431595876896934,0.012673102933994596,0.10242644790967272,0.035661000313466404,0.73,0.55,0.13084210526315784,0.11499487179487168,11.011031790737974,,1.3990069150640332,,
healthy_002__Localization_Jump__032,healthy_002,train,Localization Jump,0.1991614620000064,0.19790263780000353,0.2020518979999934,0.8666666666666667,0.1974354790000063,0.18948250850000925,0.0338024600000039,1.5982058360418523,1.5908645974416538,2.542529083983623,0.0,0.24,0.0,0.0,0.0,0.0,0.0,0.0,1.5847150192788297,4.717979555333357,6.457052147930224,-8.00744111284,-4.548043692735927,3.5278296775669413,3.4684464737068095,0.8919359913359634,0.9237547853948518,0.011977524503121024,0.1502241424103243,0.06680836032286655,0.73,0.42,0.10455789473684206,0.17061538461538447,8.152827976089654,,1.5982058360418523,,
healthy_002__Localization_Jump__033,healthy_002,train,Localization Jump,0.0894658370000058,0.0876684658500042,0.2020944590000013,0.8638888888888889,0.0848890060000044,0.07929658195000323,0.0340744000000015,2.3270902338059614,2.4725127434954963,5.753760258349153,0.0,0.12,0.0,0.0,0.0,0.0,0.0,0.0,0.7726644431091332,2.4320408237854654,3.7372894304348456,-3.4918329982655707,-1.478819387312446,3.481076259870919,3.4507271328587312,0.948684015686189,0.9714574997379678,0.011905035393099495,0.12823441982898165,0.037768628796365014,0.78,0.57,0.10918947368421048,0.08627692307692296,7.432357548753515,,2.3270902338059614,,
healthy_002__Localization_Jump__034,healthy_002,train,Localization Jump,0.2012878029999996,0.1991621208000069,0.2020518979999934,0.8666666666666667,0.1985719750000072,0.19329260605000226,0.0338024600000039,1.9950832210437832,2.045749798199263,4.081441096841055,0.0,0.3,0.0,0.0,0.0,0.0,0.0,0.0,1.8754785975184733,5.442963222838019,7.052703672574204,-12.435157085823732,-6.481197965989604,3.2314275206880416,3.1700535728835133,0.8769652896355025,0.92524888045983,0.011947557064342395,0.15353421379489676,0.06992562183902078,0.73,0.35,0.09008421052631575,0.20592820512820495,14.736689428095119,,1.9950832210437832,,
healthy_002__Localization_Jump__035,healthy_002,train,Localization Jump,0.0620632750000069,0.06103337645000258,0.2014966099999924,0.8638888888888889,0.0601080750000022,0.05162899515000339,0.034321558000002,0.9956480267750263,0.9939638032115851,0.9896380993534152,0.0,0.2,0.0,0.0,0.0,0.0,0.0,0.0,1.4583782835731094,4.297186037341835,6.411236958286562,-10.275983929603669,-4.499766177855535,2.780738528847479,2.792837400977674,0.9170674341271983,0.9385754980639477,0.011381153026225279,0.15842350867071928,0.053142755145729484,0.95,0.4,0.08244210526315783,0.17159999999999992,9.61712950368861,,0.9956480267750263,,
healthy_002__Localization_Jump__036,healthy_002,train,Localization Jump,0.097417753000002,0.09593963920000195,0.2020944590000013,0.8583333333333333,0.0944433700000075,0.0892097953499998,0.0340744000000015,1.6802035207101884,1.5127494308679699,2.5417269196966967,0.0,0.12,0.0,0.0,0.0,0.0,0.0,0.0,0.650522676425523,2.4320408237854654,3.7372894304348456,-3.4918329982655707,-1.478819387312446,3.294546770278792,3.5810467980937055,0.9554477348819456,0.9746519631468877,0.01189954896185095,0.15097029419574734,0.040473753127176,0.78,0.56,0.10803157894736838,0.0787076923076923,7.646246333916977,,1.6802035207101884,,
healthy_002__Localization_Jump__037,healthy_002,train,Localization Jump,0.2012878029999996,0.1991621208000069,0.2020518979999934,0.8666666666666667,0.203510878000003,0.1974899784000058,0.0339181200000098,0.8520450489620064,0.7257094475475215,0.6183371417678186,0.0,0.3,0.0,0.0,0.0,0.0,0.0,0.0,1.730245578038385,5.442963222838019,7.052703672574204,-12.435157085823732,-6.481197965989604,2.449902850364141,2.5691752821819343,0.8450473390399404,0.913423968864079,0.011673006584602588,0.1539194169125479,0.06992562183902078,0.73,0.29,0.06669473684210522,0.19259487179487167,13.675929025482503,,0.8520450489620064,,
healthy_002__Localization_Jump__038,healthy_002,train,Localization Jump,0.0891903460000023,0.08722565830000263,0.2020944590000013,0.8638888888888889,0.084485671000003,0.07918115390000044,0.0340744000000015,2.1815642551439627,2.242860227276364,4.8929437011101795,0.0,0.12,0.0,0.0,0.0,0.0,0.0,0.0,0.7815184005742711,2.4320408237854654,3.7372894304348456,-3.4918329982655707,-1.478819387312446,3.4898689197242994,3.4559681884664992,0.9486361925259874,0.9711390337182363,0.011905035393099495,0.13087202002475679,0.037768628796365014,0.78,0.58,0.1093052631578947,0.085702564102564,12.970330084887287,,2.1815642551439627,,
healthy_002__Localization_Jump__039,healthy_002,train,Localization Jump,0.1290200800000018,0.12675884485000102,0.2016123239999991,0.8722222222222222,0.1260086939999993,0.11740392310000158,0.0338610090000024,2.4972468397235934,2.2332775834398797,5.5770453874707835,0.0,0.01,0.0,0.0,0.0,0.0,0.0,0.0,1.5515498310298912,3.7826745099805765,6.545922260417711,-0.4711137182525239,-0.1129689444358523,5.508275870675731,4.333575642787714,0.9502386427692894,0.9212871363145476,0.022698201671814584,0.12766657382704905,0.033490435380457644,1.0,0.73,0.1623131578947368,0.18210256410256387,8.981599083236055,,2.4972468397235934,,
healthy_002__Localization_Jump__040,healthy_002,train,Localization Jump,0.1222912310000019,0.12058609035000206,0.2016123239999991,0.8583333333333333,0.1173405080000016,0.11135880155000151,0.0334028990000021,1.7469436814203256,1.878993168849524,3.282495243753631,0.0,0.01,0.0,0.0,0.0,0.0,0.0,0.0,1.3403162182031587,3.7826745099805765,6.545922260417711,-0.4711137182525239,-0.1129689444358523,5.358148278178337,4.441589377506913,0.9455672004248055,0.9182815014111075,0.023014557432798708,0.12766657382704905,0.031185422474721013,1.0,0.73,0.16150263157894731,0.15754871794871778,9.215526981424091,,1.7469436814203256,,
healthy_002__Localization_Jump__041,healthy_002,train,Localization Jump,0.1381063220000005,0.13504690520000007,0.2020274430000004,0.875,0.1364594890000017,0.12622668849999985,0.0338936910000011,2.085661188314068,1.9026348146162422,3.968251588380228,0.0,0.0,0.0,0.0,0.0,0.0,0.0,0.0,1.6557387703376794,7.023109083202004,9.119562933938887,-0.055582875821855775,1.9465310251503676,5.555654019631587,5.794818746095323,0.774594792887892,0.8241166314343824,0.022986720947262892,0.12766657382704905,0.026177393375676386,1.0,0.85,0.1871157894736841,0.18096410256410247,6.360645370436977,,2.085661188314068,,
healthy_002__Localization_Jump__042,healthy_002,train,Localization Jump,0.1935152759999994,0.19215206675001467,0.2020518979999934,0.8694444444444445,0.1894699360000089,0.18450910435000334,0.0338024600000039,0.7414527087137408,0.6603095830075454,0.4895883289105852,0.0,0.05,0.0,0.0,0.0,0.0,0.0,0.0,0.8622784244984962,2.521286861170739,6.457052147930224,-0.6210048193572637,-0.035208009668535156,4.4442352329398815,4.354926518083692,0.8207243970245545,0.8793172965887586,0.02276331723106161,0.10242644790967272,0.035661000313466404,0.73,0.62,0.14589473684210522,0.09371282051282044,11.54659207607439,,0.7414527087137408,,
healthy_002__Localization_Jump__043,healthy_002,train,Localization Jump,0.0721271399999992,0.07111282255000255,0.2014966099999924,0.8638888888888889,0.0692142940000053,0.06167737195000099,0.034321558000002,1.511516975178951,1.5233332146809422,2.3025440128441654,0.0,0.19,0.0,0.0,0.0,0.0,0.0,0.0,1.2172828262187176,4.241409397596205,6.411236958286562,-10.275983929603669,-4.499766177855535,4.27154761397814,4.0484014234843695,0.9466765916816349,0.9652058670703934,0.01202982358328871,0.1409380886489682,0.03859684791881335,0.96,0.64,0.1265578947368421,0.1381435897435896,10.430297770580935,,1.511516975178951,,
healthy_002__Localization_Jump__044,healthy_002,train,Localization Jump,0.0316337419999968,0.030917688249994746,0.2017400590000022,0.8972222222222223,0.2045297520000133,0.20281828854999873,0.0338893769999941,2.498855380263892,2.178741485873432,5.444359884178973,0.02,0.33,0.02,0.0,0.0,0.0,0.0,0.0,3.455012477823101,8.67203742960026,8.89819308624146,-19.43206539004426,-18.59743870117358,4.133488852005944,2.8306016491711468,0.8400966993190622,0.6142927287957897,0.022792339580795785,0.21869331519779048,0.07139224793166689,0.72,0.25,0.0840631578947368,0.3880512820512819,14.881261813970667,,2.498855380263892,,
healthy_002__Localization_Jump__045,healthy_002,train,Localization Jump,0.2012878029999996,0.1991621208000069,0.2020150790000059,0.8666666666666667,0.2044095020000043,0.20319459760000455,0.0339181200000098,1.1502862475054603,1.0997634252590849,1.2650427435850244,0.02,0.25,0.02,0.0,0.0,0.0,0.0,0.0,2.4175584864711035,8.232435186558064,8.89819308624146,-12.435157085823732,-6.654930735200873,4.40177085567328,3.1525399421599736,0.8905176720988812,0.8294032345514787,0.022792339580795785,0.15402658186863738,0.04685652052601042,0.89,0.43,0.11057894736842101,0.27719999999999984,14.725939793860348,,1.1502862475054603,,
healthy_002__Localization_Jump__046,healthy_002,train,Localization Jump,0.0720758520000046,0.07052848415000448,0.2014966099999924,0.8638888888888889,0.0692142940000053,0.06167737195000099,0.034321558000002,1.8510835738224207,1.908683169710112,3.5331320630817005,0.0,0.19,0.0,0.0,0.0,0.0,0.0,0.0,1.2445075743902458,4.241409397596205,6.411236958286562,-10.275983929603669,-4.499766177855535,4.285177618713664,4.020708619026754,0.9454554318330163,0.964021191415388,0.01202982358328871,0.1409380886489682,0.03859684791881335,0.96,0.63,0.12644210526315786,0.14122051282051268,5.463955158953816,,1.8510835738224207,,
healthy_002__Localization_Jump__047,healthy_002,train,Localization Jump,0.2012878029999996,0.1991621208000069,0.2020518979999934,0.8666666666666667,0.1985719750000072,0.19345341095001622,0.0338024600000039,1.3449986761189627,1.2427189335940474,1.6714553204719629,0.0,0.3,0.0,0.0,0.0,0.0,0.0,0.0,1.8505419126856708,5.442963222838019,7.052703672574204,-12.435157085823732,-6.481197965989604,2.8328807668559013,2.8318568640264083,0.871219070438659,0.9190710375607682,0.011947557064342395,0.1539194169125479,0.06992562183902078,0.73,0.29,0.07792631578947364,0.20490256410256397,13.190814228398196,,1.3449986761189627,,
healthy_002__Localization_Jump__048,healthy_002,train,Localization Jump,0.2012878029999996,0.1991621208000069,0.2020150790000059,0.8666666666666667,0.2044095020000043,0.20319459760000455,0.0339181200000098,1.492689743854905,1.3181928202549085,1.9676529032176742,0.01,0.31,0.01,0.0,0.0,0.0,0.0,0.0,2.4732584917989433,8.232435186558064,8.89819308624146,-12.435157085823732,-6.654930735200873,4.40860140487226,3.201413043769804,0.9043572400500843,0.8474069374171465,0.021831288255183746,0.14412808980113448,0.034340978289902256,0.94,0.42,0.10895789473684206,0.28016410256410235,13.00306279921628,,1.492689743854905,,
healthy_002__Localization_Jump__049,healthy_002,train,Localization Jump,0.1952997290000127,0.1928253527500111,0.2020518979999934,0.8694444444444445,0.1934121350000168,0.18521484500000576,0.0338024600000039,0.8239805336681355,0.8015544227950182,0.6604652410586934,0.0,0.09,0.0,0.0,0.0,0.0,0.0,0.0,0.9501790736277204,2.6220937582709927,6.457052147930224,-1.6360869311351167,-0.6032760612204003,4.230852662036825,4.139234091447371,0.8775013937229871,0.926928030947393,0.02276331723106161,0.10242644790967272,0.035661000313466404,0.73,0.58,0.13744210526315787,0.10371282051282041,5.896872400266972,,0.8239805336681355,,
healthy_002__Localization_Jump__050,healthy_002,train,Localization Jump,0.139391733,0.1369788761500011,0.2020274430000004,0.875,0.1364594890000017,0.12622668849999985,0.0338936910000011,0.5210271134480969,0.5357010567527424,0.2791147752709765,0.0,0.0,0.0,0.0,0.0,0.0,0.0,0.0,1.6257599308714505,7.023109083202004,9.119562933938887,3.08481320198179e-08,1.963149182989019,5.55397578741319,5.822351514538759,0.7559606385980976,0.7939797685467471,0.02302041530861802,0.1407011897556914,0.026177393375676386,0.99,0.85,0.19005847953216365,0.18453250453250444,5.436101271673529,,0.5210271134480969,,
healthy_002__Localization_Jump__051,healthy_002,train,Localization Jump,0.1452362450000004,0.1432875196500003,0.2020274430000004,0.875,0.1415517950000007,0.13320664435000062,0.0338936910000011,2.149792088484049,1.910391661091644,4.106944878920717,0.0,0.0,0.0,0.0,0.0,0.0,0.0,0.0,1.4987484009143128,7.023109083202004,9.119562933938887,-4.160648766828794e-09,2.7018870491697845e-08,4.959348709518673,5.132886246516215,0.19944487648238524,0.22201001731409153,0.02298895005278087,0.1425932972517988,0.026177393375676386,0.78,0.69,0.21569500674763822,0.21580539119000638,11.477982133666947,,2.149792088484049,,
healthy_002__Localization_Jump__052,healthy_002,train,Localization Jump,0.1228021480000016,0.12182938215000012,0.2016123239999991,0.8583333333333333,0.1224126830000038,0.11312630200000147,0.0334028990000021,2.1497867277011875,2.232372874949351,4.799125577846257,0.0,0.01,0.0,0.0,0.0,0.0,0.0,0.0,1.4134898702603491,3.7826745099805765,6.545922260417711,-0.4711137182525239,-0.1129689444358523,5.408265181421104,4.405563408495688,0.9470759796297458,0.919258771603582,0.022698201671814584,0.12766657382704905,0.033490435380457644,1.0,0.73,0.16173421052631576,0.16312820512820495,13.537087220181728,,2.1497867277011875,,
healthy_002__Localization_Jump__053,healthy_002,train,Localization Jump,0.1316508970000018,0.1306939376500005,0.2016123239999991,0.8722222222222222,0.1298822630000007,0.12241392770000357,0.0338610090000024,1.9808391610906182,1.8010065992465611,3.5675044011702255,0.0,0.01,0.0,0.0,0.0,0.0,0.0,0.0,1.1380567483832251,2.4128143752243516,6.545922260417711,-0.4711137182525239,-0.1129689444358523,5.272303824343992,4.54846668949341,0.9557497772642046,0.9428049422138324,0.023014156379150857,0.12766657382704905,0.033490435380457644,1.0,0.79,0.16242894736842095,0.13415384615384598,8.960261150300578,,1.9808391610906182,,
healthy_002__Localization_Jump__054,healthy_002,train,Localization Jump,0.2012878029999996,0.1991621208000069,0.2020150790000059,0.8666666666666667,0.2044095020000043,0.20319459760000455,0.0339181200000098,2.0055266561375014,1.8744013087982894,3.7591617890939895,0.0,0.3,0.0,0.0,0.0,0.0,0.0,0.0,2.214504337961163,6.923548796127488,8.644077904256925,-12.435157085823732,-6.481197965989604,4.150964405762177,3.173000776711584,0.9081807201447015,0.8766246054387002,0.012820312599152464,0.14412808980113448,0.032802636246984415,0.91,0.42,0.1038631578947368,0.2501641025641024,9.947706906524843,,2.0055266561375014,,
healthy_002__Localization_Jump__055,healthy_002,train,Localization Jump,0.1097891600000018,0.10903137165000285,0.2020944590000013,0.8583333333333333,0.1079502230000031,0.09980951449999861,0.0340097520000028,2.007951804931364,1.7616752712224153,3.537359040553999,0.0,0.13,0.0,0.0,0.0,0.0,0.0,0.0,1.4097456761284397,3.7826745099805765,6.545922260417711,-3.4918329982655707,-1.478819387312446,4.042188115727927,3.236829876167834,0.954746456962337,0.9395856238776044,0.02265802667705786,0.1552035462416812,0.042883814218851395,0.95,0.5,0.11541842105263153,0.17234871794871778,7.1492397010735225,,2.007951804931364,,
healthy_002__Localization_Jump__056,healthy_002,train,Localization Jump,0.1338605140000002,0.13166957245000177,0.2016123239999991,0.875,0.1298822630000007,0.12340156625000101,0.0338610090000024,0.8671860926787653,0.816591441171909,0.7081367411847896,0.0,0.01,0.0,0.0,0.0,0.0,0.0,0.0,1.0910455774789476,2.391550311211492,2.7875672339627124,-0.4711137182525239,-0.1043124929283493,5.3765026012062345,4.838251491536889,0.9658298837591796,0.9608585460245952,0.012991465736105184,0.11807866391015319,0.025935206856304967,1.0,0.83,0.16719999999999985,0.1219897435897434,6.839490955599322,,0.8671860926787653,,
healthy_002__Localization_Jump__057,healthy_002,train,Localization Jump,0.1731921180000029,0.1709145196500046,0.2017689030000156,0.8833333333333333,0.1687254839999923,0.16257880139998804,0.0339969810000297,1.814008854873414,1.7291273655287938,3.13665235227317,0.0,0.17,0.0,0.0,0.0,0.0,0.0,0.0,1.3558285672624533,4.736867109539785,6.506709787039063,-10.584318032174185,-3.5440306359869136,4.431969333804861,3.706671530619032,0.9428896641220887,0.9670527885870148,0.013733085554267364,0.07014567145372007,0.034806954991617255,0.9,0.57,0.1251684210526315,0.150953846153846,6.447578234609381,,1.814008854873414,,
healthy_002__Localization_Jump__058,healthy_002,train,Localization Jump,0.0785574560000057,0.07692154375000049,0.2014966099999924,0.8638888888888889,0.0756356190000033,0.06686281125000587,0.034321558000002,2.4516793787402316,2.1923631820700784,5.374971604190527,0.0,0.19,0.0,0.0,0.0,0.0,0.0,0.0,1.1909879472257747,4.241409397596205,6.411236958286562,-10.275983929603669,-4.499766177855535,3.8400381876373735,3.8736907783694177,0.9260944830323774,0.9609443723993176,0.02263402094375646,0.1409380886489682,0.04079115501663995,0.92,0.61,0.11752631578947365,0.13275897435897427,13.79922066471979,,2.4516793787402316,,
healthy_002__Localization_Jump__059,healthy_002,train,Localization Jump,0.1097891600000018,0.10897426155000214,0.2020944590000013,0.8583333333333333,0.1079502230000031,0.09980951449999861,0.0340097520000028,1.0923854916436195,1.1131263747355298,1.2159631021269515,0.0,0.13,0.0,0.0,0.0,0.0,0.0,0.0,1.4070047119661755,3.7826745099805765,6.545922260417711,-3.4918329982655707,-1.478819387312446,4.026784305482226,3.22425379172724,0.9544418335118465,0.9400244689769919,0.013122988943812027,0.1552035462416812,0.042883814218851395,0.94,0.5,0.1151868421052631,0.17106666666666648,11.540429827080363,,1.0923854916436195,,
healthy_002__LiDAR_Dropout__000,healthy_002,train,LiDAR Dropout,5.973146913965711,4.983146913965711,6.183005458007153,0.8861111111111111,0.2066708640000172,0.202310660800007,0.0339179870000094,0.2693459456706941,0.0643539067709276,0.017333463876819177,0.0,0.44,0.0,0.0,0.0,0.0,0.0,0.0,3.342936798876118,8.62494781716871,8.816363760651964,-19.43206539004426,-18.59743870117358,2.7088195121540157,2.5607580374131147,0.7667270636866774,0.5776866940943217,0.0037932161387090593,0.2316005803030305,0.07139224793166689,0.87,0.19,0.044463157894736816,0.3798564102564102,8.305452610942417,5.919845626484349,,,
healthy_002__LiDAR_Dropout__001,healthy_002,train,LiDAR Dropout,4.653451280475443,3.6634512804754427,4.685675873159582,0.875,0.14508615,0.1372801505499995,0.0338936910000011,0.2926730121304112,0.0608772753218906,0.01781713553875007,0.0,0.0,0.0,0.0,0.0,0.0,0.0,0.0,1.4481167852901793,7.023109083202004,9.119562933938887,-4.160648766828794e-09,2.6812819919496737e-08,4.6513477793627285,4.774250852449299,0.20234589990090332,0.22751642107410863,0.02299452281657582,0.14372822306919655,0.025682246551300077,0.73,0.64,0.21571737563085788,0.22250790305584808,5.296754822876094,4.489818250472899,,,
healthy_002__LiDAR_Dropout__002,healthy_002,train,LiDAR Dropout,5.516095212590906,4.526095212590905,5.772818453414399,0.8583333333333333,0.099451344000002,0.09389538150000085,0.0340744000000015,0.2685031951844936,0.0350561531789033,0.009412689139412579,0.0,0.12,0.0,0.0,0.0,0.0,0.0,0.0,0.9478648087011726,2.8857252540865543,3.7372894304348456,-3.4918329982655707,-1.478819387312446,3.4917799321492957,3.3699024139435743,0.9426484486947605,0.954475211470217,0.013122988943812027,0.15097029419574734,0.030937334894481743,0.78,0.56,0.10849473684210524,0.11332307692307683,7.51193652388881,5.4748350080170205,,,
healthy_002__LiDAR_Dropout__003,healthy_002,train,LiDAR Dropout,2.441028902729653,1.4510289027296523,2.6119651386499494,0.8722222222222222,0.2066708640000172,0.202310660800007,0.0339179870000094,0.2693459456706941,0.0643539067709276,0.017333463876819177,0.0,0.44,0.0,0.0,0.0,0.0,0.0,0.0,3.355131844307852,8.62494781716871,8.816363760651964,-19.43206539004426,-18.59743870117358,2.906516020650818,2.7490053617969377,0.7849859401075578,0.6173311394571122,0.0037932161387090593,0.2316005803030305,0.07139224793166689,0.9,0.22,0.050831578947368394,0.38216410256410255,7.312216885142618,2.4053895974191732,,,
healthy_002__LiDAR_Dropout__004,healthy_002,train,LiDAR Dropout,5.160928688060008,4.170928688060008,5.032733773086535,0.8638888888888889,0.0892674099999979,0.08160060365000062,0.0340744000000015,0.2567066659442411,0.0230130985621498,0.005907615804935684,0.0,0.12,0.0,0.0,0.0,0.0,0.0,0.0,0.7433621635756876,2.4320408237854654,3.7372894304348456,-3.4918329982655707,-1.478819387312446,3.4099973292558867,3.4726485214082983,0.9503846063361673,0.9679909840449404,0.011905035393099495,0.12823441982898165,0.030802187198243014,0.78,0.56,0.108378947368421,0.09095384615384607,8.384570822283337,4.962910009810717,,,
healthy_002__LiDAR_Dropout__005,healthy_002,train,LiDAR Dropout,6.38778020700295,5.44778020700295,6.579309664596888,0.875,0.1465198460000003,0.1407413476000005,0.0338936910000011,0.2800324222881539,0.0608772753218906,0.017047610870691877,0.0,0.0,0.0,0.0,0.0,0.0,0.0,0.0,1.287868347091284,7.023109083202004,9.119562933938887,-4.160648766828794e-09,0.0,3.47752152720005,3.7375479745660596,0.2179297142865226,0.2514769360472575,0.02302247380563465,0.14804593696852048,0.02571223860446245,0.56,0.47,0.2154511278195488,0.2612087912087911,6.273662833044458,6.33542243562832,,,
healthy_002__LiDAR_Dropout__006,healthy_002,train,LiDAR Dropout,3.737962547632722,2.747962547632721,3.85354995081384,0.8583333333333333,0.116407873,0.10818509885000331,0.0326574050000019,0.2926730121304112,0.0381974550816599,0.011179364234465484,0.0,0.01,0.0,0.0,0.0,0.0,0.0,0.0,1.2719651049834753,3.7826745099805765,6.545922260417711,-0.4711137182525239,-0.1129689444358523,5.051343851514281,4.292173634981549,0.9417370581894474,0.9111546679046305,0.022704861654929593,0.14858403857820593,0.03376633293743843,1.0,0.73,0.15316578947368414,0.1511999999999999,10.341583770941712,3.660722423810242,,,
healthy_002__LiDAR_Dropout__007,healthy_002,train,LiDAR Dropout,2.2097355361233246,1.2197355361233098,2.281354527707343,0.875,0.1836574600000062,0.17360790580000154,0.0339969810000297,0.3314849640762115,0.043578332531008,0.014445561993542385,0.0,0.0,0.0,0.0,0.0,0.0,0.0,0.0,1.457494128583756,4.687657566201394,6.457052147930224,2.7614155987676003,5.404696632842704,6.367410723087533,5.59647178922276,0.7105434895591312,0.8333965709184071,0.02276331723106161,0.10319598125404557,0.06163541539161908,1.0,0.87,0.19776842105263145,0.15891282051282038,5.35692015310004,2.0556231301609262,,,
healthy_002__LiDAR_Dropout__008,healthy_002,train,LiDAR Dropout,2.1486890010021193,1.1586890010021187,2.1285285140009815,0.8583333333333333,0.1112940520000016,0.10428646225000135,0.0339712140000045,0.2876796413887802,0.0350561531789033,0.010084941574977049,0.0,0.02,0.0,0.0,0.0,0.0,0.0,0.0,1.2276225147929165,3.7826745099805765,6.545922260417711,-3.4918329982655707,-0.18092833089869212,4.287357966457891,3.525541754059416,0.9560985021986514,0.9212982021531363,0.02265802667705786,0.1552035462416812,0.042883814218851395,1.0,0.62,0.1274605263157894,0.15286153846153835,9.077162055253748,2.048781422821337,,,
healthy_002__LiDAR_Dropout__009,healthy_002,train,LiDAR Dropout,1.9969220729866277,1.0069220729866268,1.9000788922674077,0.8583333333333333,0.1079502230000031,0.10308961935000283,0.0339712140000045,0.2876796413887802,0.0350561531789033,0.010084941574977049,0.0,0.1,0.0,0.0,0.0,0.0,0.0,0.0,1.3795075357163833,3.7826745099805765,6.545922260417711,-3.4918329982655707,-1.478819387312446,4.144237374424884,3.336357159592576,0.9547173113912734,0.9363495786407193,0.02265802667705786,0.1552035462416812,0.042883814218851395,1.0,0.54,0.11935526315789467,0.16927179487179472,7.5364042056323735,1.8096712847904035,,,
healthy_002__LiDAR_Dropout__010,healthy_002,train,LiDAR Dropout,3.013027947197621,2.02302794719762,3.0393608479153666,0.8694444444444445,0.1934121350000168,0.1892918726000097,0.0338024600000039,0.3314849640762115,0.043578332531008,0.014445561993542385,0.0,0.21,0.0,0.0,0.0,0.0,0.0,0.0,1.42300214950742,4.694105934548388,6.457052147930224,-6.475799386227127,-4.206406321974987,3.6884715553995044,3.634983208392197,0.8952967184814773,0.9236396213176772,0.012673102933994596,0.14654682073687628,0.06663326229071809,0.73,0.46,0.11254736842105259,0.1565230769230768,6.922383221583847,2.9727797250649983,,,
healthy_002__LiDAR_Dropout__011,healthy_002,train,LiDAR Dropout,4.624579805503893,3.634579805503892,4.657673013554989,0.8638888888888889,0.0814487580000005,0.07571716094999839,0.0340744000000015,0.2567066659442411,0.0524707411595952,0.013469589022702946,0.0,0.11,0.0,0.0,0.0,0.0,0.0,0.0,0.8806258117642937,2.438534880559995,6.411236958286562,-10.275983929603669,-1.2243462612945573,3.5781460596048533,3.5299641351215065,0.9263458702400946,0.9606586948227707,0.01202982358328871,0.12823441982898165,0.03769191609456226,0.78,0.58,0.11034736842105258,0.0969230769230768,6.5888430639294775,4.546055924253267,,,
healthy_002__LiDAR_Dropout__012,healthy_002,train,LiDAR Dropout,1.5121644669259637,0.5221644669259633,1.4111565471003515,0.8694444444444445,0.1894699360000089,0.18369822360000607,0.0338024600000039,0.3314849640762115,0.043578332531008,0.014445561993542385,0.0,0.03,0.0,0.0,0.0,0.0,0.0,0.0,0.8310267452125032,2.521286861170739,6.457052147930224,-0.6020652480986896,-8.775981628783228e-07,4.551382690473033,4.462113593057655,0.7442459108048276,0.8201877031614246,0.02289936176757508,0.10242644790967272,0.035661000313466404,0.73,0.64,0.15029473684210523,0.09012307692307686,10.57799972551733,1.3289356602137783,,,
healthy_002__LiDAR_Dropout__013,healthy_002,train,LiDAR Dropout,1.5132127953318892,0.5232127953318888,1.774119169899705,0.8722222222222222,0.1260086939999993,0.11740392310000158,0.0338610090000024,0.2926730121304112,0.0381974550816599,0.011179364234465484,0.0,0.01,0.0,0.0,0.0,0.0,0.0,0.0,1.5291480228888326,3.7826745099805765,6.545922260417711,-0.4711137182525239,-0.1129689444358523,5.493583375760677,4.34128495601372,0.9498270052580597,0.9215251932951668,0.022698201671814584,0.12766657382704905,0.033490435380457644,1.0,0.73,0.162428947368421,0.18005128205128185,8.717415537861871,1.468404474520625,,,
healthy_002__LiDAR_Dropout__014,healthy_002,train,LiDAR Dropout,4.176704211633404,3.186704211633404,4.363184482837678,0.8666666666666667,0.2044095020000043,0.20319459760000455,0.0339181200000098,0.2739914615074958,0.0564755491456446,0.01547381824985357,0.0,0.3,0.0,0.0,0.0,0.0,0.0,0.0,2.1280824870588204,6.856407260526758,8.330472473925454,-12.435157085823732,-6.481197965989604,4.044564872352233,3.1530341072086117,0.9104529765416531,0.8835295382435272,0.012820312599152464,0.14412808980113448,0.032802636246984415,0.9,0.42,0.10177894736842101,0.24016410256410237,9.918853149428145,4.014181319381931,,,
healthy_002__LiDAR_Dropout__015,healthy_002,train,LiDAR Dropout,2.8584818527311864,1.8684818527311855,3.0753946639208993,0.875,0.1415517950000007,0.13257389970000044,0.0338936910000011,0.2926730121304112,0.0608772753218906,0.01781713553875007,0.0,0.0,0.0,0.0,0.0,0.0,0.0,0.0,1.571179849086725,7.023109083202004,9.119562933938887,1.2566315930469133e-08,3.085444088515563e-08,5.245908186323706,5.491889200444631,0.3293901057295777,0.2665467740873164,0.02300455379140673,0.13967363412265896,0.026177393375676386,0.84,0.75,0.21255639097744355,0.21076923076923063,7.40758978511668,2.740801014307107,,,
healthy_002__LiDAR_Dropout__016,healthy_002,train,LiDAR Dropout,1.8863017943440894,0.896301794344089,2.116739763218801,0.8972222222222223,0.2066708640000172,0.202310660800007,0.0339179870000094,0.2693459456706941,0.0435472536098913,0.011729276204917718,0.0,0.44,0.0,0.0,0.0,0.0,0.0,0.0,3.2091623431634826,8.62494781716871,8.816363760651964,-19.43206539004426,-18.59743870117358,2.174931264281475,2.161634275801106,0.6527643227868265,0.4570319353489245,0.0037932161387090593,0.2316005803030305,0.07139224793166689,0.8,0.13,0.029063157894736822,0.3642153846153846,9.837145792668352,1.773149520048669,,,
healthy_002__LiDAR_Dropout__017,healthy_002,train,LiDAR Dropout,6.914554357830411,5.924554357830411,6.980793498203291,0.8638888888888889,0.2066708640000172,0.05082449660000275,0.034321558000002,0.2693459456706941,0.0643539067709276,0.017333463876819177,0.0,0.32,0.0,0.0,0.0,0.0,0.0,0.0,1.9718394337528795,5.616278402240578,7.556731930274999,-14.276046603177646,-7.890536806194505,2.8702615395059623,2.862820950397481,0.8902476306571059,0.8795503638042773,0.004416856328162884,0.14749896753600358,0.053142755145729484,0.95,0.34,0.07561052631578943,0.23396923076923065,7.962032457623875,6.816573789838148,,,
healthy_002__LiDAR_Dropout__018,healthy_002,train,LiDAR Dropout,1.6927355959322952,0.7027355959322944,1.653057134374614,0.8638888888888889,0.0756356190000033,0.06686281125000587,0.034321558000002,0.2567066659442411,0.0524707411595952,0.013469589022702946,0.0,0.19,0.0,0.0,0.0,0.0,0.0,0.0,1.2240518703629015,4.241409397596205,6.411236958286562,-10.275983929603669,-4.499766177855535,3.9567161789096237,4.023603670401732,0.9261448588823467,0.9615479227672225,0.02263402094375646,0.1409380886489682,0.04079115501663995,0.94,0.63,0.12192631578947363,0.13686153846153837,8.50851621682962,1.5067314464510577,,,
healthy_002__LiDAR_Dropout__019,healthy_002,train,LiDAR Dropout,6.301858871979754,5.31185887197976,6.383510369723669,0.8583333333333333,0.1112940520000016,0.10428646225000135,0.0339712140000045,0.2876796413887802,0.0350561531789033,0.010084941574977049,0.0,0.01,0.0,0.0,0.0,0.0,0.0,0.0,1.2024299559440867,3.7826745099805765,6.545922260417711,-0.4711137182525239,-0.1129689444358523,4.315215003972599,3.5655737069029954,0.9574971639078582,0.9195987528140649,0.02265802667705786,0.1552035462416812,0.042883814218851395,1.0,0.63,0.12908157894736838,0.1497846153846153,5.619700874642298,6.156711019885426,,,
healthy_002__LiDAR_Dropout__020,healthy_002,train,LiDAR Dropout,3.5922553954768492,2.6022553954768486,3.658514477873748,0.8638888888888889,0.0814487580000005,0.07571716094999839,0.0340744000000015,0.2567066659442411,0.0524707411595952,0.013469589022702946,0.0,0.11,0.0,0.0,0.0,0.0,0.0,0.0,0.9030188573748742,4.241409397596205,6.411236958286562,-10.275983929603669,-4.499766177855535,3.5893393555791926,3.541163884757748,0.9236969334028323,0.9601885789074156,0.01202982358328871,0.12823441982898165,0.03769191609456226,0.78,0.58,0.11034736842105258,0.09897435897435887,7.452016264200277,3.418569723230335,,,
healthy_002__LiDAR_Dropout__021,healthy_002,train,LiDAR Dropout,3.3086552667867624,2.3186552667867626,3.315178208922509,0.8722222222222222,0.1836574600000062,0.1742716120000117,0.0338024600000039,0.3314849640762115,0.043578332531008,0.014445561993542385,0.0,0.0,0.0,0.0,0.0,0.0,0.0,0.0,1.3760618193502112,4.687657566201394,6.457052147930224,-7.821315201957884e-07,4.750317305061929,6.214811838050143,5.544056654541169,0.4320812758588864,0.7165335547517908,0.02289936176757508,0.10724421865632218,0.061525881605952876,0.95,0.81,0.19556842105263153,0.1534564102564101,10.596677717941894,3.166399471043178,,,
healthy_002__LiDAR_Dropout__022,healthy_002,train,LiDAR Dropout,3.6465588933829354,2.656558893382935,3.857078865078425,0.8638888888888889,0.0641160970000029,0.05778718415000267,0.034321558000002,0.2693459456706941,0.0643539067709276,0.017333463876819177,0.0,0.19,0.0,0.0,0.0,0.0,0.0,0.0,1.585330777259602,4.297186037341835,6.411236958286562,-10.275983929603669,-4.499766177855535,3.79319815235458,3.5634784775094626,0.9187994870350537,0.9436537711391808,0.01202982358328871,0.14805800091727955,0.055121864411206936,0.96,0.59,0.11127368421052626,0.18275897435897417,8.407605382570956,3.6094528421334147,,,
healthy_002__LiDAR_Dropout__023,healthy_002,train,LiDAR Dropout,2.9147134851422187,1.924713485142218,3.0416819125725048,0.8666666666666667,0.2066708640000172,0.19702353819999832,0.0339179870000094,0.2693459456706941,0.0643539067709276,0.017333463876819177,0.0,0.44,0.0,0.0,0.0,0.0,0.0,0.0,3.3630694169631137,8.62494781716871,8.816363760651964,-19.43206539004426,-18.59743870117358,3.217568170740043,3.068816771836851,0.8045136621012581,0.6662631674315148,0.0037932161387090593,0.2316005803030305,0.07139224793166689,0.95,0.27,0.06125263157894734,0.3834461538461539,6.9242932801644566,2.8781040763045853,,,
healthy_002__LiDAR_Dropout__024,healthy_002,train,LiDAR Dropout,5.319382286745507,4.329382286745507,5.422345966972557,0.8722222222222222,0.1298822630000007,0.12241392770000357,0.0338610090000024,0.2926730121304112,0.0427953844912614,0.012525054084336558,0.0,0.01,0.0,0.0,0.0,0.0,0.0,0.0,1.1787310565755802,2.440527119303218,6.545922260417711,-0.4711137182525239,-0.1129689444358523,5.299759026892028,4.5140018808212234,0.954597318867632,0.9379346367653169,0.023014156379150857,0.12766657382704905,0.033490435380457644,1.0,0.78,0.16242894736842095,0.13979487179487163,5.996375794483839,5.255616953515933,,,
healthy_002__LiDAR_Dropout__025,healthy_002,train,LiDAR Dropout,5.576806898244208,4.586806898244207,5.5871258262862025,0.8583333333333333,0.1079502230000031,0.10308961935000283,0.0340097520000028,0.2876796413887802,0.0350561531789033,0.010084941574977049,0.0,0.13,0.0,0.0,0.0,0.0,0.0,0.0,1.413173536966003,3.7826745099805765,6.545922260417711,-3.4918329982655707,-1.478819387312446,4.085836317470733,3.284162636421097,0.9554074618917598,0.9395440193996963,0.02265802667705786,0.1552035462416812,0.042883814218851395,0.98,0.52,0.11692368421052626,0.17234871794871778,8.376034463449145,5.459899117582591,,,
healthy_002__LiDAR_Dropout__026,healthy_002,train,LiDAR Dropout,4.5176441685476645,3.5276441685476643,4.714269830862669,0.8666666666666667,0.2031938890000049,0.19426113460000557,0.0338024600000039,0.3314849640762115,0.0393995298920847,0.013060351750897318,0.0,0.3,0.0,0.0,0.0,0.0,0.0,0.0,1.8185178766006245,5.442963222838019,7.052703672574204,-12.435157085823732,-6.481197965989604,2.651957317309369,2.6829574505649223,0.863700519216443,0.9146987552214377,0.011947557064342395,0.1539194169125479,0.06992562183902078,0.73,0.29,0.07248421052631575,0.2023384615384614,10.565029157750297,4.463585533165196,,,
healthy_002__LiDAR_Dropout__027,healthy_002,train,LiDAR Dropout,3.302517109935974,2.3125171099359734,3.499823946032775,0.875,0.1404337390000005,0.12999609015000063,0.0338936910000011,0.2926730121304112,0.0608772753218906,0.01781713553875007,0.0,0.0,0.0,0.0,0.0,0.0,0.0,0.0,1.6021209759696924,7.023109083202004,9.119562933938887,2.696817679807169e-08,3.614465362966092e-08,5.410949167717031,5.684718178519075,0.5736575365408484,0.5756888181058621,0.02299786647485279,0.1351962188452567,0.026177393375676386,0.9,0.81,0.20443274853801163,0.20013675213675203,10.67311934613144,3.172653825869146,,,
healthy_002__LiDAR_Dropout__028,healthy_002,train,LiDAR Dropout,1.0210044943585437,0.0547724889179255,1.1969402374386218,0.9,0.2066708640000172,0.202310660800007,0.0339179870000094,0.2693459456706941,0.0435472536098913,0.011729276204917718,0.0,0.44,0.0,0.0,0.0,0.0,0.0,0.0,3.1750172772582794,8.62494781716871,8.816363760651964,-19.43206539004426,-18.59743870117358,2.098223929266209,2.119199092699095,0.6239837850952882,0.4477951151509866,0.0037932161387090593,0.2316005803030305,0.07139224793166689,0.79,0.13,0.02709473684210524,0.3603692307692307,5.027712793059965,0.9428145957376453,,,
healthy_002__LiDAR_Dropout__029,healthy_002,train,LiDAR Dropout,5.406497181378636,4.416497181378636,5.689441356821782,0.8722222222222222,0.2066708640000172,0.202310660800007,0.0339179870000094,0.2693459456706941,0.0643539067709276,0.017333463876819177,0.0,0.44,0.0,0.0,0.0,0.0,0.0,0.0,3.3536839536928147,8.62494781716871,8.816363760651964,-19.43206539004426,-18.59743870117358,2.840669921452132,2.681557968248117,0.7796163996907878,0.6028205287934307,0.0037932161387090593,0.2316005803030305,0.07139224793166689,0.89,0.21,0.04863157894736839,0.3819076923076923,5.159194623236446,5.3837977557010275,,,
healthy_002__LiDAR_Dropout__030,healthy_002,train,LiDAR Dropout,0.7704661372342538,0.05854189624999359,1.0204754994062324,0.8638888888888889,0.2066708640000172,0.05082449660000275,0.034321558000002,0.2693459456706941,0.0643539067709276,0.017333463876819177,0.0,0.31,0.0,0.0,0.0,0.0,0.0,0.0,1.9492111210198866,5.616278402240578,7.556731930274999,-14.276046603177646,-7.890536806194505,2.8694757185827946,2.8599748922290025,0.8896341623235579,0.8805859118330458,0.004416856328162884,0.14749896753600358,0.053142755145729484,0.95,0.34,0.07595789473684206,0.2314051282051281,7.79454464214353,0.7344805856581527,,,
healthy_002__LiDAR_Dropout__031,healthy_002,train,LiDAR Dropout,3.2004728176602795,2.2104728176602793,3.269805074804946,0.8638888888888889,0.0892067629999999,0.07982860760000744,0.0340744000000015,0.2567066659442411,0.0524707411595952,0.013469589022702946,0.0,0.12,0.0,0.0,0.0,0.0,0.0,0.0,0.7831401265563326,2.4320408237854654,3.7372894304348456,-3.4918329982655707,-1.478819387312446,3.467885147386882,3.4498710344557453,0.9483506996238803,0.9707976250359102,0.011905035393099495,0.12823441982898165,0.037768628796365014,0.78,0.56,0.10895789473684207,0.08986666666666658,10.272581718695237,3.0502817016157344,,,
healthy_002__LiDAR_Dropout__032,healthy_002,train,LiDAR Dropout,5.746106016217773,4.756106016217772,5.7808969349562505,0.8583333333333333,0.099451344000002,0.09057305459999831,0.0340744000000015,0.2685031951844936,0.0350561531789033,0.009412689139412579,0.0,0.12,0.0,0.0,0.0,0.0,0.0,0.0,0.8122478497612967,2.4503712028300293,3.7372894304348456,-3.4918329982655707,-1.478819387312446,3.385052140188391,3.4976197982289072,0.9503227614903325,0.9644798628285383,0.011940734404111746,0.15097029419574734,0.040473753127176,0.78,0.56,0.10861052631578944,0.09614358974358968,5.963529875509512,5.581919791302366,,,
healthy_002__LiDAR_Dropout__033,healthy_002,train,LiDAR Dropout,6.771371776067439,5.781371776067439,7.077246083510291,0.8638888888888889,0.2066708640000172,0.05796227624999901,0.0339179870000094,0.2693459456706941,0.0643539067709276,0.017333463876819177,0.0,0.36,0.0,0.0,0.0,0.0,0.0,0.0,2.8982648754895917,8.62494781716871,8.816363760651964,-19.43206539004426,-18.59743870117358,3.3609889381576283,3.2411525285799394,0.8146382066890827,0.7625051158285849,0.0037932161387090593,0.2316005803030305,0.059702909362423916,0.94,0.34,0.07549473684210523,0.3357435897435898,10.792495720890413,6.770553446999569,,,
healthy_002__LiDAR_Dropout__034,healthy_002,train,LiDAR Dropout,6.282677633289162,5.292677633289162,6.394667956264568,0.8583333333333333,0.1125890429999998,0.10465584570000226,0.0339712140000045,0.2876796413887802,0.0350561531789033,0.010084941574977049,0.0,0.01,0.0,0.0,0.0,0.0,0.0,0.0,1.2553169475706134,3.7826745099805765,6.545922260417711,-0.4711137182525239,-0.1129689444358523,4.512173743814802,3.8207860590880527,0.9500226250627044,0.9114160354106714,0.022704861654929593,0.15049241425190024,0.03153199861165624,1.0,0.67,0.13649210526315783,0.15350769230769223,8.56563616580948,6.232328775329886,,,
healthy_002__LiDAR_Dropout__035,healthy_002,train,LiDAR Dropout,3.81064224812154,2.820642248121539,3.9544281776894334,0.8722222222222222,0.1273273990000003,0.12190994730000165,0.0338610090000024,0.2926730121304112,0.0427953844912614,0.012525054084336558,0.0,0.01,0.0,0.0,0.0,0.0,0.0,0.0,1.3081448521574766,3.768485725109968,6.545922260417711,-0.4711137182525239,-0.1129689444358523,5.379523036548384,4.448227787532781,0.949703125118075,0.9293241395015103,0.023014156379150857,0.12766657382704905,0.033490435380457644,1.0,0.74,0.16254473684210521,0.155179487179487,9.865777413439531,3.73511037358168,,,
healthy_002__LiDAR_Dropout__036,healthy_002,train,LiDAR Dropout,3.4744017549793567,2.4844017549793556,3.538365440050599,0.8833333333333333,0.173226876000001,0.16269135260001658,0.0339969810000297,0.2852103642259094,0.043578332531008,0.012428992093526587,0.0,0.17,0.0,0.0,0.0,0.0,0.0,0.0,1.4091023572845367,4.736867109539785,6.506709787039063,-10.584318032174185,-3.5440306359869136,4.788390393404283,4.009706354898769,0.9444991162767352,0.9679767247569183,0.013733085554267364,0.09424347025479428,0.034806954991617255,0.95,0.62,0.1357052631578947,0.15685128205128188,8.643268582964433,3.3773701296964393,,,
healthy_002__LiDAR_Dropout__037,healthy_002,train,LiDAR Dropout,5.8826213144328685,4.892621314432867,6.008243575486815,0.8638888888888889,0.0692142940000053,0.06167737195000099,0.034321558000002,0.2567066659442411,0.0643539067709276,0.016520076847651347,0.0,0.19,0.0,0.0,0.0,0.0,0.0,0.0,1.1698727498394887,4.241409397596205,6.411236958286562,-10.275983929603669,-4.499766177855535,4.224954660807521,4.08745352677617,0.9481271412500076,0.9671148448273199,0.01202982358328871,0.1409380886489682,0.03859684791881335,0.96,0.65,0.12632631578947365,0.13250256410256395,5.710394499072013,5.706928518030702,,,
healthy_002__LiDAR_Dropout__038,healthy_002,train,LiDAR Dropout,6.262472221911859,5.272472221911859,6.26549692156771,0.8583333333333333,0.0944433700000075,0.0892097953499998,0.0340744000000015,0.2685031951844936,0.0230130985621498,0.006179090495032897,0.0,0.12,0.0,0.0,0.0,0.0,0.0,0.0,0.6729519475467092,2.4320408237854654,3.7372894304348456,-3.4918329982655707,-1.478819387312446,3.3093037629727515,3.5733206718504045,0.9557277954538056,0.9732301429626617,0.01189954896185095,0.15097029419574734,0.040473753127176,0.78,0.56,0.108378947368421,0.0810153846153846,6.822779710459665,6.208305814909323,,,
healthy_002__LiDAR_Dropout__039,healthy_002,train,LiDAR Dropout,5.0625695109248365,4.072569510924836,5.146816158389133,0.8638888888888889,0.2066708640000172,0.04723289049999617,0.034321558000002,0.2693459456706941,0.0643539067709276,0.017333463876819177,0.0,0.34,0.0,0.0,0.0,0.0,0.0,0.0,2.286543144124482,8.047807244661664,8.686763038514282,-18.864954094721018,-15.704515590443402,3.039975332897984,2.9564689202646575,0.8521732060729317,0.8388887518165822,0.004237331342667459,0.17529129662069756,0.053142755145729484,0.94,0.34,0.07607368421052628,0.2689538461538461,7.7820542880890065,5.047798648344297,,,
healthy_002__LiDAR_Dropout__040,healthy_002,train,LiDAR Dropout,4.7902657975397664,3.8002657975397662,4.659931605430578,0.8777777777777778,0.2045297520000133,0.20322320184999826,0.0339181200000098,0.2739914615074958,0.0564755491456446,0.01547381824985357,0.02,0.24,0.02,0.0,0.0,0.0,0.0,0.0,2.996164605034593,8.67203742960026,8.89819308624146,-19.43206539004426,-18.59743870117358,4.434088351691881,3.1819513366604757,0.8557071137334992,0.5918034076716954,0.022792339580795785,0.16211131209259771,0.05224957296025902,0.73,0.35,0.10096842105263151,0.33754871794871777,7.260404047249258,4.597903102468745,,,
healthy_002__LiDAR_Dropout__041,healthy_002,train,LiDAR Dropout,2.134304441556446,1.1443044415564452,2.1421434342401513,0.8638888888888889,0.0615490180000009,0.05522073595000264,0.034321558000002,0.2693459456706941,0.0643539067709276,0.017333463876819177,0.0,0.19,0.0,0.0,0.0,0.0,0.0,0.0,1.5375007519169606,4.297186037341835,6.411236958286562,-10.275983929603669,-4.499766177855535,3.3575426742211167,3.213046337930537,0.9146809051223538,0.9416544262135952,0.011889771318590855,0.14805800091727955,0.06144048539831165,0.96,0.52,0.09818947368421047,0.17660512820512808,8.133505363894233,2.050256337986415,,,
healthy_002__LiDAR_Dropout__042,healthy_002,train,LiDAR Dropout,1.4711890006231936,0.4811890006231895,1.644099879340201,0.8583333333333333,0.1125890429999998,0.10465584570000226,0.0339712140000045,0.2876796413887802,0.0350561531789033,0.010084941574977049,0.0,0.01,0.0,0.0,0.0,0.0,0.0,0.0,1.240465796999309,3.7826745099805765,6.545922260417711,-0.4711137182525239,-0.1129689444358523,4.4606645404113126,3.7530049793219407,0.9514431941041109,0.9137047810031742,0.022704861654929593,0.15049241425190024,0.03153199861165624,1.0,0.66,0.13463947368421045,0.15222564102564093,7.064846468380088,1.3099039406213198,,,
healthy_002__LiDAR_Dropout__043,healthy_002,train,LiDAR Dropout,6.977953202802419,5.9879532028024185,6.913048459586554,0.8638888888888889,0.0744841170000043,0.06535831600000744,0.034321558000002,0.2567066659442411,0.0524707411595952,0.013469589022702946,0.0,0.19,0.0,0.0,0.0,0.0,0.0,0.0,1.1933852172129706,4.241409397596205,6.411236958286562,-10.275983929603669,-4.499766177855535,4.127121245498421,4.1635080569234315,0.9422679050460497,0.9681429376650437,0.012567048945919194,0.1409380886489682,0.04079115501663995,0.96,0.65,0.12609473684210523,0.13327179487179475,9.853817615040494,6.838827875585732,,,
healthy_002__LiDAR_Dropout__044,healthy_002,train,LiDAR Dropout,4.784848541590493,3.7948485415904916,4.8743847703976115,0.8972222222222223,0.2045297520000133,0.20281828854999873,0.0338893769999941,0.2739914615074958,0.0564755491456446,0.01547381824985357,0.02,0.34,0.02,0.0,0.0,0.0,0.0,0.0,3.477385441982636,8.67203742960026,8.89819308624146,-19.43206539004426,-18.59743870117358,4.081515914326714,2.780944297310685,0.8436228755311743,0.6085968298123651,0.022792339580795785,0.21869331519779048,0.07139224793166689,0.72,0.24,0.0818631578947368,0.3906153846153844,10.228454520447283,4.695676933990388,,,
healthy_002__LiDAR_Dropout__045,healthy_002,train,LiDAR Dropout,4.23089546255146,3.2408954625514594,4.416047632158487,0.8638888888888889,0.0667390490000059,0.06045854835000233,0.034321558000002,0.2554706364512117,0.0643539067709276,0.016440533520890817,0.0,0.19,0.0,0.0,0.0,0.0,0.0,0.0,1.3321535168349976,4.241409397596205,6.411236958286562,-10.275983929603669,-4.499766177855535,4.2753090063182935,3.9113381924227584,0.9435116529149583,0.9612438006850096,0.01202982358328871,0.1409380886489682,0.03859684791881335,0.96,0.63,0.12435789473684206,0.15096410256410236,5.215393316044153,4.067984733122433,,,
healthy_002__LiDAR_Dropout__046,healthy_002,train,LiDAR Dropout,5.317367755789978,4.327367755789977,5.287050582874854,0.8833333333333333,0.1778914350000064,0.168752451349993,0.0339969810000297,0.3314849640762115,0.043578332531008,0.014445561993542385,0.0,0.07,0.0,0.0,0.0,0.0,0.0,0.0,1.4364106776124732,4.736867109539785,6.506709787039063,-10.584318032174185,-3.5440306359869136,5.752968406579631,4.730609524660767,0.9238991390814091,0.9549434631229284,0.02276331723106161,0.07014567145372007,0.03336299455741878,1.0,0.77,0.167778947368421,0.1632615384615383,5.242395373052979,5.146521122865774,,,
healthy_002__LiDAR_Dropout__047,healthy_002,train,LiDAR Dropout,6.721319413627772,5.731319413627773,6.897249565806142,0.8722222222222222,0.1894699360000089,0.1799482372,0.0338024600000039,0.3314849640762115,0.043578332531008,0.014445561993542385,0.0,0.0,0.0,0.0,0.0,0.0,0.0,0.0,0.869144643715527,3.7612406181976907,6.457052147930224,-8.916621392574078e-07,-8.247817817384944e-07,5.2207832462589625,5.057208276040601,-0.18937233430695805,0.07810332541044537,0.02289936176757508,0.10319598125404557,0.061525881605952876,0.8,0.73,0.1715999999999999,0.096276923076923,5.270688474255671,6.596006842669809,,,
healthy_002__LiDAR_Dropout__048,healthy_002,train,LiDAR Dropout,5.988985159708527,4.998985159708527,6.055385586552069,0.8722222222222222,0.1260086939999993,0.11740392310000158,0.0338610090000024,0.2926730121304112,0.0381974550816599,0.011179364234465484,0.0,0.01,0.0,0.0,0.0,0.0,0.0,0.0,1.5694829104958798,3.7826745099805765,6.545922260417711,-0.4711137182525239,-0.1129689444358523,5.520761117648947,4.328127810294942,0.9504033578590375,0.9210628513161145,0.022698201671814584,0.12766657382704905,0.033490435380457644,1.0,0.73,0.1621973684210526,0.18415384615384592,5.358946023903795,5.958658285259696,,,
healthy_002__LiDAR_Dropout__049,healthy_002,train,LiDAR Dropout,4.27575059645974,3.2857505964597395,4.444093105802584,0.8638888888888889,0.2066708640000172,0.05796227624999901,0.0339939430000129,0.2693459456706941,0.0643539067709276,0.017333463876819177,0.0,0.36,0.0,0.0,0.0,0.0,0.0,0.0,2.847104793702579,8.62494781716871,8.816363760651964,-19.43206539004426,-18.59743870117358,3.3354005959794453,3.2155807889711103,0.8138502668356339,0.76984825249831,0.0037932161387090593,0.2316005803030305,0.059702909362423916,0.94,0.34,0.07549473684210523,0.3301025641025641,10.494469147272257,4.274923115360737,,,
healthy_002__LiDAR_Dropout__050,healthy_002,train,LiDAR Dropout,6.858213055728576,5.868213055728575,6.9463358801023976,0.8638888888888889,0.0641160970000029,0.05778718415000267,0.034321558000002,0.2554706364512117,0.0643539067709276,0.016440533520890817,0.0,0.19,0.0,0.0,0.0,0.0,0.0,0.0,1.5373025278975874,4.297186037341835,6.411236958286562,-10.275983929603669,-4.499766177855535,4.007750446894762,3.7252467398102582,0.922846276460698,0.9499506630278352,0.01202982358328871,0.14805800091727955,0.04300384786253152,0.96,0.6,0.11764210526315785,0.17686153846153826,5.378703024223226,6.803139624578073,,,
healthy_002__LiDAR_Dropout__051,healthy_002,train,LiDAR Dropout,6.904334969821199,5.914334969821199,6.853836943862718,0.8583333333333333,0.1125890429999998,0.10465584570000226,0.0339712140000045,0.2876796413887802,0.0350561531789033,0.010084941574977049,0.0,0.01,0.0,0.0,0.0,0.0,0.0,0.0,1.240465796999309,3.7826745099805765,6.545922260417711,-0.4711137182525239,-0.1129689444358523,4.4606645404113126,3.7530049793219407,0.9514431941041109,0.9137047810031742,0.022704861654929593,0.15049241425190024,0.03153199861165624,1.0,0.66,0.13463947368421045,0.15222564102564093,6.716283811042372,6.775551127816316,,,
healthy_002__LiDAR_Dropout__052,healthy_002,train,LiDAR Dropout,5.977001976537955,4.987001976537955,6.271890090812247,0.8694444444444445,0.1934121350000168,0.1861880012999939,0.0338024600000039,0.3314849640762115,0.043578332531008,0.014445561993542385,0.0,0.17,0.0,0.0,0.0,0.0,0.0,0.0,1.2505826700518738,4.272895852680911,6.457052147930224,-6.475799386227127,-2.7944420270459056,3.8844229936704253,3.7839033797510173,0.9011191579805361,0.9483070551274881,0.012673102933994596,0.14654682073687628,0.06663326229071809,0.73,0.5,0.12018947368421048,0.1370358974358973,9.247063366408687,5.929120828701878,,,
healthy_002__LiDAR_Dropout__053,healthy_002,train,LiDAR Dropout,1.6280316062429072,0.6380316062429061,1.7884286873328856,0.8666666666666667,0.1985719750000072,0.19329260605000226,0.0338024600000039,0.3314849640762115,0.043578332531008,0.014445561993542385,0.0,0.3,0.0,0.0,0.0,0.0,0.0,0.0,1.8764096083334538,5.442963222838019,7.052703672574204,-12.435157085823732,-6.481197965989604,3.16465957264818,3.124539835869372,0.8766754505193526,0.9237536061949514,0.011947557064342395,0.15353421379489676,0.06992562183902078,0.73,0.34,0.08834736842105262,0.20644102564102546,10.660294107667116,1.4996921177827947,,,
healthy_002__LiDAR_Dropout__054,healthy_002,train,LiDAR Dropout,6.510321337800831,5.520321337800831,6.704747076413249,0.8638888888888889,0.2066708640000172,0.19702353819999832,0.0339179870000094,0.2693459456706941,0.0643539067709276,0.017333463876819177,0.0,0.42,0.0,0.0,0.0,0.0,0.0,0.0,3.2995410665898244,8.62494781716871,8.816363760651964,-19.43206539004426,-18.59743870117358,3.45621297480797,3.3634990474841793,0.8152097988398794,0.7193891567490952,0.0037932161387090593,0.2316005803030305,0.06459253268854535,0.98,0.32,0.07202105263157892,0.37830769230769234,8.260973570479164,6.363205930819236,,,
healthy_002__LiDAR_Dropout__055,healthy_002,train,LiDAR Dropout,3.6143553321644033,2.624355332164403,3.7412467419485798,0.8666666666666667,0.2044095020000043,0.20319459760000455,0.0339181200000098,0.2739914615074958,0.0564755491456446,0.01547381824985357,0.02,0.1,0.02,0.0,0.0,0.0,0.0,0.0,1.8423413022279664,8.232435186558064,8.89819308624146,-12.435157085823732,-6.654930735200873,4.148911629858556,2.830181983731558,0.8790817034347367,0.8322558484325713,0.022792339580795785,0.11007341363011842,0.032802636246984415,0.74,0.43,0.1094210526315789,0.2111999999999998,7.897630336830703,3.575344304781625,,,
healthy_002__LiDAR_Dropout__056,healthy_002,train,LiDAR Dropout,1.3154049113617965,0.3254049113617958,1.3386762076606622,0.8638888888888889,0.0803807210000044,0.07454169210000425,0.0340744000000015,0.2567066659442411,0.0524707411595952,0.013469589022702946,0.0,0.11,0.0,0.0,0.0,0.0,0.0,0.0,0.9384449833634027,4.241409397596205,6.411236958286562,-10.275983929603669,-4.499766177855535,3.6070479800643707,3.5588813862610995,0.9204642648145684,0.960104871747217,0.01202982358328871,0.12823441982898165,0.03769191609456226,0.78,0.58,0.11034736842105258,0.103076923076923,7.349041050106589,1.2654453820825307,,,
healthy_002__LiDAR_Dropout__057,healthy_002,train,LiDAR Dropout,6.696456907852585,5.7064569078525835,6.796978580409295,0.8666666666666667,0.203658859000015,0.19950522710001192,0.0339181200000098,0.2739914615074958,0.0521502956966975,0.014288735735986217,0.0,0.3,0.0,0.0,0.0,0.0,0.0,0.0,1.327978200403206,5.137467109061156,7.052703672574204,-12.435157085823732,-6.481197965989604,2.5498375804604088,2.4587139597145566,0.9014366382262041,0.9306678035743505,0.011764707091925218,0.14412808980113448,0.02349164820678333,0.73,0.35,0.06507368421052628,0.1491384615384614,7.6764373575213565,6.563312277831109,,,
healthy_002__LiDAR_Dropout__058,healthy_002,train,LiDAR Dropout,2.0890174645574398,1.0990174645574389,2.3393855032988458,0.875,0.1415517950000007,0.13320664435000062,0.0338936910000011,0.2926730121304112,0.0608772753218906,0.01781713553875007,0.0,0.0,0.0,0.0,0.0,0.0,0.0,0.0,1.4987484009143128,7.023109083202004,9.119562933938887,-4.160648766828794e-09,2.7018870491697845e-08,4.959348709518673,5.132886246516215,0.19944487648238524,0.22201001731409153,0.02298895005278087,0.1425932972517988,0.026177393375676386,0.78,0.69,0.21569500674763822,0.21580539119000638,5.945140047904877,1.9966646959819476,,,
healthy_002__LiDAR_Dropout__059,healthy_002,train,LiDAR Dropout,6.717657387789484,5.727657387789484,6.941072488307542,0.8583333333333333,0.1079502230000031,0.09980951449999861,0.0340097520000028,0.2876796413887802,0.0350561531789033,0.010084941574977049,0.0,0.13,0.0,0.0,0.0,0.0,0.0,0.0,1.4096994842106918,3.7826745099805765,6.545922260417711,-3.4918329982655707,-1.478819387312446,4.0596620357067925,3.2543475028359463,0.9549188094788401,0.9395567403238952,0.02265802667705786,0.1552035462416812,0.042883814218851395,0.96,0.51,0.11599736842105259,0.17234871794871778,8.094534057728307,6.597914669333235,,,
healthy_002__TF_Delay_/_Discontinuity__000,healthy_002,train,TF Delay / Discontinuity,0.1069079290000019,0.10496516249999918,0.2020944590000013,0.8583333333333333,1.8257096247156752,0.8357096247156744,0.0340744000000015,0.2685031951844936,0.0350561531789033,0.009412689139412579,0.0,0.12,0.0,0.0,0.0,0.0,0.0,0.0,1.2859155092722878,3.7826745099805765,6.545922260417711,-3.4918329982655707,-1.478819387312446,3.9100752847906337,3.205756392168025,0.9485563616185978,0.9300765482016142,0.013122988943812027,0.1552035462416812,0.040473753127176,0.84,0.5,0.11333421052631575,0.15676923076923063,5.294705862500241,1.6676915449878784,,,
healthy_002__TF_Delay_/_Discontinuity__001,healthy_002,train,TF Delay / Discontinuity,0.139391733,0.13776724404999985,0.2020274430000004,0.875,4.409218017853942,3.4192180178539417,0.0338936910000011,0.2926730121304112,0.0608772753218906,0.01781713553875007,0.0,0.0,0.0,0.0,0.0,0.0,0.0,0.0,1.6228966327392076,7.023109083202004,9.119562933938887,2.7021538580836062e-08,1.8959702522239905,5.521017767778643,5.792180388126712,0.7342501522034559,0.7696995497954268,0.02299006460553986,0.14083576220076569,0.026177393375676386,0.97,0.84,0.19314161692892018,0.18701559608776094,6.170745446554019,4.281989202633532,,,
healthy_002__TF_Delay_/_Discontinuity__002,healthy_002,train,TF Delay / Discontinuity,0.1904874599999999,0.1870379719000098,0.2020518979999934,0.8722222222222222,4.740832938659655,3.750832938659654,0.0338024600000039,0.3314849640762115,0.043578332531008,0.014445561993542385,0.0,0.0,0.0,0.0,0.0,0.0,0.0,0.0,1.1353132463771287,4.687657566201394,6.457052147930224,-8.323262870517577e-07,-7.836774387631944e-07,5.747046345200727,5.3171922587177844,-0.1173481789106544,0.0497893153118547,0.02289936176757508,0.10319598125404557,0.061525881605952876,0.86,0.73,0.1845684210526315,0.12704615384615375,8.22331330216604,4.643734207204208,,,
healthy_002__TF_Delay_/_Discontinuity__003,healthy_002,train,TF Delay / Discontinuity,0.1118453139999999,0.11053302010000234,0.2020944590000013,0.8583333333333333,4.594129017038466,3.6041290170384657,0.0339712140000045,0.2876796413887802,0.0350561531789033,0.010084941574977049,0.0,0.07,0.0,0.0,0.0,0.0,0.0,0.0,1.3309782266432708,3.7826745099805765,6.545922260417711,-3.4918329982655707,-1.478819387312446,4.188298804473835,3.3842084588969477,0.9538155807965053,0.9320132311256635,0.02265802667705786,0.1552035462416812,0.042883814218851395,1.0,0.57,0.1216710526315789,0.1646564102564101,9.803501724043102,4.592070123585174,,,
healthy_002__TF_Delay_/_Discontinuity__004,healthy_002,train,TF Delay / Discontinuity,0.1973787270000002,0.1961944833000018,0.2020518979999934,0.8694444444444445,2.941980928749593,1.9519809287495922,0.0338024600000039,0.3314849640762115,0.043578332531008,0.014445561993542385,0.0,0.19,0.0,0.0,0.0,0.0,0.0,0.0,1.3281265043016923,4.34258199767897,6.457052147930224,-6.475799386227127,-3.363541758912428,3.783856922939994,3.706867608556166,0.8985429074465386,0.9368133173825166,0.012673102933994596,0.14654682073687628,0.06663326229071809,0.73,0.48,0.11625263157894733,0.14575384615384604,10.693058642034705,2.8917748872665303,,,
healthy_002__TF_Delay_/_Discontinuity__005,healthy_002,train,TF Delay / Discontinuity,0.1322835569999991,0.1307759347500003,0.2016123239999991,0.875,3.4872644545992753,2.497264454599275,0.0338610090000024,0.2926730121304112,0.0608772753218906,0.01781713553875007,0.0,0.01,0.0,0.0,0.0,0.0,0.0,0.0,1.071675849375152,2.391550311211492,2.7875672339627124,-0.4711137182525239,-0.1129689444358523,5.23068359163969,4.617488673956982,0.9599483582732828,0.95480584564548,0.022986720947262892,0.11807866391015319,0.025935206856304967,1.0,0.81,0.16242894736842095,0.12205128205128186,6.355573747500695,3.458401863757774,,,
healthy_002__TF_Delay_/_Discontinuity__006,healthy_002,train,TF Delay / Discontinuity,0.1826415969999999,0.18076856554999807,0.2017689030000156,0.8833333333333333,5.579105058942867,4.589105058942866,0.0339969810000297,0.3314849640762115,0.043578332531008,0.014445561993542385,0.0,0.0,0.0,0.0,0.0,0.0,0.0,0.0,1.2319880521392503,4.183643368867523,4.8205843945918,0.87614098956681,2.7164116316206157,6.203299918065301,5.116650489503833,0.9011183482593084,0.923333318160893,0.02276331723106161,0.09526144114160844,0.05293366547565241,1.0,0.86,0.18699999999999994,0.13839999999999983,7.269858934240491,5.55587124609183,,,
healthy_002__TF_Delay_/_Discontinuity__007,healthy_002,train,TF Delay / Discontinuity,0.0510893180000096,0.04922374825000091,0.2015905060000022,0.8638888888888889,2.7492727336501535,1.7592727336501521,0.0339179870000094,0.2693459456706941,0.0643539067709276,0.017333463876819177,0.0,0.38,0.0,0.0,0.0,0.0,0.0,0.0,3.002863762060412,8.62494781716871,8.816363760651964,-19.43206539004426,-18.59743870117358,3.41334122847187,3.2933991248365193,0.8172877880365647,0.7552558088344743,0.0037932161387090593,0.2316005803030305,0.059702909362423916,0.96,0.34,0.07549473684210523,0.34805128205128205,6.0968526225858595,2.720624949406745,,,
healthy_002__TF_Delay_/_Discontinuity__008,healthy_002,train,TF Delay / Discontinuity,0.0316337419999968,0.030917688249994746,0.2017400590000022,0.8972222222222223,3.578572955928771,2.588572955928771,0.0338893769999941,0.2739914615074958,0.0564755491456446,0.01547381824985357,0.02,0.33,0.02,0.0,0.0,0.0,0.0,0.0,3.455012477823101,8.67203742960026,8.89819308624146,-19.43206539004426,-18.59743870117358,4.133488852005944,2.8306016491711468,0.8400966993190622,0.6142927287957897,0.022792339580795785,0.21869331519779048,0.07139224793166689,0.72,0.25,0.0840631578947368,0.3880512820512819,9.03712036810936,3.4389864048969905,,,
healthy_002__TF_Delay_/_Discontinuity__009,healthy_002,train,TF Delay / Discontinuity,0.1090450930000024,0.10695794570000192,0.2020944590000013,0.8583333333333333,1.7903600973814615,0.8003600973814607,0.0340744000000015,0.2876796413887802,0.0350561531789033,0.010084941574977049,0.0,0.13,0.0,0.0,0.0,0.0,0.0,0.0,1.3452835241058134,3.7826745099805765,6.545922260417711,-3.4918329982655707,-1.478819387312446,3.964313347006977,3.21812837446674,0.9522645278446316,0.935778988955896,0.013122988943812027,0.1552035462416812,0.042883814218851395,0.89,0.5,0.11426052631578942,0.16523076923076907,9.331440677076058,1.7639001621601036,,,
healthy_002__TF_Delay_/_Discontinuity__010,healthy_002,train,TF Delay / Discontinuity,0.1842101460000123,0.1826524212500004,0.2014729200000147,0.875,1.4928525216876956,0.5028525216876959,0.0339969810000297,0.3314849640762115,0.043578332531008,0.014445561993542385,0.0,0.0,0.0,0.0,0.0,0.0,0.0,0.0,1.457494128583756,4.687657566201394,6.457052147930224,2.7614155987676003,5.404696632842704,6.367410723087533,5.59647178922276,0.7105434895591312,0.8333965709184071,0.02276331723106161,0.10319598125404557,0.06163541539161908,1.0,0.87,0.19776842105263145,0.15891282051282038,6.12742147421886,1.3760678858448792,,,
healthy_002__TF_Delay_/_Discontinuity__011,healthy_002,train,TF Delay / Discontinuity,0.0592225530000121,0.05742145315000256,0.2015905060000022,0.8638888888888889,4.0880306443156735,3.0980306443156724,0.034321558000002,0.2693459456706941,0.0643539067709276,0.017333463876819177,0.0,0.31,0.0,0.0,0.0,0.0,0.0,0.0,1.9492111210198866,5.616278402240578,7.556731930274999,-14.276046603177646,-7.890536806194505,2.8694757185827946,2.8599748922290025,0.8896341623235579,0.8805859118330458,0.004416856328162884,0.14749896753600358,0.053142755145729484,0.95,0.34,0.07595789473684206,0.2314051282051281,8.117297588658165,3.901615363102941,,,
healthy_002__TF_Delay_/_Discontinuity__012,healthy_002,train,TF Delay / Discontinuity,0.0696484260000076,0.06890133920000346,0.2014966099999924,0.8638888888888889,3.9516705268409877,2.9616705268409875,0.034321558000002,0.2554706364512117,0.0643539067709276,0.016440533520890817,0.0,0.19,0.0,0.0,0.0,0.0,0.0,0.0,1.3987486108403686,4.241409397596205,6.411236958286562,-10.275983929603669,-4.499766177855535,4.182523025522168,3.7516596407625844,0.9416095851554115,0.9602354591468006,0.01202982358328871,0.1409380886489682,0.03859684791881335,0.96,0.63,0.12065263157894732,0.1583999999999998,10.96888935697765,3.7635678598246667,,,
healthy_002__TF_Delay_/_Discontinuity__013,healthy_002,train,TF Delay / Discontinuity,0.0620632750000069,0.06176397335000586,0.2014966099999924,0.8638888888888889,1.2319374436825752,0.2419374436825741,0.034321558000002,0.2693459456706941,0.0643539067709276,0.017333463876819177,0.0,0.19,0.0,0.0,0.0,0.0,0.0,0.0,1.4477935829738622,4.297186037341835,6.411236958286562,-10.275983929603669,-4.499766177855535,2.8047601200757257,2.8191181167313726,0.9164681103711106,0.9391760767999365,0.011381153026225279,0.14805800091727955,0.053142755145729484,0.95,0.41,0.08348421052631572,0.16865641025641018,7.5305963762873676,1.1210022546192162,,,
healthy_002__TF_Delay_/_Discontinuity__014,healthy_002,train,TF Delay / Discontinuity,0.0440579170000035,0.041755522950001005,0.2015905060000022,0.9055555555555556,4.866422643440731,3.8764226434407307,0.0339179870000094,0.2693459456706941,0.0435472536098913,0.011729276204917718,0.0,0.44,0.0,0.0,0.0,0.0,0.0,0.0,3.002517036152879,8.62494781716871,8.816363760651964,-19.43206539004426,-18.59743870117358,1.6359052454873932,1.8079929299167665,0.3767105556069706,0.3685671950359417,0.0037932161387090593,0.21869331519779048,0.06459253268854535,0.71,0.06,0.014705263157894723,0.339148717948718,6.367806633339095,4.716936575443015,,,
healthy_002__TF_Delay_/_Discontinuity__015,healthy_002,train,TF Delay / Discontinuity,0.1412105080000003,0.14027682735000077,0.2020274430000004,0.875,3.713494031569655,2.723494031569655,0.0338936910000011,0.2926730121304112,0.0608772753218906,0.01781713553875007,0.0,0.0,0.0,0.0,0.0,0.0,0.0,0.0,1.5967831438462488,7.023109083202004,9.119562933938887,2.3668167814033342e-08,3.55250461714229e-08,5.368003644404953,5.636434823083555,0.4967469557229927,0.47868686002369615,0.02300009558037077,0.1366886906043907,0.026177393375676386,0.88,0.79,0.20736842105263154,0.2035198135198134,10.88832260751801,3.654731997779834,,,
healthy_002__TF_Delay_/_Discontinuity__016,healthy_002,train,TF Delay / Discontinuity,0.1922387019999973,0.19108676409999956,0.2020518979999934,0.8722222222222222,1.1477857281297321,0.19738572560649476,0.0338024600000039,0.3314849640762115,0.043578332531008,0.014445561993542385,0.0,0.0,0.0,0.0,0.0,0.0,0.0,0.0,0.7987327793102204,2.521286861170739,6.457052147930224,-8.916621392574078e-07,-8.373110089187171e-07,4.859272047960547,4.7661825588804625,-0.2424164736050837,0.09603009006880572,0.02289936176757508,0.10242644790967272,0.035661000313466404,0.75,0.69,0.16083157894736835,0.08678974358974352,7.853367039397609,1.0800841570175965,,,
healthy_002__TF_Delay_/_Discontinuity__017,healthy_002,train,TF Delay / Discontinuity,0.2012878029999996,0.1991621208000069,0.2020518979999934,0.8666666666666667,5.787579339021044,4.797579339021044,0.0338024600000039,0.3314849640762115,0.0393995298920847,0.013060351750897318,0.0,0.3,0.0,0.0,0.0,0.0,0.0,0.0,1.789153159627356,5.442963222838019,7.052703672574204,-12.435157085823732,-6.481197965989604,2.5460331367443914,2.606397986973214,0.8552705576938061,0.9132144656891154,0.011922545715344299,0.1539194169125479,0.06992562183902078,0.73,0.29,0.06912631578947365,0.1992615384615383,8.889102378002807,5.625069399715855,,,
healthy_002__TF_Delay_/_Discontinuity__018,healthy_002,train,TF Delay / Discontinuity,0.0715541430000001,0.06974706465000252,0.2014966099999924,0.8638888888888889,6.195931251068376,5.2059312510683755,0.034321558000002,0.2554706364512117,0.0643539067709276,0.016440533520890817,0.0,0.19,0.0,0.0,0.0,0.0,0.0,0.0,1.2954484636780907,4.241409397596205,6.411236958286562,-10.275983929603669,-4.499766177855535,4.295140404697632,3.9686706200896107,0.9438427468015368,0.9621819221530137,0.01202982358328871,0.1409380886489682,0.03859684791881335,0.96,0.63,0.12586315789473682,0.1468615384615383,8.82762046547987,6.094242723918628,,,
healthy_002__TF_Delay_/_Discontinuity__019,healthy_002,train,TF Delay / Discontinuity,0.0361663710000073,0.034992707300009515,0.2015905060000022,0.9027777777777778,5.001663706213582,4.011663706213581,0.0338893769999941,0.2693459456706941,0.0564755491456446,0.015211460191905404,0.02,0.46,0.02,0.0,0.0,0.0,0.0,0.0,3.9786899260223465,8.67203742960026,8.89819308624146,-19.43206539004426,-18.59743870117358,3.51126603563535,2.277772358006878,0.867585230924635,0.43534639949821563,0.021789569755685738,0.21869331519779048,0.07139224793166689,0.72,0.11,0.05418947368421048,0.4504820512820515,7.08604180901542,4.873936444507059,,,
healthy_002__TF_Delay_/_Discontinuity__020,healthy_002,train,TF Delay / Discontinuity,0.0302869090000115,0.029285562150008024,0.2017400590000022,0.8777777777777778,3.229804542854306,2.239804542854306,0.0339181200000098,0.2739914615074958,0.0564755491456446,0.01547381824985357,0.02,0.21,0.02,0.0,0.0,0.0,0.0,0.0,2.77497083785135,8.653153378458986,8.89819308624146,-19.43206539004426,-18.504784219945076,4.412862390124423,3.1653084636511353,0.8858491109031075,0.5406496145206906,0.022792339580795785,0.1611961530694199,0.05224957296025902,0.73,0.38,0.10397894736842103,0.3128102564102564,10.76352177503975,3.0367476257125166,,,
healthy_002__TF_Delay_/_Discontinuity__021,healthy_002,train,TF Delay / Discontinuity,0.0720758520000046,0.07052848415000448,0.2014966099999924,0.8638888888888889,3.951648809543408,2.9616488095434077,0.034321558000002,0.2567066659442411,0.0643539067709276,0.016520076847651347,0.0,0.19,0.0,0.0,0.0,0.0,0.0,0.0,1.2445075743902458,4.241409397596205,6.411236958286562,-10.275983929603669,-4.499766177855535,4.285177618713664,4.020708619026754,0.9454554318330163,0.964021191415388,0.01202982358328871,0.1409380886489682,0.03859684791881335,0.96,0.63,0.12644210526315786,0.14122051282051268,9.872737767122356,3.8863025828792708,,,
healthy_002__TF_Delay_/_Discontinuity__022,healthy_002,train,TF Delay / Discontinuity,0.2012878029999996,0.1991621208000069,0.2020150790000059,0.8666666666666667,2.234555726856291,1.2445557268562897,0.0339181200000098,0.2739914615074958,0.0564755491456446,0.01547381824985357,0.02,0.31,0.02,0.0,0.0,0.0,0.0,0.0,2.5149732591427756,8.232435186558064,8.89819308624146,-12.435157085823732,-6.654930735200873,4.450483037451486,3.201242533053438,0.8996337405837086,0.843681094744508,0.022792339580795785,0.15402658186863738,0.04685652052601042,0.95,0.43,0.11057894736842101,0.28848205128205107,7.758256786721552,2.057619393420013,,,
healthy_002__TF_Delay_/_Discontinuity__023,healthy_002,train,TF Delay / Discontinuity,0.2012878029999996,0.1991621208000069,0.2020150790000059,0.8666666666666667,2.0856101919165333,1.095610191916532,0.0339181200000098,0.2739914615074958,0.0564755491456446,0.01547381824985357,0.02,0.32,0.02,0.0,0.0,0.0,0.0,0.0,2.5284082364666647,8.232435186558064,8.89819308624146,-12.435157085823732,-6.654930735200873,4.457219363552656,3.2079448297571305,0.9010958625312103,0.8453552916281063,0.022792339580795785,0.15402658186863738,0.04685652052601042,0.96,0.43,0.11057894736842101,0.28976410256410234,5.78693101510826,1.9510770802472406,,,
healthy_002__TF_Delay_/_Discontinuity__024,healthy_002,train,TF Delay / Discontinuity,0.0372457120000007,0.035775298650005935,0.2015905060000022,0.9027777777777778,6.35449843345729,5.36449843345729,0.0338893769999941,0.2693459456706941,0.0564755491456446,0.015211460191905404,0.02,0.46,0.02,0.0,0.0,0.0,0.0,0.0,3.938247362223267,8.67203742960026,8.89819308624146,-19.43206539004426,-18.59743870117358,3.3015596568911163,2.1085085430617245,0.862845224981223,0.3941306284267935,0.021789569755685738,0.21869331519779048,0.07139224793166689,0.72,0.08,0.04828421052631576,0.44637948717948733,9.483618801152419,6.336533687267234,,,
healthy_002__TF_Delay_/_Discontinuity__025,healthy_002,train,TF Delay / Discontinuity,0.1007156949999981,0.0996412265000021,0.2020944590000013,0.8583333333333333,6.753927083813932,5.763927083813931,0.0340744000000015,0.2685031951844936,0.0350561531789033,0.009412689139412579,0.0,0.12,0.0,0.0,0.0,0.0,0.0,0.0,0.7906516253218208,2.4503712028300293,3.7372894304348456,-3.4918329982655707,-1.478819387312446,3.3713823949455675,3.511261891948018,0.9524686907152097,0.9652755206796395,0.011920280087447225,0.15097029419574734,0.040473753127176,0.78,0.56,0.10861052631578944,0.09357948717948712,5.664345551603326,6.723093954992564,,,
healthy_002__TF_Delay_/_Discontinuity__026,healthy_002,train,TF Delay / Discontinuity,0.1222912310000019,0.11962077860000324,0.2016123239999991,0.8583333333333333,2.5698812811980725,1.5798812811980716,0.0334028990000021,0.2926730121304112,0.0381974550816599,0.011179364234465484,0.0,0.01,0.0,0.0,0.0,0.0,0.0,0.0,1.345144350973169,3.7826745099805765,6.545922260417711,-0.4711137182525239,-0.1129689444358523,5.3411160183882895,4.451603158484939,0.9432964871652871,0.9180110360882541,0.023014557432798708,0.12766657382704905,0.031185422474721013,1.0,0.73,0.16161842105263152,0.15806153846153828,6.186001893527838,2.535375557418334,,,
healthy_002__TF_Delay_/_Discontinuity__027,healthy_002,train,TF Delay / Discontinuity,0.0532176689999914,0.0519446211499911,0.2015905060000022,0.8638888888888889,5.588048851183417,4.5980488511834166,0.0339939430000129,0.2693459456706941,0.0643539067709276,0.017333463876819177,0.0,0.36,0.0,0.0,0.0,0.0,0.0,0.0,2.5946282838873036,8.603436357741318,8.816363760651964,-19.43206539004426,-18.504784219945076,3.2090453996545762,3.0894594754807034,0.8175707151139601,0.8133132531774862,0.0037932161387090593,0.2316005803030305,0.059702909362423916,0.94,0.34,0.07549473684210523,0.30087179487179483,10.296953396204469,5.491439943198163,,,
healthy_002__TF_Delay_/_Discontinuity__028,healthy_002,train,TF Delay / Discontinuity,0.2012878029999996,0.1991621208000069,0.2017400590000022,0.8666666666666667,3.0300661040899346,2.0400661040899344,0.0339181200000098,0.2739914615074958,0.0564755491456446,0.01547381824985357,0.02,0.12,0.02,0.0,0.0,0.0,0.0,0.0,1.9317752387873224,8.232435186558064,8.89819308624146,-12.435157085823732,-6.654930735200873,4.179641354819358,2.8888861953301133,0.8810806660688942,0.8114624974528948,0.022792339580795785,0.1441483636494319,0.034340978289902256,0.76,0.43,0.10988421052631575,0.22285128205128188,6.051083407136022,2.9534005786136364,,,
healthy_002__TF_Delay_/_Discontinuity__029,healthy_002,train,TF Delay / Discontinuity,0.0620632750000069,0.06176397335000586,0.2014966099999924,0.8638888888888889,2.6184848730356904,1.6284848730356898,0.034321558000002,0.2693459456706941,0.0643539067709276,0.017333463876819177,0.0,0.19,0.0,0.0,0.0,0.0,0.0,0.0,1.4477935829738622,4.297186037341835,6.411236958286562,-10.275983929603669,-4.499766177855535,2.8047601200757257,2.8191181167313726,0.9164681103711106,0.9391760767999365,0.011381153026225279,0.14805800091727955,0.053142755145729484,0.95,0.41,0.08348421052631572,0.16865641025641018,5.884555720913515,2.422607123398037,,,
healthy_002__TF_Delay_/_Discontinuity__030,healthy_002,train,TF Delay / Discontinuity,0.0939577480000082,0.09215910060000383,0.2020944590000013,0.8638888888888889,4.2146929369465775,3.2246929369465773,0.0340744000000015,0.2567066659442411,0.0230130985621498,0.005907615804935684,0.0,0.12,0.0,0.0,0.0,0.0,0.0,0.0,0.7113606735544061,2.4320408237854654,3.7372894304348456,-3.4918329982655707,-1.478819387312446,3.371333360365378,3.5183218076526623,0.9530913727534135,0.9685307465933656,0.011872118142679704,0.1313799371743813,0.030802187198243014,0.78,0.56,0.10861052631578945,0.086851282051282,5.763657189974236,4.166510059022023,,,
healthy_002__TF_Delay_/_Discontinuity__031,healthy_002,train,TF Delay / Discontinuity,0.2012878029999996,0.1991621208000069,0.2017400590000022,0.8666666666666667,3.867750302298579,2.877750302298579,0.0339181200000098,0.2739914615074958,0.0564755491456446,0.01547381824985357,0.02,0.1,0.02,0.0,0.0,0.0,0.0,0.0,1.8423413022279664,8.232435186558064,8.89819308624146,-12.435157085823732,-6.654930735200873,4.148911629858556,2.830181983731558,0.8790817034347367,0.8322558484325713,0.022792339580795785,0.11007341363011842,0.032802636246984415,0.74,0.43,0.1094210526315789,0.2111999999999998,5.419589788861167,3.7310755411078436,,,
healthy_002__TF_Delay_/_Discontinuity__032,healthy_002,train,TF Delay / Discontinuity,0.2012878029999996,0.1991621208000069,0.2020518979999934,0.8666666666666667,5.981046080525515,4.991046080525515,0.0339181200000098,0.2739914615074958,0.0521502956966975,0.014288735735986217,0.0,0.3,0.0,0.0,0.0,0.0,0.0,0.0,1.3173834412703798,5.137467109061156,7.052703672574204,-12.435157085823732,-6.481197965989604,2.499324172512194,2.437462777320384,0.8817455828471441,0.9236370044382556,0.011764707091925218,0.15339251117993513,0.02349164820678333,0.73,0.34,0.0651894736842105,0.1521435897435896,9.487940773714682,5.834960506178151,,,
healthy_002__TF_Delay_/_Discontinuity__033,healthy_002,train,TF Delay / Discontinuity,0.0681105520000002,0.06614818705000362,0.2014966099999924,0.8638888888888889,2.2950233186160434,1.3050233186160427,0.034321558000002,0.2693459456706941,0.0643539067709276,0.017333463876819177,0.0,0.19,0.0,0.0,0.0,0.0,0.0,0.0,1.5681554176750365,4.297186037341835,6.411236958286562,-10.275983929603669,-4.499766177855535,3.8966860533229273,3.649441383843861,0.9198397187536913,0.9461415924691071,0.01202982358328871,0.14805800091727955,0.04300384786253152,0.96,0.6,0.11463157894736838,0.18045128205128186,9.923342495839165,2.216744348649897,,,
healthy_002__TF_Delay_/_Discontinuity__034,healthy_002,train,TF Delay / Discontinuity,0.0844364470000016,0.08308019109999797,0.2014966099999924,0.8638888888888889,3.708655669499705,2.718655669499704,0.0340744000000015,0.2567066659442411,0.0524707411595952,0.013469589022702946,0.0,0.11,0.0,0.0,0.0,0.0,0.0,0.0,0.9384449833634027,4.241409397596205,6.411236958286562,-10.275983929603669,-4.499766177855535,3.6070479800643707,3.5588813862610995,0.9204642648145684,0.960104871747217,0.01202982358328871,0.12823441982898165,0.03769191609456226,0.78,0.58,0.11034736842105258,0.103076923076923,6.058133458506807,3.645152598400001,,,
healthy_002__TF_Delay_/_Discontinuity__035,healthy_002,train,TF Delay / Discontinuity,0.0787210880000017,0.07774690835000045,0.2014966099999924,0.8638888888888889,5.465046391989592,4.475046391989591,0.034321558000002,0.2567066659442411,0.0524707411595952,0.013469589022702946,0.0,0.19,0.0,0.0,0.0,0.0,0.0,0.0,1.1702803140495375,4.241409397596205,6.411236958286562,-10.275983929603669,-4.499766177855535,3.787317917164512,3.8001769331829265,0.9267009802782379,0.9609119788873167,0.02263402094375646,0.1409380886489682,0.04079115501663995,0.91,0.6,0.11544210526315785,0.13045128205128195,6.445562698485873,5.436218468153924,,,
healthy_002__TF_Delay_/_Discontinuity__036,healthy_002,train,TF Delay / Discontinuity,0.0925253700000041,0.09172090109999932,0.2020944590000013,0.8638888888888889,1.625862999033252,0.6358629990332516,0.0340744000000015,0.2567066659442411,0.0230130985621498,0.005907615804935684,0.0,0.12,0.0,0.0,0.0,0.0,0.0,0.0,0.734781386251693,2.4320408237854654,3.7372894304348456,-3.4918329982655707,-1.478819387312446,3.4038809640784717,3.478758321126135,0.9508656052787097,0.9678646997070887,0.011905035393099495,0.12823441982898165,0.030802187198243014,0.78,0.56,0.10837894736842102,0.08992820512820504,6.636825980875014,1.5246090843581195,,,
healthy_002__TF_Delay_/_Discontinuity__037,healthy_002,train,TF Delay / Discontinuity,0.0695968309999983,0.06847447604999951,0.2014966099999924,0.8638888888888889,3.223155333083243,2.2331553330832428,0.034321558000002,0.2554706364512117,0.0643539067709276,0.016440533520890817,0.0,0.19,0.0,0.0,0.0,0.0,0.0,0.0,1.4077708586212667,4.241409397596205,6.411236958286562,-10.275983929603669,-4.499766177855535,4.166495832774794,3.7490743450587165,0.9391652185773107,0.9603369793069857,0.01202982358328871,0.14805800091727955,0.04300384786253152,0.96,0.62,0.1204210526315789,0.16301538461538442,6.817787773023812,3.0264189004481024,,,
healthy_002__TF_Delay_/_Discontinuity__038,healthy_002,train,TF Delay / Discontinuity,0.1069079290000019,0.10496516249999918,0.2020944590000013,0.8583333333333333,6.588622372932863,5.598622372932862,0.0340744000000015,0.2685031951844936,0.0350561531789033,0.009412689139412579,0.0,0.12,0.0,0.0,0.0,0.0,0.0,0.0,1.2859155092722878,3.7826745099805765,6.545922260417711,-3.4918329982655707,-1.478819387312446,3.9100752847906337,3.205756392168025,0.9485563616185978,0.9300765482016142,0.013122988943812027,0.1552035462416812,0.040473753127176,0.84,0.5,0.11333421052631575,0.15676923076923063,9.578932938919403,6.559021088334719,,,
healthy_002__TF_Delay_/_Discontinuity__039,healthy_002,train,TF Delay / Discontinuity,0.0589181579999973,0.05704499730000371,0.2015905060000022,0.8638888888888889,6.310454967957395,5.320454967957395,0.034321558000002,0.2693459456706941,0.0643539067709276,0.017333463876819177,0.0,0.32,0.0,0.0,0.0,0.0,0.0,0.0,1.9718394337528795,5.616278402240578,7.556731930274999,-14.276046603177646,-7.890536806194505,2.8702615395059623,2.862820950397481,0.8902476306571059,0.8795503638042773,0.004416856328162884,0.14749896753600358,0.053142755145729484,0.95,0.34,0.07561052631578943,0.23396923076923065,8.857990540044995,6.163185342622249,,,
healthy_002__TF_Delay_/_Discontinuity__040,healthy_002,train,TF Delay / Discontinuity,0.1704443550000007,0.16900009239998895,0.2017689030000156,0.8833333333333333,6.470814165712103,5.480814165712104,0.0339969810000297,0.2633153650514057,0.0418253804786889,0.011013265329159905,0.0,0.17,0.0,0.0,0.0,0.0,0.0,0.0,1.3132848155476469,4.736867109539785,6.506709787039063,-10.584318032174185,-3.5440306359869136,4.017709663471869,3.3350698409054287,0.940762956054876,0.9657441353099471,0.013733085554267364,0.07014567145372007,0.034806954991617255,0.84,0.51,0.11231578947368417,0.14659487179487166,8.681098908378992,6.3056106392011735,,,
healthy_002__TF_Delay_/_Discontinuity__041,healthy_002,train,TF Delay / Discontinuity,0.1910754849999989,0.18991801190000565,0.2020518979999934,0.8722222222222222,3.71394067023195,2.723940670231949,0.0338024600000039,0.3314849640762115,0.043578332531008,0.014445561993542385,0.0,0.0,0.0,0.0,0.0,0.0,0.0,0.0,0.9926047377169486,4.18410578570194,6.457052147930224,-8.916621392574078e-07,-8.154047831315293e-07,5.482593531082172,5.195514312247575,-0.11265162080327004,0.026957237350793337,0.02289936176757508,0.10319598125404557,0.061525881605952876,0.83,0.73,0.1781999999999999,0.11089230769230761,9.748708926845733,3.6038677637605936,,,
healthy_002__TF_Delay_/_Discontinuity__042,healthy_002,train,TF Delay / Discontinuity,0.1349433670000017,0.13291570940000128,0.2016123239999991,0.875,3.771377412337068,2.7813774123370636,0.0338936910000011,0.2926730121304112,0.0608772753218906,0.01781713553875007,0.0,0.01,0.0,0.0,0.0,0.0,0.0,0.0,1.177990993336163,2.4544526290727373,5.143337010454999,-0.4711137182525239,0.009442297880881773,5.469856376572052,5.099863466945708,0.9458567165053124,0.9422496165880923,0.012991465736105184,0.14063390353315425,0.033490435380457644,1.0,0.85,0.17310526315789462,0.12859487179487164,5.094833332640803,3.7063639896824245,,,
healthy_002__TF_Delay_/_Discontinuity__043,healthy_002,train,TF Delay / Discontinuity,0.0595586800000091,0.057599020750006225,0.2015905060000022,0.8638888888888889,4.39379922002878,3.4037992200287794,0.034321558000002,0.2693459456706941,0.0643539067709276,0.017333463876819177,0.0,0.29,0.0,0.0,0.0,0.0,0.0,0.0,1.8927471297204783,5.616278402240578,7.556731930274999,-14.276046603177646,-7.890536806194505,2.8657843983674782,2.853531583604006,0.8887324098515826,0.8836792182355745,0.004416856328162884,0.14749896753600358,0.053142755145729484,0.95,0.34,0.07676842105263154,0.2249948717948717,7.444174327177834,4.279454313135595,,,
healthy_002__TF_Delay_/_Discontinuity__044,healthy_002,train,TF Delay / Discontinuity,0.0492099450000012,0.04870179340000361,0.2015905060000022,0.8666666666666667,1.5096028648892073,0.5196028648892068,0.0339179870000094,0.2693459456706941,0.0643539067709276,0.017333463876819177,0.0,0.44,0.0,0.0,0.0,0.0,0.0,0.0,3.364002852113679,8.62494781716871,8.816363760651964,-19.43206539004426,-18.59743870117358,3.283622313265966,3.1359686363865165,0.8083611171315598,0.67525528785576,0.0037932161387090593,0.2316005803030305,0.07139224793166689,0.96,0.28,0.06345263157894734,0.3837025641025641,10.019678246196158,1.3845397505522534,,,
healthy_002__TF_Delay_/_Discontinuity__045,healthy_002,train,TF Delay / Discontinuity,0.1090450930000024,0.10797855260000315,0.2020944590000013,0.8583333333333333,6.213909065742414,5.223909065742414,0.0340744000000015,0.2876796413887802,0.0350561531789033,0.010084941574977049,0.0,0.13,0.0,0.0,0.0,0.0,0.0,0.0,1.3581549415435021,3.7826745099805765,6.545922260417711,-3.4918329982655707,-1.478819387312446,3.977773036193257,3.2185352367157067,0.9538431736256129,0.9376353348645009,0.013122988943812027,0.1552035462416812,0.042883814218851395,0.91,0.5,0.11449210526315784,0.16728205128205112,9.758029873757781,6.041372263509025,,,
healthy_002__TF_Delay_/_Discontinuity__046,healthy_002,train,TF Delay / Discontinuity,0.1721821560000194,0.16957799865000847,0.2017689030000156,0.8833333333333333,6.434344973688828,5.444344973688828,0.0339969810000297,0.2633153650514057,0.0418253804786889,0.011013265329159905,0.0,0.17,0.0,0.0,0.0,0.0,0.0,0.0,1.3362667167396436,4.736867109539785,6.506709787039063,-10.584318032174185,-3.5440306359869136,4.22919956378843,3.5235253314398243,0.9420075962604744,0.9663845006843962,0.013733085554267364,0.07014567145372007,0.034806954991617255,0.87,0.54,0.11856842105263153,0.1486461538461537,10.237472098322506,6.306363744555686,,,
healthy_002__TF_Delay_/_Discontinuity__047,healthy_002,train,TF Delay / Discontinuity,0.0922609329999986,0.09168343105000318,0.2020944590000013,0.8638888888888889,2.587667242582092,1.5976672425820908,0.0340744000000015,0.2567066659442411,0.0230130985621498,0.005907615804935684,0.0,0.12,0.0,0.0,0.0,0.0,0.0,0.0,0.7433621635756876,2.4320408237854654,3.7372894304348456,-3.4918329982655707,-1.478819387312446,3.4099973292558867,3.4726485214082983,0.9503846063361673,0.9679909840449404,0.011905035393099495,0.12823441982898165,0.030802187198243014,0.78,0.56,0.108378947368421,0.09095384615384607,7.409969804056258,2.3889361603694717,,,
healthy_002__TF_Delay_/_Discontinuity__048,healthy_002,train,TF Delay / Discontinuity,0.0401440700000108,0.039068167750008265,0.2015905060000022,0.9111111111111112,3.0695059893432814,2.0795059893432812,0.0339179870000094,0.2693459456706941,0.0564755491456446,0.015211460191905404,0.02,0.46,0.02,0.0,0.0,0.0,0.0,0.0,3.5319751894516993,8.67203742960026,8.89819308624146,-19.43206539004426,-18.59743870117358,2.294625256854116,1.614386793011318,0.8016571190676316,0.06041947539411013,0.021741765375496616,0.21869331519779048,0.07139224793166689,0.71,0.01,0.0232736842105263,0.40176410256410267,10.632832125242231,2.8712375850231915,,,
healthy_002__TF_Delay_/_Discontinuity__049,healthy_002,train,TF Delay / Discontinuity,0.0489905339999978,0.048291356450002355,0.2015905060000022,0.8694444444444445,1.92337092906686,0.9333709290668588,0.0339179870000094,0.2693459456706941,0.0643539067709276,0.017333463876819177,0.0,0.44,0.0,0.0,0.0,0.0,0.0,0.0,3.3605180544493947,8.62494781716871,8.816363760651964,-19.43206539004426,-18.59743870117358,3.096309598911006,2.944664095166848,0.7978307189296872,0.6505139861095066,0.0037932161387090593,0.2316005803030305,0.07139224793166689,0.93,0.25,0.05719999999999997,0.3829333333333333,6.77779778272091,1.7697398347680569,,,
healthy_002__TF_Delay_/_Discontinuity__050,healthy_002,train,TF Delay / Discontinuity,0.1140597159999998,0.11184741434999997,0.2016123239999991,0.8583333333333333,6.717246162309716,5.727246162309715,0.0339712140000045,0.2876796413887802,0.0350561531789033,0.010084941574977049,0.0,0.02,0.0,0.0,0.0,0.0,0.0,0.0,1.2276225147929165,3.7826745099805765,6.545922260417711,-3.4918329982655707,-0.18092833089869212,4.287357966457891,3.525541754059416,0.9560985021986514,0.9212982021531363,0.02265802667705786,0.1552035462416812,0.042883814218851395,1.0,0.62,0.1274605263157894,0.15286153846153835,5.34767206722878,6.6805491949583224,,,
healthy_002__TF_Delay_/_Discontinuity__051,healthy_002,train,TF Delay / Discontinuity,0.0760033820000032,0.07516558395000633,0.2014966099999924,0.8638888888888889,5.101501463697024,4.1115014636970235,0.034321558000002,0.2567066659442411,0.0524707411595952,0.013469589022702946,0.0,0.19,0.0,0.0,0.0,0.0,0.0,0.0,1.210549680959284,4.241409397596205,6.411236958286562,-10.275983929603669,-4.499766177855535,4.122045505628489,4.175596780799812,0.9418495335905375,0.9676640004702595,0.012567048945919194,0.1409380886489682,0.04079115501663995,0.96,0.65,0.12609473684210523,0.1353230769230768,10.004725352012649,4.992375677945054,,,
healthy_002__TF_Delay_/_Discontinuity__052,healthy_002,train,TF Delay / Discontinuity,0.1153560050000024,0.11245462169999998,0.2016123239999991,0.8583333333333333,5.8358597693665875,4.845859769366587,0.0339712140000045,0.2876796413887802,0.0350561531789033,0.010084941574977049,0.0,0.01,0.0,0.0,0.0,0.0,0.0,0.0,1.2140442343918898,3.7826745099805765,6.545922260417711,-0.4711137182525239,-0.1129689444358523,4.365107451328619,3.6310263276318278,0.9558476244524979,0.9165278195444677,0.02265802667705786,0.15097029419574734,0.040473753127176,1.0,0.64,0.13093421052631574,0.15023589743589735,6.052773479474527,5.8155256695164335,,,
healthy_002__TF_Delay_/_Discontinuity__053,healthy_002,train,TF Delay / Discontinuity,0.1029557240000045,0.10075078884999833,0.2020944590000013,0.8583333333333333,1.7607088593722018,0.770708859372201,0.0340744000000015,0.2685031951844936,0.0350561531789033,0.009412689139412579,0.0,0.12,0.0,0.0,0.0,0.0,0.0,0.0,0.8866675924276504,2.543263510666961,3.7372894304348456,-3.4918329982655707,-1.478819387312446,3.4414248379778605,3.4272397122472222,0.945680058786281,0.9591313972159252,0.012061914698925489,0.15097029419574734,0.040473753127176,0.78,0.56,0.10861052631578944,0.10486153846153838,10.479711102211855,1.5823490495437902,,,
healthy_002__TF_Delay_/_Discontinuity__054,healthy_002,train,TF Delay / Discontinuity,0.0299137410000014,0.02891440560000401,0.2017400590000022,0.8722222222222222,2.3465785876242444,1.3565785876242438,0.0339181200000098,0.2739914615074958,0.0564755491456446,0.01547381824985357,0.02,0.18,0.02,0.0,0.0,0.0,0.0,0.0,2.521118112230761,8.60446449108181,8.89819308624146,-19.43206539004426,-17.61434210451582,4.359643814768609,3.106189789534958,0.9290123515824074,0.47341284813888107,0.022792339580795785,0.1611961530694199,0.05224957296025902,0.73,0.41,0.10617894736842101,0.2846051282051281,9.886843256185603,2.1821152470185634,,,
healthy_002__TF_Delay_/_Discontinuity__055,healthy_002,train,TF Delay / Discontinuity,0.1000599540000024,0.0985990351500035,0.2020944590000013,0.8583333333333333,2.5611709065025154,1.5711709065025148,0.0340744000000015,0.2685031951844936,0.0230130985621498,0.006179090495032897,0.0,0.12,0.0,0.0,0.0,0.0,0.0,0.0,0.7332584456963737,2.4320408237854654,3.7372894304348456,-3.4918329982655707,-1.478819387312446,3.3466197087912444,3.550032642660558,0.9530612234252139,0.9714310306310819,0.01189954896185095,0.15097029419574734,0.040473753127176,0.78,0.56,0.10861052631578945,0.08742564102564099,10.78711331683521,2.366964913680796,,,
healthy_002__TF_Delay_/_Discontinuity__056,healthy_002,train,TF Delay / Discontinuity,0.0710969670000025,0.06959941074999877,0.2014966099999924,0.8638888888888889,2.3964813635196043,1.406481363519603,0.034321558000002,0.2554706364512117,0.0643539067709276,0.016440533520890817,0.0,0.19,0.0,0.0,0.0,0.0,0.0,0.0,1.3321535168349976,4.241409397596205,6.411236958286562,-10.275983929603669,-4.499766177855535,4.2753090063182935,3.9113381924227584,0.9435116529149583,0.9612438006850096,0.01202982358328871,0.1409380886489682,0.03859684791881335,0.96,0.63,0.12435789473684206,0.15096410256410236,7.595093559454197,2.294118924557006,,,
healthy_002__TF_Delay_/_Discontinuity__057,healthy_002,train,TF Delay / Discontinuity,0.2012878029999996,0.1991621208000069,0.2020518979999934,0.8666666666666667,3.2712209210907224,2.2812209210907213,0.0339181200000098,0.2739914615074958,0.0521502956966975,0.014288735735986217,0.0,0.3,0.0,0.0,0.0,0.0,0.0,0.0,1.3858797734022414,5.137467109061156,7.052703672574204,-12.435157085823732,-6.481197965989604,2.7647631515547517,2.615686696573405,0.9088559359560163,0.9297595507491686,0.011863396939609099,0.14412808980113448,0.02349164820678333,0.76,0.38,0.07167368421052629,0.1560615384615383,9.631096059374931,3.0834034896098483,,,
healthy_002__TF_Delay_/_Discontinuity__058,healthy_002,train,TF Delay / Discontinuity,0.2012878029999996,0.1991621208000069,0.2020518979999934,0.8666666666666667,0.9222227113267418,0.19749230380000635,0.0338024600000039,0.3314849640762115,0.043578332531008,0.014445561993542385,0.0,0.3,0.0,0.0,0.0,0.0,0.0,0.0,1.8596110764163303,5.442963222838019,7.052703672574204,-12.435157085823732,-6.481197965989604,2.886539722609621,2.876446656049469,0.8729977728330822,0.9199991016121147,0.011947557064342395,0.1539194169125479,0.06992562183902078,0.73,0.29,0.07954736842105257,0.20592820512820503,6.278449606394014,0.7271263867063755,,,
healthy_002__TF_Delay_/_Discontinuity__059,healthy_002,train,TF Delay / Discontinuity,0.0479635020000017,0.04605563109999897,0.2015905060000022,0.8888888888888888,1.0980097704505425,0.21123780932254335,0.0339179870000094,0.2693459456706941,0.0643539067709276,0.017333463876819177,0.0,0.44,0.0,0.0,0.0,0.0,0.0,0.0,3.298189927559086,8.62494781716871,8.816363760651964,-19.43206539004426,-18.59743870117358,2.486363956543818,2.3834979171988264,0.7334856162905785,0.5314797533285783,0.0037932161387090593,0.2316005803030305,0.07139224793166689,0.84,0.16,0.03786315789473682,0.3744717948717949,10.96446663471427,0.9434591519093729,,,
healthy_002__Wheel_/_Encoder_Direction_Mismatch__000,healthy_002,train,Wheel / Encoder Direction Mismatch,0.1112308659999996,0.10991087660000073,0.2020944590000013,0.8583333333333333,0.1079502230000031,0.10308961935000283,0.0339712140000045,0.2876796413887802,0.0350561531789033,0.010084941574977049,0.16,0.26,0.16,0.0,0.16,0.0,0.0,0.16,3.3723793084126403,13.333179115702322,13.334071357220905,-44.44428767922124,-44.34894760835917,4.144237374424884,3.336357159592576,0.9547173113912734,0.09252792020502466,0.02265802667705786,0.1552035462416812,0.042883814218851395,1.0,0.54,0.11935526315789467,0.16927179487179472,10.401850032641814,3.0756585699483363,,right,16.0
healthy_002__Wheel_/_Encoder_Direction_Mismatch__001,healthy_002,train,Wheel / Encoder Direction Mismatch,0.2012878029999996,0.1991621208000069,0.2020518979999934,0.8666666666666667,0.203510878000003,0.1974899784000058,0.0339181200000098,0.3314849640762115,0.0521502956966975,0.017287038895583577,0.02,0.32,0.02,0.0,0.02,0.0,0.0,0.02,1.792890496478628,5.442963222838019,7.052703672574204,-12.435157085823732,-6.481197965989604,2.4065401145881875,2.598421782758202,0.8418075610411349,0.9089614539181904,0.011657494608034504,0.1539194169125479,0.06992562183902078,0.73,0.29,0.06599999999999996,0.1838769230769229,2.86969240945578,1.3561680203002133,,right,5.0
healthy_002__Wheel_/_Encoder_Direction_Mismatch__002,healthy_002,train,Wheel / Encoder Direction Mismatch,0.0785574560000057,0.07604711925000306,0.2014966099999924,0.8638888888888889,0.0756356190000033,0.06686281125000587,0.034321558000002,0.2567066659442411,0.0524707411595952,0.013469589022702946,0.18,0.37,0.18,0.0,0.18,0.0,0.0,0.18,2.4490283801108523,9.193412866118038,13.333683799244586,-43.37542198510729,-21.03645338152894,3.897544445070123,3.9494219942918094,0.925982860822447,0.7051729223517177,0.02263402094375646,0.1409380886489682,0.04079115501663995,0.93,0.62,0.11972631578947364,0.13506666666666656,8.69854194209551,3.988303202519546,,right,20.0
healthy_002__Wheel_/_Encoder_Direction_Mismatch__003,healthy_002,train,Wheel / Encoder Direction Mismatch,0.0825191820000057,0.08048268030000641,0.2014966099999924,0.8638888888888889,0.0803807210000044,0.0735291323500025,0.034321558000002,0.2567066659442411,0.0524707411595952,0.013469589022702946,0.09,0.21,0.0,0.09,0.0,0.09,0.09,0.0,2.03941492891607,12.666816487218123,13.33428710866423,-44.128072585471116,-39.711491871446995,3.6356707522856078,3.62359317992315,0.1999544205619422,0.9576896932460559,0.012567048945919194,0.13087202002475679,0.04079115501663995,0.82,0.58,0.11115789473684207,0.11327179487179474,10.773691548854266,1.755345681902556,,left,9.0
healthy_002__Wheel_/_Encoder_Direction_Mismatch__004,healthy_002,train,Wheel / Encoder Direction Mismatch,0.1140597159999998,0.11184741434999997,0.2016123239999991,0.8583333333333333,0.1112940520000016,0.10428646225000135,0.0339712140000045,0.2876796413887802,0.0350561531789033,0.010084941574977049,0.12,0.16,0.0,0.12,0.0,0.12,0.12,0.0,1.9720561751009253,6.569473392182648,10.526008918404834,-27.690910405994106,-10.086758268811058,4.287357966457891,3.525541754059416,0.7759722706746496,0.9212982021531363,0.02265802667705786,0.1552035462416812,0.042883814218851395,1.0,0.62,0.1274605263157894,0.15286153846153835,15.42464160392296,2.640195147659977,,left,14.0
healthy_002__Wheel_/_Encoder_Direction_Mismatch__005,healthy_002,train,Wheel / Encoder Direction Mismatch,0.0620632750000069,0.06103337645000258,0.2014966099999924,0.8638888888888889,0.0601080750000022,0.05162899515000339,0.034321558000002,0.2693459456706941,0.0643539067709276,0.017333463876819177,0.03,0.24,0.03,0.0,0.03,0.0,0.0,0.03,1.5935114512366695,4.297186037341835,6.411236958286562,-10.275983929603669,-4.499766177855535,2.780738528847479,2.792837400977674,0.9170674341271983,0.9118914327443932,0.011381153026225279,0.15842350867071928,0.053142755145729484,0.95,0.4,0.08244210526315783,0.17159999999999992,15.571663690195336,4.128336309804663,,right,6.0
healthy_002__Wheel_/_Encoder_Direction_Mismatch__006,healthy_002,train,Wheel / Encoder Direction Mismatch,0.0339548940000042,0.0317640026000077,0.2017400590000022,0.9027777777777778,0.2066708640000172,0.20317895014999574,0.0338893769999941,0.2100527170988249,0.0564755491456446,0.011862842547690867,0.2,0.58,0.02,0.18,0.0,0.16,0.16,0.0,5.671709661770689,13.333599508097029,13.337384276528429,-44.34300172139583,-42.930718835892755,3.8032391470612685,2.525008061994187,-0.002091447234914687,0.5532581640173908,0.02198864311267761,0.21869331519779048,0.07139224793166689,0.72,0.18,0.06901052631578944,0.4136923076923075,16.23563606987443,3.464363930125568,,left,18.0
healthy_002__Wheel_/_Encoder_Direction_Mismatch__007,healthy_002,train,Wheel / Encoder Direction Mismatch,0.1746825420000135,0.17322030645000266,0.2017689030000156,0.8833333333333333,0.173226876000001,0.16269135260001658,0.0339969810000297,0.2852103642259094,0.043578332531008,0.012428992093526587,0.14,0.31,0.14,0.0,0.14,0.0,0.0,0.14,3.185480899706965,12.632014762557812,13.333708210438893,-44.44692649190852,-39.89194476500486,4.788390393404283,4.009706354898769,0.9444991162767352,0.34964537817373603,0.013733085554267364,0.09424347025479428,0.034806954991617255,0.95,0.62,0.1357052631578947,0.15685128205128188,5.608265134639282,2.6473737612038946,,right,14.0
healthy_002__Wheel_/_Encoder_Direction_Mismatch__008,healthy_002,train,Wheel / Encoder Direction Mismatch,0.0760033820000032,0.07516558395000633,0.2014966099999924,0.8638888888888889,0.0744841170000043,0.06535831600000744,0.034321558000002,0.2567066659442411,0.0524707411595952,0.013469589022702946,0.24,0.43,0.24,0.0,0.24,0.0,0.0,0.24,4.066049968812525,13.33365359973003,13.33428710866423,-44.44658869040111,-44.42452345985906,4.122045505628489,4.175596780799812,0.9418495335905375,0.14506806240902248,0.012567048945919194,0.1409380886489682,0.04079115501663995,0.96,0.65,0.12609473684210523,0.1353230769230768,4.044598458263145,4.6933878709032495,,right,24.0
healthy_002__Wheel_/_Encoder_Direction_Mismatch__009,healthy_002,train,Wheel / Encoder Direction Mismatch,0.1049364600000046,0.10464432560000349,0.2020944590000013,0.8583333333333333,0.1043850579999983,0.09462530460000342,0.0340744000000015,0.2685031951844936,0.0350561531789033,0.009412689139412579,0.2,0.32,0.2,0.0,0.2,0.0,0.0,0.2,3.4482664340345694,13.333474007709484,13.335025912311377,-44.41734021746909,-44.12420140567325,3.7926984781306117,3.161700373502282,0.9568002058809963,0.04225781642365252,0.012575933675290465,0.15097029419574734,0.03153199861165624,0.78,0.49,0.10895789473684207,0.14050256410256398,2.0853488067433865,3.9192609852114666,,right,20.0
healthy_002__Wheel_/_Encoder_Direction_Mismatch__010,healthy_002,train,Wheel / Encoder Direction Mismatch,0.2012878029999996,0.1991621208000069,0.2020150790000059,0.8666666666666667,0.2044095020000043,0.20319459760000455,0.0339181200000098,0.2739914615074958,0.0564755491456446,0.01547381824985357,0.07,0.37,0.0,0.07,0.0,0.07,0.07,0.0,2.576352432261388,7.0860521397274985,9.12227439225765,-20.792827545427034,-9.679616237678152,4.044564872352233,3.1530341072086117,0.7781824187838855,0.8835295382435272,0.012820312599152464,0.14412808980113448,0.032802636246984415,0.9,0.42,0.10177894736842101,0.24016410256410237,8.456406659286117,1.391151989781772,,left,7.0
healthy_002__Wheel_/_Encoder_Direction_Mismatch__011,healthy_002,train,Wheel / Encoder Direction Mismatch,0.0651224550000009,0.06289921780000396,0.2014966099999924,0.8638888888888889,0.0601080750000022,0.05491337454999858,0.034321558000002,0.2693459456706941,0.0643539067709276,0.017333463876819177,0.1,0.29,0.0,0.1,0.0,0.07,0.07,0.0,1.9698230109831436,6.441312662203756,10.523405014462632,-25.02557982734585,-10.283852487285381,3.0890868995340113,3.032390600799295,0.6373893608117396,0.9393696744675278,0.01179653132056431,0.14805800091727955,0.06144048539831165,0.96,0.48,0.09101052631578943,0.1712205128205127,15.423563540972793,1.8022498852862157,,left,10.0
healthy_002__Wheel_/_Encoder_Direction_Mismatch__012,healthy_002,train,Wheel / Encoder Direction Mismatch,0.1153560050000024,0.11468435785000192,0.2016123239999991,0.8583333333333333,0.1125890429999998,0.10465584570000226,0.0339712140000045,0.2876796413887802,0.0350561531789033,0.010084941574977049,0.15,0.16,0.15,0.0,0.15,0.0,0.0,0.15,2.8643193537814526,12.630697551311716,13.33359408866484,-44.44053593412858,-39.76177880646783,4.559503338402252,3.8857410333052735,0.9481686481133028,0.29744730555826454,0.022704861654929593,0.15049241425190024,0.03153199861165624,1.0,0.68,0.13834473684210521,0.15504615384615375,14.938289590237357,2.855312441851506,,right,15.0
healthy_002__Wheel_/_Encoder_Direction_Mismatch__013,healthy_002,train,Wheel / Encoder Direction Mismatch,0.097417753000002,0.09593963920000195,0.2020944590000013,0.8583333333333333,0.0944433700000075,0.0892097953499998,0.0340744000000015,0.2685031951844936,0.0230130985621498,0.006179090495032897,0.19,0.31,0.0,0.19,0.0,0.19,0.19,0.0,3.045969216026419,13.33311353317048,13.333653518949344,-44.446575817344026,-44.325496691430345,3.294546770278792,3.5810467980937055,-0.0501580308369519,0.9746519631468877,0.01189954896185095,0.15097029419574734,0.040473753127176,0.78,0.56,0.10803157894736838,0.0787076923076923,16.032023965453163,3.667976034546836,,left,19.0
healthy_002__Wheel_/_Encoder_Direction_Mismatch__014,healthy_002,train,Wheel / Encoder Direction Mismatch,0.1910754849999989,0.18991801190000565,0.2020518979999934,0.8722222222222222,0.1894699360000089,0.1799482372,0.0338024600000039,0.3314849640762115,0.043578332531008,0.014445561993542385,0.22,0.22,0.22,0.0,0.22,0.0,0.0,0.22,3.4739955962425073,13.332872969459704,13.335162822107547,-44.33688329469909,-43.52059547852315,5.482593531082172,5.195514312247575,-0.11265162080327004,0.1284212330068322,0.02289936176757508,0.10319598125404557,0.061525881605952876,0.83,0.73,0.1781999999999999,0.11089230769230761,5.992885097515369,4.210882421153462,,right,22.0
healthy_002__Wheel_/_Encoder_Direction_Mismatch__015,healthy_002,train,Wheel / Encoder Direction Mismatch,0.1029557240000045,0.10025507515000096,0.2020944590000013,0.8583333333333333,0.099451344000002,0.09389538150000085,0.0340744000000015,0.2685031951844936,0.0350561531789033,0.009412689139412579,0.11,0.23,0.0,0.11,0.0,0.11,0.11,0.0,2.2078907581126,12.630984305480629,13.33359408866484,-44.44053593412858,-39.86187063986262,3.4280688405007482,3.4405827867957184,0.2505747689268406,0.9615299705332646,0.012061914698925489,0.15097029419574734,0.040473753127176,0.78,0.56,0.10861052631578945,0.10178461538461532,4.069192733707851,2.096537574754434,,left,11.0
healthy_002__Wheel_/_Encoder_Direction_Mismatch__016,healthy_002,train,Wheel / Encoder Direction Mismatch,0.1048354390000056,0.10296492850000437,0.2020944590000013,0.8583333333333333,0.1002105190000008,0.09445096330000731,0.0340744000000015,0.2685031951844936,0.0350561531789033,0.009412689139412579,0.02,0.16,0.02,0.0,0.02,0.0,0.0,0.02,1.1214626405669204,3.3569225148132973,3.7802286812371975,-3.4918329982655707,-2.1174177142804496,3.5564848915119605,3.3053907820105026,0.9401367786847247,0.9345120130173553,0.013122988943812027,0.15097029419574734,0.03153199861165624,0.78,0.55,0.10884210526315787,0.12050256410256405,9.73626015475272,1.5401523842249443,,right,5.0
healthy_002__Wheel_/_Encoder_Direction_Mismatch__017,healthy_002,train,Wheel / Encoder Direction Mismatch,0.1828580820000098,0.18105929060000528,0.2017689030000156,0.8833333333333333,0.1793547560000092,0.17323623945000144,0.0339969810000297,0.3314849640762115,0.043578332531008,0.014445561993542385,0.14,0.14,0.0,0.14,0.0,0.06,0.06,0.0,2.3407217835439202,13.331279096117333,13.351355261307742,-43.45654993497649,-38.765084272003676,6.245115533665195,5.187065584427386,0.2604027615844408,0.9162338234490326,0.02276331723106161,0.10082500095431826,0.06126290705221699,1.0,0.87,0.1888526315789473,0.13993846153846137,14.494971820138275,2.6081911926282757,,left,14.0
healthy_002__Wheel_/_Encoder_Direction_Mismatch__018,healthy_002,train,Wheel / Encoder Direction Mismatch,0.1090450930000024,0.10799255030000027,0.2020944590000013,0.8583333333333333,0.1079502230000031,0.09980951449999861,0.0340744000000015,0.2876796413887802,0.0350561531789033,0.010084941574977049,0.22,0.35,0.22,0.0,0.22,0.0,0.0,0.22,3.8788971974961353,13.333712594422316,13.335025912311377,-44.44428767922124,-44.15320449044411,3.9943150010914645,3.2210241955115384,0.9537648690769117,0.015295008955463091,0.013122988943812027,0.1552035462416812,0.042883814218851395,0.92,0.5,0.11460789473684205,0.16798974358974342,4.835306203945585,4.386684202032974,,right,22.0
healthy_002__Wheel_/_Encoder_Direction_Mismatch__019,healthy_002,train,Wheel / Encoder Direction Mismatch,0.0777464620000003,0.07577342499999985,0.2014966099999924,0.8638888888888889,0.0744841170000043,0.06594749950000277,0.034321558000002,0.2567066659442411,0.0524707411595952,0.013469589022702946,0.06,0.25,0.0,0.06,0.0,0.06,0.06,0.0,1.9969868443941874,12.63166402879231,13.333862257960977,-44.44658869040111,-39.87911118791093,4.085534186087204,4.161464342682977,0.42903198929074,0.9622739510709126,0.02263402094375646,0.1409380886489682,0.04079115501663995,0.96,0.65,0.12632631578947365,0.13788717948717935,5.9844497150187905,1.1404672444386659,,left,6.0
healthy_002__Wheel_/_Encoder_Direction_Mismatch__020,healthy_002,train,Wheel / Encoder Direction Mismatch,0.1195705610000033,0.11813143570000226,0.2016123239999991,0.8583333333333333,0.1173405080000016,0.11135880155000151,0.0326574050000019,0.2926730121304112,0.0381974550816599,0.011179364234465484,0.18,0.19,0.0,0.18,0.0,0.18,0.18,0.0,2.7859412317953804,11.964385381408315,13.333229284518852,-44.395239970781276,-35.47067479695786,5.268072967111884,4.454415445471863,0.530392256683857,0.9138081967826783,0.023014557432798708,0.14096250198427748,0.03376633293743843,1.0,0.73,0.15988157894736835,0.15524102564102552,2.7799841815978716,3.55700136142468,,left,18.0
healthy_002__Wheel_/_Encoder_Direction_Mismatch__021,healthy_002,train,Wheel / Encoder Direction Mismatch,0.2012878029999996,0.1991621208000069,0.2020518979999934,0.8666666666666667,0.203658859000015,0.19905091620000517,0.0339181200000098,0.2739914615074958,0.0521502956966975,0.014288735735986217,0.05,0.35,0.0,0.05,0.0,0.05,0.05,0.0,1.6332704909298428,5.440718898607783,7.052703672574204,-12.435157085823732,-6.6479657408609585,2.463856462229592,2.4715091722124596,0.7822220153699326,0.9221600620682756,0.011753907800016295,0.15339251117993513,0.02349164820678333,0.73,0.33,0.06530526315789471,0.1562461538461537,5.778895412510224,1.8437375539548517,,left,8.0
healthy_002__Wheel_/_Encoder_Direction_Mismatch__022,healthy_002,train,Wheel / Encoder Direction Mismatch,0.1884355620000093,0.18677962779999785,0.2020518979999934,0.8722222222222222,0.1844727320000032,0.17796460105000653,0.0338024600000039,0.3314849640762115,0.043578332531008,0.014445561993542385,0.23,0.23,0.23,0.0,0.23,0.0,0.0,0.23,3.8527273816830108,13.332872969459704,13.335014001221873,-44.33688329469909,-43.832955300884315,5.954363869365373,5.418628817510593,-0.07262411819416731,0.05680545909087731,0.02289936176757508,0.10724421865632218,0.061525881605952876,0.89,0.75,0.18954736842105258,0.13755897435897424,4.922052513254741,4.403988480208657,,right,23.0
healthy_002__Wheel_/_Encoder_Direction_Mismatch__023,healthy_002,train,Wheel / Encoder Direction Mismatch,0.1998319280000089,0.1982191874000065,0.2020518979999934,0.8666666666666667,0.1974354790000063,0.18973140935001565,0.0338024600000039,0.3314849640762115,0.043578332531008,0.014445561993542385,0.1,0.38,0.0,0.1,0.0,0.09,0.09,0.0,2.928515954827114,13.332921065559958,13.335162822107547,-44.339970520573594,-43.52059547852315,3.3764970506314493,3.3071544667685857,0.24379035891606834,0.9274140636902648,0.011977524503121024,0.1502241424103243,0.06680836032286655,0.73,0.38,0.09633684210526314,0.19369230769230752,12.280178122871689,1.910644587196856,,left,10.0
healthy_002__Wheel_/_Encoder_Direction_Mismatch__024,healthy_002,train,Wheel / Encoder Direction Mismatch,0.1412105080000003,0.14027682735000077,0.2020274430000004,0.875,0.1404337390000005,0.12999609015000063,0.0338936910000011,0.2926730121304112,0.0608772753218906,0.01781713553875007,0.23,0.23,0.23,0.0,0.23,0.0,0.0,0.23,4.388547028745314,13.333633424893899,13.33396840738989,-44.43738637253296,-44.19436473762186,5.368003644404953,5.636434823083555,0.4967469557229927,-0.03811680165947687,0.02300009558037077,0.1366886906043907,0.026177393375676386,0.88,0.79,0.20736842105263154,0.2035198135198134,5.84042867322251,4.469694157930334,,right,23.0
healthy_002__Wheel_/_Encoder_Direction_Mismatch__025,healthy_002,train,Wheel / Encoder Direction Mismatch,0.0950558310000033,0.09256651635000382,0.2020944590000013,0.8638888888888889,0.0944433700000075,0.08512411545000123,0.0340744000000015,0.2567066659442411,0.0230130985621498,0.005907615804935684,0.18,0.3,0.0,0.18,0.0,0.18,0.18,0.0,2.9688618306604297,13.332580116584142,13.333653518949344,-44.446575817344026,-44.417379635421185,3.33210274256183,3.5364852879042545,-0.006579887981711189,0.9697513234840796,0.01189954896185095,0.15097029419574734,0.03790594689864003,0.78,0.56,0.10872631578947367,0.08563076923076919,14.30713030973395,3.4756655246941044,,left,18.0
healthy_002__Wheel_/_Encoder_Direction_Mismatch__026,healthy_002,train,Wheel / Encoder Direction Mismatch,0.2012878029999996,0.1991621208000069,0.2020150790000059,0.8666666666666667,0.2044095020000043,0.20319459760000455,0.0339181200000098,0.2739914615074958,0.0521502956966975,0.014288735735986217,0.08,0.38,0.08,0.0,0.08,0.0,0.0,0.08,2.8168052516647037,12.632180748127674,13.33373168874077,-44.43413105471007,-39.88210477950121,3.635053739618935,3.0573144159652177,0.9136739550819173,0.4230820688450123,0.01260553286311748,0.14412808980113448,0.032802636246984415,0.86,0.42,0.092978947368421,0.20426666666666649,5.356298495645234,1.5131730340444811,,right,8.0
healthy_002__Wheel_/_Encoder_Direction_Mismatch__027,healthy_002,train,Wheel / Encoder Direction Mismatch,0.2012878029999996,0.1991621208000069,0.2020518979999934,0.8666666666666667,0.203658859000015,0.19950522710001192,0.0339181200000098,0.2739914615074958,0.0521502956966975,0.014288735735986217,0.19,0.49,0.0,0.19,0.0,0.19,0.19,0.0,3.022873077613715,11.96524421146157,13.333715702696077,-44.433809882532124,-35.78288380225355,2.5498375804604088,2.4587139597145566,0.14075651010804935,0.9306678035743505,0.011764707091925218,0.14412808980113448,0.02349164820678333,0.73,0.35,0.06507368421052628,0.1491384615384614,3.2471815834275617,4.754045835844263,,left,22.0
healthy_002__Wheel_/_Encoder_Direction_Mismatch__028,healthy_002,train,Wheel / Encoder Direction Mismatch,0.2012878029999996,0.1991621208000069,0.2020150790000059,0.8666666666666667,0.2044095020000043,0.20319459760000455,0.0339181200000098,0.2739914615074958,0.0564755491456446,0.01547381824985357,0.16,0.39,0.16,0.0,0.14,0.0,0.0,0.14,4.127239826450067,12.63243491392422,13.33373168874077,-44.43413105471007,-39.88210477950121,4.40177085567328,3.1525399421599736,0.8905176720988812,0.1961667963114871,0.022792339580795785,0.15402658186863738,0.04685652052601042,0.89,0.43,0.11057894736842101,0.27719999999999984,8.856929446116112,2.764890993922233,,right,14.0
healthy_002__Wheel_/_Encoder_Direction_Mismatch__029,healthy_002,train,Wheel / Encoder Direction Mismatch,0.1952997290000127,0.1941158308500106,0.2020518979999934,0.8694444444444445,0.1934121350000168,0.18521484500000576,0.0338024600000039,0.3314849640762115,0.043578332531008,0.014445561993542385,0.16,0.27,0.16,0.0,0.16,0.0,0.0,0.16,3.0320218763575766,13.33224982783906,13.333640205803192,-44.43356091945621,-44.421617707848306,4.135785498522325,4.04375903801433,0.8898113861302961,0.2847556906114531,0.02276331723106161,0.10242644790967272,0.035661000313466404,0.73,0.56,0.13304210526315785,0.11063589743589734,16.40717759002898,3.1098305202902345,,right,16.0
healthy_002__Wheel_/_Encoder_Direction_Mismatch__030,healthy_002,train,Wheel / Encoder Direction Mismatch,0.2012878029999996,0.1991621208000069,0.2020150790000059,0.8666666666666667,0.2044095020000043,0.20319459760000455,0.0339181200000098,0.2739914615074958,0.0564755491456446,0.01547381824985357,0.17,0.47,0.17,0.0,0.15,0.0,0.0,0.15,3.7240327173227183,9.157406926145075,13.333715702696077,-44.433809882532124,-20.95936176879912,4.457219363552656,3.2079448297571305,0.9010958625312103,0.6172022156015639,0.022792339580795785,0.15402658186863738,0.04685652052601042,0.96,0.43,0.11057894736842101,0.28976410256410234,8.728733569385312,4.282023775434416,,right,18.0
healthy_002__Wheel_/_Encoder_Direction_Mismatch__031,healthy_002,train,Wheel / Encoder Direction Mismatch,0.2012878029999996,0.1991621208000069,0.2020150790000059,0.8666666666666667,0.2044095020000043,0.20319459760000455,0.0339181200000098,0.2739914615074958,0.0564755491456446,0.01547381824985357,0.11,0.41,0.0,0.11,0.0,0.11,0.11,0.0,3.6910623262073985,12.667595516330552,13.334796748325031,-44.34300172139583,-39.969099369789376,4.339394335631853,3.1883579808510647,0.2900558364450047,0.8561377151154227,0.021741765375496616,0.14412808980113448,0.032802636246984415,0.93,0.42,0.10768421052631574,0.27016410256410234,3.933998551469017,2.1514195041926154,,left,11.0
healthy_002__Wheel_/_Encoder_Direction_Mismatch__032,healthy_002,train,Wheel / Encoder Direction Mismatch,0.1284532410000007,0.1266976927500008,0.2016123239999991,0.8722222222222222,0.1260086939999993,0.11740392310000158,0.0338610090000024,0.2926730121304112,0.0381974550816599,0.011179364234465484,0.1,0.11,0.0,0.1,0.0,0.1,0.1,0.0,2.7793745986414247,13.332847440728031,13.33413872123023,-44.32351840178608,-44.13446446475785,5.520761117648947,4.328127810294942,0.3608338107124317,0.9210628513161145,0.022698201671814584,0.12766657382704905,0.033490435380457644,1.0,0.73,0.1621973684210526,0.18415384615384592,4.903861662423127,1.9533541174482405,,left,10.0
healthy_002__Wheel_/_Encoder_Direction_Mismatch__033,healthy_002,train,Wheel / Encoder Direction Mismatch,0.0575504380000069,0.056458350250011315,0.2015905060000022,0.8638888888888889,0.2066708640000172,0.05082449660000275,0.034321558000002,0.2693459456706941,0.0643539067709276,0.017333463876819177,0.16,0.51,0.0,0.16,0.0,0.11,0.11,0.0,3.0405835989639405,10.09073674476989,13.381962194349459,-40.90308897797532,-23.206476529438984,2.8720040136530844,2.8693453860308087,0.35739430026717994,0.8775759828467286,0.0037932161387090593,0.12828185046200846,0.053142755145729484,0.95,0.34,0.07491578947368416,0.23929230769230758,9.526833179950145,3.021107689172384,,left,16.0
healthy_002__Wheel_/_Encoder_Direction_Mismatch__034,healthy_002,train,Wheel / Encoder Direction Mismatch,0.0785574560000057,0.07604711925000306,0.2014966099999924,0.8638888888888889,0.0756356190000033,0.06686281125000587,0.034321558000002,0.2567066659442411,0.0524707411595952,0.013469589022702946,0.14,0.33,0.0,0.14,0.0,0.14,0.14,0.0,2.0631884802747837,6.441541944109086,10.526665464362669,-27.432090921829513,-10.363730433578631,3.897544445070123,3.9494219942918094,0.6895921308220526,0.9612157182100822,0.02263402094375646,0.1409380886489682,0.04079115501663995,0.93,0.62,0.11972631578947364,0.13506666666666656,9.515781486283757,4.147565525800111,,left,18.0
healthy_002__Wheel_/_Encoder_Direction_Mismatch__035,healthy_002,train,Wheel / Encoder Direction Mismatch,0.1904874599999999,0.1870379719000098,0.2020518979999934,0.8722222222222222,0.1844727320000032,0.1793548238500093,0.0338024600000039,0.3314849640762115,0.043578332531008,0.014445561993542385,0.1,0.1,0.0,0.1,0.0,0.1,0.1,0.0,2.3533029603161686,13.33229931081402,13.334156255674177,-44.34899096263162,-44.13802897314966,5.747046345200727,5.3171922587177844,0.051703351362215884,0.0497893153118547,0.02289936176757508,0.10319598125404557,0.061525881605952876,0.86,0.73,0.1845684210526315,0.12704615384615375,9.072643204932405,1.9869002139178846,,left,10.0
healthy_002__Wheel_/_Encoder_Direction_Mismatch__036,healthy_002,train,Wheel / Encoder Direction Mismatch,0.2012878029999996,0.1991621208000069,0.2020150790000059,0.8666666666666667,0.2044095020000043,0.20319459760000455,0.0339181200000098,0.2739914615074958,0.0564755491456446,0.01547381824985357,0.21,0.5,0.02,0.19,0.0,0.19,0.19,0.0,4.735922064330059,13.332240060490319,13.334796748325031,-44.43413105471007,-43.481195531593265,4.450483037451486,3.201242533053438,0.03345744444732411,0.843681094744508,0.022792339580795785,0.15402658186863738,0.04685652052601042,0.95,0.43,0.11057894736842101,0.28848205128205107,4.999286342294923,3.7118874101801786,,left,19.0
healthy_002__Wheel_/_Encoder_Direction_Mismatch__037,healthy_002,train,Wheel / Encoder Direction Mismatch,0.0549161560000044,0.05309693349999871,0.2015905060000022,0.8638888888888889,0.2066708640000172,0.04723289049999617,0.034321558000002,0.2693459456706941,0.0643539067709276,0.017333463876819177,0.09,0.45,0.0,0.09,0.0,0.07,0.07,0.0,3.4424819832972715,13.33400438234679,13.381962194349459,-44.27908643860044,-43.778058751722575,3.1251311598526756,3.0167296149482574,0.11878864965103408,0.8326233271118488,0.004237331342667459,0.17529129662069756,0.053142755145729484,0.94,0.34,0.07561052631578943,0.28638974358974356,5.502853193544922,1.7541209354966405,,left,9.0
healthy_002__Wheel_/_Encoder_Direction_Mismatch__038,healthy_002,train,Wheel / Encoder Direction Mismatch,0.2012878029999996,0.1991621208000069,0.2020518979999934,0.8666666666666667,0.203658859000015,0.1985952374000071,0.0339181200000098,0.2739914615074958,0.0521502956966975,0.014288735735986217,0.01,0.31,0.0,0.01,0.0,0.01,0.01,0.0,1.6427768804615193,5.442963222838019,7.052703672574204,-12.435157085823732,-6.481197965989604,2.335349788919305,2.641850016382746,0.8050277741640744,0.927036448994133,0.01165871966045742,0.1539194169125479,0.06680836032286655,0.73,0.29,0.06588421052631575,0.1700307692307691,4.978852835964304,4.84250514251533,,left,4.0
healthy_002__Wheel_/_Encoder_Direction_Mismatch__039,healthy_002,train,Wheel / Encoder Direction Mismatch,0.2012878029999996,0.1991621208000069,0.2017400590000022,0.8666666666666667,0.2044095020000043,0.20319459760000455,0.0339181200000098,0.2739914615074958,0.0564755491456446,0.01547381824985357,0.25,0.44,0.02,0.23,0.0,0.23,0.23,0.0,4.451666676795037,12.632180748127674,13.33373168874077,-44.43413105471007,-39.88210477950121,4.345977182519086,3.096768225064095,0.3094099101921925,0.8135345212135787,0.022792339580795785,0.15402658186863738,0.04685652052601042,0.85,0.43,0.11057894736842101,0.26437948717948695,10.10564407607697,4.671439986502936,,left,24.0
healthy_002__Wheel_/_Encoder_Direction_Mismatch__040,healthy_002,train,Wheel / Encoder Direction Mismatch,0.1746825420000135,0.17300284095001925,0.2017689030000156,0.8833333333333333,0.173226876000001,0.16269135260001658,0.0339969810000297,0.2852103642259094,0.043578332531008,0.012428992093526587,0.13,0.3,0.0,0.13,0.0,0.05,0.05,0.0,2.697323155744858,13.333636507378886,13.351355261307742,-44.406526898472116,-40.11676376002531,4.7196725728501185,3.9521209805686515,0.11885798585835011,0.9678597418051006,0.013733085554267364,0.09424347025479428,0.034806954991617255,0.94,0.61,0.1337368421052631,0.15608205128205113,8.452752609749638,2.408202696956952,,left,13.0
healthy_002__Wheel_/_Encoder_Direction_Mismatch__041,healthy_002,train,Wheel / Encoder Direction Mismatch,0.0350598779999984,0.03236599340000476,0.2017400590000022,0.9027777777777778,0.2066708640000172,0.20281828854999873,0.0338893769999941,0.2100527170988249,0.0564755491456446,0.011862842547690867,0.11,0.51,0.11,0.0,0.0,0.0,0.0,0.0,4.37529552164827,12.634573781386385,13.337384276528429,-39.87922627365295,-29.363940472321705,3.729472904277001,2.464231745070421,0.8634166655177722,0.1496553933943189,0.021789569755685738,0.21869331519779048,0.07139224793166689,0.72,0.16,0.06472631578947365,0.42548717948717935,13.958582830161461,2.8957309505523128,,right,15.0
healthy_002__Wheel_/_Encoder_Direction_Mismatch__042,healthy_002,train,Wheel / Encoder Direction Mismatch,0.1738672690000271,0.17220323010001834,0.2017689030000156,0.8833333333333333,0.173226876000001,0.16269135260001658,0.0339969810000297,0.2852103642259094,0.0418253804786889,0.011929032000214102,0.07,0.24,0.0,0.07,0.0,0.07,0.07,0.0,2.2538839884911335,12.631452409347874,13.333405567878902,-44.444849607965736,-39.877477993007744,4.575239193122864,3.829928664842488,0.4048089592863854,0.9675262188531589,0.013733085554267364,0.07014567145372007,0.034806954991617255,0.92,0.59,0.12956842105263153,0.15300512820512804,4.735588657152732,1.3752312960308997,,left,7.0
healthy_002__Wheel_/_Encoder_Direction_Mismatch__043,healthy_002,train,Wheel / Encoder Direction Mismatch,0.0748716290000004,0.0732147409000031,0.2014966099999924,0.8638888888888889,0.0700333529999994,0.06475668129999868,0.034321558000002,0.2567066659442411,0.0524707411595952,0.013469589022702946,0.04,0.23,0.04,0.0,0.04,0.0,0.0,0.04,1.3658544809940394,4.678780755642594,6.411236958286562,-10.275983929603669,-5.4728621477020605,4.17239013619525,4.1328153326678825,0.947949597901043,0.9533158232374495,0.01202982358328871,0.1409380886489682,0.04079115501663995,0.96,0.65,0.12609473684210523,0.1276307692307691,9.273736124220235,4.502156178108944,,right,8.0
healthy_002__Wheel_/_Encoder_Direction_Mismatch__044,healthy_002,train,Wheel / Encoder Direction Mismatch,0.0988265060000017,0.09680118665000384,0.2020944590000013,0.8583333333333333,0.0944433700000075,0.0892097953499998,0.0340744000000015,0.2685031951844936,0.0230130985621498,0.006179090495032897,0.14,0.28,0.14,0.0,0.14,0.0,0.0,0.14,1.673713279829303,7.753502939926673,13.332925590249562,-43.849411062393294,-15.034680462049227,3.3093037629727515,3.5733206718504045,0.9557277954538056,0.7322703631785431,0.01189954896185095,0.15097029419574734,0.040473753127176,0.78,0.56,0.108378947368421,0.0810153846153846,3.5301398936583013,4.151171402555491,,right,17.0
healthy_002__Wheel_/_Encoder_Direction_Mismatch__045,healthy_002,train,Wheel / Encoder Direction Mismatch,0.0804415920000067,0.07911606515000713,0.2014966099999924,0.8638888888888889,0.079270110000003,0.07122016849999709,0.034321558000002,0.2567066659442411,0.0524707411595952,0.013469589022702946,0.07,0.26,0.07,0.0,0.07,0.0,0.0,0.07,1.5183694440386306,5.166492637887663,6.411236958286562,-10.275983929603669,-6.673967173729595,3.6943913672217406,3.682237471901273,0.9341006205047495,0.9240012459459811,0.012567048945919194,0.13087202002475679,0.04079115501663995,0.89,0.58,0.11115789473684207,0.1258358974358973,12.514745471122808,4.9199141595606335,,right,11.0
healthy_002__Wheel_/_Encoder_Direction_Mismatch__046,healthy_002,train,Wheel / Encoder Direction Mismatch,0.194159591000016,0.19225942194999765,0.2020518979999934,0.8694444444444445,0.1934121350000168,0.18521484500000576,0.0338024600000039,0.3314849640762115,0.043578332531008,0.014445561993542385,0.12,0.18,0.0,0.12,0.0,0.12,0.12,0.0,2.2041246890937263,12.6326999998397,13.334420463508778,-43.83292666078335,-39.307059807094085,4.391151248624523,4.30164978524633,0.17396948851915528,0.8963069778752432,0.02276331723106161,0.10242644790967272,0.035661000313466404,0.73,0.61,0.14381052631578942,0.09602051282051274,9.717827232202765,2.2052814306504622,,left,12.0
healthy_002__Wheel_/_Encoder_Direction_Mismatch__047,healthy_002,train,Wheel / Encoder Direction Mismatch,0.2012878029999996,0.1991621208000069,0.2020518979999934,0.8666666666666667,0.2044095020000043,0.20319459760000455,0.0339181200000098,0.2739914615074958,0.0521502956966975,0.014288735735986217,0.12,0.42,0.12,0.0,0.12,0.0,0.0,0.12,2.9746274161543527,12.63243491392422,13.33373168874077,-44.43413105471007,-39.88210477950121,3.082947246114139,2.8235296007040103,0.9138740720691556,0.19059123488844826,0.011998475637380825,0.14412808980113448,0.028704053658630175,0.8,0.42,0.08001052631578943,0.1683692307692306,3.2289338627863913,2.3474261753330747,,right,12.0
healthy_002__Wheel_/_Encoder_Direction_Mismatch__048,healthy_002,train,Wheel / Encoder Direction Mismatch,0.0309633610000048,0.030619213400013452,0.2017400590000022,0.8861111111111111,0.2045297520000133,0.20317895014999574,0.0338893769999941,0.2739914615074958,0.0564755491456446,0.01547381824985357,0.24,0.51,0.24,0.0,0.22,0.0,0.0,0.22,5.981625908514189,13.333005356192565,13.334796748325031,-44.43413105471007,-43.8585056821895,4.353034103170841,3.0437607329650787,0.8260267805688135,-0.21156065997007223,0.022792339580795785,0.21869331519779048,0.07139224793166689,0.72,0.29,0.09251578947368419,0.3795897435897435,15.129196262550693,4.318381636342821,,right,22.0
healthy_002__Wheel_/_Encoder_Direction_Mismatch__049,healthy_002,train,Wheel / Encoder Direction Mismatch,0.14640619,0.1451589235500002,0.2020274430000004,0.875,0.14508615,0.1372801505499995,0.0338936910000011,0.2926730121304112,0.0608772753218906,0.01781713553875007,0.1,0.1,0.1,0.0,0.1,0.0,0.0,0.1,2.5758806202674913,13.332539681654612,13.33396840738989,-44.32407994595062,-43.012711829374716,4.526189150157488,4.639768847197715,0.20400463289958182,-0.056419756053414746,0.0229967519220938,0.14418219339615568,0.025682246551300077,0.71,0.62,0.21559673832468493,0.22805344889851917,12.826280853514469,1.8806315646091996,,right,10.0
healthy_002__Wheel_/_Encoder_Direction_Mismatch__050,healthy_002,train,Wheel / Encoder Direction Mismatch,0.2012878029999996,0.1991621208000069,0.2017400590000022,0.8666666666666667,0.2044095020000043,0.20319459760000455,0.0339181200000098,0.2739914615074958,0.0564755491456446,0.01547381824985357,0.19,0.32,0.02,0.17,0.0,0.17,0.17,0.0,3.9987990938155327,13.332177434095907,13.334796748325031,-44.34300172139583,-42.930718835892755,4.222847596967674,2.9741482701776083,0.057566390104243526,0.7870488049742544,0.022792339580795785,0.1441483636494319,0.034340978289902256,0.79,0.43,0.11057894736842101,0.2374666666666666,7.793068185602479,3.2540929478781493,,left,17.0
healthy_002__Wheel_/_Encoder_Direction_Mismatch__051,healthy_002,train,Wheel / Encoder Direction Mismatch,0.0592225530000121,0.057530501300011076,0.2015905060000022,0.8638888888888889,0.2066708640000172,0.05082449660000275,0.034321558000002,0.2693459456706941,0.0643539067709276,0.017333463876819177,0.07,0.37,0.07,0.0,0.07,0.0,0.0,0.07,2.7794023226485076,12.632040591483653,13.345726398193754,-44.47364609989415,-39.88274823342609,2.865807826247983,2.855860599803373,0.8892098179853495,0.3120931776040177,0.004416856328162884,0.14749896753600358,0.053142755145729484,0.95,0.34,0.0763052631578947,0.2280717948717948,6.8704608494916215,1.2208398268319218,,right,7.0
healthy_002__Wheel_/_Encoder_Direction_Mismatch__052,healthy_002,train,Wheel / Encoder Direction Mismatch,0.0860829500000051,0.08521279810000379,0.2020944590000013,0.8638888888888889,0.0814487580000005,0.07571716094999839,0.0340744000000015,0.2567066659442411,0.0524707411595952,0.013469589022702946,0.12,0.23,0.12,0.0,0.12,0.0,0.0,0.12,1.4287673542228638,5.649558532501471,8.421449539031535,-17.476888415932674,-7.8675680738943985,3.51491395303532,3.4667829621792716,0.9493085881501679,0.8763555476587913,0.01202982358328871,0.12823441982898165,0.02413974939243672,0.78,0.58,0.11034736842105257,0.08153846153846142,15.993790326702985,3.706209673297014,,right,16.0
healthy_002__Wheel_/_Encoder_Direction_Mismatch__053,healthy_002,train,Wheel / Encoder Direction Mismatch,0.1452362450000004,0.1438388346,0.2020274430000004,0.875,0.1415517950000007,0.13661982940000017,0.0338936910000011,0.2926730121304112,0.0608772753218906,0.01781713553875007,0.13,0.13,0.0,0.13,0.0,0.13,0.13,0.0,3.039930393917137,13.331349200433754,13.333847674604442,-44.43738637253296,-44.117935661408026,4.841539986260071,4.984045581180982,0.08682260058421352,0.22724546842467666,0.02299117915829885,0.14304726757875794,0.026177393375676386,0.76,0.67,0.21573407202216058,0.21743589743589725,7.990109752723022,2.5857449414592484,,left,13.0
healthy_002__Wheel_/_Encoder_Direction_Mismatch__054,healthy_002,train,Wheel / Encoder Direction Mismatch,0.1826415969999999,0.18076856554999807,0.2017689030000156,0.8833333333333333,0.1793547560000092,0.17323623945000144,0.0339969810000297,0.3314849640762115,0.043578332531008,0.014445561993542385,0.07,0.07,0.0,0.07,0.0,0.07,0.07,0.0,2.1275301866872973,12.665834361818163,13.333640205803192,-44.4379964332594,-40.093392273994425,6.203299918065301,5.116650489503833,0.32463506390730235,0.923333318160893,0.02276331723106161,0.09526144114160844,0.05293366547565241,1.0,0.86,0.18699999999999994,0.13839999999999983,6.919752260333695,1.2035229381800576,,left,7.0
healthy_002__Wheel_/_Encoder_Direction_Mismatch__055,healthy_002,train,Wheel / Encoder Direction Mismatch,0.2012878029999996,0.1991621208000069,0.2020150790000059,0.8666666666666667,0.2044095020000043,0.20319459760000455,0.0339181200000098,0.2739914615074958,0.0564755491456446,0.01547381824985357,0.09,0.39,0.09,0.0,0.09,0.0,0.0,0.09,2.9047568018207306,7.841249132539514,8.89819308624146,-14.887044433634092,-8.090314695712863,4.339394335631853,3.1883579808510647,0.9060042283955652,0.8071006264446124,0.021741765375496616,0.14412808980113448,0.032802636246984415,0.93,0.42,0.10768421052631574,0.27016410256410234,9.288193514406132,2.030450464728146,,right,11.0
healthy_002__Wheel_/_Encoder_Direction_Mismatch__056,healthy_002,train,Wheel / Encoder Direction Mismatch,0.1969616980000097,0.19581089250000117,0.2020518979999934,0.8694444444444445,0.1934121350000168,0.1861880012999939,0.0338024600000039,0.3314849640762115,0.043578332531008,0.014445561993542385,0.2,0.37,0.2,0.0,0.2,0.0,0.0,0.2,3.4835608612877826,13.332380478340319,13.335162822107547,-43.851622120608575,-43.44204567675931,3.8844229936704253,3.7839033797510173,0.9011191579805361,0.27098426145957255,0.012673102933994596,0.14654682073687628,0.06663326229071809,0.73,0.5,0.12018947368421048,0.1370358974358973,11.114173586453305,3.9842719158374607,,right,20.0
healthy_002__Wheel_/_Encoder_Direction_Mismatch__057,healthy_002,train,Wheel / Encoder Direction Mismatch,0.1935152759999994,0.19215206675001467,0.2020518979999934,0.8694444444444445,0.1894699360000089,0.18450910435000334,0.0338024600000039,0.3314849640762115,0.043578332531008,0.014445561993542385,0.1,0.15,0.1,0.0,0.1,0.0,0.0,0.1,1.9593898559922738,12.632540031043755,13.335014001221873,-43.509316763239134,-39.307059807094085,4.4442352329398815,4.354926518083692,0.8207243970245545,0.3064297762795163,0.02276331723106161,0.10242644790967272,0.035661000313466404,0.73,0.62,0.14589473684210522,0.09371282051282044,9.235468822584494,1.863699161725064,,right,10.0
healthy_002__Wheel_/_Encoder_Direction_Mismatch__058,healthy_002,train,Wheel / Encoder Direction Mismatch,0.0530905789999991,0.05124273430000055,0.2015905060000022,0.8638888888888889,0.2066708640000172,0.04723289049999617,0.0339939430000129,0.2693459456706941,0.0643539067709276,0.017333463876819177,0.06,0.43,0.0,0.06,0.0,0.05,0.05,0.0,2.9385368819762374,8.653153378458986,9.819217522057013,-19.838953236096163,-18.719251276128993,3.242471532863127,3.1228041115213996,0.7584193130682566,0.8005372251021896,0.0037932161387090593,0.2316005803030305,0.059702909362423916,0.94,0.34,0.07549473684210523,0.309076923076923,8.23820042454507,4.117079774299203,,left,9.0
healthy_002__Wheel_/_Encoder_Direction_Mismatch__059,healthy_002,train,Wheel / Encoder Direction Mismatch,0.1049364600000046,0.10464432560000349,0.2020944590000013,0.8583333333333333,0.1043850579999983,0.09462530460000342,0.0340744000000015,0.2685031951844936,0.0350561531789033,0.009412689139412579,0.1,0.22,0.1,0.0,0.1,0.0,0.0,0.1,2.3100872405291817,12.668035483571426,13.335025912311377,-44.12322520454881,-39.47474710728986,3.7926984781306117,3.161700373502282,0.9568002058809963,0.35940766862628754,0.012575933675290465,0.15097029419574734,0.03153199861165624,0.78,0.49,0.10895789473684207,0.14050256410256398,2.908173359251471,1.9229852210688678,,right,10.0
healthy_003__Healthy__000,healthy_003,test,Healthy,0.1333485120000004,0.1318769476000001,0.2021652120000006,0.8583333333333333,0.1315226080000009,0.12268033755000002,0.0339122410000003,0.3037315997091384,0.0510587107198331,0.015508143886021042,0.0,0.21,0.0,0.0,0.0,0.0,0.0,0.0,2.2759955673304133,7.589720739595431,8.802612995350696,-19.371498872688612,-7.888723614101261,2.994196112172122,3.5665181809426394,0.7158173946025651,0.9047113402288617,0.0173585780495873,0.22645231965537008,0.06085900970953417,0.82,0.34,0.10359462486002237,0.2762902345881069,,,,,
healthy_003__Healthy__001,healthy_003,test,Healthy,0.2000992610000196,0.19890312370001476,0.2017555969999875,0.8944444444444445,0.2030303399999979,0.20044703630000663,0.0338250720000132,0.2641519205463734,0.1372650753075427,0.03625883326642998,0.01,0.05,0.0,0.01,0.0,0.0,0.0,0.0,1.3625699920541612,8.254837647015838,8.72865239176942,-19.047338172908308,-0.6172432519714114,1.8613933789523815,2.1359425942593107,0.864059934629792,0.9265742378236762,0.03449516964382007,0.10476405726860659,0.00534786397144685,0.57,0.04,0.06293684232878052,0.15076923076923074,,,,,
healthy_003__Healthy__002,healthy_003,test,Healthy,0.1015723739999998,0.10050212055000136,0.2026447470000221,0.8944444444444445,0.0982007670000086,0.08977884685001239,0.0340200120000133,0.2867730148323136,0.0287887998076363,0.008255850914239792,0.0,0.18,0.0,0.0,0.0,0.0,0.0,0.0,0.9317304981319044,4.702878995727966,7.007490618964363,-12.276231192666788,-5.531492278817329,4.271517425088141,4.103021635350953,0.9644024454844794,0.9774787974430116,0.011660083935749625,0.05671586898268047,0.021376109500038563,0.9,0.65,0.128178947368421,0.106153846153846,,,,,
healthy_003__Healthy__003,healthy_003,test,Healthy,0.1238312239999857,0.12204568800000568,0.2016027180000037,0.8944444444444445,0.1185078170000224,0.11238328020001088,0.0324600810000106,0.2867730148323136,0.0287887998076363,0.008255850914239792,0.0,0.29,0.0,0.0,0.0,0.0,0.0,0.0,1.2039855355313522,5.389740669725062,7.363580544790587,-12.4502178800311,-7.2647029469919735,2.2141611621170587,2.2823265376614126,0.9038330188907426,0.919907923793523,0.023176379840307588,0.1607066471135917,0.04189794578472303,0.61,0.26,0.05812631578947365,0.13199999999999995,,,,,
healthy_003__Healthy__004,healthy_003,test,Healthy,0.0889433279999991,0.08705286480001745,0.201600615999979,0.9,0.0858877750000317,0.07699815309998854,0.0340200120000133,0.2777023395178289,0.0256777841504237,0.007130780732206488,0.0,0.28,0.0,0.0,0.0,0.0,0.0,0.0,1.61902093058639,7.024550977517132,8.238644457225561,-16.968815525366733,-11.028188317288247,3.135072190280648,2.872200058609457,0.9038993220623924,0.9474403469237566,0.011792811398605425,0.07824423007419477,0.025954561751942523,0.77,0.42,0.08047368421052628,0.17742564102564087,,,,,
healthy_003__Healthy__005,healthy_003,test,Healthy,0.1611724800000047,0.1597287350000044,0.2018255560000028,0.8666666666666667,0.1582718970000058,0.14867146080000915,0.033917491000011,0.2785840682727862,0.0401757263824554,0.011192317301438734,0.0,0.0,0.0,0.0,0.0,0.0,0.0,0.0,0.8900788866053196,2.405705229410926,2.8848096470569953,35.244122818579626,35.57110448494461,6.909004002227281,6.083537184653489,0.2647476824128574,0.06461968509040908,0.011857256651545875,0.09388107716360604,0.04374980098815328,1.0,1.0,0.21409473684210514,0.10692307692307665,,,,,
healthy_003__Healthy__006,healthy_003,test,Healthy,0.181922003000011,0.17979246350001354,0.2018255560000028,0.8666666666666667,0.1781723640000052,0.17008165590001378,0.0338390690000096,0.3248373074410906,0.0401757263824554,0.013050574782566798,0.0,0.02,0.0,0.0,0.0,0.0,0.0,0.0,0.7846575188409504,2.0115084520220203,2.884428840182577,-1.5896919113273782,-0.13552488287992545,5.404235847226472,4.7244817021482275,0.980169055879818,0.9835235527772876,0.01199980970435822,0.1058647468046583,0.03189792198746571,1.0,0.79,0.16638947368421042,0.09256410256410233,,,,,
healthy_003__Healthy__007,healthy_003,test,Healthy,0.1885709120000029,0.18697176780000363,0.2016902700000002,0.8666666666666667,0.1861429310000062,0.17845619730000373,0.0338430900000048,0.3248373074410906,0.0401757263824554,0.013050574782566798,0.0,0.02,0.0,0.0,0.0,0.0,0.0,0.0,0.7907009021547243,2.0115084520220203,2.884428840182577,-1.5896919113273782,-0.13552488287992545,5.434807565622133,4.70602465808485,0.984493618009918,0.9852046088237573,0.011927451406204425,0.1058647468046583,0.029215942552119234,1.0,0.79,0.1669684210526315,0.09179487179487154,,,,,
healthy_003__Healthy__008,healthy_003,test,Healthy,0.1207513580000068,0.12013176849999918,0.2026447470000221,0.8944444444444445,0.1185078170000224,0.11238328020001088,0.0324600810000106,0.2867730148323136,0.0287887998076363,0.008255850914239792,0.0,0.28,0.0,0.0,0.0,0.0,0.0,0.0,1.1852994859837633,5.133592931257865,7.363580544790587,-12.4502178800311,-6.594565130018168,2.511464853748397,2.6049949825632037,0.9106658604566004,0.929512231367764,0.023176379840307588,0.1065653921726962,0.02001665709629579,0.61,0.32,0.06947368421052628,0.1254666666666666,,,,,
healthy_003__Healthy__009,healthy_003,test,Healthy,0.0740028860000023,0.07196927230000223,0.2014636070000008,0.8916666666666667,0.069638304999998,0.06370487299999893,0.0343068570000042,0.2736166676155256,0.0518129387427272,0.014176883638152378,0.0,0.04,0.0,0.0,0.0,0.0,0.0,0.0,0.7519028325276687,3.3554229099485435,5.655237754980156,-7.871810827908655,-0.030118119266460405,4.6214479798255255,4.853564476364774,0.747403187487997,0.877158637426414,0.01183892629793858,0.14877003438479255,0.0261319949835446,0.77,0.67,0.1566631578947368,0.08973333333333328,,,,,
healthy_003__Healthy__010,healthy_003,test,Healthy,0.0380601909999995,0.036757010900005584,0.2017555969999875,0.8722222222222222,0.204489518999992,0.20357107935001578,0.0339918910000278,0.2740544884174865,0.0275720365476639,0.00755624037069827,0.0,0.18,0.0,0.0,0.0,0.0,0.0,0.0,1.4820024811682955,6.0911729230100224,8.72865239176942,-19.047338172908308,-9.26003156906447,2.6533154452873133,3.0274382559574504,0.8925083415214988,0.8983436930793964,0.011984718385035606,0.15966117767850435,0.08517971933599754,0.7,0.43,0.07896842105263153,0.1588410256410257,,,,,
healthy_003__Healthy__011,healthy_003,test,Healthy,0.0637985259999993,0.06252780095002346,0.2017579489999832,0.8722222222222222,0.0610571690000085,0.05292931465000942,0.0338391939999951,0.2777023395178289,0.029197576915361,0.008108235417647505,0.0,0.08,0.0,0.0,0.0,0.0,0.0,0.0,1.6036033617836332,6.576599390410518,7.974022146689132,-15.62874695252231,-9.078203965101416,5.8358509702016,6.541754088430659,0.6665027351572881,0.9339212859421252,0.023147332562493423,0.09932120435931954,0.02996614386003123,1.0,0.81,0.19823157894736831,0.17358974358974358,,,,,
healthy_003__Healthy__012,healthy_003,test,Healthy,0.2005221600000055,0.19868189365000502,0.2018291579999953,0.8666666666666667,0.2094942980000098,0.20282631555000774,0.0338530270000063,0.3328587405658832,0.0434758617255984,0.014471320578999169,0.0,0.19,0.0,0.0,0.0,0.0,0.0,0.0,2.131640354884462,7.336786243826978,8.030374654466351,-16.121705701234117,-10.589314206159726,5.2741444928786505,5.038973375246772,0.8828372978581268,0.8093115666596897,0.011737828542545405,0.16083498137069807,0.06501382090188586,0.93,0.63,0.1566631578947368,0.25302564102564085,,,,,
healthy_003__Healthy__013,healthy_003,test,Healthy,0.1441230960000155,0.14228064005000784,0.2016027180000037,0.875,0.1414857320000067,0.13187012070001025,0.033917491000011,0.2785840682727862,0.0356118981830972,0.00992090747476346,0.0,0.29,0.0,0.0,0.0,0.0,0.0,0.0,1.798217481742925,5.389740669725062,7.363580544790587,-12.4502178800311,-7.2647029469919735,4.535228656184542,3.968300267932609,0.9403499444033993,0.9293185834678691,0.011848150347277835,0.1607066471135917,0.05182698116428232,0.99,0.62,0.1227368421052631,0.20251282051282032,,,,,
healthy_003__Healthy__014,healthy_003,test,Healthy,0.0939943779999978,0.09267292150000372,0.201706123000001,0.8916666666666667,0.0905828009999965,0.082756710450003,0.0341573880000041,0.2661964871446747,0.0223799534640198,0.0059574649945833644,0.0,0.25,0.0,0.0,0.0,0.0,0.0,0.0,1.485765715346666,7.536119582264669,8.674116753688988,-18.810075140352527,-14.21408239601713,3.0168468324083095,2.866159276662307,0.8438599121918106,0.9408524014202804,0.01158021756929977,0.20130108003880545,0.02777485133605875,0.77,0.41,0.07804210526315786,0.17274871794871785,,,,,
healthy_003__Healthy__015,healthy_003,test,Healthy,0.2000992610000196,0.19890312370001476,0.2015867759999992,0.8888888888888888,0.2011570580000068,0.19757748110000506,0.0339790849999985,0.2641519205463734,0.1372650753075427,0.03625883326642998,0.01,0.04,0.0,0.01,0.0,0.0,0.0,0.0,1.5017006404224862,8.111975756608553,8.696513489702273,-8.543881561374635,-8.438712570646082e-05,2.9029603298939977,2.9166663959065393,0.8975790112491238,0.9283624448207132,0.03449516964382007,0.07236818943457168,0.00534786397144685,0.71,0.19,0.09524210548667528,0.16923076923076918,,,,,
healthy_003__Healthy__016,healthy_003,test,Healthy,0.0322164490000034,0.030424618650003687,0.2017555969999875,0.8916666666666667,0.204489518999992,0.20357107935001578,0.0339918910000278,0.2740544884174865,0.0275720365476639,0.00755624037069827,0.0,0.19,0.0,0.0,0.0,0.0,0.0,0.0,1.3398494670808725,6.0911729230100224,8.72865239176942,-19.047338172908308,-9.26003156906447,1.6491480851458613,1.8635266305643916,0.8463393664502502,0.8496272285578085,0.011724257857834375,0.15966117767850435,0.08517971933599754,0.54,0.26,0.04249473684210524,0.14396923076923082,,,,,
healthy_003__Healthy__017,healthy_003,test,Healthy,0.2000992610000196,0.19890312370001476,0.2017555969999875,0.9222222222222224,0.2042487610000023,0.2029441911500015,0.0339576290000138,0.1492602656552431,0.023231389866803,0.0034675234230595385,0.0,0.21,0.0,0.0,0.0,0.0,0.0,0.0,1.120499571371281,6.0911729230100224,8.72865239176942,-19.047338172908308,-9.26003156906447,0.9340098967841286,0.9113696875668991,0.6319167137837687,0.4861439390925189,0.024177513009333136,0.15966117767850435,0.08517971933599754,0.46,0.05,0.013489473766166903,0.12063589743589744,,,,,
healthy_003__Healthy__018,healthy_003,test,Healthy,0.2005221600000055,0.027077633450012666,0.2018291579999953,0.8666666666666667,0.2094942980000098,0.20282631555000774,0.0338530270000063,0.296274981079606,0.0386287440288987,0.011444730406290906,0.0,0.26,0.0,0.0,0.0,0.0,0.0,0.0,2.316308714102041,7.458847800510355,8.230438343904968,-16.935028324792818,-12.96971829372367,4.104223664496715,4.304178258881386,0.8978204240537269,0.8362869753521092,0.011538426996845345,0.16639107934299774,0.06718596363240927,0.93,0.44,0.11995789473684207,0.2691179487179487,,,,,
healthy_003__Healthy__019,healthy_003,test,Healthy,0.0846691690000014,0.08307929044999723,0.2014636070000008,0.8916666666666667,0.0826896180000034,0.07163668954999904,0.0339448739999994,0.2736166676155256,0.0518129387427272,0.014176883638152378,0.0,0.25,0.0,0.0,0.0,0.0,0.0,0.0,1.50137869122784,7.536119582264669,8.674116753688988,-18.810075140352527,-14.21408239601713,3.136991352613383,3.0820048929168684,0.855282301754236,0.9494838939210462,0.006475813336971656,0.20130108003880545,0.02777485133605875,0.77,0.41,0.08359999999999998,0.17582564102564097,,,,,
healthy_003__Healthy__020,healthy_003,test,Healthy,0.0700400169999966,0.06761404299999896,0.2014636070000008,0.8722222222222222,0.0638093730000051,0.05839126550000628,0.0343068570000042,0.2736166676155256,0.0518129387427272,0.014176883638152378,0.0,0.0,0.0,0.0,0.0,0.0,0.0,0.0,0.9318933607694452,3.4118385272752816,5.11754680695075,-2.524782938250537e-06,-2.4224202561730265e-06,5.1680960817216715,5.7224357911362524,-0.03554099694917565,0.14616146461629817,0.012032850867451034,0.1271444995838605,0.02571828832986323,0.85,0.79,0.1821368421052631,0.10775384615384613,,,,,
healthy_003__Healthy__021,healthy_003,test,Healthy,0.1106260960000007,0.10873970420000027,0.2018561540000014,0.8583333333333333,0.1092528400000034,0.1002953979,0.0341573880000041,0.2661964871446747,0.0193277189051838,0.0051449708770796455,0.0,0.08,0.0,0.0,0.0,0.0,0.0,0.0,1.4113486923357104,4.672615759687588,5.367222036970263,-7.2017493776497865,-0.7886375911031168,4.530194938219473,4.486971860504715,0.8589640805838913,0.9030521723192733,0.011595598340420439,0.06675824762584057,0.02414105003061238,0.88,0.61,0.14751578947368416,0.15499487179487173,,,,,
healthy_003__Healthy__022,healthy_003,test,Healthy,0.1002034180000031,0.09947899905000039,0.201706123000001,0.8916666666666667,0.0986854830000041,0.09039952325000208,0.0341573880000041,0.2661964871446747,0.0223799534640198,0.0059574649945833644,0.0,0.25,0.0,0.0,0.0,0.0,0.0,0.0,1.9594333676363962,7.536119582264669,8.674116753688988,-18.810075140352527,-14.21408239601713,4.5245215240739505,3.9391265014752155,0.9039028870763801,0.9522207887141335,0.011550845826182805,0.16372124329007876,0.026820575947735494,0.96,0.58,0.11856842105263152,0.22582564102564093,,,,,
healthy_003__Healthy__023,healthy_003,test,Healthy,0.116706723,0.11510200485000062,0.2018561540000014,0.8583333333333333,0.1141234870000005,0.10577006879999983,0.033899630999997,0.3037315997091384,0.0510587107198331,0.015508143886021042,0.0,0.21,0.0,0.0,0.0,0.0,0.0,0.0,2.140168470394114,5.615704460014845,8.802612995350696,-19.371498872688612,-7.888723614101261,4.346900634637512,4.244414662412853,0.8322648400068753,0.9382104339571572,0.011558370303921015,0.07765672980644588,0.02419978630849387,0.88,0.46,0.1291052631578947,0.24267692307692296,,,,,
healthy_003__Healthy__024,healthy_003,test,Healthy,0.2000992610000196,0.19890312370001476,0.2015391099999988,0.8888888888888888,0.2004466820000061,0.19441892239999703,0.0339790849999985,0.281365857389262,0.1372650753075427,0.03862170560350837,0.01,0.04,0.0,0.01,0.0,0.0,0.0,0.0,1.5991910874418045,8.111975756608553,8.696513489702273,-8.543881561374635,-7.546734141366214e-05,3.6593062960664144,3.5747074372588377,0.9023528640833067,0.9312521953824962,0.03449516964382007,0.10149975043008323,0.0065074061747626795,0.91,0.35,0.11747368443404366,0.18051282051282044,,,,,
healthy_003__Healthy__025,healthy_003,test,Healthy,0.1157073450000005,0.11432523595000171,0.2018561540000014,0.8583333333333333,0.1141234870000005,0.10577006879999983,0.0341573880000041,0.3037315997091384,0.0510587107198331,0.015508143886021042,0.0,0.21,0.0,0.0,0.0,0.0,0.0,0.0,2.115318238692997,5.615704460014845,8.802612995350696,-19.371498872688612,-7.888723614101261,4.4884358815158425,4.418073537562523,0.8265398361666273,0.9387130756393468,0.01158730558629451,0.07765672980644588,0.02419978630849387,0.88,0.49,0.13419999999999996,0.23985641025641016,,,,,
healthy_003__Healthy__026,healthy_003,test,Healthy,0.0978096199999996,0.09490145845000074,0.201706123000001,0.8916666666666667,0.0923598410000003,0.08482805070000249,0.0341573880000041,0.2661964871446747,0.0223799534640198,0.0059574649945833644,0.0,0.25,0.0,0.0,0.0,0.0,0.0,0.0,1.697256098867739,7.536119582264669,8.674116753688988,-18.810075140352527,-14.21408239601713,3.5016288936854796,3.131699433184143,0.891840283473172,0.9507219695369045,0.011550845826182805,0.16372124329007876,0.024645713979632264,0.82,0.46,0.08834736842105259,0.1935179487179486,,,,,
healthy_003__Healthy__027,healthy_003,test,Healthy,0.0585214320000204,0.05628719720001669,0.2017579489999832,0.8722222222222222,0.2035730050000097,0.05203399920001598,0.0339918910000278,0.2777023395178289,0.029197576915361,0.008108235417647505,0.0,0.0,0.0,0.0,0.0,0.0,0.0,0.0,1.1731505894041516,3.397391917597547,3.7870169111454146,17.113959469606186,35.262570173776716,5.9026361096079984,6.939474057070961,0.32328765258985254,0.3207080208981372,0.023074504751506842,0.09250590679376595,0.02996614386003123,1.0,0.89,0.212357894736842,0.13358974358974363,,,,,
healthy_003__Healthy__028,healthy_003,test,Healthy,0.1441230960000155,0.14102041865000525,0.2016027180000037,0.875,0.1414857320000067,0.13187012070001025,0.033917491000011,0.2785840682727862,0.0356118981830972,0.00992090747476346,0.0,0.29,0.0,0.0,0.0,0.0,0.0,0.0,1.751572974887698,5.389740669725062,7.363580544790587,-12.4502178800311,-7.2647029469919735,4.37858549096699,3.8605740851903634,0.9392005984489679,0.9291412287573028,0.011848150347277835,0.1607066471135917,0.05182698116428232,0.97,0.6,0.11833684210526312,0.19635897435897415,,,,,
healthy_003__Healthy__029,healthy_003,test,Healthy,0.0781706240000232,0.07763612340002196,0.201600615999979,0.9027777777777778,0.0730219120000015,0.06617444514999841,0.0338239929999986,0.2777023395178289,0.0256777841504237,0.007130780732206488,0.0,0.27,0.0,0.0,0.0,0.0,0.0,0.0,1.5360664451482853,6.676325417763469,8.238644457225561,-16.968815525366733,-10.809816964519312,3.805988776665798,3.7888030420681638,0.9206243159134466,0.9667789228578414,0.012437207939229578,0.07381277753475216,0.019858781090306563,0.77,0.5,0.1081473684210526,0.16089230769230758,,,,,
healthy_003__Healthy__030,healthy_003,test,Healthy,0.1259901089999857,0.12381061470001524,0.2016027180000037,0.8944444444444445,0.1234484210000061,0.11573182944999866,0.0324600810000106,0.2867730148323136,0.0287887998076363,0.008255850914239792,0.0,0.29,0.0,0.0,0.0,0.0,0.0,0.0,1.20319475238652,5.389740669725062,7.363580544790587,-12.4502178800311,-7.2647029469919735,1.986474312904264,2.0538245434836373,0.8934761464026283,0.9095257690053857,0.02313416690946881,0.1607066471135917,0.04189794578472303,0.61,0.24,0.050484210526315756,0.13123076923076915,,,,,
healthy_003__Healthy__031,healthy_003,test,Healthy,0.0419979040000271,0.039661677500006896,0.2017579489999832,0.8722222222222222,0.204489518999992,0.20357107935001578,0.0339918910000278,0.2740544884174865,0.0275720365476639,0.00755624037069827,0.0,0.18,0.0,0.0,0.0,0.0,0.0,0.0,1.6944369034932827,6.0911729230100224,8.72865239176942,-19.047338172908308,-9.26003156906447,2.998592323654981,3.5862784610453553,0.8899028749620332,0.9082943288555919,0.012635986485513624,0.15966117767850435,0.08517971933599754,0.77,0.47,0.0940210526315789,0.1837128205128206,,,,,
healthy_003__Healthy__032,healthy_003,test,Healthy,0.1225681330000156,0.12065279079999124,0.2016027180000037,0.8944444444444445,0.1185078170000224,0.11238328020001088,0.0324600810000106,0.2867730148323136,0.0287887998076363,0.008255850914239792,0.0,0.29,0.0,0.0,0.0,0.0,0.0,0.0,1.2261691132579131,5.389740669725062,7.363580544790587,-12.4502178800311,-7.2647029469919735,2.3658896010319266,2.460436321674876,0.9068821812015403,0.9253199964306227,0.023176379840307588,0.1607066471135917,0.04189794578472303,0.61,0.29,0.06345263157894734,0.13533333333333328,,,,,
healthy_003__Healthy__033,healthy_003,test,Healthy,0.1640859809999995,0.16254979895001395,0.2018255560000028,0.8666666666666667,0.1617437410000093,0.1534393486999967,0.033917491000011,0.2785840682727862,0.0401757263824554,0.011192317301438734,0.0,0.0,0.0,0.0,0.0,0.0,0.0,0.0,0.9746500843586994,2.405705229410926,2.8848096470569953,-0.07462401142551853,35.4082524387071,6.757966508578676,5.8353671953254285,0.8926749974503453,0.9010555890150157,0.012059546134039959,0.09282372939314032,0.04374980098815328,1.0,0.97,0.20784210526315783,0.1156410256410254,,,,,
healthy_003__Healthy__034,healthy_003,test,Healthy,0.1008907490000297,0.09948467935002295,0.2026447470000221,0.9,0.0982007670000086,0.08958241980000273,0.0340200120000133,0.2704394077155487,0.0287887998076363,0.0077856259688186625,0.0,0.18,0.0,0.0,0.0,0.0,0.0,0.0,0.9203179483349594,4.702878995727966,7.007490618964363,-12.276231192666788,-5.531492278817329,4.079293556100632,3.9025829004680253,0.9642379913824616,0.9770546979660913,0.011660083935749625,0.0555695680614929,0.020230352153526195,0.87,0.62,0.12169473684210522,0.10435897435897423,,,,,
healthy_003__Healthy__035,healthy_003,test,Healthy,0.1894733710000053,0.18797330134999723,0.2016902700000002,0.8666666666666667,0.1861429310000062,0.17845619730000373,0.0338430900000048,0.3248373074410906,0.0401757263824554,0.013050574782566798,0.0,0.02,0.0,0.0,0.0,0.0,0.0,0.0,0.7857309081646021,2.0115084520220203,2.884428840182577,-1.5896919113273782,-0.13552488287992545,5.428935636359452,4.70512272281229,0.9844898342858884,0.9852306050047103,0.011927451406204425,0.1058647468046583,0.029215942552119234,1.0,0.79,0.16685263157894728,0.09128205128205102,,,,,
healthy_003__Healthy__036,healthy_003,test,Healthy,0.2005221600000055,0.19868189365000502,0.2018291579999953,0.8666666666666667,0.2094942980000098,0.20282631555000774,0.0338530270000063,0.3328587405658832,0.0434758617255984,0.014471320578999169,0.0,0.23,0.0,0.0,0.0,0.0,0.0,0.0,2.3295853098534156,7.458847800510355,8.230438343904968,-16.935028324792818,-12.96971829372367,5.105648428035344,4.969231701620582,0.8954364785461811,0.7958904455203242,0.011737828542545405,0.16351541111129905,0.06501382090188586,0.93,0.59,0.14844210526315785,0.27232820512820505,,,,,
healthy_003__Healthy__037,healthy_003,test,Healthy,0.1832675539999968,0.18228655920001555,0.2016151830000012,0.8666666666666667,0.1818084020000014,0.17368645450000236,0.0338430900000048,0.3248373074410906,0.0401757263824554,0.013050574782566798,0.0,0.02,0.0,0.0,0.0,0.0,0.0,0.0,0.7874789142460821,2.0115084520220203,2.884428840182577,-1.5896919113273782,-0.13552488287992545,5.391203787979733,4.708628247496357,0.9804148897122154,0.9836357548147001,0.01199980970435822,0.1058647468046583,0.03189792198746571,1.0,0.79,0.16673684210526304,0.09435897435897411,,,,,
healthy_003__Healthy__038,healthy_003,test,Healthy,0.0844531180000061,0.082977901700001,0.2014636070000008,0.8916666666666667,0.0826896180000034,0.07163668954999904,0.033935128000003,0.2736166676155256,0.0518129387427272,0.014176883638152378,0.0,0.25,0.0,0.0,0.0,0.0,0.0,0.0,1.503484888334966,7.536119582264669,8.674116753688988,-18.810075140352527,-14.21408239601713,3.1696416552008952,3.1125122832569487,0.8566448337518857,0.9508967169490488,0.0027330125593476294,0.20130108003880545,0.02777485133605875,0.77,0.41,0.08475789473684209,0.1760820512820512,,,,,
healthy_003__Healthy__039,healthy_003,test,Healthy,0.0697147889999882,0.0679770887000032,0.201600615999979,0.8916666666666667,0.0661454500000218,0.05986813070003186,0.0338391939999951,0.2777023395178289,0.029197576915361,0.008108235417647505,0.0,0.1,0.0,0.0,0.0,0.0,0.0,0.0,1.4914568542441209,6.676325417763469,8.238644457225561,-16.968815525366733,-9.626224928233688,4.9129642543817615,5.385818231549069,0.7381615247574832,0.9484252521542915,0.023074504751506842,0.10017720158719463,0.03219129362019852,0.85,0.64,0.16187368421052628,0.16460512820512815,,,,,
healthy_003__Localization_Jump__000,healthy_003,test,Localization Jump,0.0510472400000026,0.049593725299996845,0.2015120899999942,0.8611111111111112,0.2009157850000065,0.19659845000000756,0.0343068570000042,1.007777438730789,0.9331477885880767,0.9404052883405917,0.0,0.07,0.0,0.0,0.0,0.0,0.0,0.0,1.5595001155962749,4.225860002067092,8.230438343904968,-16.935028324792818,-1.7408641370650602,4.506700568882142,5.510783784698145,0.9397416034263862,0.9294475927945971,0.012778810980255755,0.16045226983654715,0.037275132712344033,1.0,0.71,0.15978947368421045,0.17307692307692313,6.533086174343708,,1.007777438730789,,
healthy_003__Localization_Jump__001,healthy_003,test,Localization Jump,0.1088906999999892,0.1078723642500136,0.2026447470000221,0.8944444444444445,0.107510617999992,0.10022975355001047,0.0340200120000133,0.6739344405115835,0.6914268221655614,0.46597634855084974,0.0,0.01,0.0,0.0,0.0,0.0,0.0,0.0,0.4310988146924825,1.20788797050023,7.007490618964363,-12.276231192666788,-2.058867636849464e-05,4.635236945625483,4.442931122481248,0.9579580527957671,0.9545231878748377,0.023151705609353684,0.05671586898268047,0.021376109500038563,0.83,0.75,0.14936842105263148,0.053456410256410146,13.489939465567744,,0.6739344405115835,,
healthy_003__Localization_Jump__002,healthy_003,test,Localization Jump,0.0351603139999951,0.0328400165500035,0.2018291579999953,0.8861111111111111,0.2094942980000098,0.20124272020000752,0.0336726140000109,1.884024875856885,1.7292605559343985,3.257969904218513,0.0,0.26,0.0,0.0,0.0,0.0,0.0,0.0,2.3038310935092263,7.458847800510355,8.230438343904968,-16.935028324792818,-12.96971829372367,3.3394093708541686,3.9762458163267276,0.8701238361759841,0.8519559624167905,0.01179058476743646,0.16639107934299774,0.06718596363240927,0.93,0.4,0.10096842105263154,0.26809230769230774,7.129137691615028,,1.884024875856885,,
healthy_003__Localization_Jump__003,healthy_003,test,Localization Jump,0.1469240479999882,0.1454521739999904,0.2016027180000037,0.875,0.1454815090000067,0.1348019476999852,0.033917491000011,1.6174854597383272,1.6062087830633298,2.598019351908929,0.0,0.19,0.0,0.0,0.0,0.0,0.0,0.0,1.6218652498320387,5.389740669725062,7.363580544790587,-12.4502178800311,-7.2647029469919735,5.172998417894949,4.515689877489423,0.9341783879627841,0.9291099270699733,0.01181550378523237,0.10790587758290453,0.060123608391123934,0.99,0.73,0.14624210526315784,0.18893333333333312,7.957326744220751,,1.6174854597383272,,
healthy_003__Localization_Jump__004,healthy_003,test,Localization Jump,0.1321672830000011,0.1307141992999945,0.2016027180000037,0.875,0.1296371189999945,0.123545271000006,0.032823909000001,0.7874579885906977,0.7915469287423793,0.6233099523826183,0.0,0.29,0.0,0.0,0.0,0.0,0.0,0.0,1.2880333605241931,5.389740669725062,7.363580544790587,-12.4502178800311,-7.2647029469919735,1.9407860048305994,1.889687527606778,0.8864721486575861,0.8950188236528811,0.0116635308743818,0.1607066471135917,0.04034858871325046,0.63,0.26,0.045852631578947346,0.14353846153846142,11.186269211177404,,0.7874579885906977,,
healthy_003__Localization_Jump__005,healthy_003,test,Localization Jump,0.1094256830000119,0.10871322615000871,0.2026447470000221,0.8944444444444445,0.107510617999992,0.10022975355001047,0.033815962000034,1.4047409079800222,1.3261850998237177,1.8629464612759454,0.0,0.0,0.0,0.0,0.0,0.0,0.0,0.0,0.34826894034612393,1.1059800045197385,1.5363151947457636,-2.484423784009368e-05,-2.2048420371636815e-05,4.565749059937563,4.386595110876668,0.9651689596538404,0.951083735248863,0.012236071233330682,0.0555695680614929,0.020282652488892258,0.79,0.75,0.14867368421052626,0.039743589743589644,5.671602003427779,,1.4047409079800222,,
healthy_003__Localization_Jump__006,healthy_003,test,Localization Jump,0.1111372720000005,0.11034678155000141,0.2018561540000014,0.8583333333333333,0.1092528400000034,0.1002953979,0.0341573880000041,1.3931060109601128,1.2600982083322414,1.755450388427714,0.0,0.12,0.0,0.0,0.0,0.0,0.0,0.0,1.5436261249448124,4.672615759687588,5.367222036970263,-7.2017493776497865,-1.7945941436254842,4.5577924831416485,4.5217276411571,0.8490279532996722,0.9144950128118937,0.011595598340420439,0.06675824762584057,0.02414105003061238,0.88,0.61,0.14624210526315784,0.17063589743589735,7.220546993365634,,1.3931060109601128,,
healthy_003__Localization_Jump__007,healthy_003,test,Localization Jump,0.0569448269999952,0.056091917900019425,0.2017579489999832,0.8722222222222222,0.2035730050000097,0.05203399920001598,0.0339918910000278,2.0256349366655426,1.9419516553225313,3.9336851183368013,0.0,0.0,0.0,0.0,0.0,0.0,0.0,0.0,1.1890399723088856,3.397391917597547,3.7870169111454146,7.4611551390877615,30.64489228439429,5.796745975317688,6.8494733056853825,0.677348531242666,0.6191193428152078,0.023074504751506842,0.09250590679376595,0.02996614386003123,1.0,0.89,0.20923157894736832,0.13410256410256413,10.442470293794997,,2.0256349366655426,,
healthy_003__Localization_Jump__008,healthy_003,test,Localization Jump,0.1732158530000163,0.17164348705000662,0.2018255560000028,0.8666666666666667,0.1673546290000018,0.1617674824500092,0.0336093770000047,2.357381804168332,2.290411495566852,5.399374383707274,0.0,0.02,0.0,0.0,0.0,0.0,0.0,0.0,0.899985691431119,2.437284295944203,2.8848096470569953,-1.5896919113273782,-0.13552488287992545,5.471554079574979,4.680086385843333,0.9738651735923145,0.9784746544984596,0.012059546134039959,0.1058647468046583,0.05149568434810503,1.0,0.79,0.16673684210526307,0.10948717948717922,11.281943899661954,,2.357381804168332,,
healthy_003__Localization_Jump__009,healthy_003,test,Localization Jump,0.1349284450000141,0.13356961379999174,0.2016027180000037,0.875,0.1334813440000175,0.12549857505001255,0.032823909000001,0.662263664262744,0.6414739567327933,0.42482489311498056,0.0,0.29,0.0,0.0,0.0,0.0,0.0,0.0,1.3267255064204442,5.389740669725062,7.363580544790587,-12.4502178800311,-7.2647029469919735,2.6158649924401804,2.5252266679913813,0.9145311848066726,0.9198623227024846,0.011729785841362006,0.1607066471135917,0.04034858871325046,0.73,0.36,0.06692631578947365,0.14764102564102552,12.469085635483822,,0.662263664262744,,
healthy_003__Localization_Jump__010,healthy_003,test,Localization Jump,0.1797686500000139,0.17781975170000522,0.2018255560000028,0.8666666666666667,0.1781723640000052,0.16925180715001104,0.0336558740000043,1.4971430292639554,1.603898306160657,2.401265168716693,0.0,0.02,0.0,0.0,0.0,0.0,0.0,0.0,0.7873336226068673,2.0115084520220203,2.884428840182577,-1.5896919113273782,-0.13552488287992545,5.396952520242609,4.7181368953352125,0.9799631447586326,0.9838893773124932,0.01199980970435822,0.1058647468046583,0.03189792198746571,1.0,0.79,0.16638947368421042,0.09410256410256387,14.256619157275367,,1.4971430292639554,,
healthy_003__Localization_Jump__011,healthy_003,test,Localization Jump,0.1883874930000075,0.18689664285001442,0.2016902700000002,0.8666666666666667,0.1861429310000062,0.17845619730000373,0.0338430900000048,0.9494939231554609,0.8278572322006911,0.7860454112148555,0.0,0.02,0.0,0.0,0.0,0.0,0.0,0.0,0.7907714906476692,2.0115084520220203,2.884428840182577,-1.5896919113273782,-0.13552488287992545,5.434785013027028,4.7059315169968,0.9845891930639593,0.9853613117651792,0.011927451406204425,0.1058647468046583,0.029215942552119234,1.0,0.79,0.16708421052631567,0.09230769230769205,6.859834518920934,,0.9494939231554609,,
healthy_003__Localization_Jump__012,healthy_003,test,Localization Jump,0.141079549,0.13916801600000017,0.2021652120000006,0.8583333333333333,0.1366099350000005,0.13134310420000048,0.0339122410000003,2.0431003109704786,1.7517425409210134,3.578985730095939,0.0,0.12,0.0,0.0,0.0,0.0,0.0,0.0,1.665091380632053,7.589720739595431,8.802612995350696,-19.371498872688612,-7.888723614101261,2.549336393732286,2.7473486483148912,0.7330859999085393,0.8983774593067073,0.011876466659418383,0.1882405496469952,0.05558282708339257,0.64,0.33,0.12194078947368416,0.3018429487179486,9.271716413330344,,2.0431003109704786,,
healthy_003__Localization_Jump__013,healthy_003,test,Localization Jump,0.1467526260000227,0.14494310915001726,0.2016027180000037,0.875,0.1454815090000067,0.1348019476999852,0.033917491000011,2.383331043834101,2.1175752130987346,5.0468827430318255,0.0,0.2,0.0,0.0,0.0,0.0,0.0,0.0,1.6525512303756031,5.389740669725062,7.363580544790587,-12.4502178800311,-7.2647029469919735,5.122019175926019,4.464362345153633,0.9348467014135506,0.9305643364352615,0.01181550378523237,0.10790587758290453,0.060123608391123934,0.99,0.72,0.14404210526315786,0.19149743589743565,6.4978603684673715,,2.383331043834101,,
healthy_003__Localization_Jump__014,healthy_003,test,Localization Jump,0.1267354649999958,0.12543145600000538,0.2016027180000037,0.8833333333333333,0.1234484210000061,0.11626974355002764,0.0324600810000106,1.7902914254094173,1.8345436734686793,3.2843678081500705,0.0,0.29,0.0,0.0,0.0,0.0,0.0,0.0,1.216858411382298,5.389740669725062,7.363580544790587,-12.4502178800311,-7.2647029469919735,1.8167797254133249,1.8656364342885263,0.8760880359092276,0.8946018058407702,0.012224851900293357,0.1607066471135917,0.04189794578472303,0.61,0.24,0.044463157894736816,0.13302564102564093,8.304864643908672,,1.7902914254094173,,
healthy_003__Localization_Jump__015,healthy_003,test,Localization Jump,0.0630971000000002,0.061682932249996686,0.2014636070000008,0.8611111111111112,0.061509608999998,0.05176908934999921,0.0343068570000042,1.5104151056404371,1.5465161774570169,2.3358813955483853,0.0,0.0,0.0,0.0,0.0,0.0,0.0,0.0,1.1134033001355086,3.4118385272752816,5.11754680695075,34.07070771843129,35.53326116687907,6.040614717202273,6.906262701216039,0.011905851657744061,0.18325775250479148,0.012778810980255755,0.10230707055242286,0.025615085667811864,1.0,0.94,0.2144421052631578,0.12749743589743587,14.1126535009697,,1.5104151056404371,,
healthy_003__Localization_Jump__016,healthy_003,test,Localization Jump,0.0532209929999965,0.05078704195000652,0.2017579489999832,0.8722222222222222,0.204489518999992,0.1996656291000306,0.0339918910000278,0.9634124178760373,0.8743927346836731,0.8424008186948378,0.0,0.06,0.0,0.0,0.0,0.0,0.0,0.0,1.4894391274490162,3.845587375428385,6.047786204911571,-9.143924034709489,-3.699320720991089,4.793162232687681,5.800600426799484,0.9455779514352317,0.9289472335376127,0.023027289606515896,0.1036307154216074,0.03436900027024146,1.0,0.75,0.1689368421052631,0.16980512820512825,14.93092278160293,,0.9634124178760373,,
healthy_003__Localization_Jump__017,healthy_003,test,Localization Jump,0.0505638070000031,0.048819684450004834,0.2015120899999942,0.8611111111111112,0.2042472010000011,0.19969184170001805,0.0343068570000042,2.487174595828769,2.6805871416897458,6.667088240715988,0.0,0.08,0.0,0.0,0.0,0.0,0.0,0.0,1.641195373611694,5.139731729909198,8.230438343904968,-16.935028324792818,-2.436152470324279,4.446543717403858,5.399770445388466,0.92341504576465,0.9209370259014956,0.012778810980255755,0.16058177660904552,0.037275132712344033,1.0,0.69,0.15608421052631571,0.18427692307692312,10.843653198321078,,2.487174595828769,,
healthy_003__Localization_Jump__018,healthy_003,test,Localization Jump,0.1626640449999996,0.16150684155000827,0.2018255560000028,0.8666666666666667,0.1617437410000093,0.1532922909500115,0.033917491000011,2.22274167652918,1.993550212940618,4.431147142556733,0.0,0.0,0.0,0.0,0.0,0.0,0.0,0.0,0.93926295243674,2.405705229410926,2.8848096470569953,35.244122818579626,35.57110448494461,6.942015198807798,6.064778664564407,0.22051793693127053,0.08576594862134385,0.01199980970435822,0.0927235250626302,0.04374980098815328,1.0,1.0,0.21386315789473673,0.10999999999999975,11.454604358390924,,2.22274167652918,,
healthy_003__Localization_Jump__019,healthy_003,test,Localization Jump,0.1618997110000037,0.1610019968000067,0.2018255560000028,0.8666666666666667,0.1582718970000058,0.15133033569999768,0.033917491000011,1.1203401117364915,1.0656183086889335,1.1938549350250107,0.0,0.0,0.0,0.0,0.0,0.0,0.0,0.0,0.9001304714903493,2.405705229410926,2.8848096470569953,35.244122818579626,35.57110448494461,6.917383323088514,6.081864920629691,0.25124724604386034,0.07852000048853595,0.011929851843051379,0.0927235250626302,0.04374980098815328,1.0,1.0,0.21397894736842094,0.10589743589743565,13.25527760479413,,1.1203401117364915,,
healthy_003__Localization_Jump__020,healthy_003,test,Localization Jump,0.2000992610000196,0.19890312370001476,0.2015391099999988,0.8888888888888888,0.2005402100000139,0.19517664650001615,0.0339790849999985,2.3140914853150596,2.110220060554882,4.8832422742710815,0.01,0.04,0.0,0.01,0.0,0.0,0.0,0.0,1.589386822873625,8.111975756608553,8.696513489702273,-8.543881561374635,-7.754376250445352e-05,3.585438510909384,3.509017872785068,0.9016858568250206,0.9305633954221738,0.03449516964382007,0.09005537971785704,0.0062140898000816545,0.86,0.34,0.11527368443404366,0.17871794871794866,14.846755278588603,,2.3140914853150596,,
healthy_003__Localization_Jump__021,healthy_003,test,Localization Jump,0.0309721270000125,0.02874625365000929,0.2018291579999953,0.8666666666666667,0.2094942980000098,0.20282631555000774,0.0338530270000063,1.630339201632784,1.5753407658626226,2.5683398065160468,0.0,0.26,0.0,0.0,0.0,0.0,0.0,0.0,2.295038752052932,7.458847800510355,8.230438343904968,-16.935028324792818,-12.96971829372367,3.526718910150613,3.830264873101637,0.8780102461540298,0.8322838612454682,0.011619016010805795,0.16639107934299774,0.06718596363240927,0.93,0.4,0.10177894736842101,0.2660410256410256,10.552053275629063,,1.630339201632784,,
healthy_003__Localization_Jump__022,healthy_003,test,Localization Jump,0.1232275410000056,0.1208154624500068,0.2016027180000037,0.8944444444444445,0.1185078170000224,0.11238328020001088,0.0324600810000106,2.003364831484755,1.8552274400026043,3.716697407706711,0.0,0.29,0.0,0.0,0.0,0.0,0.0,0.0,1.2063038754718705,5.389740669725062,7.363580544790587,-12.4502178800311,-7.2647029469919735,2.269142903807219,2.339626619292091,0.905506590558146,0.9224992520762876,0.023176379840307588,0.1607066471135917,0.04189794578472303,0.61,0.27,0.059978947368421014,0.13302564102564093,9.039850794898086,,2.003364831484755,,
healthy_003__Localization_Jump__023,healthy_003,test,Localization Jump,0.0985992459999991,0.0978115224999998,0.201706123000001,0.8916666666666667,0.0953577139999986,0.08895665930000185,0.0341573880000041,2.2040313402642884,2.0996592992173233,4.627714899352333,0.0,0.25,0.0,0.0,0.0,0.0,0.0,0.0,1.8677085407877123,7.536119582264669,8.674116753688988,-18.810075140352527,-14.21408239601713,3.9795115606262987,3.438939171534137,0.8998604310588169,0.9493742698857426,0.011550845826182805,0.16372124329007876,0.026820575947735494,0.88,0.5,0.10131578947368418,0.2145435897435896,6.872377804825238,,2.2040313402642884,,
healthy_003__Localization_Jump__024,healthy_003,test,Localization Jump,0.0630971000000002,0.061917994200003754,0.2014636070000008,0.8611111111111112,0.061509608999998,0.05176908934999921,0.0343068570000042,1.6168826291173817,1.4919996840744731,2.412388371828637,0.0,0.0,0.0,0.0,0.0,0.0,0.0,0.0,1.1100548635587602,3.4118385272752816,5.11754680695075,34.07070771843129,35.566021271452776,6.084781988378768,6.862139265655299,-0.035753043869416336,0.2378986035141697,0.012032850867451034,0.10230707055242286,0.025615085667811864,1.0,0.94,0.2144421052631578,0.12647179487179486,12.547453796370128,,1.6168826291173817,,
healthy_003__Localization_Jump__025,healthy_003,test,Localization Jump,0.0821267219999981,0.08100247599999862,0.2014636070000008,0.8916666666666667,0.0795996190000067,0.06985018075000404,0.033935128000003,1.0645614604479006,0.9207794041499542,0.980226267232223,0.0,0.25,0.0,0.0,0.0,0.0,0.0,0.0,1.5161602367992097,7.536119582264669,8.674116753688988,-18.810075140352527,-14.21408239601713,3.5517499930845458,3.503098918369366,0.8673930543092404,0.9612677169683917,0.01127484441642229,0.20130108003880545,0.02777485133605875,0.77,0.45,0.09772631578947368,0.1794153846153845,11.633081368801193,,1.0645614604479006,,
healthy_003__Localization_Jump__026,healthy_003,test,Localization Jump,0.1238420090000023,0.12065118655000139,0.2021652120000006,0.8583333333333333,0.1191928300000011,0.11323347665000155,0.0337517040000001,0.5630124422940974,0.49868339362683917,0.28076495537735546,0.0,0.21,0.0,0.0,0.0,0.0,0.0,0.0,2.1972812111245275,5.615704460014845,8.802612995350696,-19.371498872688612,-7.888723614101261,3.7757798705329177,3.8102587319617673,0.8191518087617774,0.9278350133327634,0.0022575218818142416,0.10018331451840157,0.026986508097313282,0.88,0.44,0.11254736842105259,0.24677948717948703,10.795679439166284,,0.5630124422940974,,
healthy_003__Localization_Jump__027,healthy_003,test,Localization Jump,0.1335566349999908,0.1321762873000011,0.2016027180000037,0.875,0.1296371189999945,0.123545271000006,0.032823909000001,1.396846012039167,1.2103857071890227,1.6907224481161933,0.0,0.29,0.0,0.0,0.0,0.0,0.0,0.0,1.2983005093988573,5.389740669725062,7.363580544790587,-12.4502178800311,-7.2647029469919735,2.271940704005614,2.210168977996858,0.903095196660932,0.9103796404828246,0.0116635308743818,0.1607066471135917,0.04034858871325046,0.68,0.31,0.056505263157894704,0.1448205128205127,9.43732151287196,,1.396846012039167,,
healthy_003__Localization_Jump__028,healthy_003,test,Localization Jump,0.067931528999992,0.06620287035002825,0.2017579489999832,0.8722222222222222,0.0661454500000218,0.05622079440001497,0.0338391939999951,0.5418130014207724,0.5731828707591166,0.3105579315689716,0.0,0.1,0.0,0.0,0.0,0.0,0.0,0.0,1.6558005993146516,6.676325417763469,8.238644457225561,-16.968815525366733,-9.626224928233688,5.2862279290302965,5.924112351813533,0.7167936147565328,0.945553320575686,0.023074504751506842,0.10017720158719463,0.03219129362019852,0.92,0.71,0.17681052631578936,0.18178461538461532,13.938541902081681,,0.5418130014207724,,
healthy_003__Localization_Jump__029,healthy_003,test,Localization Jump,0.1547349460000049,0.1529916648500155,0.2018255560000028,0.8666666666666667,0.1512274509999969,0.1455096216500066,0.033917491000011,0.9215250961661345,0.923180925794669,0.8507343914216735,0.0,0.0,0.0,0.0,0.0,0.0,0.0,0.0,0.8909535337533298,2.405705229410926,2.8848096470569953,0.9482549332812421,3.020508042336772,6.247903088209287,5.440633413536837,0.9732658912994592,0.9540844726317735,0.01176063383039295,0.09388107716360604,0.03507177995533059,1.0,0.95,0.19186315789473682,0.10512820512820488,6.524342229746864,,0.9215250961661345,,
healthy_003__Localization_Jump__030,healthy_003,test,Localization Jump,0.0970305560000213,0.09282514155003269,0.2026447470000221,0.9,0.091072003000022,0.08480190885000091,0.0340200120000133,2.4072337922268012,2.2123984029589723,5.325760197471445,0.0,0.22,0.0,0.0,0.0,0.0,0.0,0.0,1.1482564314221928,5.879610863891008,8.238644457225561,-16.968815525366733,-8.40264435578119,3.340500201990576,3.125288051468342,0.943469938468958,0.9699744756257944,0.011641501788890155,0.05671586898268047,0.021376109500038563,0.77,0.48,0.09193684210526312,0.13152820512820498,10.93636153665608,,2.4072337922268012,,
healthy_003__Localization_Jump__031,healthy_003,test,Localization Jump,0.1815799720000086,0.17961731405000372,0.2018255560000028,0.8666666666666667,0.1781723640000052,0.17008165590001378,0.0338390690000096,0.9643434674958788,0.8298865499980881,0.8002956732533483,0.0,0.02,0.0,0.0,0.0,0.0,0.0,0.0,0.7868825622793036,2.0115084520220203,2.884428840182577,-1.5896919113273782,-0.13552488287992545,5.405438303963397,4.723459115446798,0.9802175124778825,0.9835468878716834,0.01199980970435822,0.1058647468046583,0.03189792198746571,1.0,0.79,0.16638947368421042,0.09307692307692284,8.640808927465159,,0.9643434674958788,,
healthy_003__Localization_Jump__032,healthy_003,test,Localization Jump,0.2005221600000055,0.19868189365000502,0.2018291579999953,0.8666666666666667,0.2094942980000098,0.20146128100001448,0.0338530270000063,0.5565068496928838,0.5554618201688484,0.30911830766684095,0.0,0.17,0.0,0.0,0.0,0.0,0.0,0.0,2.0116343750127292,6.898449428997031,8.030374654466351,-16.121705701234117,-8.629006232820547,5.386123814061501,5.15810139060661,0.9070342562878626,0.8042670189925808,0.011737828542545405,0.15880323052661965,0.06501382090188586,0.93,0.66,0.16233684210526309,0.2382974358974358,12.070418952994956,,0.5565068496928838,,
healthy_003__Localization_Jump__033,healthy_003,test,Localization Jump,0.1321672830000011,0.1307141992999945,0.2016027180000037,0.875,0.1296371189999945,0.123545271000006,0.032823909000001,2.124829037006399,2.153922916097517,4.576717955597502,0.0,0.29,0.0,0.0,0.0,0.0,0.0,0.0,1.2880333605241931,5.389740669725062,7.363580544790587,-12.4502178800311,-7.2647029469919735,1.9407860048305994,1.889687527606778,0.8864721486575861,0.8950188236528811,0.0116635308743818,0.1607066471135917,0.04034858871325046,0.63,0.26,0.045852631578947346,0.14353846153846142,12.770752148441431,,2.124829037006399,,
healthy_003__Localization_Jump__034,healthy_003,test,Localization Jump,0.1060851410000012,0.10569296615000033,0.2018561540000014,0.8583333333333333,0.1044643710000023,0.09569760435000223,0.0341573880000041,1.714743795825465,1.4743142834731537,2.528071270682456,0.0,0.1,0.0,0.0,0.0,0.0,0.0,0.0,1.9031906968557921,7.536119582264669,8.674116753688988,-18.810075140352527,-14.21408239601713,4.809906629720157,4.755196442993176,0.7763158767148356,0.9095919041008698,0.011595598340420439,0.20116079041628157,0.02576170325938058,0.95,0.61,0.14855789473684206,0.2249948717948717,9.788280210515577,,1.714743795825465,,
healthy_003__Localization_Jump__035,healthy_003,test,Localization Jump,0.0650425310000031,0.06311661570000059,0.2014636070000008,0.8611111111111112,0.0636993729999986,0.054350172099999816,0.0343068570000042,1.3395820317281097,1.1930765071395608,1.5982238514410896,0.0,0.0,0.0,0.0,0.0,0.0,0.0,0.0,1.0824652787828446,3.4118385272752816,5.11754680695075,-2.3335440450796124e-06,35.38986141484771,5.930979349628416,6.6363083767436395,-0.05870938338423801,0.13453041975709282,0.012778810980255755,0.1271444995838605,0.029191024527740764,0.98,0.92,0.21027368421052622,0.1244205128205128,9.513305546188604,,1.3395820317281097,,
healthy_003__Localization_Jump__036,healthy_003,test,Localization Jump,0.0597004010000148,0.05718356495002288,0.2017579489999832,0.8722222222222222,0.2035730050000097,0.05203399920001598,0.0339918910000278,0.9186696717243761,0.7846431349112132,0.7208278511696695,0.0,0.0,0.0,0.0,0.0,0.0,0.0,0.0,1.14307465239861,3.397391917597547,3.7870169111454146,32.78585059061081,35.55697479574173,5.963313100037601,6.9700751104950225,-0.24089319152931693,0.02718992239609261,0.023074504751506842,0.09250590679376595,0.02996614386003123,1.0,0.89,0.21421052631578938,0.13051282051282054,14.24697046206731,,0.9186696717243761,,
healthy_003__Localization_Jump__037,healthy_003,test,Localization Jump,0.2000992610000196,0.19890312370001476,0.2017555969999875,0.9111111111111112,0.2042487610000023,0.2029441911500015,0.0339576290000138,0.5438626887715319,0.5577281625116023,0.3033275380671659,0.0,0.21,0.0,0.0,0.0,0.0,0.0,0.0,1.083637895214437,6.0911729230100224,8.72865239176942,-19.047338172908308,-9.26003156906447,0.9167349483202736,0.8954649926495003,0.5961700661691418,0.4896211405259476,0.024177513009333136,0.15966117767850435,0.08517971933599754,0.46,0.02,0.013173684322285013,0.11762051282051283,14.543473662771731,,0.5438626887715319,,
healthy_003__Localization_Jump__038,healthy_003,test,Localization Jump,0.2000992610000196,0.19890312370001476,0.2015867759999992,0.8888888888888888,0.2011570580000068,0.19757748110000506,0.0339790849999985,2.442006119168502,2.1196024888188894,5.1760822479005135,0.01,0.04,0.0,0.01,0.0,0.0,0.0,0.0,1.4884547100509737,8.111975756608553,8.696513489702273,-8.543881561374635,-8.533636782388749e-05,2.770019137128459,2.7972914316861637,0.89482519295867,0.9273688516407892,0.03449516964382007,0.07236818943457168,0.00534786397144685,0.69,0.17,0.09084210548667526,0.16769230769230764,14.128484913729324,,2.442006119168502,,
healthy_003__Localization_Jump__039,healthy_003,test,Localization Jump,0.0532209929999965,0.05078704195000652,0.2017579489999832,0.8722222222222222,0.204489518999992,0.1996656291000306,0.0339918910000278,1.7371787534928123,1.6433160848177688,2.8547337878184202,0.0,0.06,0.0,0.0,0.0,0.0,0.0,0.0,1.4894391274490162,3.845587375428385,6.047786204911571,-9.143924034709489,-3.699320720991089,4.793162232687681,5.800600426799484,0.9455779514352317,0.9289472335376127,0.023027289606515896,0.1036307154216074,0.03436900027024146,1.0,0.75,0.1689368421052631,0.16980512820512825,11.11759913562284,,1.7371787534928123,,
healthy_003__LiDAR_Dropout__000,healthy_003,test,LiDAR Dropout,5.556603027016864,4.566603027016863,5.433056359572211,0.875,0.1454815090000067,0.1348019476999852,0.033917491000011,0.2785840682727862,0.0372862334783689,0.01038735061297297,0.0,0.22,0.0,0.0,0.0,0.0,0.0,0.0,1.6989212485764242,5.389740669725062,7.363580544790587,-12.4502178800311,-7.2647029469919735,5.0153964657536285,4.364871895400969,0.9366122175919492,0.9332000587679122,0.01181550378523237,0.10790587758290453,0.060123608391123934,0.99,0.7,0.13964210526315785,0.19713846153846126,5.921478674516687,5.360551167366748,,,
healthy_003__LiDAR_Dropout__001,healthy_003,test,LiDAR Dropout,3.7216322657626284,2.7316322657626286,3.879501778473391,0.9,0.091072003000022,0.08229985875001368,0.0340200120000133,0.2694058445974892,0.0250331288253035,0.0067440712140986415,0.0,0.27,0.0,0.0,0.0,0.0,0.0,0.0,1.4263730708731401,6.64121180906106,8.238644457225561,-16.968815525366733,-11.028188317288247,3.2135446595210198,2.929245550297809,0.9237407422960117,0.9640410057063676,0.011641501788890155,0.059510739183766675,0.022547200303351778,0.77,0.43,0.08232631578947364,0.1622974358974357,10.093870535749124,3.676552668656276,,,
healthy_003__LiDAR_Dropout__002,healthy_003,test,LiDAR Dropout,5.485265671841202,4.495265671841202,5.47938075571524,0.8666666666666667,0.2094942980000098,0.20282631555000774,0.0338530270000063,0.296274981079606,0.0381635036959053,0.011306891335435816,0.0,0.26,0.0,0.0,0.0,0.0,0.0,0.0,2.3245622542512483,7.458847800510355,8.230438343904968,-16.935028324792818,-12.96971829372367,3.3952168698946275,3.913314901952906,0.8709612814790202,0.8427018974170369,0.011701520002004145,0.16639107934299774,0.06718596363240927,0.93,0.4,0.10073684210526312,0.2706564102564103,10.816751502353526,5.318684189725136,,,
healthy_003__LiDAR_Dropout__003,healthy_003,test,LiDAR Dropout,3.8110146353749146,2.821014635374914,3.955480922587616,0.8916666666666667,0.0795996190000067,0.07025442835000312,0.033935128000003,0.2736166676155256,0.0518129387427272,0.014176883638152378,0.0,0.25,0.0,0.0,0.0,0.0,0.0,0.0,1.5118958444714963,7.536119582264669,8.674116753688988,-18.810075140352527,-14.21408239601713,3.450743545279509,3.3935758791006867,0.8667809260977287,0.9589026224877313,0.0027330125593476294,0.20130108003880545,0.02777485133605875,0.77,0.43,0.09402105263157895,0.17813333333333325,6.317477553212548,3.6227104024933148,,,
healthy_003__LiDAR_Dropout__004,healthy_003,test,LiDAR Dropout,6.13829263810979,5.14829263810979,6.2786952974419625,0.9,0.0896395110000014,0.08107956149999751,0.0340200120000133,0.2683206180909646,0.0250331288253035,0.006716904599156177,0.0,0.28,0.0,0.0,0.0,0.0,0.0,0.0,1.555549654240217,7.024550977517132,8.238644457225561,-16.968815525366733,-11.028188317288247,3.1985923882402516,2.8432562399932833,0.9155970511112459,0.9472839878285074,0.011641501788890155,0.07824423007419477,0.022547200303351778,0.77,0.42,0.08058947368421049,0.16947692307692294,6.291462489074899,6.115235140539058,,,
healthy_003__LiDAR_Dropout__005,healthy_003,test,LiDAR Dropout,4.630933546594494,3.640933546594494,4.925563001623184,0.8722222222222222,0.204489518999992,0.20308000755000527,0.0339918910000278,0.2740544884174865,0.029197576915361,0.008001727004569472,0.0,0.08,0.0,0.0,0.0,0.0,0.0,0.0,1.5536850047101283,3.845587375428385,6.047786204911571,-9.143924034709489,-3.699320720991089,4.691958098366325,5.703769331786011,0.9512987649609969,0.9329948298508077,0.023027289606515896,0.1036307154216074,0.03436900027024146,1.0,0.73,0.16476842105263154,0.17595897435897437,6.450197587886786,4.5975618551988,,,
healthy_003__LiDAR_Dropout__006,healthy_003,test,LiDAR Dropout,7.009973190912953,6.019973190912952,7.015248991902906,0.8611111111111112,0.2009157850000065,0.19659845000000756,0.0343068570000042,0.2676791948030888,0.0299785291040398,0.008024628531950339,0.0,0.04,0.0,0.0,0.0,0.0,0.0,0.0,1.365276030461943,3.562627679914327,8.230438343904968,-16.935028324792818,-0.13169481974539424,4.61019016776043,5.594708533686493,0.9444071994766509,0.9433969220785656,0.012778810980255755,0.1595674856347591,0.037275132712344033,1.0,0.74,0.16581052631578935,0.1550564102564103,9.15755954351513,6.920069505730005,,,
healthy_003__LiDAR_Dropout__007,healthy_003,test,LiDAR Dropout,2.993591605118824,2.003591605118823,2.9117098140288675,0.8583333333333333,0.1092528400000034,0.1002953979,0.0341573880000041,0.2661964871446747,0.0193277189051838,0.0051449708770796455,0.0,0.1,0.0,0.0,0.0,0.0,0.0,0.0,1.4718258316493313,4.672615759687588,5.367222036970263,-7.2017493776497865,-1.066638146919697,4.542912844743533,4.501668391630061,0.8545830981653726,0.9087853154793092,0.011595598340420439,0.06675824762584057,0.02414105003061238,0.88,0.61,0.14693684210526312,0.16217435897435886,9.045171154668896,2.8403364708188903,,,
healthy_003__LiDAR_Dropout__008,healthy_003,test,LiDAR Dropout,2.553367404018446,1.5633674040184453,2.6467851858672287,0.8666666666666667,0.1785203660000007,0.1721726530000118,0.0338390690000096,0.3248373074410906,0.0401757263824554,0.013050574782566798,0.0,0.02,0.0,0.0,0.0,0.0,0.0,0.0,0.7868024040709939,2.0115084520220203,2.884428840182577,-1.5896919113273782,-0.13552488287992545,5.4087146931141765,4.726815662805888,0.9802436122575328,0.9835882843370846,0.01199980970435822,0.1058647468046583,0.03189792198746571,1.0,0.79,0.16650526315789463,0.09333333333333309,9.522624077863735,2.4962711226156884,,,
healthy_003__LiDAR_Dropout__009,healthy_003,test,LiDAR Dropout,6.120643860344754,5.130643860344753,6.193128251123886,0.8722222222222222,0.204489518999992,0.1996656291000306,0.0339918910000278,0.2740544884174865,0.029197576915361,0.008001727004569472,0.0,0.01,0.0,0.0,0.0,0.0,0.0,0.0,1.2518583503698004,3.4421860281532055,6.0343575934323415,-9.103367399933065,1.0902720742570042,4.99706461101884,5.998041116052613,0.9335549554909844,0.9304378561934161,0.023027289606515896,0.1036307154216074,0.03436900027024146,1.0,0.8,0.1797052631578947,0.14339487179487181,8.120431473568928,6.009211403480773,,,
healthy_003__LiDAR_Dropout__010,healthy_003,test,LiDAR Dropout,1.5134409814222287,0.5234409814222276,1.7456907479793116,0.8944444444444445,0.2037384270000188,0.20045809010001675,0.0338339070000017,0.2641519205463734,0.1372650753075427,0.03625883326642998,0.01,0.05,0.0,0.01,0.0,0.0,0.0,0.0,1.1261985587127468,8.254837647015838,8.72865239176942,-19.047338172908308,-0.6172432519714114,1.2870469780480198,1.7988042502615174,0.8333374843626928,0.9482673456213918,0.03449516964382007,0.07382820644497812,0.005143486717373544,0.5,0.01,0.04788421074983317,0.12230769230769235,8.90476753830642,1.4301628515112714,,,
healthy_003__LiDAR_Dropout__011,healthy_003,test,LiDAR Dropout,1.6740861025684184,0.684086102568418,1.918208023733912,0.8666666666666667,0.1763239680000055,0.167369869900002,0.0336093770000047,0.3248373074410906,0.0401757263824554,0.013050574782566798,0.0,0.02,0.0,0.0,0.0,0.0,0.0,0.0,0.7650206401367596,2.0115084520220203,2.884428840182577,-1.5896919113273782,-0.13552488287992545,5.382705045843697,4.726202403406409,0.9794143474815653,0.9840132702321853,0.01199980970435822,0.1058647468046583,0.046333099426845194,1.0,0.79,0.16615789473684203,0.09205128205128181,5.84983380783743,1.6619478432009505,,,
healthy_003__LiDAR_Dropout__012,healthy_003,test,LiDAR Dropout,1.583725390998327,0.5937253909983264,1.7629850488453536,0.8583333333333333,0.122496473,0.11512179225000067,0.0337943179999999,0.3037315997091384,0.0510587107198331,0.015508143886021042,0.0,0.21,0.0,0.0,0.0,0.0,0.0,0.0,2.1004091913156664,5.615704460014845,8.802612995350696,-19.371498872688612,-7.888723614101261,3.71052266726525,3.8835183149353822,0.8188910874475993,0.9340077911135984,0.011718939507779904,0.10023333714445945,0.03726495756414043,0.88,0.44,0.11254736842105259,0.23754871794871782,6.71956258948288,1.5806618199601683,,,
healthy_003__LiDAR_Dropout__013,healthy_003,test,LiDAR Dropout,2.507659675540082,1.5176596755400813,2.5213219501593924,0.8666666666666667,0.2013905230000148,0.19194975459999947,0.0338430900000048,0.3328587405658832,0.0434758617255984,0.014471320578999169,0.0,0.0,0.0,0.0,0.0,0.0,0.0,0.0,0.9548915618337672,2.181814199549701,2.5557480678362534,12.20720204377939,35.289947171884876,6.918346126582649,5.9670313705552065,0.8391426166898973,0.7676004274669995,0.011682069890938404,0.051533966229692224,0.01851312114801942,1.0,1.0,0.2125894736842104,0.10589743589743565,8.131258608133136,2.4617088733459394,,,
healthy_003__LiDAR_Dropout__014,healthy_003,test,LiDAR Dropout,4.8293091270609345,3.8393091270609347,4.886010583303574,0.875,0.1296371189999945,0.12046353524998207,0.032823909000001,0.2682906874417472,0.0237490127063524,0.006371638945050075,0.0,0.29,0.0,0.0,0.0,0.0,0.0,0.0,1.2952695658141173,5.389740669725062,7.363580544790587,-12.4502178800311,-7.2647029469919735,1.7916715851501197,1.7216585836750156,0.8691548736939329,0.8711751747179478,0.0116235536224195,0.1607066471135917,0.04034858871325046,0.61,0.24,0.04168421052631577,0.14353846153846145,7.242308017294108,4.8034104920622935,,,
healthy_003__LiDAR_Dropout__015,healthy_003,test,LiDAR Dropout,3.599307687291679,2.6093076872916785,3.744469727113069,0.8583333333333333,0.1366099350000005,0.12733572169999982,0.0339122410000003,0.3037315997091384,0.0510587107198331,0.015508143886021042,0.0,0.21,0.0,0.0,0.0,0.0,0.0,0.0,1.9010453896604977,7.589720739595431,8.802612995350696,-19.371498872688612,-7.888723614101261,2.6672809303878724,2.8653581206877488,0.776017836554331,0.911455229563796,0.011728784954757309,0.20723816071198725,0.054221545776452974,0.73,0.33,0.09878747501665552,0.27017202207075613,6.4897654873117565,3.576248134862529,,,
healthy_003__LiDAR_Dropout__016,healthy_003,test,LiDAR Dropout,4.166657154094316,3.176657154094316,4.269834109232056,0.8722222222222222,0.0610571690000085,0.05292931465000942,0.0338391939999951,0.2777023395178289,0.029197576915361,0.008108235417647505,0.0,0.1,0.0,0.0,0.0,0.0,0.0,0.0,1.7150977147672057,6.676325417763469,8.238644457225561,-16.968815525366733,-9.626224928233688,5.773884676882383,6.467673088145272,0.7139480070716362,0.9447998323473752,0.023147332562493423,0.10017720158719463,0.03219129362019852,1.0,0.79,0.19383157894736833,0.18793846153846153,7.267025865156944,4.041779431499398,,,
healthy_003__LiDAR_Dropout__017,healthy_003,test,LiDAR Dropout,2.9796715052986054,1.9896715052986045,3.048820972517656,0.8583333333333333,0.1315226080000009,0.12642818909999962,0.0339122410000003,0.3037315997091384,0.0510587107198331,0.015508143886021042,0.0,0.21,0.0,0.0,0.0,0.0,0.0,0.0,1.993747781846268,7.589720739595431,8.802612995350696,-19.371498872688612,-7.888723614101261,2.7562272734243796,3.0462175747754845,0.7350288730212062,0.8988345686900486,0.014686748558499043,0.23102976926520458,0.06085900970953417,0.76,0.34,0.09618421052631575,0.2601631701631701,8.090800261077135,2.872436934212679,,,
healthy_003__LiDAR_Dropout__018,healthy_003,test,LiDAR Dropout,6.658182025880618,5.6681820258806175,6.693827426282574,0.8583333333333333,0.1044643710000023,0.09569760435000223,0.0341573880000041,0.2661964871446747,0.0223799534640198,0.0059574649945833644,0.0,0.07,0.0,0.0,0.0,0.0,0.0,0.0,1.6559151354623987,5.363945112608005,8.674116753688988,-18.810075140352527,-6.017571766416555,4.68625170985629,4.63157580146365,0.8004958860064041,0.900954239796175,0.011595598340420439,0.20116079041628157,0.024590239095286286,0.92,0.61,0.14855789473684206,0.1980717948717948,9.696923393891872,6.637146780093694,,,
healthy_003__LiDAR_Dropout__019,healthy_003,test,LiDAR Dropout,2.6269657534675135,1.6369657534675122,2.7805544839532677,0.875,0.1334813440000175,0.12549857505001255,0.032823909000001,0.2785840682727862,0.0356118981830972,0.00992090747476346,0.0,0.29,0.0,0.0,0.0,0.0,0.0,0.0,1.33327113511439,5.389740669725062,7.363580544790587,-12.4502178800311,-7.2647029469919735,2.6856847549130505,2.588418052262534,0.9165721541618581,0.9213759476587301,0.011729785841362006,0.1607066471135917,0.04034858871325046,0.74,0.37,0.06912631578947365,0.14841025641025626,9.583064403730148,2.4942878084943025,,,
healthy_003__LiDAR_Dropout__020,healthy_003,test,LiDAR Dropout,7.039253743342754,6.049253743342753,6.9430341457283795,0.8944444444444445,0.1234484210000061,0.11573182944999866,0.0324600810000106,0.2867730148323136,0.0287887998076363,0.008255850914239792,0.0,0.29,0.0,0.0,0.0,0.0,0.0,0.0,1.2033300003438745,5.389740669725062,7.363580544790587,-12.4502178800311,-7.2647029469919735,2.028512506789697,2.0959979853264255,0.8961104560679831,0.9118448283405347,0.02313416690946881,0.1607066471135917,0.04189794578472303,0.61,0.24,0.05175789473684207,0.13123076923076915,10.57497579362642,6.880330311528768,,,
healthy_003__LiDAR_Dropout__021,healthy_003,test,LiDAR Dropout,1.651126834632685,0.6611268346326846,1.7753681183364196,0.8666666666666667,0.1867257200000125,0.17978422209999817,0.0338430900000048,0.3248373074410906,0.0358752868719672,0.01165363159116653,0.0,0.02,0.0,0.0,0.0,0.0,0.0,0.0,0.7786843824589832,2.0115084520220203,2.884428840182577,-1.5896919113273782,-0.13552488287992545,5.432275394855768,4.715509007014225,0.9852933294528373,0.9860852628018058,0.011718881563538106,0.1058647468046583,0.02705217476637539,1.0,0.79,0.16708421052631572,0.0897435897435895,8.281926725469308,1.624482369208211,,,
healthy_003__LiDAR_Dropout__022,healthy_003,test,LiDAR Dropout,3.691823558536102,2.7018235585361023,3.8535963551190777,0.8888888888888888,0.2005402100000139,0.19517664650001615,0.0339790849999985,0.281365857389262,0.1372650753075427,0.03862170560350837,0.01,0.04,0.0,0.01,0.0,0.0,0.0,0.0,1.5960645017085509,8.111975756608553,8.696513489702273,-8.543881561374635,-7.628675777207453e-05,3.6343786749215763,3.550830522688364,0.9020403691169665,0.9309536171950257,0.03449516964382007,0.09005537971785704,0.0065074061747626795,0.89,0.35,0.11677894759193841,0.17948717948717938,5.097382738054828,3.550799968603619,,,
healthy_003__LiDAR_Dropout__023,healthy_003,test,LiDAR Dropout,6.984303861453756,5.994303861453755,7.054151249406985,0.8666666666666667,0.2094942980000098,0.20282631555000774,0.0338530270000063,0.296274981079606,0.0386287440288987,0.011444730406290906,0.0,0.26,0.0,0.0,0.0,0.0,0.0,0.0,2.276065908318881,7.458847800510355,8.230438343904968,-16.935028324792818,-12.96971829372367,3.623086916682874,3.880793976524302,0.8828670268571066,0.8361810853922889,0.011619016010805795,0.16639107934299774,0.06718596363240927,0.93,0.4,0.1045578947368421,0.2650153846153846,7.87879101653092,6.8616881984642735,,,
healthy_003__LiDAR_Dropout__024,healthy_003,test,LiDAR Dropout,6.727638767322174,5.7376387673221725,6.785867230354194,0.8916666666666667,0.0923598410000003,0.08482805070000249,0.0341573880000041,0.2661964871446747,0.0223799534640198,0.0059574649945833644,0.0,0.25,0.0,0.0,0.0,0.0,0.0,0.0,1.7588211658808866,7.536119582264669,8.674116753688988,-18.810075140352527,-14.21408239601713,3.665741372223299,3.2341766782962713,0.8949423169356555,0.9499459292925697,0.011550845826182805,0.16372124329007876,0.024645713979632264,0.84,0.48,0.09274736842105259,0.20018461538461527,5.310328949998347,6.656124406371674,,,
healthy_003__LiDAR_Dropout__025,healthy_003,test,LiDAR Dropout,3.438159301184582,2.4481593011845817,3.6980589152438497,0.8666666666666667,0.1673546290000018,0.1617674824500092,0.033917491000011,0.2842485506526068,0.0401757263824554,0.011419891995628645,0.0,0.02,0.0,0.0,0.0,0.0,0.0,0.0,0.99467757581626,2.437284295944203,2.8848096470569953,-1.5896919113273782,-0.13552488287992545,5.666552769056531,4.780393190939743,0.9731056229005307,0.977208926498648,0.012059546134039959,0.1058647468046583,0.053179614600730736,1.0,0.79,0.17217894736842093,0.12025641025641001,5.544210596539812,3.3690272594688127,,,
healthy_003__LiDAR_Dropout__026,healthy_003,test,LiDAR Dropout,2.5283351273201378,1.538335127320137,2.5320280865067994,0.8666666666666667,0.1673546290000018,0.1617674824500092,0.033917491000011,0.2842485506526068,0.0401757263824554,0.011419891995628645,0.0,0.02,0.0,0.0,0.0,0.0,0.0,0.0,0.9664958929657166,2.437284295944203,2.8848096470569953,-1.5896919113273782,-0.13552488287992545,5.585675361082711,4.727697465816465,0.9734349249819478,0.9777382965306033,0.012059546134039959,0.1058647468046583,0.053179614600730736,1.0,0.79,0.16986315789473674,0.11641025641025614,10.826810910813968,2.330664514595618,,,
healthy_003__LiDAR_Dropout__027,healthy_003,test,LiDAR Dropout,2.62843308213188,1.6384330821318802,2.7674130625175577,0.8722222222222222,0.204489518999992,0.20308000755000527,0.0339918910000278,0.2740544884174865,0.029197576915361,0.008001727004569472,0.0,0.17,0.0,0.0,0.0,0.0,0.0,0.0,1.959604585057714,6.0350290240063025,7.358931869651497,-13.048706109382845,-9.105395231671887,4.370357690423157,5.313189099330134,0.896914182823028,0.9136381407470179,0.022774770808221934,0.14131550177750848,0.053031202737691116,1.0,0.64,0.14739999999999995,0.220123076923077,7.689514127322463,2.4607704534921933,,,
healthy_003__LiDAR_Dropout__028,healthy_003,test,LiDAR Dropout,6.978618182203472,5.988618182203472,6.958065506842176,0.8666666666666667,0.2032183339999989,0.19881792270000953,0.0338530270000063,0.3328587405658832,0.0434758617255984,0.014471320578999169,0.0,0.0,0.0,0.0,0.0,0.0,0.0,0.0,0.9706818727644827,2.181814199549701,2.5557480678362534,35.29893860993724,38.97852438693799,7.0071734500780805,6.040068383119923,0.34918402979609553,0.4145078231640795,0.011659938664340045,0.052469911120312816,0.01851312114801942,1.0,1.0,0.21525263157894728,0.10923076923076895,8.184339746361404,6.852120518415417,,,
healthy_003__LiDAR_Dropout__029,healthy_003,test,LiDAR Dropout,3.3573186281630347,2.3673186281630345,3.27863260160879,0.8611111111111112,0.2094942980000098,0.20092801870000657,0.0336726140000109,0.2876528440829121,0.0367753072766257,0.010578521730144395,0.0,0.26,0.0,0.0,0.0,0.0,0.0,0.0,2.3261883463401514,7.458847800510355,8.230438343904968,-16.935028324792818,-12.96971829372367,3.2606093096939643,4.047922658118023,0.8676428379017145,0.8623031860784262,0.01182586529771253,0.16639107934299774,0.06545333489048712,0.93,0.4,0.10108421052631575,0.2691179487179488,5.186417600419039,3.168577572433332,,,
healthy_003__LiDAR_Dropout__030,healthy_003,test,LiDAR Dropout,4.960182832303021,3.970182832303021,5.080362968613775,0.8944444444444445,0.107510617999992,0.10340785695002236,0.033815962000034,0.2867730148323136,0.0287887998076363,0.008255850914239792,0.0,0.0,0.0,0.0,0.0,0.0,0.0,0.0,0.32754559320190724,1.1059800045197385,1.5363151947457636,-2.660252210496454e-05,-2.365450552146129e-05,4.516783062467276,4.358673582521368,0.9519795328536715,0.9313209571622216,0.012236071233330682,0.0555695680614929,0.020282652488892258,0.76,0.75,0.14739999999999992,0.03743589743589735,6.087928752595114,4.95132034015698,,,
healthy_003__LiDAR_Dropout__031,healthy_003,test,LiDAR Dropout,5.2986491431547025,4.308649143154701,5.405488804972244,0.8666666666666667,0.2094942980000098,0.20146128100001448,0.0338530270000063,0.3328587405658832,0.0434758617255984,0.014471320578999169,0.0,0.14,0.0,0.0,0.0,0.0,0.0,0.0,1.9160902268666917,6.898449428997031,8.030374654466351,-16.121705701234117,-8.09296195833228,5.583906876702087,5.306995037103382,0.927195056115099,0.773125366221134,0.011737828542545405,0.12026487035807511,0.04339538604176068,0.93,0.7,0.17055789473684205,0.22570256410256398,7.093163912278385,5.21553602603074,,,
healthy_003__LiDAR_Dropout__032,healthy_003,test,LiDAR Dropout,4.502972324827465,3.512972324827465,4.4174381879229765,0.8666666666666667,0.2041693600000087,0.20117196220000788,0.0338530270000063,0.3328587405658832,0.0434758617255984,0.014471320578999169,0.0,0.08,0.0,0.0,0.0,0.0,0.0,0.0,1.6006384111816947,5.59312742240638,8.030374654466351,-16.121705701234117,-0.6025777572315782,5.818877755379687,5.48718782037601,0.8813378548602615,0.7500103648836789,0.011737828542545405,0.12026487035807511,0.04339538604176068,0.93,0.76,0.1835263157894736,0.19236923076923063,10.115736314236699,4.303288941539577,,,
healthy_003__LiDAR_Dropout__033,healthy_003,test,LiDAR Dropout,1.103487618954606,0.04807789694773352,1.143950145677454,0.8777777777777778,0.204489518999992,0.20357107935001578,0.0339918910000278,0.2740544884174865,0.0275720365476639,0.00755624037069827,0.0,0.18,0.0,0.0,0.0,0.0,0.0,0.0,1.3354158626944785,6.0911729230100224,8.72865239176942,-19.047338172908308,-9.26003156906447,1.824718163164134,2.0542931941620033,0.8601214428305886,0.8623658084150598,0.011724257857834375,0.15966117767850435,0.08517971933599754,0.56,0.29,0.04897894736842103,0.1434564102564103,7.055901776201844,0.945570078485118,,,
healthy_003__LiDAR_Dropout__034,healthy_003,test,LiDAR Dropout,5.583988644955332,4.593988644955332,5.496024041943585,0.8916666666666667,0.0953577139999986,0.08895665930000185,0.0341573880000041,0.2661964871446747,0.0223799534640198,0.0059574649945833644,0.0,0.25,0.0,0.0,0.0,0.0,0.0,0.0,1.9334983262476209,7.536119582264669,8.674116753688988,-18.810075140352527,-14.21408239601713,4.279063181815257,3.672591989945944,0.9047265941408629,0.9508498259535881,0.011550845826182805,0.16372124329007876,0.026820575947735494,0.92,0.54,0.11011578947368417,0.2222358974358973,6.430798662294455,5.406798497930689,,,
healthy_003__LiDAR_Dropout__035,healthy_003,test,LiDAR Dropout,4.570550412073014,3.580550412073014,4.7842599901769,0.8722222222222222,0.0610571690000085,0.054559071150016694,0.0338391939999951,0.2777023395178289,0.029197576915361,0.008108235417647505,0.0,0.1,0.0,0.0,0.0,0.0,0.0,0.0,1.7026246010788828,6.676325417763469,8.238644457225561,-16.968815525366733,-9.626224928233688,5.581598502159334,6.266813814294286,0.7148495990970538,0.9449274612852809,0.023147332562493423,0.10017720158719463,0.03219129362019852,0.97,0.76,0.18757894736842096,0.18665641025641022,10.621443728785723,4.521152232570051,,,
healthy_003__LiDAR_Dropout__036,healthy_003,test,LiDAR Dropout,2.915295739282473,1.9252957392824717,2.950548017243035,0.9,0.0982007670000086,0.08958241980000273,0.0340200120000133,0.2704394077155487,0.0287887998076363,0.0077856259688186625,0.0,0.18,0.0,0.0,0.0,0.0,0.0,0.0,0.9179652895289423,4.702878995727966,7.007490618964363,-12.276231192666788,-5.531492278817329,4.017409112326499,3.8382537302618096,0.9642729413629056,0.976906530287533,0.011660083935749625,0.0555695680614929,0.020230352153526195,0.86,0.61,0.11949473684210521,0.10410256410256395,10.956847743622669,2.8516910518702243,,,
healthy_003__LiDAR_Dropout__037,healthy_003,test,LiDAR Dropout,1.9725394973559538,0.9825394973559534,2.054781501963952,0.8666666666666667,0.1622185700000074,0.15706038910000256,0.033917491000011,0.2785840682727862,0.0401757263824554,0.011192317301438734,0.0,0.0,0.0,0.0,0.0,0.0,0.0,0.0,1.0106450029240013,2.405705229410926,2.8848096470569953,-0.18390461164893465,0.01309722764795862,6.6007038092716925,5.649446670712988,0.9353337701598271,0.9472096632761313,0.012059546134039959,0.09282372939314032,0.04374980098815328,1.0,0.94,0.20216842105263147,0.11974358974358949,8.19949885899025,1.82084867626571,,,
healthy_003__LiDAR_Dropout__038,healthy_003,test,LiDAR Dropout,2.4446247662078173,1.4546247662078164,2.428686012791005,0.8583333333333333,0.1366099350000005,0.12733572169999982,0.0339122410000003,0.3037315997091384,0.0510587107198331,0.015508143886021042,0.0,0.21,0.0,0.0,0.0,0.0,0.0,0.0,1.9010453896604977,7.589720739595431,8.802612995350696,-19.371498872688612,-7.888723614101261,2.6672809303878724,2.8653581206877488,0.776017836554331,0.911455229563796,0.011728784954757309,0.20723816071198725,0.054221545776452974,0.73,0.33,0.09878747501665552,0.27017202207075613,10.56601041472533,2.3668179502739477,,,
healthy_003__LiDAR_Dropout__039,healthy_003,test,LiDAR Dropout,2.51578242529943,1.525782425299429,2.4854518620674044,0.8611111111111112,0.0986854830000041,0.09067165299999667,0.0341573880000041,0.2661964871446747,0.0223799534640198,0.0059574649945833644,0.0,0.16,0.0,0.0,0.0,0.0,0.0,0.0,2.2039660020842256,7.536119582264669,8.674116753688988,-18.810075140352527,-14.21408239601713,4.956376129070383,4.895270567999769,0.8161824298079512,0.935515467635426,0.01158021756929977,0.16049299471335196,0.02576170325938058,1.0,0.6,0.14635789473684205,0.25564102564102553,6.44149368967785,2.425608862218086,,,
healthy_003__TF_Delay_/_Discontinuity__000,healthy_003,test,TF Delay / Discontinuity,0.0448996350000001,0.04299236210000317,0.2017966650000033,0.8611111111111112,3.1640329876950615,2.1740329876950613,0.0329678720000075,0.2676791948030888,0.0302891638348736,0.008107778986577803,0.0,0.26,0.0,0.0,0.0,0.0,0.0,0.0,2.4588726905606344,7.333152248170106,8.230438343904968,-16.935028324792818,-12.96971829372367,3.6686301610257575,4.6236681199570375,0.8984602314802222,0.8988994198875466,0.012789380367122828,0.16338977447367295,0.05308357516772171,1.0,0.5,0.11578947368421048,0.27514871794871804,6.157650418960893,3.085311842837468,,,
healthy_003__TF_Delay_/_Discontinuity__001,healthy_003,test,TF Delay / Discontinuity,0.2005221600000055,0.19868189365000502,0.2018291579999953,0.8666666666666667,2.795078461404864,1.8050784614048632,0.0338530270000063,0.3328587405658832,0.0434758617255984,0.014471320578999169,0.0,0.0,0.0,0.0,0.0,0.0,0.0,0.0,0.9656940283225259,2.181814199549701,2.5557480678362534,35.29893860993724,38.8737750403311,6.988872719555235,6.038044393812363,0.3657687885519972,0.4599198211755992,0.011522004029135299,0.052469911120312816,0.018420441661069833,1.0,1.0,0.21513684210526304,0.10820512820512793,7.0340464436172745,2.7659204662434362,,,
healthy_003__TF_Delay_/_Discontinuity__002,healthy_003,test,TF Delay / Discontinuity,0.1106260960000007,0.10873970420000027,0.2018561540000014,0.8583333333333333,1.9874478032685026,0.9974478032685018,0.0341573880000041,0.2661964871446747,0.0193277189051838,0.0051449708770796455,0.0,0.08,0.0,0.0,0.0,0.0,0.0,0.0,1.4113486923357104,4.672615759687588,5.367222036970263,-7.2017493776497865,-0.7886375911031168,4.530194938219473,4.486971860504715,0.8589640805838913,0.9030521723192733,0.011595598340420439,0.06675824762584057,0.02414105003061238,0.88,0.61,0.14751578947368416,0.15499487179487173,5.1512296827569735,1.9733200909857391,,,
healthy_003__TF_Delay_/_Discontinuity__003,healthy_003,test,TF Delay / Discontinuity,0.0839422180000042,0.08266917439999867,0.201600615999979,0.9,6.603700696021517,5.6137006960215174,0.0340200120000133,0.2777023395178289,0.0256777841504237,0.007130780732206488,0.0,0.28,0.0,0.0,0.0,0.0,0.0,0.0,1.61742891279452,7.024550977517132,8.238644457225561,-16.968815525366733,-11.028188317288247,3.041949618492465,2.9733191689645713,0.8939948183842897,0.9510408033339677,0.01181378211956151,0.07742508211593785,0.021376109500038563,0.77,0.42,0.08058947368421049,0.17383589743589734,10.944858593306733,6.549714902861172,,,
healthy_003__TF_Delay_/_Discontinuity__004,healthy_003,test,TF Delay / Discontinuity,0.1707923959999959,0.16957580360000285,0.2018255560000028,0.8666666666666667,2.7563263849042245,1.766326384904224,0.033917491000011,0.2842485506526068,0.0401757263824554,0.011419891995628645,0.0,0.02,0.0,0.0,0.0,0.0,0.0,0.0,0.99467757581626,2.437284295944203,2.8848096470569953,-1.5896919113273782,-0.13552488287992545,5.666552769056531,4.780393190939743,0.9731056229005307,0.977208926498648,0.012059546134039959,0.1058647468046583,0.053179614600730736,1.0,0.79,0.17217894736842093,0.12025641025641001,8.190943134667606,2.681863884925807,,,
healthy_003__TF_Delay_/_Discontinuity__005,healthy_003,test,TF Delay / Discontinuity,0.0781706240000232,0.07763612340002196,0.201600615999979,0.9027777777777778,6.055934628021302,5.065934628021303,0.0338239929999986,0.2777023395178289,0.0256777841504237,0.007130780732206488,0.0,0.28,0.0,0.0,0.0,0.0,0.0,0.0,1.5998055652613428,7.024550977517132,8.238644457225561,-16.968815525366733,-11.028188317288247,3.7775339589766577,3.754011789735145,0.9180842387599358,0.9672465385142578,0.012437207939229578,0.07381277753475216,0.019858781090306563,0.77,0.49,0.10606315789473682,0.1685846153846153,9.588540127595891,6.0189158527694,,,
healthy_003__TF_Delay_/_Discontinuity__006,healthy_003,test,TF Delay / Discontinuity,0.0358280499999921,0.034551237300009,0.2017555969999875,0.875,5.588970979591717,4.5989709795917175,0.0339918910000278,0.2740544884174865,0.0275720365476639,0.00755624037069827,0.0,0.18,0.0,0.0,0.0,0.0,0.0,0.0,1.3595225234903798,6.0911729230100224,8.72865239176942,-19.047338172908308,-9.26003156906447,2.1405343130449737,2.390797686550955,0.8798420581672631,0.8786343956575021,0.011724257857834375,0.15966117767850435,0.08517971933599754,0.61,0.34,0.0596315789473684,0.1462769230769231,7.606095489351775,5.531316079075344,,,
healthy_003__TF_Delay_/_Discontinuity__007,healthy_003,test,TF Delay / Discontinuity,0.0668271030000084,0.06386494884999927,0.2017579489999832,0.8722222222222222,6.664409302904103,5.674409302904102,0.0338391939999951,0.2777023395178289,0.029197576915361,0.008108235417647505,0.0,0.1,0.0,0.0,0.0,0.0,0.0,0.0,1.6961185352056436,6.676325417763469,8.238644457225561,-16.968815525366733,-9.626224928233688,5.521795339367104,6.200400085709442,0.7147172048786685,0.9450262504543275,0.023147332562493423,0.10017720158719463,0.03219129362019852,0.96,0.75,0.18537894736842098,0.18588717948717945,6.850757734986501,6.554226137238744,,,
healthy_003__TF_Delay_/_Discontinuity__008,healthy_003,test,TF Delay / Discontinuity,0.1087848139999998,0.10777104550000154,0.2018561540000014,0.8583333333333333,5.732073628986096,4.742073628986096,0.0341573880000041,0.2661964871446747,0.0193277189051838,0.0051449708770796455,0.0,0.03,0.0,0.0,0.0,0.0,0.0,0.0,1.309871206058733,4.672615759687588,5.367222036970263,-7.2017493776497865,-0.009440939112238665,4.509308748270815,4.462474833645459,0.8660300609187616,0.8912628216668579,0.011595598340420439,0.07765672980644588,0.02414105003061238,0.88,0.61,0.14844210526315785,0.14614358974358968,10.965615074979697,5.551571524400876,,,
healthy_003__TF_Delay_/_Discontinuity__009,healthy_003,test,TF Delay / Discontinuity,0.1087848139999998,0.10794854785000034,0.2018561540000014,0.8583333333333333,1.0020516891369027,0.1121989533568434,0.0341573880000041,0.2661964871446747,0.0193277189051838,0.0051449708770796455,0.0,0.04,0.0,0.0,0.0,0.0,0.0,0.0,1.3199278738398266,4.672615759687588,5.367222036970263,-7.2017493776497865,-0.019743079346295468,4.512508882203196,4.469331367494171,0.8649782934149732,0.8922035020893474,0.011595598340420439,0.06675824762584057,0.02414105003061238,0.88,0.61,0.14844210526315785,0.14473846153846145,8.937377888630003,0.9153302888480397,,,
healthy_003__TF_Delay_/_Discontinuity__010,healthy_003,test,TF Delay / Discontinuity,0.078842045000016,0.077853505300014,0.201600615999979,0.9027777777777778,4.496449285549166,3.5064492855491647,0.0340200120000133,0.2777023395178289,0.0256777841504237,0.007130780732206488,0.0,0.28,0.0,0.0,0.0,0.0,0.0,0.0,1.6034097598017587,7.024550977517132,8.238644457225561,-16.968815525366733,-11.028188317288247,3.565293884162997,3.538167520381068,0.9143581699958102,0.9618958278606857,0.012439498504659273,0.07742508211593785,0.021442058451933425,0.77,0.45,0.09842105263157891,0.1730666666666666,9.795337529954331,4.49518459447612,,,
healthy_003__TF_Delay_/_Discontinuity__011,healthy_003,test,TF Delay / Discontinuity,0.0503630710000209,0.049246902550011344,0.2017579489999832,0.8722222222222222,2.5336238239492337,1.5436238239492324,0.0339918910000278,0.2740544884174865,0.029197576915361,0.008001727004569472,0.0,0.14,0.0,0.0,0.0,0.0,0.0,0.0,1.7773238564900251,4.7511125565302486,7.358931869651497,-13.048706109382845,-5.652697513858919,4.4422245408486996,5.430130611343436,0.9286422501681393,0.9232868729793223,0.02303361818462116,0.11758773807948462,0.04616564606770492,1.0,0.67,0.15307368421052625,0.20133333333333336,5.587299681289158,2.4383202048571224,,,
healthy_003__TF_Delay_/_Discontinuity__012,healthy_003,test,TF Delay / Discontinuity,0.2005221600000055,0.19868189365000502,0.2016902700000002,0.8666666666666667,3.6239679074064126,2.6339679074064124,0.0338430900000048,0.3328587405658832,0.0434758617255984,0.014471320578999169,0.0,0.0,0.0,0.0,0.0,0.0,0.0,0.0,0.9548915618337672,2.181814199549701,2.5557480678362534,12.20720204377939,35.289947171884876,6.918346126582649,5.9670313705552065,0.8391426166898973,0.7676004274669995,0.011682069890938404,0.051533966229692224,0.01851312114801942,1.0,1.0,0.2125894736842104,0.10589743589743565,5.254747716968589,3.5237613516983455,,,
healthy_003__TF_Delay_/_Discontinuity__013,healthy_003,test,TF Delay / Discontinuity,0.0495932389999964,0.047273475900004386,0.2015120899999942,0.8611111111111112,3.5583915371720938,2.5683915371720927,0.0343068570000042,0.2676791948030888,0.0302891638348736,0.008107778986577803,0.0,0.11,0.0,0.0,0.0,0.0,0.0,0.0,1.8205638334508039,6.076337946711847,8.230438343904968,-16.935028324792818,-8.771725906195195,4.377671389520648,5.287900736639877,0.8892869441417758,0.9157828767808469,0.023105604768122574,0.160778075106009,0.03855189650844705,1.0,0.66,0.150178947368421,0.20107692307692315,7.356410072610518,3.3781465815515306,,,
healthy_003__TF_Delay_/_Discontinuity__014,healthy_003,test,TF Delay / Discontinuity,0.0427558850000195,0.04051254090003052,0.2017579489999832,0.8722222222222222,6.406784755314871,5.41678475531487,0.0339918910000278,0.2740544884174865,0.0275720365476639,0.00755624037069827,0.0,0.18,0.0,0.0,0.0,0.0,0.0,0.0,1.7124758523297805,6.0350290240063025,7.358931869651497,-13.048706109382845,-9.105395231671887,3.1020355254211545,3.7952907031772436,0.8896834921589596,0.9107553871490267,0.012635986485513624,0.15864993367605415,0.039526578260323415,0.8,0.47,0.10038947368421049,0.19627692307692313,6.622045823165834,6.330581710912515,,,
healthy_003__TF_Delay_/_Discontinuity__015,healthy_003,test,TF Delay / Discontinuity,0.1972238560000079,0.19584995675000552,0.2016902700000002,0.8666666666666667,4.048909821094717,3.0589098210947165,0.0338430900000048,0.3328587405658832,0.0434758617255984,0.014471320578999169,0.0,0.0,0.0,0.0,0.0,0.0,0.0,0.0,0.900623356309372,2.181814199549701,2.5557480678362534,0.38471587825816317,0.9983032923487348,6.219301598998999,5.340041843957744,0.9840281667975592,0.9780708282654504,0.011682069890938404,0.0662432488688962,0.02359577855791925,1.0,0.91,0.1904736842105262,0.09923076923076897,6.966846324163916,3.86582591081142,,,
healthy_003__TF_Delay_/_Discontinuity__016,healthy_003,test,TF Delay / Discontinuity,0.2005221600000055,0.19868189365000502,0.2016902700000002,0.8666666666666667,3.9293320609399194,2.939332060939919,0.0338430900000048,0.3328587405658832,0.0434758617255984,0.014471320578999169,0.0,0.0,0.0,0.0,0.0,0.0,0.0,0.0,0.9348300577034379,2.181814199549701,2.5557480678362534,3.0667251177930264,14.700119739210225,6.744870378967619,5.817790662510568,0.947899501707674,0.9203652681907832,0.011682069890938404,0.051533966229692224,0.02015214934252972,1.0,1.0,0.20714736842105258,0.10307692307692282,6.544233878330877,3.8668797462152202,,,
healthy_003__TF_Delay_/_Discontinuity__017,healthy_003,test,TF Delay / Discontinuity,0.0899448760000041,0.0887971529999987,0.2014636070000008,0.8916666666666667,4.411589012662105,3.4215890126621047,0.0341573880000041,0.2736166676155256,0.0518129387427272,0.014176883638152378,0.0,0.25,0.0,0.0,0.0,0.0,0.0,0.0,1.433045695516472,7.536119582264669,8.674116753688988,-18.810075140352527,-14.21408239601713,2.9864092168609666,2.8710989400558833,0.8423867537920313,0.942306364367169,0.011550845826182805,0.20130108003880545,0.02777485133605875,0.77,0.41,0.07769473684210522,0.16736410256410245,7.111579658137797,4.2644783820567715,,,
healthy_003__TF_Delay_/_Discontinuity__018,healthy_003,test,TF Delay / Discontinuity,0.2005221600000055,0.19868189365000502,0.2016902700000002,0.8666666666666667,2.5089442504651496,1.518944250465149,0.0338430900000048,0.3328587405658832,0.0434758617255984,0.014471320578999169,0.0,0.0,0.0,0.0,0.0,0.0,0.0,0.0,0.9552843053227649,2.181814199549701,2.5557480678362534,14.831325933706584,35.45420350618618,6.946627984843249,5.9949204853268085,0.7744258632334786,0.6704170499889422,0.011682069890938404,0.051533966229692224,0.01851312114801942,1.0,1.0,0.2135157894736841,0.10641025641025616,9.943474166304778,2.317347097671547,,,
healthy_003__TF_Delay_/_Discontinuity__019,healthy_003,test,TF Delay / Discontinuity,0.2000992610000196,0.19890312370001476,0.2015867759999992,0.8888888888888888,6.917245374849803,5.927245374849802,0.0338250720000132,0.2641519205463734,0.1372650753075427,0.03625883326642998,0.01,0.04,0.0,0.01,0.0,0.0,0.0,0.0,1.4775096363713334,8.111975756608553,8.696513489702273,-8.543881561374635,-8.533636782388749e-05,2.701390944854128,2.7397679431768194,0.8932199625322567,0.9270822040386267,0.03449516964382007,0.07236818943457168,0.00534786397144685,0.68,0.16,0.08864210548667527,0.16692307692307687,9.708332125108107,6.795836063784076,,,
healthy_003__TF_Delay_/_Discontinuity__020,healthy_003,test,TF Delay / Discontinuity,0.0561232660000143,0.054954440700019716,0.2017579489999832,0.8722222222222222,4.0961423642074655,3.1061423642074644,0.0339918910000278,0.2740544884174865,0.029197576915361,0.008001727004569472,0.0,0.0,0.0,0.0,0.0,0.0,0.0,0.0,1.1411491445512245,3.397391917597547,3.7870169111454146,1.7556597970514987,4.408601555378754,5.4213714026976785,6.36959162272012,0.8901112395792963,0.8982959005522961,0.023027289606515896,0.09942168666500688,0.03070306695776464,1.0,0.87,0.1939473684210526,0.12942564102564105,5.852623555109856,4.016698571000587,,,
healthy_003__TF_Delay_/_Discontinuity__021,healthy_003,test,TF Delay / Discontinuity,0.0844531180000061,0.082977901700001,0.2014636070000008,0.8916666666666667,4.509485798228039,3.5194857982280383,0.033935128000003,0.2736166676155256,0.0518129387427272,0.014176883638152378,0.0,0.25,0.0,0.0,0.0,0.0,0.0,0.0,1.503484888334966,7.536119582264669,8.674116753688988,-18.810075140352527,-14.21408239601713,3.1696416552008952,3.1125122832569487,0.8566448337518857,0.9508967169490488,0.0027330125593476294,0.20130108003880545,0.02777485133605875,0.77,0.41,0.08475789473684209,0.1760820512820512,9.909364115763545,4.380221539854764,,,
healthy_003__TF_Delay_/_Discontinuity__022,healthy_003,test,TF Delay / Discontinuity,0.0504847460000021,0.04806990305000727,0.2015120899999942,0.8611111111111112,1.5355509861676537,0.5455509861676533,0.0343068570000042,0.2676791948030888,0.0299785291040398,0.008024628531950339,0.0,0.09,0.0,0.0,0.0,0.0,0.0,0.0,1.712187493734769,5.629035330526159,8.230438343904968,-16.935028324792818,-7.343368569754851,4.4293731469018365,5.370949139658983,0.9103767760894881,0.9155695896757112,0.012778810980255755,0.160778075106009,0.037275132712344033,1.0,0.68,0.15434736842105254,0.19036923076923085,10.577593832043028,1.425672135879843,,,
healthy_003__TF_Delay_/_Discontinuity__023,healthy_003,test,TF Delay / Discontinuity,0.1490393170000175,0.14708003225001676,0.2016027180000037,0.875,1.1536259681769294,0.15671799075885776,0.033917491000011,0.2785840682727862,0.0372862334783689,0.01038735061297297,0.0,0.14,0.0,0.0,0.0,0.0,0.0,0.0,1.342763209214593,4.266625498221675,6.496093027784568,-10.549805966975885,-4.553069000378678,5.446666692375286,4.722726571347319,0.9607745536808904,0.9688867256876141,0.011809759662356005,0.0971469879742818,0.051813506244860495,1.0,0.79,0.15793684210526307,0.16166153846153822,9.326243328000352,1.0707457851943207,,,
healthy_003__TF_Delay_/_Discontinuity__024,healthy_003,test,TF Delay / Discontinuity,0.1367423030000054,0.13495619250001453,0.2016027180000037,0.875,1.3087004092606562,0.31870040926065657,0.032823909000001,0.2785840682727862,0.0356118981830972,0.00992090747476346,0.0,0.29,0.0,0.0,0.0,0.0,0.0,0.0,1.373475092063923,5.389740669725062,7.363580544790587,-12.4502178800311,-7.2647029469919735,2.961711925076857,2.8238828067529016,0.9223562172906782,0.9255141283923713,0.01181550378523237,0.1607066471135917,0.04034858871325046,0.78,0.41,0.0773473684210526,0.15302564102564087,9.895407292778565,1.1254220808337365,,,
healthy_003__TF_Delay_/_Discontinuity__025,healthy_003,test,TF Delay / Discontinuity,0.1687002640000088,0.1668425329500145,0.2018255560000028,0.8666666666666667,4.984194055231164,3.994194055231164,0.033917491000011,0.2842485506526068,0.0401757263824554,0.011419891995628645,0.0,0.02,0.0,0.0,0.0,0.0,0.0,0.0,1.0742081126695977,2.437284295944203,2.8848096470569953,-1.5896919113273782,-0.13552488287992545,6.1813929133441015,5.197916002912183,0.9621197793048557,0.971009358709093,0.012059546134039959,0.10181145125902122,0.05149568434810503,1.0,0.86,0.18769473684210516,0.12923076923076898,6.55134306889244,4.8764240446826,,,
healthy_003__TF_Delay_/_Discontinuity__026,healthy_003,test,TF Delay / Discontinuity,0.1008802760000016,0.09974352845000319,0.201706123000001,0.8916666666666667,6.380341929573778,5.390341929573777,0.0341573880000041,0.2661964871446747,0.0223799534640198,0.0059574649945833644,0.0,0.25,0.0,0.0,0.0,0.0,0.0,0.0,1.9998171936093352,7.536119582264669,8.674116753688988,-18.810075140352527,-14.21408239601713,4.637947073339743,4.092999130915204,0.9009805474588964,0.9523829491403454,0.011550845826182805,0.16372124329007876,0.026820575947735494,0.98,0.6,0.1229684210526315,0.229928205128205,10.622308584023042,6.336790064802809,,,
healthy_003__TF_Delay_/_Discontinuity__027,healthy_003,test,TF Delay / Discontinuity,0.0787621730000012,0.07741884540000217,0.2014636070000008,0.8916666666666667,4.467380685874242,3.477380685874242,0.0343068570000042,0.2736166676155256,0.0518129387427272,0.014176883638152378,0.0,0.22,0.0,0.0,0.0,0.0,0.0,0.0,1.300840562387802,6.65256288654991,8.65641259919615,-18.733369680628684,-11.069927330726635,4.039078926580384,3.9943443234388205,0.881618396029411,0.9716702723838955,0.011631041374155406,0.15857775863568752,0.01871003309172179,0.77,0.55,0.11764210526315784,0.1491794871794871,6.939595306190627,4.402100340314172,,,
healthy_003__TF_Delay_/_Discontinuity__028,healthy_003,test,TF Delay / Discontinuity,0.0987017770000306,0.09733196565000667,0.2026447470000221,0.9,1.8055882970246928,0.815588297024693,0.0340200120000133,0.2704394077155487,0.0287887998076363,0.0077856259688186625,0.0,0.18,0.0,0.0,0.0,0.0,0.0,0.0,0.9074122417529115,4.702878995727966,7.007490618964363,-12.276231192666788,-5.531492278817329,3.6968770241675237,3.506672224414709,0.9630754452330892,0.976189929268492,0.011660083935749625,0.0555695680614929,0.020230352153526195,0.81,0.56,0.10895789473684207,0.10282051282051267,7.655936090961549,1.684635328354143,,,
healthy_003__TF_Delay_/_Discontinuity__029,healthy_003,test,TF Delay / Discontinuity,0.1060389050000019,0.10519255175000077,0.2018561540000014,0.8583333333333333,3.6840006778255328,2.6940006778255325,0.0341573880000041,0.2661964871446747,0.0223799534640198,0.0059574649945833644,0.0,0.11,0.0,0.0,0.0,0.0,0.0,0.0,1.969207728389201,7.536119582264669,8.674116753688988,-18.810075140352527,-14.21408239601713,4.842927179901125,4.788192924345617,0.7746326393309059,0.9127289779004821,0.011595598340420439,0.20116079041628157,0.02576170325938058,0.96,0.61,0.14855789473684206,0.23191794871794866,10.998592021486063,3.56871836509397,,,
healthy_003__TF_Delay_/_Discontinuity__030,healthy_003,test,TF Delay / Discontinuity,0.0447520040000029,0.04349472250001718,0.2017579489999832,0.8722222222222222,6.688075014494414,5.698075014494413,0.0339918910000278,0.2740544884174865,0.0275720365476639,0.00755624037069827,0.0,0.17,0.0,0.0,0.0,0.0,0.0,0.0,1.8833582134745404,6.0350290240063025,7.358931869651497,-13.048706109382845,-9.105395231671887,3.446192015840677,4.343795013005912,0.8871693690925848,0.9169701106170212,0.012754015111413336,0.14131550177750848,0.04776622563492284,0.86,0.49,0.11567368421052626,0.21268717948717955,7.894256027774687,6.51085312283982,,,
healthy_003__TF_Delay_/_Discontinuity__031,healthy_003,test,TF Delay / Discontinuity,0.1108051280000026,0.10907103375000093,0.2018561540000014,0.8583333333333333,6.699816222176568,5.709816222176568,0.0341573880000041,0.2661964871446747,0.0193277189051838,0.0051449708770796455,0.0,0.1,0.0,0.0,0.0,0.0,0.0,0.0,1.4718258316493313,4.672615759687588,5.367222036970263,-7.2017493776497865,-1.066638146919697,4.542912844743533,4.501668391630061,0.8545830981653726,0.9087853154793092,0.011595598340420439,0.06675824762584057,0.02414105003061238,0.88,0.61,0.14693684210526312,0.16217435897435886,5.684115148007306,6.556682782662614,,,
healthy_003__TF_Delay_/_Discontinuity__032,healthy_003,test,TF Delay / Discontinuity,0.2000992610000196,0.19890312370001476,0.2017555969999875,0.8944444444444445,2.9677657440953658,1.9777657440953658,0.0338339070000017,0.2641519205463734,0.1372650753075427,0.03625883326642998,0.01,0.06,0.0,0.01,0.0,0.0,0.0,0.0,0.9547932626704595,8.254837647015838,8.72865239176942,-19.047338172908308,-0.9357634715311318,0.8476936527861639,1.5309051757870826,0.8614119114850933,0.9867944127100875,0.03449516964382007,0.07382820644497812,0.006042059527733724,0.46,0.0,0.03572631601299107,0.10358974358974363,6.88830468479218,2.937538788061392,,,
healthy_003__TF_Delay_/_Discontinuity__033,healthy_003,test,TF Delay / Discontinuity,0.1879645089999968,0.18675831165000856,0.2016902700000002,0.8666666666666667,1.9397668939078947,0.9497668939078936,0.0338430900000048,0.3248373074410906,0.0401757263824554,0.013050574782566798,0.0,0.02,0.0,0.0,0.0,0.0,0.0,0.0,0.7963691946265709,2.0115084520220203,2.884428840182577,-1.5896919113273782,-0.13552488287992545,5.434086854152112,4.699635654142983,0.9845640770412275,0.9852498176675545,0.011927451406204425,0.1058647468046583,0.029215942552119234,1.0,0.79,0.16685263157894728,0.09282051282051257,7.496970080403745,1.897284860545458,,,
healthy_003__TF_Delay_/_Discontinuity__034,healthy_003,test,TF Delay / Discontinuity,0.0349034369999969,0.0319066150500148,0.2017555969999875,0.8777777777777778,5.226992702255373,4.236992702255372,0.0339918910000278,0.2740544884174865,0.0275720365476639,0.00755624037069827,0.0,0.18,0.0,0.0,0.0,0.0,0.0,0.0,1.3472136349104067,6.0911729230100224,8.72865239176942,-19.047338172908308,-9.26003156906447,1.9483331662181778,2.1900176099120654,0.8689508121222415,0.86998873271999,0.011724257857834375,0.15966117767850435,0.08517971933599754,0.58,0.31,0.053378947368421026,0.14499487179487183,6.519845604233862,5.1432161797092055,,,
healthy_003__TF_Delay_/_Discontinuity__035,healthy_003,test,TF Delay / Discontinuity,0.118654857000001,0.1164345033500001,0.2021357970000004,0.8583333333333333,5.003739978272548,4.013739978272547,0.033899630999997,0.3037315997091384,0.0510587107198331,0.015508143886021042,0.0,0.21,0.0,0.0,0.0,0.0,0.0,0.0,2.146499623118013,5.615704460014845,8.802612995350696,-19.371498872688612,-7.888723614101261,4.119163482755827,4.0100472071684,0.8367692383119867,0.9348062518811525,0.002258580711940142,0.07765672980644588,0.02419978630849387,0.88,0.44,0.12134736842105259,0.24370256410256397,5.232507989170577,4.8185019772346,,,
healthy_003__TF_Delay_/_Discontinuity__036,healthy_003,test,TF Delay / Discontinuity,0.2005221600000055,0.19868189365000502,0.2018291579999953,0.8666666666666667,1.3174630036378143,0.32746300363781394,0.0338530270000063,0.296274981079606,0.0386287440288987,0.011444730406290906,0.0,0.25,0.0,0.0,0.0,0.0,0.0,0.0,2.286026071191442,7.458847800510355,8.230438343904968,-16.935028324792818,-12.96971829372367,4.53319027587936,4.6416350406804945,0.9017301522012734,0.828302746338862,0.011737828542545405,0.16639107934299774,0.06718596363240927,0.93,0.51,0.13269473684210523,0.26943589743589735,8.932756356320008,1.2923335736636314,,,
healthy_003__TF_Delay_/_Discontinuity__037,healthy_003,test,TF Delay / Discontinuity,0.2000992610000196,0.19890312370001476,0.2017555969999875,0.8944444444444445,6.232471613639491,5.2424716136394895,0.0338339070000017,0.2641519205463734,0.1372650753075427,0.03625883326642998,0.01,0.05,0.0,0.01,0.0,0.0,0.0,0.0,1.000373413199081,8.254837647015838,8.72865239176942,-19.047338172908308,-0.6172432519714114,1.0311172079518203,1.6688295903859725,0.8322728435551265,0.9709669336043315,0.03449516964382007,0.07382820644497812,0.00534786397144685,0.47,0.01,0.0415157896972016,0.10923076923076927,9.491086801358573,6.220483568062535,,,
healthy_003__TF_Delay_/_Discontinuity__038,healthy_003,test,TF Delay / Discontinuity,0.0949239250000033,0.09380466095000006,0.201706123000001,0.8916666666666667,3.063983083392218,2.0739830833922173,0.0341573880000041,0.2661964871446747,0.0223799534640198,0.0059574649945833644,0.0,0.25,0.0,0.0,0.0,0.0,0.0,0.0,1.5511543043330545,7.536119582264669,8.674116753688988,-18.810075140352527,-14.21408239601713,3.109380972658383,2.885725917958161,0.8848443011800997,0.9522592701153959,0.011278603583015499,0.16372124329007876,0.024645713979632264,0.77,0.41,0.07792631578947365,0.17736410256410245,6.920965813357216,3.020568234499968,,,
healthy_003__TF_Delay_/_Discontinuity__039,healthy_003,test,TF Delay / Discontinuity,0.1594895460000032,0.15779978815000387,0.2018255560000028,0.8666666666666667,1.1252050947598782,0.16544711663799655,0.033917491000011,0.2785840682727862,0.0372862334783689,0.01038735061297297,0.0,0.0,0.0,0.0,0.0,0.0,0.0,0.0,0.9092220003867135,2.405705229410926,2.8848096470569953,17.70894440147444,35.48351441262751,6.862558995074383,6.017949063719198,0.5548828349755345,0.5466068484770206,0.01181550378523237,0.09584612853513208,0.040576575847221685,1.0,1.0,0.21212631578947364,0.10743589743589715,6.781210913044486,1.081973675793252,,,
healthy_003__Wheel_/_Encoder_Direction_Mismatch__000,healthy_003,test,Wheel / Encoder Direction Mismatch,0.2005221600000055,0.19868189365000502,0.2018291579999953,0.8666666666666667,0.2041693600000087,0.20088747460000675,0.0338530270000063,0.3328587405658832,0.0434758617255984,0.014471320578999169,0.11,0.11,0.0,0.11,0.0,0.11,0.11,0.0,2.6355223631353057,12.671347365827847,13.334343130111533,-44.339506523706305,-40.02862714920731,6.2755000779287515,5.919084034729117,0.1619522841100018,0.30081133440158914,0.01173853808167898,0.09967940262247968,0.032004855428521134,0.94,0.85,0.20297894736842095,0.16351794871794856,5.307261629479115,2.0181972585091286,,left,11.0
healthy_003__Wheel_/_Encoder_Direction_Mismatch__001,healthy_003,test,Wheel / Encoder Direction Mismatch,0.2005221600000055,0.19868189365000502,0.2018291579999953,0.8666666666666667,0.2041693600000087,0.1997830874500103,0.0338530270000063,0.3328587405658832,0.0434758617255984,0.014471320578999169,0.09,0.09,0.0,0.09,0.0,0.09,0.09,0.0,2.104587998673261,12.666374512898102,13.333833818684068,-44.432538585687674,-40.094760344706124,6.995928556749621,6.031002580571644,-0.01624893389807454,0.45859993057887644,0.011522004029135299,0.052469911120312816,0.018420441661069833,1.0,1.0,0.21513684210526304,0.10923076923076895,15.858972387606087,1.7878381704801036,,left,9.0
healthy_003__Wheel_/_Encoder_Direction_Mismatch__002,healthy_003,test,Wheel / Encoder Direction Mismatch,0.0506774179999993,0.04888241290000324,0.2015120899999942,0.8611111111111112,0.2009157850000065,0.19659845000000756,0.0343068570000042,0.2676791948030888,0.0299785291040398,0.008024628531950339,0.01,0.1,0.0,0.01,0.0,0.01,0.01,0.0,1.6994641687068996,4.225860002067092,8.230438343904968,-16.935028324792818,-2.9671156798247194,4.461809734665518,5.4433572084647635,0.9355430790913204,0.9298740639303352,0.012778810980255755,0.16058177660904552,0.037275132712344033,1.0,0.7,0.15793684210526307,0.17607179487179495,15.063798623282729,3.5078093617290733,,left,5.0
healthy_003__Wheel_/_Encoder_Direction_Mismatch__003,healthy_003,test,Wheel / Encoder Direction Mismatch,0.2005221600000055,0.19868189365000502,0.2016902700000002,0.8666666666666667,0.2032183339999989,0.19881792270000953,0.0338530270000063,0.3328587405658832,0.0434758617255984,0.014471320578999169,0.12,0.12,0.0,0.12,0.0,0.12,0.12,0.0,2.3477229076988393,13.333469449290694,13.334306129369478,-44.256518808240905,-43.50373016487959,7.006792519262251,6.033531221410299,-0.0891249129421821,0.46658881172284183,0.011522004029135299,0.052469911120312816,0.018420441661069833,1.0,1.0,0.21536842105263143,0.11025641025640998,8.154864152272893,2.3815335726779683,,left,12.0
healthy_003__Wheel_/_Encoder_Direction_Mismatch__004,healthy_003,test,Wheel / Encoder Direction Mismatch,0.1609930240000068,0.15886639824999796,0.2018255560000028,0.8666666666666667,0.1582718970000058,0.14867146080000915,0.033917491000011,0.2785840682727862,0.0401757263824554,0.011192317301438734,0.21,0.21,0.21,0.0,0.21,0.0,0.0,0.21,3.3799139885761487,13.332275771710181,13.33440719197343,-44.435111256107426,-44.18092664222378,6.921367788940423,6.078325103375264,0.2310703374592925,0.10901252043160198,0.011857256651545875,0.09388107716360604,0.04374980098815328,1.0,1.0,0.21421052631578935,0.10846153846153818,12.44410813128819,4.087442163375705,,right,21.0
healthy_003__Wheel_/_Encoder_Direction_Mismatch__005,healthy_003,test,Wheel / Encoder Direction Mismatch,0.2005221600000055,0.19868189365000502,0.2018291579999953,0.8666666666666667,0.2041693600000087,0.20088747460000675,0.0338530270000063,0.3328587405658832,0.0434758617255984,0.014471320578999169,0.17,0.17,0.0,0.17,0.0,0.17,0.17,0.0,3.209133735672317,13.327871259649525,13.33439483608574,-44.432538585687674,-44.33028138425045,6.871832917718158,6.190803898970382,0.07446427685997746,0.3958147921790434,0.011522004029135299,0.07168063931482825,0.023893919309814167,1.0,0.96,0.21548421052631567,0.12615384615384592,14.251615456631257,3.3500779702233636,,left,17.0
healthy_003__Wheel_/_Encoder_Direction_Mismatch__006,healthy_003,test,Wheel / Encoder Direction Mismatch,0.2000992610000196,0.19890312370001476,0.2015867759999992,0.8888888888888888,0.2023798040000315,0.19859665675003127,0.0338250720000132,0.2641519205463734,0.1372650753075427,0.03625883326642998,0.17,0.21,0.0,0.17,0.0,0.09,0.09,0.0,3.13804331458498,13.332937292815373,13.336290977576075,-43.37229475570763,-42.342482483056365,2.4729347269833206,2.5621794385460337,-0.11270499399824718,0.9235160744265338,0.03449516964382007,0.10476405726860659,0.005441549627328417,0.65,0.12,0.08018947390772789,0.17179487179487174,16.4314471918658,3.0879204564722045,,left,16.0
healthy_003__Wheel_/_Encoder_Direction_Mismatch__007,healthy_003,test,Wheel / Encoder Direction Mismatch,0.0300031040000021,0.029632811850001398,0.2017555969999875,0.8972222222222223,0.204489518999992,0.20308000755000527,0.0339576290000138,0.2740544884174865,0.023231389866803,0.006366666665173875,0.06,0.28,0.06,0.0,0.06,0.0,0.0,0.06,1.534054380583882,6.0911729230100224,8.72865239176942,-19.047338172908308,-9.26003156906447,1.2200369065555414,1.345687392443397,0.7652017322402529,0.5930812216104555,0.022798169223826634,0.15966117767850435,0.08517971933599754,0.48,0.18,0.025126315789473674,0.13730256410256414,2.5677072223384414,4.174690497025708,,right,10.0
healthy_003__Wheel_/_Encoder_Direction_Mismatch__008,healthy_003,test,Wheel / Encoder Direction Mismatch,0.120952689000001,0.1195440247000006,0.2021357970000004,0.8583333333333333,0.1191928300000011,0.11323347665000155,0.0337517040000001,0.3037315997091384,0.0510587107198331,0.015508143886021042,0.02,0.25,0.02,0.0,0.02,0.0,0.0,0.02,2.3396152228292175,5.615704460014845,8.802612995350696,-19.371498872688612,-7.888723614101261,3.8297132894202015,3.7691405576003145,0.8249101333991304,0.9279995285590966,0.0016824237830330747,0.10018331451840157,0.025766553145161873,0.88,0.44,0.1126631578947368,0.245753846153846,2.141321683396196,2.716395485877028,,right,6.0
healthy_003__Wheel_/_Encoder_Direction_Mismatch__009,healthy_003,test,Wheel / Encoder Direction Mismatch,0.1061094860000082,0.10459943610001261,0.2026447470000221,0.8944444444444445,0.1039443539999922,0.09423253700001337,0.0340200120000133,0.2867730148323136,0.0287887998076363,0.008255850914239792,0.25,0.4,0.25,0.0,0.25,0.0,0.0,0.25,3.9789826979887324,13.333534190526795,13.334293863184914,-44.447881369241216,-44.38247043409749,4.8921270528915475,4.68968710566638,0.958286636568926,0.19791681660059526,0.023151705609353684,0.059224674684448114,0.022547200303351778,0.97,0.75,0.14959999999999993,0.10564102564102548,8.719703503272797,4.946847649792799,,right,25.0
healthy_003__Wheel_/_Encoder_Direction_Mismatch__010,healthy_003,test,Wheel / Encoder Direction Mismatch,0.1869578200000035,0.18561533935000013,0.2016902700000002,0.8666666666666667,0.1818084020000014,0.17758345235000444,0.0338430900000048,0.3248373074410906,0.0401757263824554,0.013050574782566798,0.07,0.09,0.07,0.0,0.07,0.0,0.0,0.07,1.6507917249019144,13.313158074467836,13.333822166666476,-44.32366091843165,-43.8640182773802,5.419488008736425,4.685967478680181,0.9834012009552039,0.48964639327982135,0.011985246146929035,0.1058647468046583,0.029215942552119234,1.0,0.79,0.16650526315789466,0.09282051282051258,5.698633455730459,1.3711418165069578,,right,7.0
healthy_003__Wheel_/_Encoder_Direction_Mismatch__011,healthy_003,test,Wheel / Encoder Direction Mismatch,0.1490393170000175,0.14805006425000114,0.2018255560000028,0.875,0.1463544130000116,0.13763030565000414,0.033917491000011,0.2785840682727862,0.0372862334783689,0.01038735061297297,0.08,0.2,0.0,0.08,0.0,0.08,0.08,0.0,1.720722644440392,5.623529510453765,7.718674442016786,-14.870500128662183,-7.901637745860831,5.566681630259179,4.829095244891238,0.8097972215001075,0.9667790448399839,0.011809759662356005,0.0971469879742818,0.051813506244860495,1.0,0.81,0.16210526315789464,0.15858461538461513,14.498328349834452,1.5062551684958407,,left,8.0
healthy_003__Wheel_/_Encoder_Direction_Mismatch__012,healthy_003,test,Wheel / Encoder Direction Mismatch,0.0859477129999959,0.08461545725002387,0.201600615999979,0.9,0.0811328849999881,0.07305055705000282,0.0340200120000133,0.2777023395178289,0.0256777841504237,0.007130780732206488,0.05,0.34,0.05,0.0,0.05,0.0,0.0,0.05,1.9234502263645519,7.024550977517132,8.238644457225561,-16.968815525366733,-11.028188317288247,3.0625969000886664,2.9378641660927256,0.8943018781763411,0.9439087033653952,0.011792811398605425,0.0750049689645189,0.022547200303351778,0.77,0.42,0.08047368421052628,0.18075897435897426,2.7068832889129624,3.0307079898471114,,right,8.0
healthy_003__Wheel_/_Encoder_Direction_Mismatch__013,healthy_003,test,Wheel / Encoder Direction Mismatch,0.0970305560000213,0.09333356224999388,0.2026447470000221,0.9,0.0933572560000186,0.08595538670003003,0.0340200120000133,0.2694058445974892,0.0250331288253035,0.0067440712140986415,0.23,0.43,0.0,0.23,0.0,0.23,0.23,0.0,3.4308473641061665,13.332279943621304,13.334293863184914,-44.447881369241216,-44.06869769682948,3.389646517019074,3.186983702527802,-0.0537845027953309,0.9727287697944119,0.01165848357189668,0.05671586898268047,0.021376109500038563,0.77,0.5,0.09633684210526314,0.11716923076923064,4.649197020408707,4.477447307514094,,left,23.0
healthy_003__Wheel_/_Encoder_Direction_Mismatch__014,healthy_003,test,Wheel / Encoder Direction Mismatch,0.1259901089999857,0.12386100540000342,0.2016027180000037,0.8944444444444445,0.1234484210000061,0.11573182944999866,0.0324600810000106,0.2867730148323136,0.01948160024393,0.005586797235709742,0.17,0.46,0.17,0.0,0.17,0.0,0.0,0.17,3.2946308972699945,13.332886994891327,13.334357275917567,-44.44054119682868,-44.403349548378124,1.9079610211110958,1.9779538246949269,0.8877882905478904,-0.5392666481833168,0.012224851900293357,0.1607066471135917,0.04189794578472303,0.61,0.24,0.047589473684210494,0.1309743589743589,16.383537724644924,3.316462275355075,,right,17.0
healthy_003__Wheel_/_Encoder_Direction_Mismatch__015,healthy_003,test,Wheel / Encoder Direction Mismatch,0.0849791880000054,0.08324762760001078,0.201600615999979,0.9,0.0811328849999881,0.07305055705000282,0.0340200120000133,0.2777023395178289,0.0256777841504237,0.007130780732206488,0.05,0.34,0.0,0.05,0.0,0.05,0.05,0.0,1.8907184182076238,7.024550977517132,8.238644457225561,-16.968815525366733,-11.028188317288247,3.042733781377253,2.95073285553824,0.7506936433692057,0.9504045439208606,0.01181378211956151,0.0750049689645189,0.021376109500038563,0.77,0.42,0.08035789473684206,0.17768205128205122,2.0180272897312648,4.36982000581067,,left,8.0
healthy_003__Wheel_/_Encoder_Direction_Mismatch__016,healthy_003,test,Wheel / Encoder Direction Mismatch,0.0461514170000043,0.04446660025002409,0.2017579489999832,0.8722222222222222,0.204489518999992,0.20357107935001578,0.0339918910000278,0.2740544884174865,0.0275720365476639,0.00755624037069827,0.06,0.23,0.06,0.0,0.06,0.0,0.0,0.06,2.3075834496645795,7.314720873857219,11.227944010022732,-31.19307244781753,-12.885133456468946,3.684122924236347,4.617670408258151,0.8908403753218946,0.7495607815593895,0.022774770808221934,0.14131550177750848,0.053031202737691116,0.9,0.53,0.12435789473684206,0.21576410256410264,9.967655058652781,1.1457207827315337,,right,6.0
healthy_003__Wheel_/_Encoder_Direction_Mismatch__017,healthy_003,test,Wheel / Encoder Direction Mismatch,0.1526360570000093,0.15073939495000555,0.2018255560000028,0.8666666666666667,0.1512274509999969,0.1415136659000069,0.033917491000011,0.2785840682727862,0.0372862334783689,0.01038735061297297,0.1,0.15,0.0,0.1,0.0,0.1,0.1,0.0,1.89518943923921,7.753782917966101,12.632322543875816,-38.95700573500028,-15.012422342302795,5.9464545990012745,5.153041209664581,0.6114319988441106,0.9545481248972104,0.011809759662356005,0.0971469879742818,0.051813506244860495,1.0,0.88,0.17715789473684204,0.13858461538461514,14.81223098305918,1.8650772391902066,,left,10.0
healthy_003__Wheel_/_Encoder_Direction_Mismatch__018,healthy_003,test,Wheel / Encoder Direction Mismatch,0.0498193280000123,0.04790763555001969,0.2017579489999832,0.8722222222222222,0.204489518999992,0.20308000755000527,0.0339918910000278,0.2740544884174865,0.029197576915361,0.008001727004569472,0.18,0.35,0.0,0.18,0.0,0.07,0.07,0.0,3.783999074390147,13.332600540413063,13.334123124903718,-44.16941462416243,-41.6586344336777,4.313193989336302,5.258065186818829,0.23158909421529905,0.9159461229734194,0.022774770808221934,0.14131550177750848,0.053031202737691116,1.0,0.63,0.14543157894736836,0.21986666666666677,2.7338978614733094,3.593590740813445,,left,18.0
healthy_003__Wheel_/_Encoder_Direction_Mismatch__019,healthy_003,test,Wheel / Encoder Direction Mismatch,0.1989706730000051,0.19771906745001142,0.2016902700000002,0.8666666666666667,0.1962941690000121,0.1897368315500081,0.0338430900000048,0.3328587405658832,0.0434758617255984,0.014471320578999169,0.09,0.09,0.0,0.09,0.0,0.09,0.09,0.0,2.073978582414838,13.322511205876081,13.333971138134556,-44.432538585687674,-44.33028138425045,6.567816896662225,5.665206287065635,0.2371870302590446,0.956749023346573,0.011682069890938404,0.05270194389519238,0.02054747812847132,1.0,0.97,0.20158947368421049,0.10205128205128179,6.7137642344754624,1.7524169124854048,,left,9.0
healthy_003__Wheel_/_Encoder_Direction_Mismatch__020,healthy_003,test,Wheel / Encoder Direction Mismatch,0.2005221600000055,0.19868189365000502,0.2018291579999953,0.8666666666666667,0.2094942980000098,0.20282631555000774,0.0338530270000063,0.296274981079606,0.0386287440288987,0.011444730406290906,0.2,0.45,0.0,0.2,0.0,0.2,0.2,0.0,4.699230571577643,13.333404790134656,13.335188243518372,-44.4564495964582,-44.27123192781279,4.53319027587936,4.6416350406804945,0.26586152835395643,0.828302746338862,0.011737828542545405,0.16639107934299774,0.06718596363240927,0.93,0.51,0.13269473684210523,0.26943589743589735,10.448465267303177,3.815110778160898,,left,20.0
healthy_003__Wheel_/_Encoder_Direction_Mismatch__021,healthy_003,test,Wheel / Encoder Direction Mismatch,0.0725894070000023,0.07150656015000185,0.2014636070000008,0.8916666666666667,0.0695756799999998,0.06161909719999802,0.0343068570000042,0.2736166676155256,0.0518129387427272,0.014176883638152378,0.07,0.08,0.0,0.07,0.0,0.07,0.07,0.0,1.6386878003596,12.63149451264305,13.33318777948698,-44.085813690757824,-39.76139930770164,4.7379994372582965,5.077880500572948,0.08508905401578117,0.7260613647840647,0.011933792155560998,0.14579603005397332,0.03859558500121527,0.77,0.7,0.1631473684210526,0.0922358974358974,9.855614691211962,1.37433178135349,,left,7.0
healthy_003__Wheel_/_Encoder_Direction_Mismatch__022,healthy_003,test,Wheel / Encoder Direction Mismatch,0.0380601909999995,0.036757010900005584,0.2017555969999875,0.8722222222222222,0.204489518999992,0.20357107935001578,0.0339918910000278,0.2740544884174865,0.0275720365476639,0.00755624037069827,0.18,0.37,0.0,0.18,0.0,0.18,0.18,0.0,2.572048368972614,8.748353440093904,13.333005128433662,-43.7786594290176,-19.106444723230528,2.6533154452873133,3.0274382559574504,0.5702102994700539,0.8983436930793964,0.011984718385035606,0.15966117767850435,0.08517971933599754,0.7,0.43,0.07896842105263153,0.1588410256410257,5.08310639221898,4.056841398320467,,left,21.0
healthy_003__Wheel_/_Encoder_Direction_Mismatch__023,healthy_003,test,Wheel / Encoder Direction Mismatch,0.0740028860000023,0.07259014280000207,0.2014636070000008,0.8916666666666667,0.069638304999998,0.06370487299999893,0.0343068570000042,0.2736166676155256,0.0518129387427272,0.014176883638152378,0.11,0.17,0.0,0.11,0.0,0.11,0.11,0.0,2.1276728050426454,13.331986564889213,13.337590085201851,-44.44172045467667,-44.33748571359116,4.544590517174765,4.709376530952945,0.16043360630341325,0.9142245787868905,0.01183892629793858,0.12749970125373886,0.02258098046479513,0.77,0.66,0.1522631578947368,0.08614358974358968,13.686304657393656,2.1692461737199658,,left,11.0
healthy_003__Wheel_/_Encoder_Direction_Mismatch__024,healthy_003,test,Wheel / Encoder Direction Mismatch,0.2000992610000196,0.19890312370001476,0.2015867759999992,0.8888888888888888,0.2011570580000068,0.19757748110000506,0.0339790849999985,0.2641519205463734,0.1372650753075427,0.03625883326642998,0.21,0.24,0.2,0.01,0.13,0.0,0.0,0.13,3.53571012921977,13.333040555991829,13.336290977576075,-44.134144704694904,-42.46948945035622,2.9029603298939977,2.9166663959065393,0.8975790112491238,0.22374724584029054,0.03449516964382007,0.07236818943457168,0.00534786397144685,0.71,0.19,0.09524210548667528,0.16923076923076918,15.106554003845986,3.8327379470364704,,right,20.0
healthy_003__Wheel_/_Encoder_Direction_Mismatch__025,healthy_003,test,Wheel / Encoder Direction Mismatch,0.1321672830000011,0.1307141992999945,0.2016027180000037,0.875,0.1296371189999945,0.123545271000006,0.032823909000001,0.2682906874417472,0.0356118981830972,0.009554340644648657,0.08,0.37,0.0,0.08,0.0,0.08,0.08,0.0,1.703162357266661,6.325168574995497,7.363580544790587,-12.4502178800311,-9.806677581408119,1.9407860048305994,1.889687527606778,0.6923779359627636,0.8950188236528811,0.0116635308743818,0.1607066471135917,0.04034858871325046,0.63,0.26,0.045852631578947346,0.14353846153846142,3.744131448518374,2.230513941696522,,left,10.0
healthy_003__Wheel_/_Encoder_Direction_Mismatch__026,healthy_003,test,Wheel / Encoder Direction Mismatch,0.03813125100001,0.036828251250006536,0.2018291579999953,0.8611111111111112,0.2094942980000098,0.20092801870000657,0.0336726140000109,0.2676791948030888,0.0367753072766257,0.00984398464044334,0.03,0.3,0.03,0.0,0.03,0.0,0.0,0.03,2.5545370737412543,7.458847800510355,8.230438343904968,-16.935028324792818,-12.96971829372367,3.225715088844691,4.0756710075664895,0.8658384860444917,0.8353664069071368,0.012466504576499391,0.16639107934299774,0.06545333489048712,0.93,0.4,0.10096842105263155,0.2727076923076924,6.25754244719927,1.1580944747609223,,right,6.0
healthy_003__Wheel_/_Encoder_Direction_Mismatch__027,healthy_003,test,Wheel / Encoder Direction Mismatch,0.0929958290000172,0.09220147010001936,0.2016005020000193,0.9,0.091072003000022,0.08229985875001368,0.0340200120000133,0.2694058445974892,0.0250331288253035,0.0067440712140986415,0.06,0.32,0.06,0.0,0.06,0.0,0.0,0.06,2.0357104919579383,11.276045303968484,13.334293863184914,-44.073987763256,-31.22792948971934,3.228304240300491,2.965220444490052,0.9320054982008309,0.6338987012715267,0.011641501788890155,0.059510739183766675,0.022547200303351778,0.77,0.44,0.08394736842105259,0.15460512820512803,5.108794453543908,1.1727009002275377,,right,6.0
healthy_003__Wheel_/_Encoder_Direction_Mismatch__028,healthy_003,test,Wheel / Encoder Direction Mismatch,0.141079549,0.1391092160000002,0.2021652120000006,0.8583333333333333,0.1366099350000005,0.13127899570000032,0.0339122410000003,0.3037315997091384,0.0510587107198331,0.015508143886021042,0.11,0.3,0.0,0.11,0.0,0.11,0.11,0.0,2.474488084175579,8.420492764868182,9.842232938234055,-23.824613926159618,-14.28863299434025,2.6096382747765836,2.807604175261094,0.5766260074649409,0.9077034027603682,0.01182723942453136,0.16197267313707533,0.054221545776452974,0.69,0.33,0.1131045003813882,0.2996655518394647,12.503213129890394,3.9179803514439158,,left,15.0
healthy_003__Wheel_/_Encoder_Direction_Mismatch__029,healthy_003,test,Wheel / Encoder Direction Mismatch,0.0839422180000042,0.08266917439999867,0.201600615999979,0.9,0.0811328849999881,0.07198249630000639,0.0340200120000133,0.2777023395178289,0.0256777841504237,0.007130780732206488,0.15,0.43,0.15,0.0,0.15,0.0,0.0,0.15,3.368685039856814,12.632173241292678,13.333822029419496,-44.37146603441031,-39.87328774873448,3.041949618492465,2.9733191689645713,0.8939948183842897,0.12977548515902831,0.01181378211956151,0.07742508211593785,0.021376109500038563,0.77,0.42,0.08058947368421049,0.17383589743589734,15.781611823173279,2.8865607624975134,,right,15.0
healthy_003__Wheel_/_Encoder_Direction_Mismatch__030,healthy_003,test,Wheel / Encoder Direction Mismatch,0.1777824880000054,0.17581767420001526,0.2018255560000028,0.8666666666666667,0.1763239680000055,0.167369869900002,0.0336093770000047,0.3248373074410906,0.0401757263824554,0.013050574782566798,0.14,0.16,0.14,0.0,0.14,0.0,0.0,0.14,2.477969663268959,12.63179077589946,13.33396732324298,-44.33854289104701,-39.78464063045023,5.383445798608734,4.725032517244965,0.9796365100470504,0.305414715408261,0.01199980970435822,0.1058647468046583,0.03189792198746571,1.0,0.79,0.16627368421052627,0.0915384615384613,12.05098264915486,2.7445456905964214,,right,14.0
healthy_003__Wheel_/_Encoder_Direction_Mismatch__031,healthy_003,test,Wheel / Encoder Direction Mismatch,0.0302195040000015,0.027693998450004635,0.2018291579999953,0.8666666666666667,0.2094942980000098,0.20282631555000774,0.0338530270000063,0.296274981079606,0.0386287440288987,0.011444730406290906,0.16,0.42,0.0,0.16,0.0,0.16,0.16,0.0,4.245943236777436,13.334055383589904,13.337995300446378,-44.4564495964582,-44.34058528318388,3.659202731789997,3.9077730919024667,0.189244260490935,0.837149179589232,0.011619016010805795,0.16639107934299774,0.06718596363240927,0.93,0.4,0.10559999999999997,0.2650153846153846,13.29545996648666,3.08685685674336,,left,16.0
healthy_003__Wheel_/_Encoder_Direction_Mismatch__032,healthy_003,test,Wheel / Encoder Direction Mismatch,0.195290872000001,0.19359375845000457,0.2016902700000002,0.8666666666666667,0.1913249470000124,0.18423786274999962,0.0338430900000048,0.3328587405658832,0.0434758617255984,0.014471320578999169,0.17,0.19,0.0,0.17,0.0,0.17,0.17,0.0,2.461202431075451,12.618452408641765,13.333670775950896,-44.1344191091759,-39.399067256151426,5.869324976133312,5.02899806188064,0.4263237616007115,0.9821088658692102,0.011682069890938404,0.09904165957202983,0.02705217476637539,1.0,0.85,0.17912631578947358,0.09846153846153818,13.646113877536209,3.3926715201630984,,left,17.0
healthy_003__Wheel_/_Encoder_Direction_Mismatch__033,healthy_003,test,Wheel / Encoder Direction Mismatch,0.0349034369999969,0.032277670600004145,0.2017555969999875,0.8777777777777778,0.204489518999992,0.20357107935001578,0.0339918910000278,0.2740544884174865,0.0275720365476639,0.00755624037069827,0.2,0.39,0.0,0.2,0.0,0.2,0.2,0.0,2.6868529198525635,11.298077406412585,13.333005128433662,-43.815520004998554,-31.59610156432651,2.0151346852531042,2.2563919145096163,0.2956906125601948,0.8731386413822002,0.011724257857834375,0.15966117767850435,0.08517971933599754,0.59,0.32,0.05546315789473681,0.14499487179487183,2.4044858228528483,4.980037669295241,,left,24.0
healthy_003__Wheel_/_Encoder_Direction_Mismatch__034,healthy_003,test,Wheel / Encoder Direction Mismatch,0.1143073210000018,0.11277442579999973,0.2018561540000014,0.8583333333333333,0.1131866340000016,0.10447741455000221,0.0341573880000041,0.3037315997091384,0.0510587107198331,0.015508143886021042,0.13,0.34,0.13,0.0,0.13,0.0,0.0,0.13,3.6969709920451908,13.305531221812432,13.332238499693158,-44.33668104632067,-44.05678325210163,4.649992369445544,4.606564811913627,0.804569253901376,0.46297170308346125,0.01158730558629451,0.07765672980644588,0.02419978630849387,0.88,0.54,0.13998947368421047,0.2370358974358973,14.419765144437317,2.5387338906453643,,right,13.0
healthy_003__Wheel_/_Encoder_Direction_Mismatch__035,healthy_003,test,Wheel / Encoder Direction Mismatch,0.0809988709999984,0.07878715520000126,0.2014636070000008,0.8916666666666667,0.0754044139999976,0.0696478645499983,0.0343068570000042,0.2736166676155256,0.0518129387427272,0.014176883638152378,0.13,0.38,0.13,0.0,0.13,0.0,0.0,0.13,3.160762332988049,13.327985693607884,13.333846139158851,-44.43784343830023,-44.267306368413934,3.8370753479981103,3.8002337711950567,0.8705979773705598,0.4857553331710839,0.011552767811808055,0.20130108003880545,0.02777485133605875,0.77,0.5,0.10722105263157891,0.1806974358974358,11.796540995854421,2.408481895702135,,right,13.0
healthy_003__Wheel_/_Encoder_Direction_Mismatch__036,healthy_003,test,Wheel / Encoder Direction Mismatch,0.0409615880000018,0.04036049285001081,0.2017966650000033,0.8611111111111112,0.2094942980000098,0.20049353304999895,0.0319765100000069,0.2676791948030888,0.0302891638348736,0.008107778986577803,0.09,0.35,0.0,0.09,0.0,0.09,0.09,0.0,3.3433534067016835,12.631387077693901,13.333480785274443,-44.13854343370052,-39.5780670614047,3.236701470843032,4.0290572073790125,0.4111337273591248,0.8749545118424685,0.02342790837825106,0.16639107934299774,0.06393964106061094,0.93,0.45,0.1006210526315789,0.2634769230769232,2.8885924117660835,1.6981485265071532,,left,9.0
healthy_003__Wheel_/_Encoder_Direction_Mismatch__037,healthy_003,test,Wheel / Encoder Direction Mismatch,0.0817219980000345,0.07976019855000938,0.201600615999979,0.9,0.0751222009999992,0.06799425105001253,0.0340200120000133,0.2777023395178289,0.0256777841504237,0.007130780732206488,0.15,0.43,0.15,0.0,0.15,0.0,0.0,0.15,3.3860009546543925,12.66687432376885,13.333952923246487,-44.448490972354925,-40.057626038615176,3.2565281144692784,3.1870678793472256,0.9068761334186195,0.24435643949171956,0.01181378211956151,0.07742508211593785,0.021376109500038563,0.77,0.42,0.08765263157894732,0.1746051282051281,14.671627137472598,2.9851549713169447,,right,15.0
healthy_003__Wheel_/_Encoder_Direction_Mismatch__038,healthy_003,test,Wheel / Encoder Direction Mismatch,0.1312907710000006,0.12985371210000018,0.2021652120000006,0.8583333333333333,0.1273152839999998,0.11967459550000079,0.0337943179999999,0.3037315997091384,0.0510587107198331,0.015508143886021042,0.07,0.28,0.07,0.0,0.07,0.0,0.0,0.07,3.302957372627286,13.322645892612867,13.334151756644879,-44.44648212212748,-43.784824735616326,3.301873130938652,4.039059674031253,0.7231497140456964,0.5546001381013937,0.01635185951263515,0.2218748700455356,0.06085900970953417,0.88,0.37,0.11023157894736839,0.27766153846153835,4.040626314824128,1.2679120525279597,,right,7.0
healthy_003__Wheel_/_Encoder_Direction_Mismatch__039,healthy_003,test,Wheel / Encoder Direction Mismatch,0.2005221600000055,0.19868189365000502,0.2016902700000002,0.8666666666666667,0.2013905230000148,0.1944850004000123,0.0338430900000048,0.3328587405658832,0.0434758617255984,0.014471320578999169,0.07,0.07,0.07,0.0,0.07,0.0,0.0,0.07,1.8330454306517132,13.315725652810274,13.333745782004474,-44.43842339259931,-44.259356619928454,7.005964791270844,6.082623112902578,0.3502466265800197,0.09595312234393491,0.011632593934935799,0.050657681159128685,0.018420441661069833,1.0,1.0,0.2161789473684209,0.10410256410256383,15.940824974328294,1.321109281616149,,right,7.0
