time,scan_min,scan_mean,scan_valid_fraction,scan_gap,scan_rate_hz,cmd_vx,cmd_vy,cmd_wz,odom_x,odom_y,odom_yaw,odom_vx,odom_vy,odom_wz,imu_wz,imu_ax,imu_ay,left_wheel_vel,right_wheel_vel,amcl_x,amcl_y,amcl_yaw,amcl_cov_x,amcl_cov_y,amcl_cov_yaw,amcl_position_step,amcl_yaw_step,tf_map_odom_x,tf_map_odom_y,tf_map_odom_yaw,tf_map_odom_position_step,tf_map_odom_yaw_step,tf_odom_base_x,tf_odom_base_y,tf_odom_base_yaw,scan_age,cmd_age,odom_age,imu_age,joint_age,amcl_age,tf_map_odom_age,tf_odom_base_age,linear_motion_error,angular_motion_error,wheel_velocity_difference,wheel_velocity_product,odom_imu_yaw_error,command_active,label,source_bag
0.0,,,,,,,,,,,,,,,,,,,,,,,,,,,,,,,,,,,,,,,,,,,,,,,,,0,healthy,healthy_001
0.2,0.4943232536315918,1.3532041712307636,0.9,,,,,,-1.99468037467957,-0.4999916225556797,0.00345248707012678,2.9758345227615218e-05,-7.712640272990083e-06,1.886836913114063e-05,0.0004003375629558445,-0.04542390520747542,-0.011645006242894362,9.849887277840318e-05,0.00024053406690822563,,,,,,,,,,,,,,-1.99468037467957,-0.4999916225556797,0.00345248707012678,0.034025761000000015,,0.013203725,0.0010733330000000096,0.013192457000000019,,,0.013231414000000025,,,0.00014203519412982245,2.3692334455265236e-08,0.00038146919382470385,0,healthy,healthy_001
0.4,0.4894716441631317,1.3548797646790376,0.9,0.20110405500000003,4.9725501556893015,,,,-1.9946731317523863,-0.4999915291002488,0.0034572093377322932,2.5736629371310987e-05,-9.872764765278816e-06,1.877351914046417e-05,0.00010877657941418576,-0.11078051286447613,0.01193781886792245,0.00012629466280103356,0.0002674561474205893,,,,,,,,,,,,,,-1.9946731317523863,-0.4999915291002488,0.0034572093377322932,0.032921705999999995,,0.008096028000000033,0.00015485800000003547,0.008084268000000006,,,0.008120618999999996,,,0.00014116148461955575,3.377828395254685e-08,9.000306027372159e-05,0,healthy,healthy_001
0.6000000000000001,0.49466782808303833,1.353619993560844,0.9,0.19985376999999993,5.003658424857337,,,,-1.994665862455508,-0.4999914592636091,0.0034619605689735077,1.6395351057348574e-05,-1.0010773115323944e-05,1.8982880285330925e-05,-0.00021407179194923636,-0.09288139487765998,-0.010820840928062599,0.00013273119780831929,0.00027546054296783556,,,,,,,,,,,,,,-1.994665862455508,-0.4999914592636091,0.0034619605689735077,0.03306793600000013,,0.004218307000000143,0.00042278200000012145,0.004182879000000139,,,0.004185989000000112,,,0.00014272934515951628,3.6562207817050816e-08,0.00023305467223456728,0,healthy,healthy_001
0.8,0.4906175136566162,1.3534059235711156,0.9,0.20033019900000004,4.9917586314582545,,,,-1.9946586059076084,-0.499991359401813,0.00346668852105666,1.6167359126855793e-05,-9.88106352168804e-06,1.888218480403888e-05,0.00016973608453382843,-0.06357456022157185,-0.002534537682605853,0.0001330335282237981,0.0002749351932874592,,,,,,,,,,,,,,-1.9946586059076084,-0.499991359401813,0.00346668852105666,0.032737737000000044,,0.0002805690000000638,0.000310085000000071,0.00015744800000005998,,,0.00028464300000008436,,,0.0001419016650636611,3.657559879592259e-08,0.00015085389972978953,0,healthy,healthy_001
1.0,0.4922690987586975,1.3537701667274957,0.9,0.19997575700000003,5.0006061484742865,,,,-1.994652538264421,-0.4999914734210087,0.003470743595366507,1.4306341347437078e-05,-8.975140344557402e-06,1.9316594704526614e-05,-0.00020043884223729818,-0.03826620562015556,0.00548587006478023,0.0001312528099691368,0.00027687241159323134,-2.0051196323183373,-0.06569112179369353,-0.018003532781128415,0.18592588768338647,0.23061598217831702,0.06242219099656376,,,,,,,,-1.994652538264421,-0.4999914734210087,0.003470743595366507,0.03276197999999997,,0.030121642999999976,0.00018106699999997922,0.03011918800000002,0.0069974830000000265,,0.03013305799999999,,,0.00014561960162409455,3.634028202454302e-08,0.0002197554369418248,0,healthy,healthy_001
1.2000000000000002,0.4999156892299652,1.354177249342571,0.9,0.1997005449999999,5.0074976009704955,,,,-1.9946453879176975,-0.499991425856706,0.0034755019720322604,7.174377747046107e-06,-9.149661611229705e-06,1.8773297314528555e-05,-8.720411135346853e-05,-0.04775065114664717,0.02417333494671571,-0.0005026949404193263,-0.00036399899734642846,-2.0051196323183373,-0.06569112179369353,-0.018003532781128415,0.18592588768338647,0.23061598217831702,0.06242219099656376,,,0.003084778601968272,0.3974456729505481,-0.018396330555615504,,,-1.9946453879176975,-0.499991425856706,0.0034755019720322604,0.03306143500000025,,0.026332207000000274,0.0003118820000000966,0.02627386200000026,0.2069974830000002,0.025473953000000105,0.026279319000000134,,,0.00013869594307289786,1.8298045428375738e-07,0.00010597740866799709,0,healthy,healthy_001
1.4000000000000001,0.5002759695053101,1.3541634064397694,0.9,0.19995632000000008,5.001092238544897,,,,-1.994638029814889,-0.49999145176485443,0.0034803050353975017,3.404856423046979e-05,-6.908741471966955e-06,1.8571638393689957e-05,4.731211470316861e-05,-0.046550383831108516,-0.025973834356811647,2.8455002188784023e-05,0.00016806087011609272,-2.0051196323183373,-0.06569112179369353,-0.018003532781128415,0.18592588768338647,0.23061598217831702,0.06242219099656376,,,0.003084778601968272,0.3974456729505481,-0.018396330555615504,0.0,0.0,-1.994638029814889,-0.49999145176485443,0.0034803050353975017,0.03310511500000013,,0.02223398000000021,0.00024720500000019463,0.022230754000000186,0.40699748300000016,0.02163519600000008,0.02224857300000016,,,0.0001396058679273087,4.782172427002365e-09,2.8740476309478654e-05,0,healthy,healthy_001
1.6,0.4987706243991852,1.3540566792642628,0.9,0.2003414750000001,4.991477675803273,,,,-1.994630761933714,-0.49999129166243955,0.0034849982983325397,1.3251577414903115e-05,-8.681034360086337e-06,1.8426049782735235e-05,0.00010653872217411553,-0.07005119142683999,-0.042706904100773865,-0.0005650274595535134,-0.00042928697732439727,-2.0051196323183373,-0.06569112179369353,-0.018003532781128415,0.18592588768338647,0.23061598217831702,0.06242219099656376,,,0.003084778601968272,0.3974456729505481,-0.018396330555615504,0.0,0.0,-1.994630761933714,-0.49999129166243955,0.0034849982983325397,0.03276363999999998,,0.017581650000000115,0.004111648000000079,0.01757392000000002,0.6069974830000001,0.017076966000000082,0.01761676000000012,,,0.0001357404822291161,2.425589302170109e-07,8.811267239138029e-05,0,healthy,healthy_001
1.8,0.4833016097545624,1.3537952064731975,0.9,0.20153813499999984,4.9618401003859685,,,,-1.9946236387288563,-0.49999149597087966,0.0034899056680046704,1.2995890766169339e-05,-1.1095254979955832e-05,1.839649217196649e-05,-0.0003777482480521171,-0.06161709180050619,-0.008507236383096858,-0.0005647340296069834,-0.0004297530911483538,-2.0051196323183373,-0.06569112179369353,-0.018003532781128415,0.18592588768338647,0.23061598217831702,0.06242219099656376,,,0.003084778601968272,0.3974456729505481,-0.018396330555615504,0.0,0.0,-1.9946236387288563,-0.49999149597087966,0.0034899056680046704,0.031225505000000098,,0.01217756400000014,0.0032616270000001,0.012164561999999934,0.8069974830000001,0.011837466000000019,0.012202049999999964,,,0.00013498093845862964,2.426961949002671e-07,0.0003961447402240836,0,healthy,healthy_001
2.0,0.4896657466888428,1.354041443378837,0.9,0.200003465,4.999913376500753,,,,-1.9946162730307893,-0.4999911028284174,0.0034944723966131566,3.2357169577165016e-05,-8.493815870401691e-06,1.8062749131407106e-05,-0.0002543065623560988,-0.04158339953849059,-0.0038004064623498933,-9.829535373846038e-05,3.707234839948285e-05,-2.0051196323183373,-0.06569112179369353,-0.018003532781128415,0.18592588768338647,0.23061598217831702,0.06242219099656376,,,0.003084778601968272,0.3974456729505481,-0.018396330555615504,0.0,0.0,-1.9946162730307893,-0.4999911028284174,0.0034944723966131566,0.031222040000000062,,0.008337017999999974,0.0030081060000000104,0.008220692999999946,1.0069974830000001,0.007830682999999894,0.008322170000000018,,,0.00013536770213794323,-3.644039599842612e-09,0.0002723693114875059,0,healthy,healthy_001
2.2,0.49573707580566406,1.3537359350809344,0.9,0.1996722230000001,5.008207876766112,,,,-1.9946091088116054,-0.49999131283279136,0.0034993768636695692,3.0920045221058894e-05,-1.1356681980451784e-05,1.8255445317998006e-05,-7.785353566173322e-05,-0.05357286826765952,0.001786653625363636,9.154918804706123e-05,0.00022863419347751235,-2.0051196323183373,-0.06569112179369353,-0.018003532781128415,0.18592588768338647,0.23061598217831702,0.06242219099656376,,,0.003084778601968272,0.3974456729505481,-0.018396330555615504,0.0,0.0,-1.9946091088116054,-0.49999131283279136,0.0034993768636695692,0.03154981700000015,,0.004081715000000319,0.0032429470000003846,0.0040712040000001615,1.2069974830000003,0.0032616870000001796,0.004114409000000041,,,0.00013708500543045113,2.0931274772660958e-08,9.610898097973123e-05,0,healthy,healthy_001
2.4000000000000004,0.4850878417491913,1.353895444193004,0.9,0.2003582100000001,4.991060760624681,,,,-1.994601729371403,-0.49999117075093535,0.0035040910307388602,3.5998554724511514e-05,-7.623983839101416e-06,1.831879822515118e-05,0.0002377239928640136,-0.12368224212772279,-0.005308425307104465,-6.903652803851718e-08,0.0001376764240678301,-2.0051196323183373,-0.06569112179369353,-0.018003532781128415,0.18592588768338647,0.23061598217831702,0.06242219099656376,,,0.003084778601968272,0.3974456729505481,-0.018396330555615504,0.0,0.0,-1.994601729371403,-0.49999117075093535,0.0035040910307388602,0.031191607000000232,,7.421300000043374e-05,0.0029716200000002857,7.110300000023884e-05,1.4069974830000005,0.20326168700000036,9.224000000029875e-05,,,0.00013774546059586862,-9.504702310401534e-12,0.00021940519463886242,0,healthy,healthy_001
2.6,0.4922211766242981,1.3534649500140437,0.9,0.2009126339999998,4.977287789676785,,,,-1.9945957423930039,-0.49999126029859287,0.003508126719800201,2.9137415081983375e-05,-7.177611205016854e-06,1.895825106628414e-05,0.00013898064979203287,-0.07364948062016054,0.005161150869290317,9.768639236540453e-05,0.0002407226857158236,-2.0051196323183373,-0.06569112179369353,-0.018003532781128415,0.18592588768338647,0.23061598217831702,0.06242219099656376,,,0.003084778601968272,0.3974456729505481,-0.018396330555615504,0.0,0.0,-1.9945957423930039,-0.49999126029859287,0.003508126719800201,0.030278973000000153,,0.029491069000000092,0.0020506120000001182,0.029334887000000087,1.6069974830000002,0.028843224000000056,0.029461948999999876,,,0.00014303629335041907,2.3515330728089906e-08,0.00012002239872574873,0,healthy,healthy_001
2.8000000000000003,0.4865880310535431,1.3552515931703426,0.9,0.20032381600000004,4.991917685913091,,,,-1.994588438170519,-0.4999912170529189,0.003512885493305639,1.59211146680741e-05,-9.847894339280675e-06,1.9099542093635163e-05,-0.00022991178633369357,-0.05837911618835507,-0.010079740912950422,0.0001327196656763733,0.00027638454674832973,-2.0051196323183373,-0.06569112179369353,-0.018003532781128415,0.18592588768338647,0.23061598217831702,0.06242219099656376,,,0.003084778601968272,0.3974456729505481,-0.018396330555615504,0.0,0.0,-1.994588438170519,-0.4999912170529189,0.003512885493305639,0.029955157000000288,,0.025207159000000257,0.0019950530000003575,0.025166639000000046,1.8069974830000004,0.024454725000000455,0.02517838600000033,,,0.00014366488107195644,3.6681664642554286e-08,0.00024901132842732873,0,healthy,healthy_001
3.0,0.4929583668708801,1.3532937449621565,0.9,0.19975726299999996,5.006075799106239,,,,-1.9945812138324444,-0.4999911417279516,0.0035176395467260203,1.5860260577793816e-05,-1.0194737713086881e-05,1.8869499417362153e-05,-4.714015221969609e-05,-0.05576007851372419,0.027938454401523583,0.00013244065984541285,0.00027426397450124105,-2.0051196323183373,-0.06569112179369353,-0.018003532781128415,0.18592588768338647,0.23061598217831702,0.06242219099656376,,,0.003084778601968272,0.3974456729505481,-0.018396330555615504,0.0,0.0,-1.9945812138324444,-0.4999911417279516,0.0035176395467260203,0.03019789400000006,,0.021091280999999906,0.002025465000000004,0.021045731000000067,2.006997483,0.02049874900000015,0.021051148000000186,,,0.0001418233146558282,3.6323701754769846e-08,6.600965163705824e-05,0,healthy,healthy_001
3.2,0.49234509468078613,1.3541583677316889,0.9,0.20018761499999993,4.99531402079994,,,,-1.9945739620089993,-0.4999913193022675,0.0035225350308613866,2.8932747717053255e-05,-1.0429896459387196e-05,1.8657535820010046e-05,0.0001279176165022994,-0.06860198047965038,-0.026355886924777486,0.00011875143528623181,0.00025895028612590723,-2.0051196323183373,-0.06569112179369353,-0.018003532781128415,0.18592588768338647,0.23061598217831702,0.06242219099656376,,,0.003084778601968272,0.3974456729505481,-0.018396330555615504,0.0,0.0,-1.9945739620089993,-0.4999913193022675,0.0035225350308613866,0.030010279000000306,,0.017298665000000213,0.0020193820000002916,0.017290911000000353,2.2069974830000003,0.01672133500000017,0.01733034499999997,,,0.00014019885083967542,3.0750718145231883e-08,0.00010926008068228935,0,healthy,healthy_001
3.4000000000000004,0.4876444637775421,1.3539410931644615,0.9,0.19989495000000002,5.002627630162743,,,,-1.994566622930279,-0.49999099001906,0.003527136123001945,3.749253236532456e-05,-9.373219977207948e-06,1.79643483851574e-05,-0.00015366913961506115,-0.04297552878011085,0.033350006710637085,4.3188867145452225e-07,0.0001353555425157582,-2.0051196323183373,-0.06569112179369353,-0.018003532781128415,0.18592588768338647,0.23061598217831702,0.06242219099656376,,,0.003084778601968272,0.3974456729505481,-0.018396330555615504,0.0,0.0,-1.994566622930279,-0.49999099001906,0.003527136123001945,0.030115329000000468,,0.012760787000000384,0.0014306480000003674,0.012754188000000166,2.4069974830000005,0.012317332000000292,0.01277489700000034,,,0.0001349236538443037,5.845852543113692e-11,0.00017163348800021855,0,healthy,healthy_001
3.6,0.47587957978248596,1.3538051177690058,0.9,0.20150320300000013,4.962700270327709,,,,-1.9945594517811822,-0.49999112466521795,0.0035320055751532253,2.8581755008348856e-05,-7.69089954679674e-06,1.8836042800589184e-05,0.0001383476559100937,-0.07875912454182597,0.008768632047023543,0.00012091941381616464,0.00026279608638596135,-2.0051196323183373,-0.06569112179369353,-0.018003532781128415,0.18592588768338647,0.23061598217831702,0.06242219099656376,,,0.003084778601968272,0.3974456729505481,-0.018396330555615504,0.0,0.0,-1.9945594517811822,-0.49999112466521795,0.0035320055751532253,0.02861212600000007,,0.007670506000000188,0.00025807899999996664,0.007661488000000105,2.6069974830000002,0.00730688600000029,0.007688562000000232,,,0.0001418766725697967,3.177714871897261e-08,0.0001195116131095045,0,healthy,healthy_001
3.8000000000000003,0.5016753077507019,1.353432466402466,0.9,0.20075382000000008,4.981225263857991,,,,-1.9945520773066758,-0.49999100939275415,0.003536711892980534,2.384538630207911e-05,-9.665722330893954e-06,1.8756122432987578e-05,0.0007023448550569005,-0.0501076409270937,-0.02472129921550349,0.00012505212173584152,0.0002662668362028208,-2.0051196323183373,-0.06569112179369353,-0.018003532781128415,0.18592588768338647,0.23061598217831702,0.06242219099656376,,,0.003084778601968272,0.3974456729505481,-0.018396330555615504,0.0,0.0,-1.9945520773066758,-0.49999100939275415,0.003536711892980534,0.027858306000000166,,0.0026823250000003185,0.004732968000000337,0.0026731920000000464,2.8069974830000004,0.0018802720000001827,0.0027010840000003533,,,0.00014121471446697925,3.3297232815052515e-08,0.000683588732623913,0,healthy,healthy_001
4.0,0.4850359857082367,1.3535847765060118,0.9,0.2005896909999998,4.985301064150904,,,,-1.9945461505205413,-0.4999912339212906,0.003540834494997462,1.730153471091859e-05,-1.042037766283208e-05,1.917041110063336e-05,0.0002522815767947075,-0.047062792477448774,0.006221234409920758,0.0001318882423992009,0.00027617010893478985,-2.0051196323183373,-0.06569112179369353,-0.018003532781128415,0.18592588768338647,0.23061598217831702,0.06242219099656376,,,0.003084778601968272,0.3974456729505481,-0.018396330555615504,0.0,0.0,-1.9945461505205413,-0.4999912339212906,0.003540834494997462,0.027268615000000107,,0.03236733999999997,0.0038269359999998365,0.03231762199999988,3.006997483,0.20188027199999992,0.032321097000000076,,,0.00014428186653558895,3.642359027060528e-08,0.00023311116569407417,0,healthy,healthy_001
4.2,0.49437686800956726,1.354251182189694,0.9,0.2001472750000004,4.996320834245672,,,,-1.994538781296359,-0.49999094717902887,0.003545459475645005,2.1673813043840824e-05,-8.913297734637872e-06,1.8835346796603125e-05,-5.520386904327723e-07,-0.06509930101561542,-0.026389361270103964,0.00013038829371607007,0.0002721044532015878,-2.0051196323183373,-0.06569112179369353,-0.018003532781128415,0.18592588768338647,0.23061598217831702,0.06242219099656376,,,0.003084778601968272,0.3974456729505481,-0.018396330555615504,0.0,0.0,-1.994538781296359,-0.49999094717902887,0.003545459475645005,0.027121339999999883,,0.028083905999999992,0.004306352000000402,0.028076997000000325,3.2069974830000003,0.02675040899999992,0.02810763400000038,,,0.00014171615948551774,3.547923536549928e-08,1.9387385487035897e-05,0,healthy,healthy_001
4.4,0.48515307903289795,1.354846762838187,0.9,0.2000041329999993,4.999896677135184,,,,-1.9945316848812513,-0.4999910495729974,0.0035502979207074925,1.2295436070952807e-05,-1.2082320086104617e-05,1.89356980793761e-05,-0.00012523230403916821,-0.0746983652233819,-0.032141908531311825,0.00013381484468471595,0.0002760635704561899,-2.0051196323183373,-0.06569112179369353,-0.018003532781128415,0.18592588768338647,0.23061598217831702,0.06242219099656376,,,0.003084778601968272,0.3974456729505481,-0.018396330555615504,0.0,0.0,-1.9945316848812513,-0.4999910495729974,0.0035502979207074925,0.027117207000000754,,0.024233447000000297,0.004343053000000374,0.024229247000000065,3.4069974830000005,0.02391028400000028,0.024263123000000775,,,0.00014224872577147394,3.694140380370319e-08,0.00014416800211854432,0,healthy,healthy_001
4.6000000000000005,0.5009444952011108,1.3543458934183474,0.9,0.20016464000000056,4.995887385504239,,,,-1.9945242851103624,-0.49999104982550663,0.0035551049948482536,1.6553746473813872e-05,-9.622318027374306e-06,1.906369546209923e-05,-0.0003019286824817477,-0.060832729143160194,-0.003011057781069472,0.0001323885508960124,0.0002758022516304464,-2.0051196323183373,-0.06569112179369353,-0.018003532781128415,0.18592588768338647,0.23061598217831702,0.06242219099656376,,,0.003084778601968272,0.3974456729505481,-0.018396330555615504,0.0,0.0,-1.9945242851103624,-0.49999104982550663,0.0035551049948482536,0.02695256700000037,,0.02030255600000075,0.004232059000000454,0.020239092000000625,3.6069974830000007,0.019963410000000792,0.02024271200000083,,,0.00014341370073443402,3.6513060427212174e-08,0.00032099237794384693,0,healthy,healthy_001
4.800000000000001,0.4893243908882141,1.354193359337471,0.9,0.20012512599999965,4.996873805840861,,,,-1.9945170690960723,-0.49999104598998256,0.0035598728653379284,9.573192848623089e-06,-9.748716524995675e-06,1.9387280497260438e-05,0.00016188818497094045,-0.051110344863360586,0.009613199629648224,-4.084563356643875e-05,0.00010421647613641401,-2.0051196323183373,-0.06569112179369353,-0.018003532781128415,0.18592588768338647,0.23061598217831702,0.06242219099656376,,,0.003084778601968272,0.3974456729505481,-0.018396330555615504,0.0,0.0,-1.9945170690960723,-0.49999104598998256,0.0035598728653379284,0.026827441000000896,,0.015144015000000621,0.0037099090000003443,0.015128727000000453,3.806997483000001,0.014911379000000835,0.015206406000000783,,,0.00014506210970285276,-4.256787995853475e-09,0.00014250090447368003,0,healthy,healthy_001
5.0,0.4886315166950226,1.3538754035109355,0.9,0.2013272860000006,4.9670366092353575,,,,-1.9945098508548222,-0.4999910278852211,0.0035646776756797565,2.075026434581179e-05,-7.0708216486228e-06,1.927359125728394e-05,0.0003557796179135815,-0.05890899845215091,0.0008919746989442502,0.00012800416263721547,0.0002733833435706813,-2.0051196323183373,-0.06569112179369353,-0.018003532781128415,0.18592588768338647,0.23061598217831702,0.06242219099656376,,,0.003084778601968272,0.3974456729505481,-0.018396330555615504,0.0,0.0,-1.9945098508548222,-0.4999910278852211,0.0035646776756797565,0.02550015499999958,,0.011422181999999559,0.0033229950000004393,0.01141290099999992,4.006997483,0.010746103999999868,0.011443524999999788,,,0.00014537918093346586,3.499420597272725e-08,0.00033650602665629754,0,healthy,healthy_001
5.2,0.48860523104667664,1.3537951579064498,0.9,0.20005961599999988,4.99851004412605,,,,-1.9945024379093454,-0.49999089225037907,0.0035693659400223687,2.9104446672847802e-05,-1.0813347192774152e-05,1.850209385580661e-05,3.8429852201959656e-05,-0.06485102577544537,-0.0016485459836286715,0.00011935211046199944,0.000258399741597185,-2.0051196323183373,-0.06569112179369353,-0.018003532781128415,0.18592588768338647,0.23061598217831702,0.06242219099656376,,,0.003084778601968272,0.3974456729505481,-0.018396330555615504,0.0,0.0,-1.9945024379093454,-0.49999089225037907,0.0035693659400223687,0.025440538999999873,,0.007194161000000143,0.003160474000000413,0.007182766999999757,4.206997483,0.00686345600000049,0.00721217700000043,,,0.00013904763113518556,3.084055450245934e-08,1.9927758346153046e-05,0,healthy,healthy_001
5.4,0.4960702955722809,1.3543393923728555,0.9,0.20041978899999968,4.989527256712168,,,,-1.994495399799588,-0.4999907815044868,0.0035741065499543755,6.951859102093243e-06,-8.580475661345724e-06,1.8913316771400994e-05,-0.0001415624585320323,-0.05879197898364176,0.024791002512687114,-0.00020331174162783214,-6.235395396927143e-05,-2.0051196323183373,-0.06569112179369353,-0.018003532781128415,0.18592588768338647,0.23061598217831702,0.06242219099656376,,,0.003084778601968272,0.3974456729505481,-0.018396330555615504,0.0,0.0,-1.994495399799588,-0.4999907815044868,0.0035741065499543755,0.02502075000000037,,0.0022984219999999667,0.0023009610000004344,0.0020399650000006986,4.4069974830000005,0.0016941950000006756,0.002308948000000477,,,0.0001409577876585607,1.2677290978874252e-08,0.0001604757753034333,0,healthy,healthy_001
5.6000000000000005,0.48471441864967346,1.354694519329954,0.9,0.20032619300000043,4.991858453577251,,,,-1.9944892431748702,-0.49999089684362485,0.0035781539509215855,1.3415829586765156e-05,-9.690397731976911e-06,1.842057691934846e-05,0.00023767798665797016,-0.08955217743157065,0.0003621241947783546,-0.0005643025031061206,-0.0004287539044444573,-2.0051196323183373,-0.06569112179369353,-0.018003532781128415,0.18592588768338647,0.23061598217831702,0.06242219099656376,,,0.003084778601968272,0.3974456729505481,-0.018396330555615504,0.0,0.0,-1.9944892431748702,-0.49999089684362485,0.0035781539509215855,0.024694557000000117,,0.03229983300000061,0.0020542200000006616,0.03220924800000091,4.606997483000001,0.20169419500000085,0.032236269000000206,,,0.0001355485986616633,2.419469014945297e-07,0.0002192574097386217,0,healthy,healthy_001
5.800000000000001,0.4899975657463074,1.3544726774648383,0.9,0.19941234799999918,5.014734594068388,,,,-1.9944820125361327,-0.4999907759260876,0.003582873999686713,2.8207961817262404e-05,-8.233580133913863e-06,1.868450472591203e-05,0.00010314116068388352,-0.09787607815755513,-0.011005519467557795,0.0001246127953349256,0.00026527902289484075,-2.0051196323183373,-0.06569112179369353,-0.018003532781128415,0.18592588768338647,0.23061598217831702,0.06242219099656376,,,0.003084778601968272,0.3974456729505481,-0.018396330555615504,0.0,0.0,-1.9944820125361327,-0.4999907759260876,0.003582873999686713,0.02528220900000111,,0.028161287000000534,0.002177726000001101,0.028152940000000903,4.806997483000001,0.19775249700000064,0.0281810000000009,,,0.00014066622755991515,3.305716058664383e-08,8.445665595797149e-05,0,healthy,healthy_001
6.0,0.4937896728515625,1.3540283909734385,0.9,0.2003801430000003,4.990514454318952,,,,-1.9944748056323989,-0.4999908813779592,0.0035877219243236956,1.9153681906386136e-05,-8.12528158708405e-06,1.9227921191624393e-05,-4.61641177182146e-05,-0.0703447100887453,-0.0023605853850580836,0.0001278404668082309,0.00027291590421936484,-2.0051196323183373,-0.06569112179369353,-0.018003532781128415,0.18592588768338647,0.23061598217831702,0.06242219099656376,,,0.003084778601968272,0.3974456729505481,-0.018396330555615504,0.0,0.0,-1.9944748056323989,-0.4999908813779592,0.0035877219243236956,0.02490206600000011,,0.02392284599999961,0.0015518449999998296,0.023872814999999825,5.006997483,0.02317757500000006,0.023878931999999686,,,0.00014507543741113394,3.488969659479403e-08,6.539203890983899e-05,0,healthy,healthy_001
6.2,0.49208372831344604,1.3544005417713412,0.9,0.20053930700000056,4.986553583732078,,,,-1.9944673889421713,-0.4999909247093366,0.0035925159809055765,1.8567936075327254e-05,-1.2825402153726893e-05,1.8915627552122543e-05,-0.00013236268125071767,-0.07350150046909945,0.007208923140012393,0.00013241897482085623,0.00027441814853347937,-2.0051196323183373,-0.06569112179369353,-0.018003532781128415,0.18592588768338647,0.23061598217831702,0.06242219099656376,,,0.003084778601968272,0.3974456729505481,-0.018396330555615504,0.0,0.0,-1.9944673889421713,-0.4999909247093366,0.0035925159809055765,0.024362758999999734,,0.01943168200000045,0.0013459300000002727,0.019376321000000196,5.206997483,0.01888932299999979,0.01939135000000025,,,0.00014199917371262314,3.633816990104079e-08,0.0001512783088028402,0,healthy,healthy_001
6.4,0.49113479256629944,1.3538002335914858,0.9,0.20095344199999943,4.976277042321091,,,,-1.994460312019551,-0.4999905984761945,0.0035971446203578537,5.2767050560306215e-06,-7.322010716822541e-06,1.902608207934073e-05,6.185867537282077e-05,-0.05821099619359687,0.01202139465229895,-0.0002044792973493587,-6.260819609168826e-05,-2.0051196323183373,-0.06569112179369353,-0.018003532781128415,0.18592588768338647,0.23061598217831702,0.06242219099656376,,,0.003084778601968272,0.3974456729505481,-0.018396330555615504,0.0,0.0,-1.994460312019551,-0.4999905984761945,0.0035971446203578537,0.023409317000000485,,0.014570160000000776,0.00012974500000062505,0.014559878000000026,5.4069974830000005,0.01388809000000002,0.014597171000000131,,,0.00014187110125767045,1.2802079945139283e-08,4.283259329348004e-05,0,healthy,healthy_001
6.6000000000000005,0.4960132837295532,1.3544241933175076,0.9,0.19979522200000055,5.005124697126127,,,,-1.994453007019772,-0.49999066797767355,0.003601987396109785,9.704864529932349e-06,-4.113400245096511e-06,1.8973615019135604e-05,0.00011643596330461216,-0.05133162467228316,-0.05171223048507584,-0.0005537362599685445,-0.0004129671420944831,-2.0051196323183373,-0.06569112179369353,-0.018003532781128415,0.18592588768338647,0.23061598217831702,0.06242219099656376,,,0.003084778601968272,0.3974456729505481,-0.018396330555615504,0.0,0.0,-1.994453007019772,-0.49999066797767355,0.003601987396109785,0.023614095000000113,,0.01031251000000033,0.0003920530000005584,0.01030530100000071,5.606997483000001,0.00997825600000013,0.010344302000000916,,,0.00014076911787406143,2.2867488075329754e-07,9.746234828547656e-05,0,healthy,healthy_001
6.800000000000001,0.4858383536338806,1.3536071925435538,0.9,0.20038920199999932,4.990288847998922,,,,-1.9944456947602216,-0.4999907986649326,0.0036068165095663116,2.8778591869823807e-05,-8.971934546823398e-06,1.863571757459216e-05,-7.203346328123516e-05,-0.053174250077744685,0.0003285069676923657,-0.00019670158588583645,-5.801852729259236e-05,-2.0051196323183373,-0.06569112179369353,-0.018003532781128415,0.18592588768338647,0.23061598217831702,0.06242219099656376,,,0.003084778601968272,0.3974456729505481,-0.018396330555615504,0.0,0.0,-1.9944456947602216,-0.4999907986649326,0.0036068165095663116,0.023224893000000968,,0.006254674000000904,0.00019667200000039742,0.006244623000000615,5.806997483000001,0.005829179000000906,0.006278638000000392,,,0.0001386830585932441,1.1412336329213602e-08,9.066918085582731e-05,0,healthy,healthy_001
7.0,0.486670583486557,1.3550624573304328,0.9,0.19985426200000056,5.003646106881609,,,,-1.9944384620182334,-0.49999065386894787,0.003611530087312418,1.3006170773978274e-05,-8.66097095984229e-06,1.843436855677802e-05,-6.981534188917824e-05,-0.050375147075609535,-0.015907283105858233,-0.0005650739000972837,-0.00042931699228391596,-2.0051196323183373,-0.06569112179369353,-0.018003532781128415,0.18592588768338647,0.23061598217831702,0.06242219099656376,,,0.003084778601968272,0.3974456729505481,-0.018396330555615504,0.0,0.0,-1.9944384620182334,-0.49999065386894787,0.003611530087312418,0.023370630999999698,,0.0021810689999997024,0.00021666199999970104,0.002171567999999624,6.006997483,0.0015060709999996647,0.002204002000000038,,,0.00013575690781336778,2.4259582720790786e-07,8.824971044595626e-05,0,healthy,healthy_001
7.2,0.4914838671684265,1.3550226267105268,0.9,0.20016012500000002,4.9960000774380005,,,,-1.9944324287352568,-0.4999907439844221,0.003615575207853432,7.900371004878707e-06,-9.392628671673394e-06,1.8703197579904288e-05,0.00030238333129105235,-0.07541282777725458,0.027303609953637897,-0.0005307346706790927,-0.00039298501431418633,-2.0051196323183373,-0.06569112179369353,-0.018003532781128415,0.18592588768338647,0.23061598217831702,0.06242219099656376,,,0.003084778601968272,0.3974456729505481,-0.018396330555615504,0.0,0.0,-1.9944324287352568,-0.4999907439844221,0.003615575207853432,0.023210505999999853,,0.03215700700000035,0.004929862000000007,0.032145213000000616,6.206997483,0.20150607099999984,0.03218547100000002,,,0.00013774965636490638,2.0857077215385823e-07,0.0002836801337111481,0,healthy,healthy_001
7.4,0.4914703667163849,1.3553184331567198,0.9,0.20137685599999955,4.965813946365327,,,,-1.9944252273141485,-0.49999071813362367,0.0036203842801842113,3.654741425179123e-06,-4.9319457132139515e-06,1.9406661120484045e-05,-0.0002958583949682074,-0.07594929744737834,-0.00452110316987599,-0.00040583325426385604,-0.0002614360928684103,-2.0051196323183373,-0.06569112179369353,-0.018003532781128415,0.18592588768338647,0.23061598217831702,0.06242219099656376,,,0.003084778601968272,0.3974456729505481,-0.018396330555615504,0.0,0.0,-1.9944252273141485,-0.49999071813362367,0.0036203842801842113,0.021833650000000482,,0.027117399000000653,0.004136346000000124,0.027104667000000582,6.4069974830000005,0.19714281800000055,0.027152637000000368,,,0.00014439716139544572,1.0609946035081465e-07,0.0003152650560886915,0,healthy,healthy_001
7.6000000000000005,0.48502084612846375,1.3535237088799477,0.9,0.19965422200000038,5.008659421186686,,,,-1.9944178867703064,-0.49999070878354146,0.003625139135611042,3.349889515062398e-05,-8.951716684261467e-06,1.8734314382094817e-05,9.901210903233704e-06,-0.06404537284846776,0.01776012920061243,8.892508391025082e-05,0.00023008247495360417,-2.0051196323183373,-0.06569112179369353,-0.018003532781128415,0.18592588768338647,0.23061598217831702,0.06242219099656376,,,0.003084778601968272,0.3974456729505481,-0.018396330555615504,0.0,0.0,-1.9944178867703064,-0.49999070878354146,0.003625139135611042,0.02217942800000028,,0.023212390000000305,0.004429302000000135,0.02320156700000009,6.606997483000001,0.19264622400000064,0.023237956000000892,,,0.00014115739104335334,2.0460103391527433e-08,8.833103478861113e-06,0,healthy,healthy_001
7.800000000000001,0.49023160338401794,1.3540947967105441,0.9,0.2000875509999993,4.997812182727968,,,,-1.9944106846832352,-0.4999907617858099,0.0036299848710045156,1.8729730612391482e-05,-9.682095600599223e-06,1.8259263080603593e-05,-0.0004052754633038637,-0.07182009230340683,0.006682658002526099,-0.0005780855138237499,-0.0004441347132180867,-2.0051196323183373,-0.06569112179369353,-0.018003532781128415,0.18592588768338647,0.23061598217831702,0.06242219099656376,,,0.003084778601968272,0.3974456729505481,-0.018396330555615504,0.0,0.0,-1.9944106846832352,-0.4999907617858099,0.0036299848710045156,0.022091877000001148,,0.01915362300000112,0.004357982000001037,0.019114280000001038,6.806997483000001,0.01880133800000028,0.019121041000000893,,,0.00013395080060566323,2.5674784389764145e-07,0.0004235347263844673,0,healthy,healthy_001
8.0,0.4794655740261078,1.3537908718909746,0.9,0.19983942300000024,5.004017650711486,,,,-1.9944034494868372,-0.4999905232947375,0.0036346467409324843,3.24867474502285e-05,-7.74695489831159e-06,1.8465531624549945e-05,6.814670354083355e-05,-0.11830740583080585,-0.020303907729940007,7.414540793710366e-05,0.00021289633229174508,-2.0051196323183373,-0.06569112179369353,-0.018003532781128415,0.18592588768338647,0.23061598217831702,0.06242219099656376,,,0.003084778601968272,0.3974456729505481,-0.018396330555615504,0.0,0.0,-1.9944034494868372,-0.4999905232947375,0.0036346467409324843,0.0222524540000002,,0.015222673000000242,0.0041810819999996696,0.015165325999999979,7.006997483,0.014628212999999946,0.015169332000000146,,,0.00013875092435464143,1.5785285406084612e-08,4.9681171916283605e-05,0,healthy,healthy_001
8.200000000000001,0.49135684967041016,1.3552555548556058,0.9,0.20114358300000035,4.971572968350665,,,,-1.9943960851259224,-0.4999906750728575,0.003639521379368952,1.4364232839080825e-05,-8.747649993584736e-06,1.864401354846966e-05,8.58308091478303e-05,-0.0769448356061255,-0.031782320313061156,-0.0005662982270928643,-0.0004291166026323041,-2.0051196323183373,-0.06569112179369353,-0.018003532781128415,0.18592588768338647,0.23061598217831702,0.06242219099656376,,,0.003084778601968272,0.3974456729505481,-0.018396330555615504,0.0,0.0,-1.9943960851259224,-0.4999906750728575,0.003639521379368952,0.021108871000000917,,0.010111977000001104,0.003384521000000973,0.010101978000001566,7.206997483000001,0.009794245000001922,0.010131814000001071,,,0.0001371816244605602,2.4300797128678693e-07,6.718679559936065e-05,0,healthy,healthy_001
8.4,0.48698511719703674,1.355308533910616,0.9,0.20027253399999978,4.993195921713364,0.125,0.0,0.16,-1.9943889210261827,-0.49999047115496364,0.0036441866950278176,3.2052892458145834e-05,-9.365610291423157e-06,1.8414047147052667e-05,4.319249971894483e-05,5.818036916227629,-0.00292812890293019,7.435971543143585e-05,0.00021264160069477903,-2.0051196323183373,-0.06569112179369353,-0.018003532781128415,0.18592588768338647,0.23061598217831702,0.06242219099656376,,,0.003084778601968272,0.3974456729505481,-0.018396330555615504,0.0,0.0,-1.9943889210261827,-0.49999047115496364,0.0036441866950278176,0.020836337000000427,0.020138990999999606,0.00603176000000083,0.00286615599999962,0.005826524999999805,7.4069974830000005,0.005587463000001236,0.005837128999999663,0.12496794710754186,0.15998158595285294,0.00013828188526334318,1.5811968916548782e-08,2.4778452571892162e-05,1,healthy,healthy_001
8.6,0.5060938596725464,1.3646711204890851,0.9,0.20054983400000026,4.986291836073017,0.20842105263157892,0.0,0.8,-1.9728798316810763,-0.499885859061167,0.011795004498318308,0.15381195921932095,-7.789203242937318e-05,0.2390282198042444,0.2359403321260241,-0.0583406419073305,0.03190512709158301,3.6431082846665443,5.702236055101642,-2.0051196323183373,-0.06569112179369353,-0.018003532781128415,0.18592588768338647,0.23061598217831702,0.06242219099656376,,,0.003084778601968272,0.3974456729505481,-0.018396330555615504,0.0,0.0,-1.9728798316810763,-0.499885859061167,0.011795004498318308,0.020286502999999456,0.020247226000000396,0.0012654239999996264,0.0022226029999998786,0.001257100000000122,7.606997483,0.0008846599999987603,0.0012949950000002985,0.054609093412257975,0.5609717801957557,2.059127770435098,20.77386341346507,0.003087887678220297,1,healthy,healthy_001
8.8,0.5422321557998657,1.384025995351054,0.9055555555555556,0.19949372600000004,5.012688970479201,0.21999999999999997,0.0,1.0000000000000004,-1.9432950092845047,-0.49810376210858803,0.128697600292835,0.1949442767600624,-0.0007937310953535226,1.0403944114153867,1.0173319672535992,-0.09752608474986564,0.20234664117842838,1.4054833166891691,10.464331879059314,-2.0051196323183373,-0.06569112179369353,-0.018003532781128415,0.18592588768338647,0.23061598217831702,0.06242219099656376,,,0.003084778601968272,0.3974456729505481,-0.018396330555615504,0.0,0.0,-1.9432950092845047,-0.49810376210858803,0.128697600292835,0.020792777000000484,0.020265893000001256,0.031016267000000042,0.002421078000001131,0.031013247000000632,7.806997483000001,0.20088465999999983,0.031026818000000844,0.025055723239937572,0.040394411415386244,9.058848562370144,14.70744387631649,0.023062444161787488,1,healthy,healthy_001
9.0,0.5731543898582458,1.373263890126784,0.8916666666666667,0.20085557300000012,4.978701785884724,0.21999999999999997,0.0,1.0000000000000004,-1.9023744546941015,-0.4883616053565779,0.3393024583875921,0.1950869743266715,0.00012861905586327577,1.021861160404206,1.0095803115260225,-0.05487232024296744,0.18661578399184672,1.4993051788369778,10.424360000154383,-2.0051196323183373,-0.06569112179369353,-0.018003532781128415,0.18592588768338647,0.23061598217831702,0.06242219099656376,,,0.003084778601968272,0.3974456729505481,-0.018396330555615504,0.0,0.0,-1.9023744546941015,-0.4883616053565779,0.3393024583875921,0.019937203999999653,0.019971149999999938,0.027146557000000016,0.002166294000000235,0.027138709000000816,8.006997483,0.19654809600000078,0.02717971899999938,0.02491302567332848,0.021861160404205604,8.925054821317406,15.629296934292505,0.012280848878183592,1,healthy,healthy_001
9.200000000000001,0.6160266399383545,1.380486007593572,0.8888888888888888,0.2000959980000001,4.997601201399338,0.21999999999999997,0.0,1.0000000000000004,-1.8629769350314251,-0.4695360761746426,0.5445701840257225,0.2184329245629602,-0.00012733948316173693,0.9581742976171697,0.9525229104537444,-0.03868880875333522,0.24729774107396363,2.477988485346169,10.844217937749374,-1.8971543900742815,-0.10834045402945297,0.3103416787549104,0.14707776723696409,0.21028152142813708,0.06758764932171785,0.11608384501287783,0.32834521153603885,0.02005852705932713,0.31271032473889104,-0.03504533198483488,0.08641867491025575,0.016649001429219375,-1.8629769350314251,-0.4695360761746426,0.5445701840257225,0.01984120600000061,0.020064718000000425,0.02260692500000161,0.0009166470000003812,0.02260384900000112,0.18206794900000034,0.1818569830000012,0.022613243000000338,0.0015670754370397666,0.04182570238283079,8.366229452403205,26.871847182327325,0.005651387163425281,1,healthy,healthy_001
9.4,0.6558089852333069,1.3845735263524566,0.8833333333333333,0.20065706799999994,4.983627090574254,0.21999999999999997,0.0,1.0000000000000004,-1.8274600210412513,-0.44293629040230664,0.7437504590032684,0.21693268376824146,-0.0004659946046423058,0.9916046092276921,0.9920531803894592,-0.0761004000749883,0.2044989103777033,2.335722527463247,10.98992237547342,-1.8576363844821862,-0.17282925164801044,0.5012771731422121,0.10382853129950442,0.18216921280129394,0.05950090719459414,0.07563384020571841,0.19093549438730167,0.024284038297087734,0.21183902918327077,-0.04520952377971224,0.0,0.0,-1.8274600210412513,-0.44293629040230664,0.7437504590032684,0.01918413799999996,0.0200050669999996,0.018364653000000786,0.0012992409999998955,0.018341275000000934,0.17861146000000083,0.0176235810000005,0.018344283000001127,0.0030673162317585156,0.008395390772308331,8.654199848010173,25.669409267465667,0.00044857116176710843,1,healthy,healthy_001
9.600000000000001,0.7044999003410339,1.410158555590392,0.8805555555555555,0.20004219800000023,4.998945272536941,0.21999999999999997,0.0,0.8461538461538465,-1.7994673426741075,-0.41167815610619773,0.9424538444351487,0.19558213507667382,-0.0002302818590024791,0.9080668196110665,0.8907753772648336,-0.13762949327644744,0.1644902001486307,1.9999824703108056,9.929479634889777,-1.7861476200293758,-0.1841136803701509,0.8826970628523949,0.093619378173317,0.1507194307588265,0.06270851168563588,0.07237390257941376,0.3814198897101828,0.03376614487717964,0.13027798208164346,-0.054271019515974066,0.08211038149655676,0.009061495736261825,-1.7994673426741075,-0.41167815610619773,0.9424538444351487,0.0191419400000008,0.020102924000001465,0.014311574000000604,0.0012267350000012556,0.014253919000001503,0.002205857000001643,0.002052626000001112,0.014259015000002151,0.02441786492332615,0.06191297345722002,7.929497164578971,19.858785209087692,0.01729144234623292,1,healthy,healthy_001
9.8,0.6668235063552856,1.4045424077120967,0.8833333333333333,0.2001920229999996,4.995204029683051,0.21999999999999997,0.0,0.7435897435897438,-1.7770277326501482,-0.37453642919968283,1.1130853305614685,0.20723028148300163,-0.0004285233534502275,0.7924387416239039,0.7809688313952758,0.1581425595824734,0.1324854111265155,2.856740414419001,9.774568347228174,-1.7861476200293758,-0.1841136803701509,0.8826970628523949,0.093619378173317,0.1507194307588265,0.06270851168563588,0.07237390257941376,0.3814198897101828,0.03376614487717964,0.13027798208164346,-0.054271019515974066,0.0,0.0,-1.7770277326501482,-0.37453642919968283,1.1130853305614685,0.018949917000000482,0.019951256000000583,0.01033292500000016,0.0014286430000005623,0.01032861300000043,0.20220585700000093,0.009684424000001357,0.010348212000000245,0.012769718516998346,0.048848998034160096,6.917827932809173,27.923404431027464,0.011469910228628089,1,healthy,healthy_001
10.0,0.62363201379776,1.425473193828992,0.8805555555555555,0.20045566900000011,4.9886341702813075,0.21999999999999997,0.0,0.6410256410256412,-1.7603334028368616,-0.3331675272991874,1.2586624016931274,0.21885383773588893,-0.0005694548423035156,0.6434960223471752,0.6427628352577177,-0.05499538767840147,0.1955732375086106,3.8551590874358252,9.47394578218969,-1.7861476200293758,-0.1841136803701509,0.8826970628523949,0.093619378173317,0.1507194307588265,0.06270851168563588,0.07237390257941376,0.3814198897101828,0.03376614487717964,0.13027798208164346,-0.054271019515974066,0.0,0.0,-1.7603334028368616,-0.3331675272991874,1.2586624016931274,0.018494247999999658,0.020044750000000278,0.005495254999999588,0.0002428190000003383,0.0054611470000001106,0.4022058570000002,0.20968442400000065,0.005466870999999429,0.0011461622641110447,0.0024703813215339876,5.618786694753864,36.52356817608289,0.0007331870894574655,1,healthy,healthy_001
10.200000000000001,0.5913038849830627,1.4380629417664579,0.8861111111111111,0.20127910299999918,4.968225638406209,0.21999999999999997,0.0,0.6410256410256412,-1.7493070819771146,-0.2899003742291472,1.3817267445021157,0.2190486597603057,-0.0003019046716189397,0.5409620290815748,0.5414841349255382,-0.0683933723150391,0.06623724858653743,4.304534143367969,9.028250004108763,-1.742974745479568,-0.17228366957018604,1.1930864534481493,0.07398851174946586,0.121288614659953,0.06172916661232043,0.04476434130444361,0.31038939059575443,0.03451595874382325,0.06381503539164768,-0.0565104367536586,0.06646717613643469,0.0022394172376845323,-1.7493070819771146,-0.2899003742291472,1.3817267445021157,0.01721514500000154,0.01977398700000066,0.00033720200000075806,0.0037618210000012198,0.00033417000000035557,0.19630273400000142,0.19632588000000162,0.00034570600000094487,0.0009513402396942872,0.10006361194406643,4.723715860740794,38.86241039754818,0.0005221058439633941,1,healthy,healthy_001
10.4,0.5655913352966309,1.4545567110180855,0.8888888888888888,0.2002397690000013,4.994012952541878,0.21999999999999997,0.0,0.3784615384615385,-1.744129401060915,-0.2530503684344354,1.4819403418183072,0.21889848521081495,-0.00012540627393918882,0.5553028511517746,0.5480001815615639,-0.11576475106902166,0.08433573246058103,4.2399424544716675,9.091054484714478,-1.742974745479568,-0.17228366957018604,1.1930864534481493,0.07398851174946586,0.121288614659953,0.06172916661232043,0.04476434130444361,0.31038939059575443,0.03451595874382325,0.06381503539164768,-0.0565104367536586,0.0,0.0,-1.744129401060915,-0.2530503684344354,1.4819403418183072,0.016975375999999542,0.01996323400000044,0.02998422399999967,0.004412611000001121,0.029917259000001195,0.3963027340000007,0.1998094970000004,0.029928446999999636,0.0011015147891850208,0.17684131269023606,4.851112030242811,38.54554786565596,0.007302669590210642,1,healthy,healthy_001
10.600000000000001,0.5362859964370728,1.4780663449941955,0.8944444444444445,0.1993963179999998,5.015137741911569,0.21999999999999997,0.0,0.3271794871794873,-1.7421523794466331,-0.20836452272688002,1.5633668435197001,0.21923911091420073,-0.00013754691206117626,0.42716477799009034,0.45152916129058207,-0.08758284855916434,0.12252282404880528,4.812892067312483,8.520769856887988,-1.7398594636799651,-0.14368343769017675,1.4254590666751952,0.0360465753193826,0.08521658549964059,0.04985320017796793,0.028769397704526894,0.23237261322704583,0.016385440389486743,-0.00364138097525104,-0.06308217849553654,0.06985043883084298,0.006571741741877947,-1.7421523794466331,-0.20836452272688002,1.5633668435197001,0.017579058000000813,0.019879668000001516,0.026034830000002174,0.004255156000001037,0.026023949000000712,0.19086424600000207,0.19080353600000066,0.02605938800000196,0.0007608890857992434,0.09998529081060303,3.7078777895755044,41.00954565161152,0.024364383300491732,1,healthy,healthy_001
10.8,0.5171363353729248,1.4727395098900127,0.8916666666666667,0.20028548999999884,4.992872923545314,0.21999999999999997,0.0,0.12820512820512842,-1.7434248102542493,-0.1636132846057345,1.6233965863905968,0.21956212563436647,-9.784601972010962e-05,0.2434687406247266,0.2558465896163052,-0.05188620512623432,0.05387936904400038,5.611886598665681,7.722153969066126,-1.7398594636799651,-0.14368343769017675,1.4254590666751952,0.0360465753193826,0.08521658549964059,0.04985320017796793,0.028769397704526894,0.23237261322704583,0.016385440389486743,-0.00364138097525104,-0.06308217849553654,0.0,0.0,-1.7434248102542493,-0.1636132846057345,1.6233965863905968,0.017293568000001258,0.019592612000000287,0.022280251000001527,0.004190149000001142,0.022270490000000365,0.39086424600000136,0.19176434100000073,0.022308535000000518,0.00043787436563350046,0.11526361241959818,2.110267370400445,43.33585237183519,0.012377848991578594,1,healthy,healthy_001
11.0,0.49407708644866943,1.4674192839052398,0.8805555555555555,0.20134868400000094,4.966508745594758,0.21999999999999997,0.0,0.02564102564102587,-1.746690941815043,-0.1189165553989809,1.658689501503727,0.21979114540303285,-6.001019239324987e-05,0.1233677455651064,0.08508925378274736,-0.07598091375501718,0.005176963456564149,6.127973414299588,7.20521722803508,-1.7398594636799651,-0.14368343769017675,1.4254590666751952,0.0360465753193826,0.08521658549964059,0.04985320017796793,0.028769397704526894,0.23237261322704583,0.016385440389486743,-0.00364138097525104,-0.06308217849553654,0.0,0.0,-1.746690941815043,-0.1189165553989809,1.658689501503727,0.015944883999999604,0.019923082000000036,0.01726990799999939,0.003046034000000475,0.017260446999999957,0.5908642460000006,0.18743531299999994,0.01729814099999949,0.00020885459696712294,0.09772671992408052,1.0772438137354916,44.15337961765234,0.038278491782359036,1,healthy,healthy_001
11.200000000000001,0.4921679198741913,1.480304058688351,0.8777777777777778,0.2001670390000001,4.995827509842914,0.20842105263157892,0.0,0.17948717948717968,-1.7509097285445456,-0.07426137550470863,1.676062744754438,0.21966503795110234,-7.076810711461462e-05,0.17158996718991334,0.18511519006853547,-0.1546165272843681,0.04151465888337442,5.917596082378998,7.415052604340302,-1.7398594636799651,-0.14368343769017675,1.4254590666751952,0.0360465753193826,0.08521658549964059,0.04985320017796793,0.028769397704526894,0.23237261322704583,0.016385440389486743,-0.00364138097525104,-0.06308217849553654,0.0,0.0,-1.7509097285445456,-0.07426137550470863,1.676062744754438,0.015777845000000568,0.019900007000000386,0.01289720600000166,0.00266929500000046,0.012892414000001295,0.7908642460000017,0.012393530000000652,0.012915417000000318,0.01124398531952342,0.007897212297266337,1.4974565219613032,43.87928624207836,0.013525222878622123,1,healthy,healthy_001
11.4,0.4928109049797058,1.488781065217354,0.8833333333333333,0.20167256199999883,4.958532732876204,0.21999999999999997,0.0,0.17948717948717968,-1.7563178085180478,-0.030966793218273725,1.7122210737245245,0.21974287855248767,-0.00014068999042081073,0.13925547205128255,0.14378655985686148,-0.08571996387205902,0.022176080948905316,6.056577151672264,7.274759505350756,-1.7222105140282988,0.05827199734880638,1.644045919007599,0.044076169054720005,0.09384397046788892,0.05320299587532097,0.20272514191779958,0.21858685233240394,0.03211180707473144,-0.027105561431543624,-0.06715655726026072,0.028246882546649945,0.004074378764724176,-1.7563178085180478,-0.030966793218273725,1.7122210737245245,0.014105283000001023,0.01976290900000066,0.008331611000000905,0.002323836000000412,0.008323197000001059,0.0043227550000004555,0.004336398999999602,0.008356097000000062,0.00025712144751230404,0.04023170743589713,1.2181823536784924,44.060142204018014,0.004531087805578926,1,healthy,healthy_001
11.600000000000001,0.5000815391540527,1.5006616863877602,0.8916666666666667,0.19980275200000008,5.004936068147848,0.0,0.0,0.6594871794871797,-1.7622402952365859,0.006561049568992042,1.7480778196543496,0.11790397070323684,-5.557389107834626e-05,0.1923148000499797,0.19231616586080638,-5.0992502581254255,0.13988697445260087,2.7428271573326684,4.4210561683190805,-1.7222105140282988,0.05827199734880638,1.644045919007599,0.044076169054720005,0.09384397046788892,0.05320299587532097,0.20272514191779958,0.21858685233240394,0.03211180707473144,-0.027105561431543624,-0.06715655726026072,0.0,0.0,-1.7622402952365859,0.006561049568992042,1.7480778196543496,0.014302531000002006,0.019792746000002026,0.004370270000000787,0.002163892000002221,0.004367380000001475,0.20432275500000152,0.004152697000002092,0.004379164000001268,0.11790397070323684,0.4671723794372,1.6782290109864122,12.126192922558683,1.365810826686742e-06,1,healthy,healthy_001
11.8,0.49051403999328613,1.5022158836141044,0.9,0.19975564699999993,5.006116297678435,0.0,0.0,1.0000000000000004,-1.7644103792763426,0.01719476082327389,1.8364852342929836,0.02397490005174549,0.0005782242355528442,0.8498194028362135,0.8447871893685681,-0.04962221239317842,0.1672962779432877,-2.9256912461747544,4.465441738396851,-1.7222105140282988,0.05827199734880638,1.644045919007599,0.044076169054720005,0.09384397046788892,0.05320299587532097,0.20272514191779958,0.21858685233240394,0.03211180707473144,-0.027105561431543624,-0.06715655726026072,0.0,0.0,-1.7644103792763426,0.01719476082327389,1.8364852342929836,0.01454688400000137,0.019660929000000493,0.0002556220000009546,0.0021136680000015673,0.00024374800000082075,0.4043227550000008,3.9185000000330206e-05,0.0002758969999998584,0.02397490005174549,0.15018059716378696,7.391132984571605,-13.064503804331046,0.0050322134676453745,1,healthy,healthy_001
12.0,0.48032447695732117,1.5052065342109395,0.8944444444444445,0.2001047370000002,4.997382945512174,0.0,0.0,0.8974358974358978,-1.7643898698089573,0.017156334398524604,2.0056190727146146,-0.0015383039949421749,6.83015838552493e-05,0.9860991762398041,0.9673673880377156,-0.0981021077885776,-0.03456627508387986,-4.307695516477854,4.307172565817568,-1.7222105140282988,0.05827199734880638,1.644045919007599,0.044076169054720005,0.09384397046788892,0.05320299587532097,0.20272514191779958,0.21858685233240394,0.03211180707473144,-0.027105561431543624,-0.06715655726026072,0.0,0.0,-1.7643898698089573,0.017156334398524604,2.0056190727146146,0.01444214700000046,0.01974524799999955,0.030433150000000353,0.002091623000000098,0.03040118999999919,0.6043227550000001,0.20003918499999962,0.03041477500000056,0.0015383039949421749,0.08866327880390634,8.614868082295423,-18.553987950468755,0.01873178820208854,1,healthy,healthy_001
12.200000000000001,0.4691978693008423,1.5133480439767426,0.9,0.20039358300000032,4.990179750416451,0.05789473684210526,0.0,0.8010256410256412,-1.7642564788453663,0.016926422710973457,2.186405714427307,-0.0009879836088800046,-0.000438213611184064,0.6787559726284945,0.6617984659781692,-0.027337696850084536,0.027257901863499863,-2.976416789082463,2.9738329172341107,-1.739050282701068,0.05539077331470757,1.9778113740516212,0.028349272855167307,0.08539233209807523,0.05694692928118021,0.01708447426428597,0.3337654550440221,0.02298972033218553,-0.036475916238718646,-0.042404870723499535,0.013077309193824237,0.024751686536761186,-1.7642564788453663,0.016926422710973457,2.186405714427307,0.014048564000001207,0.019532033000000837,0.02625905300000042,0.002056289000000433,0.026206323000000253,0.19365010600000154,0.19364156400000176,0.02621007500000161,0.05888272045098527,0.1222696683971467,5.950249706316574,-8.851366222781685,0.01695750665032536,1,healthy,healthy_001
12.4,0.4599301815032959,1.5202225235792306,0.9027777777777778,0.19972078199999999,5.006990208960828,0.05789473684210526,0.0,0.8461538461538465,-1.7691466794268407,0.0226843563102989,2.340451472628244,0.05503663083356988,-0.0001532411958679522,0.9008768312377201,0.8940076604861286,-0.06495120905127152,0.054067930675705304,-2.186524609966236,5.683323995977795,-1.739050282701068,0.05539077331470757,1.9778113740516212,0.028349272855167307,0.08539233209807523,0.05694692928118021,0.01708447426428597,0.3337654550440221,0.02298972033218553,-0.036475916238718646,-0.042404870723499535,0.0,0.0,-1.7691466794268407,0.0226843563102989,2.340451472628244,0.01432778200000051,0.01951666000000074,0.022123378999999943,0.0019217690000008503,0.02211393500000014,0.39365010600000083,0.19177201499999974,0.022153186000000602,0.00285810600853538,0.05472298508387363,7.869848605944031,-12.426727783617098,0.006869170751591547,1,healthy,healthy_001
12.600000000000001,0.4634828269481659,1.5050412044161205,0.8916666666666667,0.2003919879999998,4.990219469253437,0.06947368421052631,0.0,1.0000000000000004,-1.778307415623202,0.030546585425647626,2.5250469401433366,0.06800203800898014,-0.0005997131801392386,1.0124642418215417,1.0065216024674242,-0.036494680426907226,0.06254718216881489,-2.3162290002930828,6.524467369110557,-1.7429265758725703,0.04284862084805616,2.3102739605156124,0.018666026599676755,0.08030006651980258,0.0628878193376665,0.013127499276258388,0.3324625864639912,0.024428610025788403,-0.0445031617367592,-0.03643147995010122,0.008155186928340082,0.005973390773398313,-1.778307415623202,0.030546585425647626,2.5250469401433366,0.013935794000001778,0.01949622400000095,0.018029717000001,0.001834296000001956,0.018025015000000977,0.18394792200000154,0.18390593700000224,0.018050951000001092,0.0014716462015461756,0.012464241821541266,8.84069636940364,-15.112160531799784,0.00594263935411754,1,healthy,healthy_001
12.8,0.47480466961860657,1.5049916147630407,0.8944444444444445,0.2000905700000004,4.997736774901475,0.04631578947368421,0.0,1.0000000000000004,-1.7892604722440824,0.03692755443820441,2.732296562229074,0.05624890910709298,-0.0006563287892396609,1.008409012294281,1.0329933530021465,-0.04304489827095656,0.027132134985205607,-2.6508011892085928,6.155196851410437,-1.7673661379659793,0.04593002727874918,2.7083648713208563,0.021542270971074196,0.0642075340366063,0.0674338189646028,0.024633052204481518,0.39809091080524395,0.020448122572039536,-0.03192222703328682,-0.02290667681098734,0.013195612846036662,0.013524803139113882,-1.7892604722440824,0.03692755443820441,2.732296562229074,0.013845224000000655,0.0195687410000005,0.01386283000000077,0.002068131000001472,0.013854313000001284,0.011885710000001382,0.011855936999999983,0.013883035000000987,0.009933119633408767,0.008409012294280593,8.80599804061903,-16.316203133531772,0.024584340707865415,1,healthy,healthy_001
13.0,0.481498658657074,1.5097222423221304,0.8972222222222223,0.20101261199999954,4.974812227204939,0.09263157894736841,0.0,1.0000000000000004,-1.8012278835069588,0.04059766105068644,2.9429697013958305,0.07924477029024368,-0.0004996763710351827,0.9992603636823213,1.0052943269551966,0.14346219443333086,0.04675674083062091,-1.907472455942596,6.817157737985872,-1.7947975638954106,0.04318115035369596,2.92580128748622,0.016962012685930006,0.05316194401212887,0.06057578001101992,0.02756881304791637,0.2174364161653637,0.00534539527613897,-0.021010946843546846,-0.013148852628628402,0.018631919041079803,0.009757824182358939,-1.8012278835069588,0.04059766105068644,2.9429697013958305,0.01283261200000041,0.019389172000000343,0.009167488999999307,0.0013368580000001629,0.009163105000000726,0.006712042000000196,0.006723963000000666,0.009187753000000853,0.01338680865712473,0.0007396363176791487,8.72463019392847,-13.003540613023985,0.006033963272875309,1,healthy,healthy_001
13.200000000000001,0.4883368909358978,1.4856029097922145,0.8888888888888888,0.2002332649999996,4.994175168646438,0.11578947368421051,0.0,1.0000000000000004,-1.8182837679461474,0.04232535239840524,-3.134330180650045,0.07912072701480014,-0.00022153245866624597,0.9986337723094844,1.0015716214154256,5.986477876295312,0.055994649911070234,-1.9061709485652094,6.812880172608352,-1.8195327889742128,0.04810889223277795,3.1346168609859792,0.01675463933655008,0.04876087583754515,0.045902632076465846,0.025221300516148338,0.2088155734997592,-0.0022991212115284626,-0.00369030623998404,-0.005217622621282569,0.018932596843750933,0.007931230007345833,-1.8182837679461474,0.04232535239840524,-3.134330180650045,0.01259934700000187,0.019538613000001703,0.00437746000000061,0.0002731630000010199,0.004344829000000772,0.0002927500000016181,9.79540000010104e-05,0.004350100000001689,0.036668746669410376,0.0013662276905160864,8.719051121173562,-12.98651426108197,0.0029378491059411926,1,healthy,healthy_001
13.4,0.503451406955719,1.4877897908911109,0.8888888888888888,0.2004815940000011,4.987989071954379,0.13894736842105262,0.0,1.0000000000000004,-1.8374030626512399,0.040573766596266644,-2.964434667708324,0.11396284351405625,3.1439297397396065e-05,0.9920200247881694,0.9928685011759499,-0.021883728841687322,0.15237141813397004,-0.8227911816210359,7.836735847194754,-1.8195327889742128,0.04810889223277795,3.1346168609859792,0.01675463933655008,0.04876087583754515,0.045902632076465846,0.025221300516148338,0.2088155734997592,-0.0022991212115284626,-0.00369030623998404,-0.005217622621282569,0.018932596843750933,0.007931230007345833,-1.8374030626512399,0.040573766596266644,-2.964434667708324,0.012117753000000064,0.019369309,0.03362013499999961,0.004179013999999981,0.03361681300000008,0.2002927500000009,0.2000979540000003,0.033635942000000085,0.024984524906996375,0.007979975211831025,8.65952702881579,-6.447997147765302,0.0008484763877805168,1,healthy,healthy_001
13.600000000000001,0.5570558905601501,1.4724647447748005,0.8833333333333333,0.2008484199999998,4.978879096982695,0.20842105263157892,0.0,1.0000000000000004,-1.8654197348961647,0.032253889166073295,-2.7590051353579033,0.1720039837982932,0.00018690194095158374,1.0081704080368115,1.0023128133726222,-0.10289827022290962,0.11902137305382018,0.858805263245034,9.662840899410323,-1.8195327889742128,0.04810889223277795,3.1346168609859792,0.01675463933655008,0.04876087583754515,0.045902632076465846,0.025221300516148338,0.2088155734997592,-0.0022991212115284626,-0.00369030623998404,-0.005217622621282569,0.0,0.0,-1.8654197348961647,0.032253889166073295,-2.7590051353579033,0.011269333000001325,0.019117200000001944,0.028699187000000848,0.004132003000002271,0.028692140000002198,0.400292750000002,0.19873737600000219,0.02874466100000106,0.036417068833285715,0.008170408036811017,8.804035636165288,8.298498622312964,0.005857594664189225,1,healthy,healthy_001
13.8,0.5824036598205566,1.445297360420227,0.8777777777777778,0.20031886599999993,4.992041039209958,0.21999999999999997,0.0,0.9487179487179491,-1.9019269685467357,0.01275891175295761,-2.5529566002666697,0.21844950957539677,-2.431124229292092e-05,1.007024902178364,1.0024950287303245,-0.03813354835843298,0.2719862566292136,2.2653819783292546,11.059280796008458,-1.8522759488961689,0.024992478134126285,-2.722216130526651,0.025203997312963633,0.045555231810257564,0.05558724667498923,0.04008095710502848,0.4263523156669564,0.016004991263904738,0.030685372404167122,0.01971124362545606,0.03894518989245346,0.024928866246738627,-1.9019269685467357,0.01275891175295761,-2.5529566002666697,0.010950467000000685,0.01952978899999991,0.02519719000000009,0.003950167000001059,0.025155230000001083,0.19305257600000125,0.19305879500000067,0.025159965000000284,0.0015504904246032014,0.05830695346041481,8.793898817679203,25.053495408560376,0.0045298734480394565,1,healthy,healthy_001
14.0,0.6345990300178528,1.4346688087024386,0.875,0.20084015599999994,4.979083963667108,0.20842105263157892,0.0,0.9487179487179491,-1.9361688646403847,-0.015358737744653482,-2.3542900528239845,0.21680711120202784,-0.0004774165567303923,0.9889772691719516,0.9914809419256818,-0.11232397395745432,0.18023012093788388,2.3448330383532485,10.973798254183485,-1.885914515867787,-0.005397749263282387,-2.5394826904515146,0.019327484481787227,0.037887506981490154,0.047760367727683294,0.04533342154713505,0.18273344007513614,0.018280150393426255,-0.01576341094959584,0.0004219091728382182,0.04650447101203768,0.01928933445261784,-1.9361688646403847,-0.015358737744653482,-2.3542900528239845,0.010110311000000038,0.019442779000000243,0.02006557900000061,0.0034361670000002675,0.020056858000000233,0.18826721499999977,0.1882802649999995,0.020080717000000803,0.008386058570448912,0.04025932045400249,8.628965215830236,25.731724702632636,0.0025036727537302017,1,healthy,healthy_001
14.200000000000001,0.6633226275444031,1.4096599023812895,0.8722222222222222,0.19969591699999967,5.007613650909056,0.21999999999999997,0.0,0.8461538461538465,-1.9636280519371652,-0.04897686446596055,-2.1610980634641224,0.21874203021834715,-0.00031360544436760673,0.8936703004920762,0.8813500191643622,-0.021864262105839624,0.2755718252732331,2.7660502416222377,10.567487300879423,-1.885914515867787,-0.005397749263282387,-2.5394826904515146,0.019327484481787227,0.037887506981490154,0.047760367727683294,0.04533342154713505,0.18273344007513614,0.018280150393426255,-0.01576341094959584,0.0004219091728382182,0.0,0.0,-1.9636280519371652,-0.04897686446596055,-2.1610980634641224,0.010414394000001437,0.01939405800000138,0.016467115000001087,0.00318324600000075,0.016442816000001415,0.38826721500000083,0.18575572100000137,0.01644701300000051,0.0012579697816528235,0.04751645433822971,7.801437059257185,29.230200801937453,0.012320281327714011,1,healthy,healthy_001
14.4,0.7021881341934204,1.4105483519880078,0.8777777777777778,0.2004185199999995,4.989558849152277,0.21999999999999997,0.0,0.6923076923076925,-1.9851977748413074,-0.08799692795641006,-1.9926757935761141,0.21877815528859146,-0.0005997637704374809,0.7522414032691919,0.7407763785178396,-0.046501019121369065,0.1574777505756023,3.380355411329791,9.949917787389179,-1.957552702905892,-0.0796467776901965,-2.160744521141006,0.022743437193038396,0.041682360394622045,0.05087115723882034,0.10317435759163804,0.37873816931050847,0.006814075663705674,-0.03774811650867808,-0.004048097368020492,0.02479512347674595,0.004470006540858711,-1.9851977748413074,-0.08799692795641006,-1.9926757935761141,0.009995874000001237,0.019318566000000814,0.012141453999999996,0.0030719110000010375,0.012133032999999571,0.1780934829999996,0.17789434400000026,0.012163362000000788,0.0012218447114085151,0.059933710961499354,6.5695623760593875,33.63425843488755,0.011465024751352249,1,healthy,healthy_001
14.600000000000001,0.7298880219459534,1.407075063799912,0.8833333333333333,0.1997445520000003,5.00639436714148,0.21999999999999997,0.0,0.5897435897435899,-2.000561868296876,-0.12988784413524443,-1.8531207012818312,0.21893198345214235,-0.0003372707887847534,0.6396254638416287,0.6342181996934113,-0.07124829956035392,0.1549107580617111,3.8744547549187867,9.458885381034808,-1.9968574066147924,-0.14903680668063018,-1.8747229062854185,0.022222097828112464,0.045162529534925104,0.048168023885532874,0.07974857902770233,0.28602161485558764,0.005649129610361627,-0.05922039879673313,-0.01968069139875537,0.021503860257291587,0.015632594030734876,-2.000561868296876,-0.12988784413524443,-1.8531207012818312,0.010251322000002006,0.01896794000000135,0.008345909000000873,0.003122851000000537,0.008292424000002185,0.005980172000001005,0.0059995520000022395,0.008383269000001192,0.0010680165478576253,0.04988187409803879,5.584430626116021,36.64802344078211,0.00540726414821735,1,healthy,healthy_001
14.8,0.7415364384651184,1.3959271264604376,0.8777777777777778,0.20017599300000022,4.995604043288043,0.20842105263157892,0.0,0.4871794871794873,-2.0104159489813966,-0.17343641835712612,-1.7349575804630275,0.2190234540938837,-0.00025404016770869814,0.5376172109972412,0.5414255907664115,-1.2130997410933761,0.09607899494869798,4.319495122588553,9.013474009814406,-1.9968574066147924,-0.14903680668063018,-1.8747229062854185,0.022222097828112464,0.045162529534925104,0.048168023885532874,0.07974857902770233,0.28602161485558764,0.005649129610361627,-0.05922039879673313,-0.01968069139875537,0.0,0.0,-2.0104159489813966,-0.17343641835712612,-1.7349575804630275,0.010075329000001076,0.019384099999999904,0.004151587000000845,0.003248091000001452,0.0041436780000001505,0.2059801720000003,0.0038522640000007158,0.0041751790000006395,0.010602401462304789,0.050437723817753966,4.693978887225852,38.933657022972014,0.003808379769170256,1,healthy,healthy_001
15.0,0.7129217386245728,1.3951459630757947,0.8777777777777778,0.19972956600000025,5.006770004196568,0.21999999999999997,0.0,0.5384615384615385,-2.0149732067517836,-0.21667275620372875,-1.6193355953718436,0.2188409875608686,-0.0001585735301544329,0.5768914644078388,0.5762303645859713,-0.04320126052002509,0.11259008739712269,4.147761427279313,9.18000610736202,-1.9968574066147924,-0.14903680668063018,-1.8747229062854185,0.022222097828112464,0.045162529534925104,0.048168023885532874,0.07974857902770233,0.28602161485558764,0.005649129610361627,-0.05922039879673313,-0.01968069139875537,0.0,0.0,-2.0149732067517836,-0.21667275620372875,-1.6193355953718436,0.010345763000000119,0.0193923999999992,0.00023102499999971826,0.0030999099999995394,0.0002226329999999166,0.4059801719999996,0.203852264,0.00025367900000006216,0.001159012439131385,0.038429925946300236,5.032244680082707,38.07647523430471,0.0006610998218674613,1,healthy,healthy_001
15.200000000000001,0.6829751133918762,1.3962124997171863,0.8861111111111111,0.20096233800000007,4.976056757460692,0.20842105263157892,0.0,0.435897435897436,-2.015063107136411,-0.25388820696961795,-1.5284812481272247,0.21901474608829127,-0.00020950585422088545,0.49194877207341164,0.48605823195441694,-0.0243928377762478,0.09646962976624306,4.51599191010005,8.813101310781136,-2.0142940871559243,-0.24088263214102468,-1.6287642677508563,0.016540867151809024,0.042863299610180414,0.04691069122621694,0.09348632778537584,0.24595863853456224,0.0012007393137484356,-0.03303539841102208,-0.00315887786450486,0.026560166065570646,0.016521813534250508,-2.015063107136411,-0.25388820696961795,-1.5284812481272247,0.009383425000001111,0.019283059000001046,0.02916969900000055,0.0019075460000017586,0.029117985000000957,0.1981447230000004,0.1981181680000006,0.029125290000001414,0.01059369345671235,0.05605133617597563,4.2971094006810855,39.799894222379756,0.005890540118994703,1,healthy,healthy_001
15.4,0.6649291515350342,1.387178041718223,0.8861111111111111,0.20030728400000086,4.992329684825619,0.20842105263157892,0.0,0.3333333333333335,-2.011182036451897,-0.29722742411757075,-1.4370123011031006,0.21919471432791401,-0.00047485802448505796,0.3952637043844518,0.38966638594773145,-0.041904641930802136,0.09591151070028295,4.938410553630745,8.391540342552734,-2.0142940871559243,-0.24088263214102468,-1.6287642677508563,0.016540867151809024,0.042863299610180414,0.04691069122621694,0.09348632778537584,0.24595863853456224,0.0012007393137484356,-0.03303539841102208,-0.00315887786450486,0.0,0.0,-2.011182036451897,-0.29722742411757075,-1.4370123011031006,0.009076140999999538,0.019086674000000414,0.025223412000000778,0.0017896139999997729,0.02521219600000002,0.3981447229999997,0.19474317999999968,0.025252348000000424,0.01077366169633509,0.061930371051118316,3.4531297889219887,41.44087138888058,0.005597318436720344,1,healthy,healthy_001
15.600000000000001,0.6435744762420654,1.3782355663918402,0.8861111111111111,0.2011944649999986,4.970315659528739,0.21999999999999997,0.0,0.4420512820512822,-2.0037470975225227,-0.34015676140649176,-1.3652207191252768,0.21946525002421766,-6.226176914925219e-06,0.29860742816921254,0.29268638760101606,-0.05011342448842384,0.08868791350761779,5.3606011170409245,7.971134312167654,-2.0142940871559243,-0.24088263214102468,-1.6287642677508563,0.016540867151809024,0.042863299610180414,0.04691069122621694,0.09348632778537584,0.24595863853456224,0.0012007393137484356,-0.03303539841102208,-0.00315887786450486,0.0,0.0,-2.0037470975225227,-0.34015676140649176,-1.3652207191252768,0.007881676000002003,0.01933374000000221,0.020266041000001067,0.0011555630000010808,0.020235027000001793,0.5981447230000008,0.19012049600000225,0.020240038000000737,0.0005347499757823171,0.14344385388206965,2.610533195126729,42.73007149788916,0.005921040568196478,1,healthy,healthy_001
15.8,0.6137248873710632,1.3903792519064335,0.8916666666666667,0.19940946500000045,5.014807095540815,0.20842105263157892,0.0,0.6923076923076925,-1.992695523360414,-0.3834419425049574,-1.2557927401003075,0.21870608188555174,-9.172041763121086e-05,0.7381533369105944,0.7642192084278657,-0.05505941848662921,0.14576333124245247,3.4434897792086074,9.88622413137108,-2.0046021781064236,-0.34392717927144767,-1.386846858261489,0.014113457216829772,0.04807118964736057,0.057328157875639496,0.10349933233764244,0.24191740948936727,0.006587032309167234,-0.051717206885474036,-0.025140368289754224,0.019442790954711277,0.02198149042524936,-1.992695523360414,-0.3834419425049574,-1.2557927401003075,0.00847221100000084,0.01923229400000004,0.016235963999999825,0.001243446000000148,0.016167355000000327,0.18105856900000106,0.18082337100000068,0.016179577000000833,0.010285029253972816,0.04584564460290186,6.442734352162472,34.043111751341804,0.026065871517271355,1,healthy,healthy_001
16.0,0.5911529064178467,1.378275789018732,0.8916666666666667,0.20187979600000006,4.953442691214131,0.20842105263157892,0.0,0.6923076923076925,-1.9760959790679125,-0.42355506560587,-1.1056215556760487,0.2188363016109133,-8.608809949883778e-05,0.7323713516023309,0.7239832110013328,-1.3255198956613505,0.12643504136786415,3.4691937212310844,9.860145962224152,-2.0046021781064236,-0.34392717927144767,-1.386846858261489,0.014113457216829772,0.04807118964736057,0.057328157875639496,0.10349933233764244,0.24191740948936727,0.006587032309167234,-0.051717206885474036,-0.025140368289754224,0.0,0.0,-1.9760959790679125,-0.42355506560587,-1.1056215556760487,0.006592415000000074,0.0191398360000008,0.010630192000000704,0.004880874999999563,0.010626365000000249,0.38105856900000035,0.1818433000000006,0.010659857000000272,0.01041524897933438,0.0400636592946384,6.390952240993068,34.206756462570056,0.008388140600998129,1,healthy,healthy_001
16.2,0.6028329133987427,1.3911581364044776,0.9027777777777778,0.20043609300000043,4.989121395416532,0.19684210526315787,0.0,0.7435897435897438,-1.9557457669307365,-0.457946824596802,-0.9621552505209154,0.18419617929933327,-0.00017166016460941347,0.730072522735484,0.7293951356994055,1.524599925137943,0.09725357459477615,2.4271827608788263,8.798007380352722,-1.9781948591562444,-0.43591973571692694,-1.1204218941320745,0.011961058727589347,0.04779559085905405,0.04660559091244937,0.09570776841777884,0.2664249641294145,0.004528606249254437,-0.04535544441101715,-0.016920444456950245,0.0,0.0,-1.9557457669307365,-0.457946824596802,-0.9621552505209154,0.006156321999998937,0.01901061899999945,0.006184436999998155,0.0042563260000001435,0.006164719000000929,0.17371806299999903,0.0057569300000004375,0.006207317999997741,0.012645925963824606,0.013517220854259882,6.370824619473895,21.35437184367681,0.0006773870360784473,1,healthy,healthy_001
16.400000000000002,0.597908079624176,1.38585621136999,0.8972222222222223,0.19957101199999983,5.010747753285938,0.21999999999999997,0.0,0.5897435897435899,-1.9322451313198494,-0.4870684747987447,-0.817674591402794,0.1715958544177419,-0.0001703846098774081,0.6824455811751349,0.6823512219285617,-0.0496015086878633,0.12873927805198127,2.2821550367839705,8.240054948776214,-1.9781948591562444,-0.43591973571692694,-1.1204218941320745,0.011961058727589347,0.04779559085905405,0.04660559091244937,0.09570776841777884,0.2664249641294145,0.004528606249254437,-0.04535544441101715,-0.016920444456950245,0.0,0.0,-1.9322451313198494,-0.4870684747987447,-0.817674591402794,0.006585310000001954,0.019115070000001566,0.0021706540000003827,0.004290259000001129,0.002098771000003552,0.3737180630000019,0.20575693000000328,0.0021035490000009816,0.048404145582258085,0.092701991431545,5.957899911992243,18.80508290472632,9.435924657319461e-05,1,healthy,healthy_001
16.6,0.5989227294921875,1.380726197676629,0.8944444444444445,0.2000707939999984,4.9982307762521705,0.20842105263157892,0.0,0.5897435897435899,-1.905795639821315,-0.5123693630554118,-0.7109092975711953,0.21807938127399873,-0.00012389961436988506,0.6303271748230254,0.6336788608800296,-0.07816995340828144,0.18236299254485241,3.914766665345971,9.41449683675845,-1.9328791877268519,-0.5144008129168103,-0.8321142359394826,0.014535441273206828,0.04156091297449893,0.04921863026059593,0.09062444237373662,0.28830765819259185,0.005212871141188977,-0.049333709403782136,-0.01101754852926772,0.004036683142753908,0.005902895927682524,-1.905795639821315,-0.5123693630554118,-0.7109092975711953,0.006514516000002857,0.01912464100000122,0.03206619000000188,0.004136177000003016,0.03205989200000303,0.19820770200000126,0.19822429800000307,0.03208730500000101,0.009658328642419806,0.04058358507943549,5.49973017141248,36.85555838754707,0.0033516860570041995,1,healthy,healthy_001
16.8,0.6098294854164124,1.3849907734683742,0.8916666666666667,0.2006176100000019,4.9846072834782085,0.20842105263157892,0.0,0.5384615384615385,-1.8712517019591155,-0.5386670591067356,-0.5926781878376258,0.2192348428079429,-0.00035269440710117284,0.5361284276492548,0.535509089007432,-0.02385708137856877,0.10197919352265586,4.326181617893438,9.005916990877527,-1.9328791877268519,-0.5144008129168103,-0.8321142359394826,0.014535441273206828,0.04156091297449893,0.04921863026059593,0.09062444237373662,0.28830765819259185,0.005212871141188977,-0.049333709403782136,-0.01101754852926772,0.0,0.0,-1.8712517019591155,-0.5386670591067356,-0.5926781878376258,0.005896906000000257,0.019162799000000064,0.02802423300000001,0.003637832999999091,0.028014253000002043,0.39820770200000055,0.19806605400000166,0.0280443659999996,0.010813790176363969,0.002333110812283712,4.679735372984089,38.96123253820854,0.0006193386418228419,1,healthy,healthy_001
17.0,0.6181879043579102,1.3803211338467734,0.8861111111111111,0.20074362400000112,4.981478266029483,0.21999999999999997,0.0,0.4871794871794873,-1.8339135428500437,-0.5610622723552238,-0.4872251665286601,0.21926090877088564,-0.00041541577136250396,0.4861236491202057,0.4851767737070827,-0.05848478979935458,0.1644655855482188,4.543900666417569,8.787440781413453,-1.8693652349660548,-0.5720992842803478,-0.5942425086807156,0.01645164417765388,0.032653936040342835,0.042228081066458624,0.08580871629962615,0.23787172725876704,0.004848713679023763,-0.054873967860485935,-0.012802335027135812,0.005552213470709549,0.0017847864978680923,-1.8339135428500437,-0.5610622723552238,-0.4872251665286601,0.005153281999998427,0.018939628999998348,0.023197927999998313,0.0031631129999993846,0.023156674999999183,0.18824642899999944,0.18827184399999908,0.02324286900000061,0.0007390912291143359,0.0010558380592815553,4.243540114995884,39.92925802276951,0.0009468754131230495,1,healthy,healthy_001
17.2,0.6437094211578369,1.3911763255326253,0.8833333333333333,0.19955351099999774,5.011187199808333,0.21999999999999997,0.0,0.435897435897436,-1.7941492413933464,-0.5797842781304052,-0.39087800425772207,0.20771879904760285,-0.00037456904209060005,0.4359666193989675,0.4345882322942671,-0.08815476378708983,0.09502899801621123,4.412557178355962,8.218707376481877,-1.8693652349660548,-0.5720992842803478,-0.5942425086807156,0.01645164417765388,0.032653936040342835,0.042228081066458624,0.08580871629962615,0.23787172725876704,0.004848713679023763,-0.054873967860485935,-0.012802335027135812,0.0,0.0,-1.7941492413933464,-0.5797842781304052,-0.39087800425772207,0.005599770999999976,0.019017261999998425,0.019295416999998594,0.003341300999998964,0.01925499900000105,0.3882464289999987,0.18824388699999872,0.019263969000000714,0.012281200952397126,6.91835015315112e-05,3.8061501981259154,36.2655162309022,0.0013783871047004514,1,healthy,healthy_001
17.400000000000002,0.6626803278923035,1.40315890887816,0.8916666666666667,0.2003275120000012,4.991825586093207,0.21999999999999997,0.0,0.38461538461538475,-1.75358433273339,-0.5945633085520775,-0.3072983966796823,0.20779429865104634,-0.00027059307927228965,0.3830915226607188,0.3777412868083321,-0.005116139464264969,0.07542509829941905,4.643740319494135,7.987850691419031,-1.8693652349660548,-0.5720992842803478,-0.5942425086807156,0.01645164417765388,0.032653936040342835,0.042228081066458624,0.08580871629962615,0.23787172725876704,0.004848713679023763,-0.054873967860485935,-0.012802335027135812,0.0,0.0,-1.75358433273339,-0.5945633085520775,-0.3072983966796823,0.005272259000001611,0.018973136000003166,0.015360925000003078,0.003279954000003471,0.015267256000001339,0.5882464290000016,0.18435470800000076,0.01528481200000087,0.01220570134895363,0.0015238619546659726,3.344110371924896,37.093504321841664,0.005350235852386698,1,healthy,healthy_001
17.6,0.6774716973304749,1.4287481027490951,0.8972222222222223,0.20084168800000057,4.979045983720258,0.21999999999999997,0.0,0.3333333333333335,-1.7104680793237357,-0.6064596098252479,-0.2269447648558694,0.21925583854958877,-0.00032892956531535567,0.4271090195083526,0.40183909409455354,-0.056129639932478194,0.07686301397878052,4.802618038124405,8.529200930476962,-1.7410492806006517,-0.6347938810578766,-0.3074341892350125,0.021514863960272468,0.02761885405089637,0.038462785845879914,0.14281315278993434,0.2868083194457031,0.012755363272839241,-0.04582383181743078,-0.003516052271410757,0.012017490178784774,0.009286282755725055,-1.7104680793237357,-0.6064596098252479,-0.2269447648558694,0.004430571000000327,0.018882616000002628,0.010633138000002873,0.002589159000002894,0.01062316000000152,0.1753112800000025,0.17520873600000186,0.010668933000001601,0.0007441614504112015,0.09377568617501914,3.7265828923525577,40.96249423949612,0.025269925413799077,1,healthy,healthy_001
17.8,0.6344044208526611,1.4460631196315472,0.9027777777777778,0.2005082939999987,4.9873248634792455,0.21999999999999997,0.0,0.23076923076923095,-1.66767522636052,-0.6148581668107911,-0.16274854536876254,0.20792704667301318,-0.0001783265376696791,0.2769945507424579,0.26814765490208503,2.0860625199875638,0.06294630977108129,5.107286312370456,7.524275323050401,-1.7410492806006517,-0.6347938810578766,-0.3074341892350125,0.021514863960272468,0.02761885405089637,0.038462785845879914,0.14281315278993434,0.2868083194457031,0.012755363272839241,-0.04582383181743078,-0.003516052271410757,0.0,0.0,-1.66767522636052,-0.6148581668107911,-0.16274854536876254,0.003922277000000918,0.01887173600000125,0.006068632000001628,0.0020706240000016862,0.00605612000000022,0.3753112800000018,0.17565705000000165,0.006100159999999022,0.012072953326986796,0.04622531997322693,2.416989010679945,38.4286283679221,0.008846895840372848,1,healthy,healthy_001
18.0,0.6016918420791626,1.4603730207536278,0.9111111111111111,0.19936485699999906,5.015929161477064,0.20842105263157892,0.0,0.23076923076923095,-1.6233252281192434,-0.6210924053865469,-0.11605325458684089,0.2195639025894015,-3.5183913610934564e-05,0.2304869964473178,0.23061932470484586,-0.06825177089257423,0.050931284299999435,5.660799881798521,7.672123210001104,-1.7410492806006517,-0.6347938810578766,-0.3074341892350125,0.021514863960272468,0.02761885405089637,0.038462785845879914,0.14281315278993434,0.2868083194457031,0.012755363272839241,-0.04582383181743078,-0.003516052271410757,0.0,0.0,-1.6233252281192434,-0.6210924053865469,-0.11605325458684089,0.0045574200000011444,0.018857021999998835,0.00209721399999907,0.002106239999999815,0.002089423000001034,0.5753112800000011,0.001748097000000115,0.002137110999999692,0.011142849957822581,0.0002822343219131551,2.0113233282025824,43.43035416031794,0.00013232825752806932,1,healthy,healthy_001
18.2,0.5609096884727478,1.4739912619314544,0.9111111111111111,0.20018888799999957,4.995282255626507,0.20842105263157892,0.0,0.23076923076923095,-1.587331412902443,-0.6246250485798437,-0.08008034939169553,0.21954586514239693,-4.921134269067137e-05,0.21618112410992427,0.22390125000986597,-0.08344452977763413,0.05490572492209788,5.723490156260696,7.6065888380236055,-1.7410492806006517,-0.6347938810578766,-0.3074341892350125,0.021514863960272468,0.02761885405089637,0.038462785845879914,0.14281315278993434,0.2868083194457031,0.012755363272839241,-0.04582383181743078,-0.003516052271410757,0.0,0.0,-1.587331412902443,-0.6246250485798437,-0.08008034939169553,0.004368532000000869,0.018909080000000245,0.03214605799999859,0.002342204999997932,0.03214012599999805,0.7753112800000004,0.2017480969999994,0.03216944899999774,0.01112481251081801,0.014588106659306682,1.8830986817629096,43.53623633715059,0.007720125899941699,1,healthy,healthy_001
18.400000000000002,0.5242756009101868,1.5016480462788815,0.9194444444444444,0.19969339800000085,5.007676818639721,0.20842105263157892,0.0,0.12820512820512842,-1.543767058941941,-0.6271688712770367,-0.03808676111903907,0.2196896733978309,-5.65029346796201e-05,0.17674323093112365,0.17774644196125514,-0.07363351951676812,0.05673146089340653,5.895416569952747,7.437567710740135,-1.5557368464924834,-0.6715728561709142,-0.05630196151149646,0.025059941010476372,0.020002430163365503,0.038172994000925796,0.1889269468484039,0.251132227723516,0.014319958529949186,-0.018435663623542195,0.017809391843159394,0.027432821862420593,0.02132544411457015,-1.543767058941941,-0.6271688712770367,-0.03808676111903907,0.004675134000002856,0.01875890800000235,0.02817956100000174,0.0018289040000034618,0.028176047000002313,0.19619902500000208,0.1961510840000038,0.028193431000001823,0.011268620766251985,0.048538102725995236,1.5421511407873876,43.84755992204291,0.0010032110301314845,1,healthy,healthy_001
18.6,0.5026860237121582,1.497597641655893,0.9166666666666666,0.20005916300000237,4.998521362403121,0.21999999999999997,0.0,0.12820512820512842,-1.5001079637383998,-0.6281821228466518,-0.010762476404180044,0.21980653248299642,-4.871133641779716e-05,0.11681173031155379,0.12156630243448754,-0.06418302309372752,0.013042011338085916,6.158354118776537,7.17525339840163,-1.5557368464924834,-0.6715728561709142,-0.05630196151149646,0.025059941010476372,0.020002430163365503,0.038172994000925796,0.1889269468484039,0.251132227723516,0.014319958529949186,-0.018435663623542195,0.017809391843159394,0.0,0.0,-1.5001079637383998,-0.6281821228466518,-0.010762476404180044,0.0046159709999997744,0.01884811500000083,0.024359476000000768,0.002305441000000741,0.024314067000002382,0.39619902500000137,0.19398430400000066,0.024324795000001842,0.0001934675170035538,0.01139339789357463,1.0168992796250924,44.18775131931202,0.004754572122933759,1,healthy,healthy_001
18.8,0.46895912289619446,1.5063475329767575,0.9166666666666666,0.20117955899999984,4.970683925199383,0.21999999999999997,0.0,0.12820512820512842,-1.4560367473207385,-0.628107811756618,0.015559172340948736,0.20814061174663434,-6.063840309715723e-05,0.1577315680780121,0.16494857526704348,-0.056982076005466786,0.06652532057799432,5.630139716811101,7.001727345073033,-1.5557368464924834,-0.6715728561709142,-0.05630196151149646,0.025059941010476372,0.020002430163365503,0.038172994000925796,0.1889269468484039,0.251132227723516,0.014319958529949186,-0.018435663623542195,0.017809391843159394,0.0,0.0,-1.4560367473207385,-0.628107811756618,0.015559172340948736,0.0034364119999992226,0.01883920999999944,0.019135479999999205,0.0011954719999991426,0.019126940999999675,0.5961990250000007,0.1895605069999995,0.019152104999999864,0.011859388253365633,0.029526439872883697,1.3715876282619321,39.420703211778026,0.007217007189031371,1,healthy,healthy_001
19.0,0.4355432093143463,1.50582331292557,0.9166666666666666,0.20016960299999909,4.995763517600644,0.21999999999999997,0.0,0.12820512820512842,-1.411627117747789,-0.6267430838253484,0.04659298162078753,0.21970328992704494,-7.2356508564601e-05,0.17298104981946535,0.15978012247900888,-0.04660312457295385,0.04398740823437537,5.912324674915901,7.421069922720699,-1.5557368464924834,-0.6715728561709142,-0.05630196151149646,0.025059941010476372,0.020002430163365503,0.038172994000925796,0.1889269468484039,0.251132227723516,0.014319958529949186,-0.018435663623542195,0.017809391843159394,0.0,0.0,-1.411627117747789,-0.6267430838253484,0.04659298162078753,0.0032668089999994265,0.018637920999999835,0.015366577000001769,0.0012145180000011635,0.015053454000000244,0.796199025,0.18499467699999883,0.01506305299999866,0.0002967100729550365,0.04477592161433694,1.5087452478047982,43.87577481837783,0.01320092734045647,1,healthy,healthy_001
19.200000000000003,0.4181957244873047,1.4930594931684138,0.9083333333333333,0.20012864799999974,4.996785867458622,0.21999999999999997,0.0,0.07692307692307715,-1.3680301758539395,-0.6241095008305244,0.07314967841937679,0.20819000792386957,-5.3857494143742454e-05,0.12222781068509429,0.10666790718794233,0.061640644705972976,0.030873308527011555,5.78259415643625,6.848567590471797,-1.5557368464924834,-0.6715728561709142,-0.05630196151149646,0.025059941010476372,0.020002430163365503,0.038172994000925796,0.1889269468484039,0.251132227723516,0.014319958529949186,-0.018435663623542195,0.017809391843159394,0.0,0.0,-1.3680301758539395,-0.6241095008305244,0.07314967841937679,0.003138161000002526,0.018397786000001304,0.010953013000001732,0.001033103000004587,0.010944891000001178,0.9961990250000028,0.18084535000000201,0.010986748000004098,0.011809992076130399,0.045304733762017144,1.0659734340355467,39.602486928620905,0.015559903497151958,1,healthy,healthy_001
19.400000000000002,0.39396798610687256,1.512342201227822,0.9111111111111111,0.19999767999999918,5.000058000672828,0.21999999999999997,0.0,-0.02564102564102541,-1.3233249225508095,-0.6204589562660102,0.0892905050991872,0.21989628644221615,-4.025527019882805e-05,0.07428525220867632,0.05835836413373474,-0.026630726455050827,-0.020699712502867597,6.342506753156436,6.9909182260415665,-1.5557368464924834,-0.6715728561709142,-0.05630196151149646,0.025059941010476372,0.020002430163365503,0.038172994000925796,0.1889269468484039,0.251132227723516,0.014319958529949186,-0.018435663623542195,0.017809391843159394,0.0,0.0,-1.3233249225508095,-0.6204589562660102,0.0892905050991872,0.0031404810000026373,0.01868960000000186,0.0071603090000031955,0.0010849530000029972,0.007151432000000568,1.196199025000002,0.17669353000000143,0.007183711000003257,0.0001037135577838244,0.09992627784970173,0.6484114728851305,44.339946059433046,0.01592688807494158,1,healthy,healthy_001
19.6,0.3735141158103943,1.5169233296598708,0.9138888888888889,0.20092964599999874,4.9768663803847355,0.20842105263157892,0.0,-0.02564102564102541,-1.278605005736079,-0.6164161876261858,0.09260537664925166,0.2199127768300291,-4.0096425519359213e-05,0.06351739483945448,0.05946786919331879,-1.7126978001199666,0.007749197338566546,6.391032381824243,6.942618762990293,-1.2959647003614363,-0.663323964303602,0.1191729459623581,0.026905841274434295,0.018985456613108576,0.04417122209729746,0.2599030821721219,0.17547490747385455,0.007662325125800934,-0.003809345423532054,0.029781571997558667,0.0,0.0,-1.278605005736079,-0.6164161876261858,0.09260537664925166,0.0022108350000031862,0.018579657000000083,0.00223482100000183,0.0002276190000003453,0.0021738410000011754,0.16907657500000184,0.0013584240000028558,0.002262256000001628,0.011491724198450182,0.0891584204804799,0.5515863811660493,44.37050132893153,0.004049525646135692,1,healthy,healthy_001
19.8,0.35848546028137207,1.5195882277437514,0.9055555555555556,0.20087635100000156,4.978186805075886,0.20842105263157892,0.0,-0.02564102564102541,-1.2425104141644399,-0.6130635410087764,0.09052846168067029,0.22008231831341785,6.972653777383847e-06,-0.03142607367172667,-0.029389783560565808,-0.043384778561398246,-0.0024087219006302726,6.804585881399592,6.529375519607674,-1.2959647003614363,-0.663323964303602,0.1191729459623581,0.026905841274434295,0.018985456613108576,0.04417122209729746,0.2599030821721219,0.17547490747385455,0.007662325125800934,-0.003809345423532054,0.029781571997558667,0.0,0.0,-1.2425104141644399,-0.6130635410087764,0.09052846168067029,0.0013344840000009128,0.01838744200000164,0.03158087299999934,0.00386946100000074,0.031574639000002236,0.36907657500000113,0.20135842400000215,0.03159721400000137,0.011661265681838923,0.005785048030701262,0.2752103617919177,44.4296964750785,0.002036290111160865,1,healthy,healthy_001
20.0,0.3349590301513672,1.5295100972889373,0.8944444444444445,0.2010773169999993,4.9732113742098685,0.20842105263157892,0.0,-0.02564102564102541,-1.1989368324637664,-0.6092502038355053,0.08397005923927142,0.2200637035223365,7.586390626181105e-06,-0.030711322919527235,-0.02939277522084463,-0.05520243345249893,-0.008962160006877194,6.801112885816145,6.532254903256485,-1.2959647003614363,-0.663323964303602,0.1191729459623581,0.026905841274434295,0.018985456613108576,0.04417122209729746,0.2599030821721219,0.17547490747385455,0.007662325125800934,-0.003809345423532054,0.029781571997558667,0.0,0.0,-1.1989368324637664,-0.6092502038355053,0.08397005923927142,0.00025716700000089077,0.01838632899999837,0.026788572000000954,0.003471771000000956,0.02672582199999951,0.5690765750000004,0.19692281300000047,0.026737496999999166,0.011642650890757583,0.005070297278501824,0.26885798255966,44.42660299597337,0.0013185476986826046,1,healthy,healthy_001
20.200000000000003,0.35222944617271423,1.5345255732536316,0.8944444444444445,0.19952524900000057,5.011897015600252,0.21999999999999997,0.0,-0.02564102564102541,-1.1568871545933421,-0.6058369139407607,0.07785125321779891,0.19693177542091406,1.2526582146323018e-06,-0.028864557428871403,-0.028113476783523675,-0.04150259293459152,-0.004438195284538357,6.09134880011681,5.839034675655997,-1.2959647003614363,-0.663323964303602,0.1191729459623581,0.026905841274434295,0.018985456613108576,0.04417122209729746,0.2599030821721219,0.17547490747385455,0.007662325125800934,-0.003809345423532054,0.029781571997558667,0.0,0.0,-1.1568871545933421,-0.6058369139407607,0.07785125321779891,0.0007319180000031622,0.018683300000002845,0.022682081000002796,0.0035742460000030007,0.02262934000000172,0.7690765750000033,0.19231297500000366,0.02263425600000346,0.023068224579085916,0.0032235317878459915,0.25231412446081336,35.567596865397604,0.0007510806453477278,1,healthy,healthy_001
20.400000000000002,0.3314031660556793,1.5504018234501005,0.8916666666666667,0.2005998790000021,4.9850478723369,0.21999999999999997,0.0,-0.02564102564102541,-1.1136776854417543,-0.6025906781431563,0.07210436242488497,0.20849809403770767,-1.2759558654269754e-06,-0.02748776370657054,-0.027447903314031494,-0.03967131501476755,0.0018012378959882808,6.436075026062504,6.196082927750849,-1.2959647003614363,-0.663323964303602,0.1191729459623581,0.026905841274434295,0.018985456613108576,0.04417122209729746,0.2599030821721219,0.17547490747385455,0.007662325125800934,-0.003809345423532054,0.029781571997558667,0.0,0.0,-1.1136776854417543,-0.6025906781431563,0.07210436242488497,0.00013203900000036128,0.018485527000002833,0.01817683800000225,0.0028012150000016334,0.018173101000002134,0.9690765750000025,0.18745398200000096,0.018190617000001907,0.011501905962292308,0.001846738065545129,0.2399920983116548,39.87845459070948,3.986039253904561e-05,1,healthy,healthy_001
20.6,0.3314031660556793,1.5504018234501005,0.8916666666666667,0.2005998790000021,4.9850478723369,0.21999999999999997,0.0,-0.02564102564102541,-1.0704405116429194,-0.5995848517355873,0.06665136502644323,0.20849152543497182,3.4292467978157964e-06,-0.02681266855098731,-0.026108670847001546,-0.034416830660375694,0.02537349653218153,6.43245666502824,6.198498595706253,-1.2959647003614363,-0.663323964303602,0.1191729459623581,0.026905841274434295,0.018985456613108576,0.04417122209729746,0.2599030821721219,0.17547490747385455,0.007662325125800934,-0.003809345423532054,0.029781571997558667,0.0,0.0,-1.0704405116429194,-0.5995848517355873,0.06665136502644323,0.20013203899999965,0.01851645900000065,0.01417305300000038,0.002902110000000846,0.014102703000002492,1.1690765750000018,0.18374146600000074,0.014185515000001203,0.011508474565028154,0.001171642909961898,0.2339580693219867,39.87157360511887,0.0007039977039857634,1,healthy,healthy_001
20.8,0.3446386456489563,1.5955848047210845,0.9,0.20063559399999775,4.984160487495609,0.19684210526315787,0.0,-0.02564102564102541,-1.0267954461544726,-0.5967838703065343,0.06140420323932615,0.20849198855956008,3.3332583953635947e-06,-0.02642353884434104,-0.02590382339180589,-0.6928174655294019,0.019824851510754155,6.430772165190919,6.200276914207673,-1.0344874053446729,-0.6397185299146287,0.07739987902427563,0.028149560161891962,0.021609334931322,0.04650247814751721,0.2625406489326475,0.04177306693808247,0.02641751858599112,-0.028524790588254804,0.01108266934506058,0.03102596511664992,0.018698902652498087,-1.0267954461544726,-0.5967838703065343,0.06140420323932615,0.1994964450000012,0.018515657000001795,0.009250336000000914,0.002502265000000392,0.009194517000000957,0.17679638899999972,0.17668790800000167,0.009201405999998968,0.011649883296402208,0.0007825132033156303,0.23049525098324608,39.87256819636254,0.0005197154525351522,1,healthy,healthy_001
21.0,0.3373366892337799,1.6398950554544407,0.9083333333333333,0.20003248400000118,4.999188031879832,0.20842105263157892,0.0,-0.02564102564102541,-0.9843281912743403,-0.5942830013759028,0.056300881668462775,0.22008340575307048,-2.3494900063675273e-07,-0.0261300109945966,-0.02538399894403235,-2.0301171195525,0.011852459371943099,6.780885226930206,6.5529956934124245,-1.0344874053446729,-0.6397185299146287,0.07739987902427563,0.028149560161891962,0.021609334931322,0.04650247814751721,0.2625406489326475,0.04177306693808247,0.02641751858599112,-0.028524790588254804,0.01108266934506058,0.0,0.0,-0.9843281912743403,-0.5942830013759028,0.056300881668462775,0.1994639609999993,0.018174883000000364,0.005205926999998667,0.002273292000001703,0.005202142000001686,0.376796388999999,0.17502837299999996,0.005211222999999876,0.011662353121491553,0.0004889853535711905,0.2278895335177813,44.43511168959757,0.0007460120505642515,1,healthy,healthy_001
21.200000000000003,0.3482070863246918,1.6745219189359482,0.9222222222222223,0.2007327409999995,4.981748343684514,0.20842105263157892,0.0,-0.02564102564102541,-0.9406578899351887,-0.5919309966187051,0.05130166677983874,0.22004760494666847,4.106068866516904e-06,-0.025883348921666195,-0.025811698137302067,-0.06177004708412869,0.0004267637177983877,6.779153796349019,6.553444205266261,-1.0344874053446729,-0.6397185299146287,0.07739987902427563,0.028149560161891962,0.021609334931322,0.04650247814751721,0.2625406489326475,0.04177306693808247,0.02641751858599112,-0.028524790588254804,0.01108266934506058,0.0,0.0,-0.9406578899351887,-0.5919309966187051,0.05130166677983874,0.19873122000000265,0.018176780000004555,0.001113848000002804,0.0018885970000042107,0.0011046380000045986,0.5767963890000019,0.17049021300000433,0.0011310800000039478,0.01162655231508955,0.00024232328064078407,0.225709591082758,44.42680616329225,7.16507843641287e-05,1,healthy,healthy_001
21.400000000000002,0.3508796691894531,1.7079362404880238,0.9305555555555556,0.19961146600000035,5.009732256562848,0.21999999999999997,0.0,-0.02564102564102541,-0.9060003868354093,-0.5902205386722507,0.04723332752807445,0.196924797822106,5.0612415160595364e-06,-0.02453677171073479,-0.02541823009158829,-0.046530599420353785,-0.004008029893777432,6.071991313296641,5.858333678121243,-1.0344874053446729,-0.6397185299146287,0.07739987902427563,0.028149560161891962,0.021609334931322,0.04650247814751721,0.2625406489326475,0.04177306693808247,0.02641751858599112,-0.028524790588254804,0.01108266934506058,0.0,0.0,-0.9060003868354093,-0.5902205386722507,0.04723332752807445,0.1991197540000016,0.018440208000001235,0.03141587300000381,0.0019347640000013655,0.03139484900000156,0.7767963890000011,0.1667057490000019,0.03139883300000079,0.023075202177893966,0.0011042539302906218,0.21365763517539804,35.57175120394535,0.0008814583808534997,1,healthy,healthy_001
21.6,0.3706440329551697,1.739144929042503,0.9305555555555556,0.20041485399999814,4.989650118448852,0.21999999999999997,0.0,-0.02564102564102541,-0.862716188577095,-0.5882812343604005,0.04233883075250027,0.2084987395015805,-1.935533199501696e-06,-0.02436670091012233,-0.025322351949737355,-0.07567129082548527,0.01534094852104628,6.4221472949411185,6.209982483834675,-1.0344874053446729,-0.6397185299146287,0.07739987902427563,0.028149560161891962,0.021609334931322,0.04650247814751721,0.2625406489326475,0.04177306693808247,0.02641751858599112,-0.028524790588254804,0.01108266934506058,0.0,0.0,-0.862716188577095,-0.5882812343604005,0.04233883075250027,0.19870490000000274,0.018015279000000106,0.026166861000000097,0.0011544100000016044,0.02596509700000027,0.9767963890000004,0.19641905699999995,0.026192778000002193,0.011501260498419486,0.0012743247309030814,0.2121648111064438,39.881422210190586,0.0009556510396150249,1,healthy,healthy_001
21.8,0.3805198073387146,1.764077377566219,0.9388888888888889,0.2002426590000006,4.993940876504227,0.21999999999999997,0.0,-0.02564102564102541,-0.8190188180566278,-0.5865359010834494,0.03747126601638331,0.20848994110441432,-3.5602696501864026e-06,-0.024270092077214183,-0.024974822168818325,-0.07476221780748281,-0.022789269883530708,6.421750780629278,6.2104208831072105,-1.0344874053446729,-0.6397185299146287,0.07739987902427563,0.028149560161891962,0.021609334931322,0.04650247814751721,0.2625406489326475,0.04177306693808247,0.02641751858599112,-0.028524790588254804,0.01108266934506058,0.0,0.0,-0.8190188180566278,-0.5865359010834494,0.03747126601638331,0.19846224100000143,0.018266096000001397,0.022331507000000528,0.0012636030000017229,0.022277553000002115,1.1767963889999997,0.1920747260000013,0.02228523500000179,0.011510058895585651,0.0013709335638112281,0.21132989752206743,39.881775154130096,0.0007047300916041416,1,healthy,healthy_001
22.0,0.39193201065063477,1.8032576497372663,0.9527777777777777,0.20013934099999986,4.99651890029957,0.21999999999999997,0.0,-0.02564102564102541,-0.7753143759096836,-0.5850035616895235,0.032613416816924416,0.20849811654199663,1.6722052812116056e-06,-0.02422831331819568,-0.02481779015529761,-0.048749887559504,-0.01150768698544588,6.421565720924784,6.210577354824455,-0.7810219830999403,-0.6034575780125018,0.043844819664241926,0.03266002690919556,0.01987697789803433,0.05893804700740472,0.25604604450479007,0.0335550593600337,0.02914452116393023,-0.011455333381618396,0.006946776932334203,0.01728591659094993,0.004135892412726378,-0.7753143759096836,-0.5850035616895235,0.032613416816924416,0.19832290000000086,0.017883922999999413,0.0178742430000014,0.0009947070000002611,0.017865818000000644,0.18525508400000135,0.18526753100000093,0.017911946000001677,0.011501883458003348,0.0014127123228297317,0.21098836610032912,39.88163064889244,0.0005894768371019314,1,healthy,healthy_001
22.200000000000003,0.419917494058609,1.8189973480459574,0.9583333333333334,0.20010364500000222,4.997410217090193,0.20842105263157892,0.0,-0.02564102564102541,-0.7308354121184261,-0.5836624832989623,0.027585644841045403,0.2200851966210654,-4.664069255762293e-06,-0.02597300367663942,-0.02415876187669502,-0.08598872279948658,0.003159239208022909,6.780269962395767,6.553597799376652,-0.7810219830999403,-0.6034575780125018,0.043844819664241926,0.03266002690919556,0.01987697789803433,0.05893804700740472,0.25604604450479007,0.0335550593600337,0.02914452116393023,-0.011455333381618396,0.006946776932334203,0.0,0.0,-0.7308354121184261,-0.5836624832989623,0.027585644841045403,0.19821925500000148,0.018173147000002388,0.01362052100000355,0.00010077200000324638,0.013611936000003766,0.3852550840000042,0.1838373250000025,0.0136358850000029,0.01166414398948648,0.0003319780356140084,0.2266721630191153,44.435162304736515,0.0018142417999444,1,healthy,healthy_001
22.400000000000002,0.4517427384853363,1.833090010760487,0.9583333333333334,0.20070631299999775,4.9824043153042785,0.20842105263157892,0.0,-0.02564102564102541,-0.6871186027808229,-0.5825618910665566,0.02274269766232465,0.22005099143029974,-3.7226914084160373e-06,-0.025171722044851172,-0.024178928387976955,-0.23759354112714554,-0.004656312371051313,6.7759758653459645,6.5564736248040605,-0.7810219830999403,-0.6034575780125018,0.043844819664241926,0.03266002690919556,0.01987697789803433,0.05893804700740472,0.25604604450479007,0.0335550593600337,0.02914452116393023,-0.011455333381618396,0.006946776932334203,0.0,0.0,-0.6871186027808229,-0.5825618910665566,0.02274269766232465,0.19751294200000302,0.018052404000002298,0.00901396900000151,0.00014397000000343496,0.009005965000003613,0.5852550840000035,0.17874370100000192,0.009035679000003682,0.011629938798720818,0.0004693035961742392,0.21950224054190404,44.42650704344969,0.000992793656874217,1,healthy,healthy_001
22.6,0.4644571542739868,1.8636507408862764,0.9777777777777777,0.2001999750000003,4.995005618756938,0.20842105263157892,0.0,-0.02564102564102541,-0.6433954928817306,-0.5816728041916082,0.017901311438002682,0.22008437750396656,8.310766175341142e-07,-0.02514153229161411,-0.024250891209153396,-2.2788123783145604,-0.02529544114287507,6.77655709594729,6.557297489975796,-0.7810219830999403,-0.6034575780125018,0.043844819664241926,0.03266002690919556,0.01987697789803433,0.05893804700740472,0.25604604450479007,0.0335550593600337,0.02914452116393023,-0.011455333381618396,0.006946776932334203,0.0,0.0,-0.6433954928817306,-0.5816728041916082,0.017901311438002682,0.197312967000002,0.018211560000001015,0.004915326000002551,9.588700000051631e-05,0.004910626000000917,0.7852550840000028,0.17511417500000093,0.004951231999999806,0.011663324872387637,0.0004994933494113021,0.21925960597149352,44.435900835932834,0.0008906410824607129,1,healthy,healthy_001
22.8,0.48042476177215576,1.8959596753959924,0.9861111111111112,0.19964807899999926,5.008813533337347,0.21999999999999997,0.0,-0.02564102564102541,-0.5996691197203461,-0.5809968772839574,0.01302601031354728,0.22005084611649559,4.340861676536793e-06,-0.025127774594169174,-0.024860138184986412,-0.0920706301334911,-0.02752332503126404,6.776020272956667,6.556848131094323,-0.7810219830999403,-0.6034575780125018,0.043844819664241926,0.03266002690919556,0.01987697789803433,0.05893804700740472,0.25604604450479007,0.0335550593600337,0.02914452116393023,-0.011455333381618396,0.006946776932334203,0.0,0.0,-0.5996691197203461,-0.5809968772839574,0.01302601031354728,0.19766488800000204,0.018020574000001233,0.0010013159999999743,0.00019603400000178794,0.0009888280000005523,0.9852550840000021,0.17086231700000098,0.001036192000000824,5.084611649561199e-05,0.0005132510468562369,0.21917214186234357,44.42933586299317,0.00026763640918276224,1,healthy,healthy_001
23.0,0.5126029253005981,1.8924016626787856,0.9861111111111112,0.2007299720000013,4.981817065166498,0.21999999999999997,0.0,-0.02564102564102541,-0.5630240660579805,-0.5805962997191307,0.008815587671416117,0.2085082373394852,-2.8487109872076498e-06,-0.02423930403348637,-0.024829928582143335,-0.08154188313966144,0.0019906704937001944,6.421513321487593,6.2102785576429955,-0.7810219830999403,-0.6034575780125018,0.043844819664241926,0.03266002690919556,0.01987697789803433,0.05893804700740472,0.25604604450479007,0.0335550593600337,0.02914452116393023,-0.011455333381618396,0.006946776932334203,0.0,0.0,-0.5630240660579805,-0.5805962997191307,0.008815587671416117,0.19693491600000002,0.018244841000001344,0.030774063999999157,0.00389424899999824,0.030767683000000545,1.1852550840000013,0.16688773899999987,0.030790098000000654,0.01149176266051477,0.0014017216075390415,0.2112347638445975,39.87938648805325,0.000590624548656965,1,healthy,healthy_001
23.200000000000003,0.5443134307861328,1.9195507826591407,0.9916666666666667,0.20051680399999938,4.987113199749598,0.21999999999999997,0.0,-0.02564102564102541,-0.5192937482695752,-0.5803169448307246,0.003925130883173618,0.20849358415534866,-4.340369234957634e-06,-0.024296765569129682,-0.02487894988001553,-0.06746128986906462,0.012575478076568707,6.421951789649753,6.210173468116083,-0.5253141157099978,-0.5977843974141835,0.011282117348443704,0.03168714190448252,0.018674731426855107,0.05008347162062445,0.2557707927485341,0.03256270231579822,0.02896079907406673,-0.015423621825470243,0.0032817950335862437,0.00397253910992855,0.003664981898747959,-0.5192937482695752,-0.5803169448307246,0.003925130883173618,0.19641811200000348,0.018314800000002407,0.025826967000003975,0.003961780000004467,0.025795255000002015,0.19352117800000457,0.19353661400000277,0.025801985000001082,0.011506415844651313,0.0013442600718957289,0.2117783215336697,39.88143461760349,0.0005821843108858478,1,healthy,healthy_001
23.400000000000002,0.5748263597488403,1.9146278911795696,0.9944444444444445,0.2005698460000005,4.985794325234699,0.21999999999999997,0.0,-0.02564102564102541,-0.475562117255363,-0.5802525298511476,-0.0010118055409069565,0.2084890266880209,-2.4396069307276215e-06,-0.0244801043851403,-0.024937946641009557,-0.03967522022277878,-0.0023821681821952615,6.422791387915208,6.209337423405122,-0.5253141157099978,-0.5977843974141835,0.011282117348443704,0.03168714190448252,0.018674731426855107,0.05008347162062445,0.2557707927485341,0.03256270231579822,0.02896079907406673,-0.015423621825470243,0.0032817950335862437,0.0,0.0,-0.475562117255363,-0.5802525298511476,-0.0010118055409069565,0.19584826600000227,0.01811700200000388,0.021365350000003502,0.0033762560000027975,0.02135679600000273,0.39352117800000386,0.19167787400000336,0.02138977100000261,0.011510973311979061,0.0011609212558851105,0.21345396451008547,39.88127892770603,0.0004578422558692563,1,healthy,healthy_001
23.6,0.5781090259552002,1.919983266621911,0.9972222222222222,0.200016269999999,4.999593283086446,0.20842105263157892,0.0,-0.02564102564102541,-0.43106330268963805,-0.5804093044833238,-0.006057678433439044,0.22005999645692884,-1.7023096551371623e-06,-0.02526340279761819,-0.0243766218578204,-0.04720344587898167,-0.0301940708258832,6.7766238088943656,6.556109969592072,-0.5253141157099978,-0.5977843974141835,0.011282117348443704,0.03168714190448252,0.018674731426855107,0.05008347162062445,0.2557707927485341,0.03256270231579822,0.02896079907406673,-0.015423621825470243,0.0032817950335862437,0.0,0.0,-0.43106330268963805,-0.5804093044833238,-0.006057678433439044,0.19583199600000256,0.01812991500000294,0.017175507000001033,0.003173198000002486,0.017171877000002667,0.5935211780000031,0.1865489189999998,0.017180318000001193,0.011638943825349912,0.00037762284340722013,0.22051383930229385,44.42829091366735,0.0008867809397977919,1,healthy,healthy_001
23.8,0.5555981993675232,1.9276461222105556,1.0,0.20050528100000164,4.987399808187555,0.20842105263157892,0.0,0.0,-0.3873329803761232,-0.5807841893337378,-0.011060429275654034,0.22005280981439268,-1.7616399431924848e-06,-0.024970858859414836,-0.019842715858779017,-0.13585067166123424,-0.003859831402173106,6.775151148897851,6.557234753120695,-0.5253141157099978,-0.5977843974141835,0.011282117348443704,0.03168714190448252,0.018674731426855107,0.05008347162062445,0.2557707927485341,0.03256270231579822,0.02896079907406673,-0.015423621825470243,0.0032817950335862437,0.0,0.0,-0.3873329803761232,-0.5807841893337378,-0.011060429275654034,0.1953267150000002,0.018039544000000518,0.012657079000000238,0.0019572500000002435,0.01251425399999917,0.7935211780000024,0.18267380700000047,0.012606251000001123,0.011631757182813757,0.024970858859414836,0.2179163957771557,44.42625657119859,0.0051281430006358195,1,healthy,healthy_001
24.0,0.5195196270942688,1.924558184378677,1.0,0.20104714400000034,4.97395774992953,0.20842105263157892,0.0,0.0,-0.34361138192041907,-0.5813002121628519,-0.011882006413925669,0.2200297173109736,-1.3908718972586737e-05,0.00045911270519949913,0.000713454348768799,-1.198806888443241,-0.01820430923477642,6.66488988862146,6.66891888535532,-0.5253141157099978,-0.5977843974141835,0.011282117348443704,0.03168714190448252,0.018674731426855107,0.05008347162062445,0.2557707927485341,0.03256270231579822,0.02896079907406673,-0.015423621825470243,0.0032817950335862437,0.0,0.0,-0.34361138192041907,-0.5813002121628519,-0.011882006413925669,0.19427957099999915,0.017883527999998705,0.008139144000001153,0.002164308000001114,0.00812982000000062,0.9935211780000017,0.17772484199999994,0.008159569000000033,0.01160866467939467,0.00045911270519949913,0.004028996733860701,44.44761004704137,0.00025434164356929984,1,healthy,healthy_001
24.200000000000003,0.5050356388092041,1.926581397652626,1.0,0.1997414820000003,5.006471314756734,0.20842105263157892,0.0,0.0,-0.299892612995431,-0.5818145813206443,-0.011665821602313413,0.22003348891283925,-1.4558410849989899e-05,0.0005146277695283599,0.0007519229994430976,-1.7472191430792827,0.00045732328131184354,6.6644998400713815,6.66902951553996,-0.5253141157099978,-0.5977843974141835,0.011282117348443704,0.03168714190448252,0.018674731426855107,0.05008347162062445,0.2557707927485341,0.03256270231579822,0.02896079907406673,-0.015423621825470243,0.0032817950335862437,0.0,0.0,-0.299892612995431,-0.5818145813206443,-0.011665821602313413,0.1945380890000017,0.017997928000003327,0.004404507000003832,0.00218027400000409,0.004359259000004556,1.1935211780000046,0.17383227100000198,0.0043687020000042764,0.011612436281260324,0.0005146277695283599,0.004529675468578631,44.445746139747385,0.00023729522991473774,1,healthy,healthy_001
24.400000000000002,0.46603071689605713,1.914390052523878,1.0,0.2004329649999974,4.989199256719138,0.21999999999999997,0.0,0.0,-0.2585113557897124,-0.5822937728399276,-0.011510208147059118,0.19686487392012253,-1.1750535872624528e-05,0.0004021045652718384,0.0007626509475675423,-0.043045586155049304,-0.02428428147736627,5.963398350090318,5.966918564845304,-0.27586214447954854,-0.5920013688583832,-0.017205358385189506,0.03242360950375353,0.02562174855676924,0.056956599413935875,0.2495189960103921,0.028487475733633208,0.025418443429906953,-0.011828171106728128,-0.005547934625701177,0.00504733091649575,0.008829729659287421,-0.2585113557897124,-0.5822937728399276,-0.011510208147059118,0.19410512400000357,0.017813435000000766,0.00017955600000263416,0.002017616000003386,0.00017178300000253444,0.16480821500000076,0.16475406900000067,0.000198417000003559,0.023135126079877444,0.0004021045652718384,0.003520214754985318,35.583112324721775,0.00036054638229570383,1,healthy,healthy_001
24.6,0.43049338459968567,1.9071863360702992,1.0,0.1996026980000032,5.009952320383886,0.21999999999999997,0.0,0.0,-0.2218921677719766,-0.5827144028618247,-0.011428493183985457,0.2084629798618644,-7.0446716418965e-06,0.0003790229018529552,0.00014985394297702058,-0.06697298850070138,-0.004719083746079221,6.314373625741354,6.317687011786607,-0.27586214447954854,-0.5920013688583832,-0.017205358385189506,0.03242360950375353,0.02562174855676924,0.056956599413935875,0.2495189960103921,0.028487475733633208,0.025418443429906953,-0.011828171106728128,-0.005547934625701177,0.0,0.0,-0.2218921677719766,-0.5827144028618247,-0.011428493183985457,0.19450242599999967,0.018045989000000873,0.029101106000002375,0.0009326390000019558,0.029094965000002304,0.36480821500000005,0.16536201500000303,0.02911707600000213,0.011537020138135567,0.0003790229018529552,0.0033133860452529973,39.89223624291405,0.0002291689588759346,1,healthy,healthy_001
24.8,0.4069370925426483,1.90023151114583,1.0,0.20119527199999965,4.97029572345021,0.19684210526315787,0.0,0.0,-0.17817405790169955,-0.5832129596996705,-0.01137291900218556,0.20845795641595777,-1.160161800826346e-05,0.00022209472954138598,0.00010328043412069165,-0.06300892437708223,-0.028447313421956062,6.3149613987462745,6.3168635724159055,-0.27586214447954854,-0.5920013688583832,-0.017205358385189506,0.03242360950375353,0.02562174855676924,0.056956599413935875,0.2495189960103921,0.028487475733633208,0.025418443429906953,-0.011828171106728128,-0.005547934625701177,0.0,0.0,-0.17817405790169955,-0.5832129596996705,-0.01137291900218556,0.19330715399999931,0.017663906999999313,0.025109714999999255,0.0009570140000008109,0.025101878000000966,0.5648082149999993,0.16100435899999965,0.025127893000000512,0.011615851152799894,0.00022209472954138598,0.0019021736696309688,39.89074962095293,0.00011881429542069433,1,healthy,healthy_001
25.0,0.4102877676486969,1.9084535809854666,1.0,0.199822803,5.004433853327541,0.20842105263157892,0.0,0.0,-0.13604284439039405,-0.5836914957976048,-0.011352465455639385,0.22002662341691123,-1.0263313469128198e-05,6.540125597693466e-05,0.00025827256386217975,-0.05145648584458873,-0.0018065175404994435,6.66665455888264,6.667151806335067,-0.27586214447954854,-0.5920013688583832,-0.017205358385189506,0.03242360950375353,0.02562174855676924,0.056956599413935875,0.2495189960103921,0.028487475733633208,0.025418443429906953,-0.011828171106728128,-0.005547934625701177,0.0,0.0,-0.13604284439039405,-0.5836914957976048,-0.011352465455639385,0.1934843509999986,0.017892159999998825,0.02119089299999999,0.0014959370000013905,0.02118715800000004,0.7648082149999986,0.19062623499999987,0.02122217399999826,0.011605570785332309,6.540125597693466e-05,0.0004972474524267412,44.4475979844663,0.00019287130788524508,1,healthy,healthy_001
25.200000000000003,0.38610514998435974,1.9032875245643988,1.0,0.20061965899999734,4.984556373909564,0.20842105263157892,0.0,0.0,-0.09232478269914918,-0.5841878872937882,-0.011356996735408376,0.2199869338304391,-7.45861223086855e-06,-1.3468623623628063e-05,-0.0002677887813135693,-0.05275196151067877,-0.006481689126094669,6.666293677974592,6.666076795633796,-0.27586214447954854,-0.5920013688583832,-0.017205358385189506,0.03242360950375353,0.02562174855676924,0.056956599413935875,0.2495189960103921,0.028487475733633208,0.025418443429906953,-0.011828171106728128,-0.005547934625701177,0.0,0.0,-0.09232478269914918,-0.5841878872937882,-0.011356996735408376,0.1928646920000041,0.017763527000003165,0.01737385300000227,0.001112342000002542,0.017298801000002584,0.9648082150000015,0.18652777300000167,0.017340517000004496,0.011565881198860178,1.3468623623628063e-05,0.00021688234079597635,44.4380255996267,0.0002543201576899413,1,healthy,healthy_001
25.400000000000002,0.38791733980178833,1.918134507536888,1.0,0.1995475020000015,5.011338102343133,0.20842105263157892,0.0,0.0,-0.048606880297227074,-0.5846853914407096,-0.011378301232049198,0.2200197407697028,-8.852592546408373e-06,0.00013306105725765865,-0.00017989601331341225,-0.12436748607038889,0.01003393831819568,6.666369373805587,6.667470324281061,-0.27586214447954854,-0.5920013688583832,-0.017205358385189506,0.03242360950375353,0.02562174855676924,0.056956599413935875,0.2495189960103921,0.028487475733633208,0.025418443429906953,-0.011828171106728128,-0.005547934625701177,0.0,0.0,-0.048606880297227074,-0.5846853914407096,-0.011378301232049198,0.19331719000000191,0.01778613200000123,0.012242163000003359,8.315300000205639e-05,0.012230980000001779,1.1648082150000008,0.18264315000000053,0.012275964000000528,0.01159868813812387,0.00013306105725765865,0.001100950475474427,44.44781997054487,0.0003129570705710709,1,healthy,healthy_001
25.6,0.3598417043685913,1.9097534007496304,1.0,0.201096402000001,4.97273939292059,0.21999999999999997,0.0,0.0,-0.00722681209005365,-0.5851571582095848,-0.011405577948602986,0.19685149099220464,-7.415386987412367e-06,0.00010762369230167238,-0.0003239159682409507,0.6588289515539951,-0.01731652705121193,5.9643142853555,5.965186494096188,-0.01919464241906854,-0.5978505910950933,0.0005058983343835346,0.036997506553768815,0.026059181808179677,0.06532551251494556,0.25673414267436445,0.01771125671957304,0.01853823308435595,-0.012630804103007662,0.011887920290273723,0.006926868998742773,0.0174358549159749,-0.00722681209005365,-0.5851571582095848,-0.011405577948602986,0.1922207880000002,0.01761819700000089,0.008180281000001344,0.00017828800000074807,0.008170341000003134,0.17405992700000184,0.17406909800000037,0.008205934000002912,0.02314850900779533,0.00010762369230167238,0.0008722087406880519,35.57824702154759,0.0004315396605426231,1,healthy,healthy_001
25.8,0.36014485359191895,1.9145890304611788,1.0,0.20005201100000036,4.998700063055093,0.21999999999999997,0.0,0.0,0.0364788216407835,-0.5856573907192973,-0.011453367053007844,0.2084584231294877,-1.037797358835078e-05,8.98467770279089e-05,-0.0002009119144237465,2.152557759333735,-0.014240636099296749,6.315638244127675,6.316350576123001,-0.01919464241906854,-0.5978505910950933,0.0005058983343835346,0.036997506553768815,0.026059181808179677,0.06532551251494556,0.25673414267436445,0.01771125671957304,0.01853823308435595,-0.012630804103007662,0.011887920290273723,0.0,0.0,0.0364788216407835,-0.5856573907192973,-0.011453367053007844,0.19216877699999912,0.017754857999999984,0.004448876000001434,0.00023013000000204897,0.00444493000000179,0.3740599270000011,0.17375430299999906,0.004454485000000119,0.011541576870512271,8.98467770279089e-05,0.0007123319953254992,39.8917852618803,0.0002907586914516554,1,healthy,healthy_001
26.0,0.33917000889778137,1.9179325512713856,1.0,0.200071015999999,4.998225230185291,0.19684210526315787,0.0,0.0,0.08019563802181923,-0.5861593987265755,-0.01150967780042434,0.2084349654402376,-1.3919892739662834e-05,6.831610876028652e-05,-9.343361662933705e-05,-0.078714420140796,-0.01086293686947227,6.315267497233057,6.315786569474986,-0.01919464241906854,-0.5978505910950933,0.0005058983343835346,0.036997506553768815,0.026059181808179677,0.06532551251494556,0.25673414267436445,0.01771125671957304,0.01853823308435595,-0.012630804103007662,0.011887920290273723,0.0,0.0,0.08019563802181923,-0.5861593987265755,-0.01150967780042434,0.19209776099999942,0.017620036000000283,0.00011407599999913032,7.020400000001814e-05,0.0001087499999989916,0.5740599270000004,0.17000267099999888,0.00013728200000073798,0.011592860177079722,6.831610876028652e-05,0.0005190722419294858,39.88588164166645,0.00016174972538962357,1,healthy,healthy_001
26.200000000000003,0.33446699380874634,1.9101552320023378,1.0,0.1996382170000004,5.0090609655164275,0.20842105263157892,0.0,0.0,0.11523913766197309,-0.5865639306437328,-0.011574463433620705,0.21996243144817926,-1.2553546541124207e-06,-0.00023040963811154822,0.00011184652205082726,-0.03831584296097902,-0.0014174219088585243,6.666375045709526,6.664202273073511,-0.01919464241906854,-0.5978505910950933,0.0005058983343835346,0.036997506553768815,0.026059181808179677,0.06532551251494556,0.25673414267436445,0.01771125671957304,0.01853823308435595,-0.012630804103007662,0.011887920290273723,0.0,0.0,0.11523913766197309,-0.5865639306437328,-0.011574463433620705,0.19245954400000187,0.017869385000004456,0.030203618000001597,0.00022918100000168806,0.030200411000002703,0.7740599270000033,0.16556510800000268,0.030223411000001477,0.011541378816600334,0.00023040963811154822,0.002172772636015452,44.426071732777956,0.0003422561601623755,1,healthy,healthy_001
26.400000000000002,0.3583867847919464,1.8993668799599013,1.0,0.20004940199999766,4.998765254994423,0.20842105263157892,0.0,0.0,0.15895811450445632,-0.5870718726121339,-0.011644803250045374,0.22001770243012042,-7.288873998962872e-06,-0.00025173990789005557,-0.0002719857637745512,-0.06108359322639047,-0.011799033433622569,6.66810249940167,6.66574996807702,-0.01919464241906854,-0.5978505910950933,0.0005058983343835346,0.036997506553768815,0.026059181808179677,0.06532551251494556,0.25673414267436445,0.01771125671957304,0.01853823308435595,-0.012630804103007662,0.011887920290273723,0.0,0.0,0.15895811450445632,-0.5870718726121339,-0.011644803250045374,0.1924101420000035,0.017430583000002997,0.025027690000001712,0.004063951000002675,0.02501951200000363,0.9740599270000025,0.16165911200000238,0.02504650700000255,0.011596649798541497,0.00025173990789005557,0.0023525313246501867,44.44790402252099,2.0245855884495607e-05,1,healthy,healthy_001
26.6,0.3620716631412506,1.9090237416327,1.0,0.200965171,4.975986610137535,0.20842105263157892,0.0,0.0,0.20267578665572666,-0.5875823892336854,-0.011720113449986502,0.21999481944626154,-1.61645265571715e-05,-0.00028015061043705226,-0.0004364276367729257,-0.03809993382984343,-0.012817986347658326,6.666944246619329,6.664337322853176,-0.01919464241906854,-0.5978505910950933,0.0005058983343835346,0.036997506553768815,0.026059181808179677,0.06532551251494556,0.25673414267436445,0.01771125671957304,0.01853823308435595,-0.012630804103007662,0.011887920290273723,0.0,0.0,0.20267578665572666,-0.5875823892336854,-0.011720113449986502,0.1914449710000028,0.017734851000000162,0.020783667999999977,0.0036688710000021274,0.020511234000000655,1.1740599270000018,0.1911595350000006,0.020532845000001743,0.011573766814682612,0.00028015061043705226,0.0026069237661534572,44.430765372126444,0.00015627702633587345,1,healthy,healthy_001
26.8,0.38007816672325134,1.916911878850725,1.0,0.20077411400000145,4.980721767747374,0.21999999999999997,0.0,-0.07692307692307669,0.2448490825793757,-0.5880910341053723,-0.014457332075137158,0.1969931361881342,9.235800583939652e-06,-0.06211925037766521,-0.0700779811265164,-0.21766675611143135,-0.023543879345031816,6.234432816095367,5.695869273530045,0.21401041846372343,-0.588891492222027,0.0030235811650730087,0.0386047614783027,0.03879619627385433,0.08294057018508716,0.2333770894367399,0.002517682830689474,-0.003632498365178696,-0.004380890869756032,0.01474679848789764,0.023655916836249763,0.002858878197623916,0.2448490825793757,-0.5880910341053723,-0.014457332075137158,0.19067085700000064,0.017611442999999838,0.015807820999999223,0.0027381740000009813,0.015797785000000175,0.1834180449999998,0.1834323100000006,0.01584537100000105,0.023006863811865785,0.014803826545411479,0.5385635425653224,35.51051431508499,0.007958730748851194,1,healthy,healthy_001
27.0,0.37570512294769287,1.8910127531323169,1.0,0.2005953319999989,4.985160871041632,0.21999999999999997,0.0,-0.07692307692307669,0.28857813812289956,-0.5890602902505865,-0.03046029567162684,0.20859718145476142,8.353527467457739e-06,-0.07759068838245324,-0.08022991909908699,0.11399724451773764,-0.01672047789340327,6.655029712178212,5.97727313708877,0.21401041846372343,-0.588891492222027,0.0030235811650730087,0.0386047614783027,0.03879619627385433,0.08294057018508716,0.2333770894367399,0.002517682830689474,-0.003632498365178696,-0.004380890869756032,0.01474679848789764,0.0,0.0,0.28857813812289956,-0.5890602902505865,-0.03046029567162684,0.19007552500000102,0.01759618599999868,0.011225749000001173,0.0022127440000012655,0.011147203000000161,0.3834180449999991,0.1814088699999985,0.011164897000000451,0.011402818545238558,0.0006676114593765492,0.6777565750894423,39.77893032513044,0.0026392307166337448,1,healthy,healthy_001
27.200000000000003,0.39646628499031067,1.9012800479928653,1.0,0.20117951099999942,4.970685111169213,0.21999999999999997,0.0,-0.02564102564102541,0.33229311664338657,-0.590721333542111,-0.04363738179992129,0.20849807599400932,-6.458844675372166e-06,-0.030377675307763065,-0.030698585078925707,2.1784939834541373,0.027503388606993712,6.449479627730298,6.182739717495056,0.21401041846372343,-0.588891492222027,0.0030235811650730087,0.0386047614783027,0.03879619627385433,0.08294057018508716,0.2333770894367399,0.002517682830689474,-0.003632498365178696,-0.004380890869756032,0.01474679848789764,0.0,0.0,0.33229311664338657,-0.590721333542111,-0.04363738179992129,0.18889601400000444,0.017400558000002064,0.0072566240000035975,0.00233276400000193,0.007249075000004268,0.5834180450000019,0.176641606000004,0.007265393000004394,0.011501924005990649,0.004736649666737654,0.26673991023524213,39.87545385154334,0.00032090977116264185,1,healthy,healthy_001
27.400000000000002,0.42298105359077454,1.900527092648877,1.0,0.19972591400000184,5.006861553278413,0.21999999999999997,0.0,-0.02564102564102541,0.3759771024117736,-0.5927583403378638,-0.049478669012862374,0.20849641152722584,-5.24676188845552e-06,-0.025536399282943663,-0.025710824932863006,1.1062016917392035,-0.06555829020930222,6.427118330803762,6.203899706896264,0.21401041846372343,-0.588891492222027,0.0030235811650730087,0.0386047614783027,0.03879619627385433,0.08294057018508716,0.2333770894367399,0.002517682830689474,-0.003632498365178696,-0.004380890869756032,0.01474679848789764,0.0,0.0,0.3759771024117736,-0.5927583403378638,-0.049478669012862374,0.1891701000000019,0.01747447400000368,0.0035664740000029838,0.002462289000003892,0.00352993400000301,0.7834180450000012,0.17304008800000048,0.0035541700000010223,0.011503588472774134,0.0001046263580817483,0.22321862390749825,39.873197528661066,0.00017442564991934292,1,healthy,healthy_001
27.6,0.42555519938468933,1.8974230609834195,1.0,0.20051147199999875,4.987245817037373,0.20842105263157892,0.0,-0.02564102564102541,0.4133368290114168,-0.5946953325249599,-0.053978848395577046,0.22008616592601865,-5.581354196692104e-06,-0.024495930940918932,-0.024108445939505306,-0.07480402518571272,-0.013021091270958336,6.773797488100193,6.559900186616563,0.21401041846372343,-0.588891492222027,0.0030235811650730087,0.0386047614783027,0.03879619627385433,0.08294057018508716,0.2333770894367399,0.002517682830689474,-0.003632498365178696,-0.004380890869756032,0.01474679848789764,0.0,0.0,0.4133368290114168,-0.5946953325249599,-0.053978848395577046,0.18865862800000244,0.01731433900000212,0.03323140800000246,0.0022484840000025486,0.03321888400000006,0.9834180450000005,0.1691227150000003,0.033262547999999725,0.011665113294439727,0.001145094700106479,0.2138973014836303,44.43543540629126,0.0003874850014136261,1,healthy,healthy_001
27.8,0.4524519741535187,1.9020283199846744,1.0,0.19906574300000202,5.023466041567935,0.20842105263157892,0.0,-0.02564102564102541,0.4569982977757646,-0.5971738746587725,-0.05954771159410436,0.22007378505766692,-1.104543110285773e-05,-0.02713016889361183,-0.025521536993268423,-0.09813307588243482,-0.011150568363167824,6.785750586979053,6.548180146455855,0.21401041846372343,-0.588891492222027,0.0030235811650730087,0.0386047614783027,0.03879619627385433,0.08294057018508716,0.2333770894367399,0.002517682830689474,-0.003632498365178696,-0.004380890869756032,0.01474679848789764,0.0,0.0,0.4569982977757646,-0.5971738746587725,-0.05954771159410436,0.1895928849999997,0.01726373300000006,0.028230197999999262,0.0014722760000012158,0.028222286000001873,1.1834180449999998,0.1646778040000001,0.02826283899999993,0.011652732426087997,0.0014891432525864189,0.2375704405231982,44.4343172724574,0.0016086319003434067,1,healthy,healthy_001
28.0,0.48511388897895813,1.9157113519807656,1.0,0.20128208699999917,4.968151984632414,0.20842105263157892,0.0,0.07692307692307715,0.5006391222110123,-0.5998789909162513,-0.06164949554375139,0.2199298242989451,-2.6834705812019827e-05,0.05561967677263455,0.06547751007822067,-0.060490756113356484,-0.013864337557019775,6.426947322892965,6.906606748616814,0.4610144138391247,-0.60069756869251,-0.05539773114462348,0.04262833479073205,0.046145757172065316,0.07326979852369643,0.24728598256479917,0.058421312309696494,-0.007524288194810616,-0.00543476441199449,0.0051820700501804175,0.004031957033632264,0.009564728437717222,0.5006391222110123,-0.5998789909162513,-0.06164949554375139,0.18831079799999983,0.017491344999999825,0.02409958399999823,0.0009945269999995787,0.024089111999998636,0.1567982040000011,0.15682242200000118,0.024118948999998224,0.011508771667366163,0.021303400150442596,0.4796594257238489,44.38839775329732,0.009857833305586115,1,healthy,healthy_001
28.200000000000003,0.5001741647720337,1.906539954079522,1.0,0.19973598500000023,5.006609099507026,0.21999999999999997,0.0,0.07692307692307715,0.5427169179081824,-0.6021821250021667,-0.04681976145273531,0.19672262675853522,-2.7834145448773703e-05,0.07668247278344327,0.0771780325254261,-0.048912120258894284,-0.00030748576201958255,5.63049671008611,6.299574029431316,0.4610144138391247,-0.60069756869251,-0.05539773114462348,0.04262833479073205,0.046145757172065316,0.07326979852369643,0.24728598256479917,0.058421312309696494,-0.007524288194810616,-0.00543476441199449,0.0051820700501804175,0.0,0.0,0.5427169179081824,-0.6021821250021667,-0.04681976145273531,0.18857481300000245,0.01747255300000461,0.01984590900000427,0.0009740080000035789,0.01983860700000406,0.35679820400000395,0.15583013400000212,0.019861469000002074,0.023277373241464755,0.00024060413963387928,0.669077319345206,35.46973084765692,0.0004955597419828289,1,healthy,healthy_001
28.400000000000002,0.5360051989555359,1.9093511659122775,0.9972222222222222,0.2005585649999979,4.986074765742417,0.21999999999999997,0.0,0.07692307692307715,0.5859683158298306,-0.6038714668473161,-0.031245879035868142,0.20830238836788326,-3.383310037262388e-05,0.07632773699280433,0.075436778082586,-0.0732842865475342,0.02702378519888398,5.98293887387631,6.648920602796333,0.4610144138391247,-0.60069756869251,-0.05539773114462348,0.04262833479073205,0.046145757172065316,0.07326979852369643,0.24728598256479917,0.058421312309696494,-0.007524288194810616,-0.00543476441199449,0.0051820700501804175,0.0,0.0,0.5859683158298306,-0.6038714668473161,-0.031245879035868142,0.18801624800000383,0.017070057000001526,0.015566987000003252,0.00048430600000060053,0.015559594000002619,0.5567982040000032,0.1857043470000015,0.015595206000000417,0.011697611632116717,0.0005953399302728174,0.6659817289200234,39.78008554378729,0.0008909589102183285,1,healthy,healthy_001
28.6,0.5670408010482788,1.8983045026701706,0.9916666666666667,0.20015776700000032,4.996058933850907,0.21999999999999997,0.0,0.07692307692307715,0.6296470759491424,-0.604905013525789,-0.015739959672440546,0.2082857378303008,-3.262496584093173e-05,0.07646697102975822,0.07586329106500503,-0.025632358589569373,0.03128643947862904,5.981716658792939,6.649022648821515,0.4610144138391247,-0.60069756869251,-0.05539773114462348,0.04262833479073205,0.046145757172065316,0.07326979852369643,0.24728598256479917,0.058421312309696494,-0.007524288194810616,-0.00543476441199449,0.0051820700501804175,0.0,0.0,0.6296470759491424,-0.604905013525789,-0.015739959672440546,0.1878584810000028,0.017423833000002276,0.011270844000002,0.00022281600000084723,0.01122490000000198,0.7567982040000025,0.18118698199999983,0.011232963000001206,0.011714262169699174,0.00045610589331893103,0.6673059900285763,39.77256954314721,0.0006036799647531899,1,healthy,healthy_001
28.8,0.5536016821861267,1.8723018925858625,0.9805555555555555,0.20067029200000164,4.983298673826576,0.19684210526315787,0.0,0.02564102564102587,0.6733372657354849,-0.6052624416006662,-0.00026014389102203047,0.20830205522587533,-3.2019548425322245e-05,0.07618927344217748,0.06874886905902979,-0.6885467825156792,0.03763751115528863,5.982973814081583,6.647876145127196,0.4610144138391247,-0.60069756869251,-0.05539773114462348,0.04262833479073205,0.046145757172065316,0.07326979852369643,0.24728598256479917,0.058421312309696494,-0.007524288194810616,-0.00543476441199449,0.0051820700501804175,0.0,0.0,0.6733372657354849,-0.6052624416006662,-0.00026014389102203047,0.18718818900000045,0.017039441000001432,0.007219729999999203,0.00028890700000161473,0.007210316000001882,0.9567982040000018,0.17672286500000212,0.007241621000002141,0.011459949962717458,0.05054824780115161,0.6649023310456128,39.774068895553626,0.007440404383147692,1,healthy,healthy_001
29.0,0.5395441651344299,1.8466916281258923,0.9666666666666667,0.20031082599999905,4.992241407860825,0.20842105263157892,0.0,0.02564102564102587,0.7157836163145349,-0.6050424286851908,0.012990884506030396,0.21981376952248022,-4.727732673062484e-05,0.11722047491969415,0.1115895724438957,-2.3206205261549044,0.041947358267219174,6.156468512879156,7.177003464839044,0.4610144138391247,-0.60069756869251,-0.05539773114462348,0.04262833479073205,0.046145757172065316,0.07326979852369643,0.24728598256479917,0.058421312309696494,-0.007524288194810616,-0.00543476441199449,0.0051820700501804175,0.0,0.0,0.7157836163145349,-0.6050424286851908,0.012990884506030396,0.18687736300000068,0.01718497099999894,0.00323995300000135,0.00023131000000020663,0.003231607000000025,1.156798204000001,0.17276295199999936,0.0032595439999987263,0.011392716890901294,0.09157944927866828,1.0205349519598874,44.184995848106176,0.005630902475798449,1,healthy,healthy_001
29.200000000000003,0.5013031959533691,1.8373216740313294,0.9611111111111111,0.19970952599999947,5.007272412233369,0.21999999999999997,0.0,0.12820512820512842,0.7518942866180264,-0.6044043263876043,0.019563865523507248,0.21995523092721625,-1.5068324832437884e-05,0.0024982174022527884,0.0009046243476879724,-0.057317994169589014,-0.0012190346901680702,6.653866645876391,6.676454172100514,0.7088883800193109,-0.6220825332129903,0.007401091309565449,0.04160255975642568,0.04949360304374151,0.07642834717744916,0.24879473430408103,0.06279882245418893,-0.005756838321186352,-0.012152695195479818,-0.006881142957826049,0.00694654396570512,0.012063213008006467,0.7518942866180264,-0.6044043263876043,0.019563865523507248,0.18716783700000406,0.017029877000002358,0.033247501000001733,1.011800000227936e-05,0.033233371000001455,0.16684142700000137,0.16685399600000395,0.033283666000002654,4.476907278372355e-05,0.12570691080287563,0.022587526224122634,44.42423572846189,0.0015935930545648161,1,healthy,healthy_001
29.400000000000002,0.4782330393791199,1.8309940974836405,0.9611111111111111,0.20027504800000173,4.993133243438251,0.21999999999999997,0.0,0.12820512820512842,0.7959059584527348,-0.6032723920357731,0.03856106943286232,0.2081916110167599,-5.426302499157189e-05,0.13964980965405857,0.13355044959473772,-0.0958656239749284,0.006397617742900496,5.704696411385203,6.926776705941393,0.7088883800193109,-0.6220825332129903,0.007401091309565449,0.04160255975642568,0.04949360304374151,0.07642834717744916,0.24879473430408103,0.06279882245418893,-0.005756838321186352,-0.012152695195479818,-0.006881142957826049,0.0,0.0,0.7959059584527348,-0.6032723920357731,0.03856106943286232,0.1868927890000016,0.017125466000003087,0.02815660300000289,0.0041289620000029,0.02814337000000222,0.36684142700000066,0.16402072400000378,0.02817157100000145,0.011808388983240076,0.011444681448930155,1.2220802945561902,39.51515821685048,0.006099360059320852,1,healthy,healthy_001
29.6,0.45181283354759216,1.807746198365014,0.9527777777777777,0.20065460200000018,4.983688338232079,0.21999999999999997,0.0,0.07692307692307715,0.8394944635163583,-0.6009753184858736,0.06741533089784643,0.20817901470416394,-6.338318665421658e-05,0.13767196528418282,0.13316584016229013,-0.048531846484036065,0.022047379473390673,5.713541081017419,6.918114096939087,0.7088883800193109,-0.6220825332129903,0.007401091309565449,0.04160255975642568,0.04949360304374151,0.07642834717744916,0.24879473430408103,0.06279882245418893,-0.005756838321186352,-0.012152695195479818,-0.006881142957826049,0.0,0.0,0.8394944635163583,-0.6009753184858736,0.06741533089784643,0.18623818700000072,0.01720130900000072,0.024113058000001075,0.003843322000001592,0.02410942900000279,0.566841427,0.15986320400000054,0.02412263300000106,0.011820985295836028,0.060748888361105674,1.2045730159216683,39.526929096027196,0.00450612512189269,1,healthy,healthy_001
29.8,0.4291090667247772,1.7533142491952698,0.9305555555555556,0.200845833999999,4.978943202775144,0.21999999999999997,0.0,0.02564102564102587,0.883026212957344,-0.597538013601363,0.08719984364171379,0.20835651560439583,-2.9485964121830216e-05,0.04285687047684564,0.03648776517623152,-0.050746358467463434,-0.013693423668217826,6.126372714435166,6.505466743974268,0.7088883800193109,-0.6220825332129903,0.007401091309565449,0.04160255975642568,0.04949360304374151,0.07642834717744916,0.24879473430408103,0.06279882245418893,-0.005756838321186352,-0.012152695195479818,-0.006881142957826049,0.0,0.0,0.883026212957344,-0.597538013601363,0.08719984364171379,0.185392353000001,0.01715228000000124,0.019234643000000773,0.003252492000001439,0.019152411000000313,0.7668414269999992,0.1553426160000022,0.01917180699999932,0.011643484395604142,0.01721584483581977,0.3790940295391021,39.85491395494934,0.006369105300614117,1,healthy,healthy_001
30.0,0.407498836517334,1.7381826491948373,0.9277777777777778,0.20054156700000192,4.986497387845735,0.21999999999999997,0.0,-0.07692307692307669,0.9273126521160929,-0.5935104843434656,0.0936370845263017,0.2199754219908817,-2.3801304078949898e-05,0.024116826554860415,0.006005187620865637,-0.03335796484828131,0.0017442393097010897,6.561553247307911,6.772229613078151,0.7088883800193109,-0.6220825332129903,0.007401091309565449,0.04160255975642568,0.04949360304374151,0.07642834717744916,0.24879473430408103,0.06279882245418893,-0.005756838321186352,-0.012152695195479818,-0.006881142957826049,0.0,0.0,0.9273126521160929,-0.5935104843434656,0.0936370845263017,0.18485078599999838,0.017104451000001575,0.015351553999998657,0.0033084129999991774,0.015318496999999098,0.9668414269999985,0.18410863200000094,0.015328183000001161,2.457800911828678e-05,0.1010399034779371,0.21067636577024018,44.436345209207744,0.018111638933994777,1,healthy,healthy_001
30.200000000000003,0.3853050768375397,1.7180500767922473,0.9194444444444444,0.19954244299999857,5.0114651548092315,0.20842105263157892,0.0,-0.07692307692307669,0.9708740038932565,-0.5895813668598189,0.08323947159401901,0.20858257061122462,2.624397990074953e-05,-0.0753367174674293,-0.07588594578382642,-0.08819841569031818,-0.020015347626149975,6.643912387845666,5.987112855463071,0.7088883800193109,-0.6220825332129903,0.007401091309565449,0.04160255975642568,0.04949360304374151,0.07642834717744916,0.24879473430408103,0.06279882245418893,-0.005756838321186352,-0.012152695195479818,-0.006881142957826049,0.0,0.0,0.9708740038932565,-0.5895813668598189,0.08323947159401901,0.18530834300000265,0.017056040000003492,0.010235651000002122,0.001964482000001766,0.010231838000002824,1.1668414270000014,0.18062222900000435,0.010249965000003414,0.0001615179796456978,0.0015863594556473903,0.6567995323825953,39.77785326784114,0.0005492283163971157,1,healthy,healthy_001
30.400000000000002,0.3720754384994507,1.689760074019432,0.9166666666666666,0.20132168099999959,4.967174896577593,0.20842105263157892,0.0,0.0,1.0144598685043442,-0.5862411646112953,0.07297142412897051,0.2200359242606681,-2.25037532127631e-06,-0.005517538217737045,-0.0029030435638289446,-2.1778259707663175,-0.0004206069458307848,6.691551907418778,6.6423358549046,0.9560556040254562,-0.6039975192997865,0.07400844656061766,0.04392934693623041,0.055095270290373366,0.07391238579042912,0.24782797330233888,0.0666073552510522,-0.015602611999311235,-0.007704585726304452,-0.007326581974252056,0.010803931560808054,0.000445439016426007,1.0144598685043442,-0.5862411646112953,0.07297142412897051,0.18398666200000235,0.016991313000001895,0.006417837000000759,0.0021504050000018538,0.006408966000002181,0.17308281100000045,0.17297289200000066,0.006441621000000453,0.011614871629089168,0.005517538217737045,0.049216052514178266,44.447535159603014,0.0026144946539081006,1,healthy,healthy_001
30.6,0.36895251274108887,1.6759900802915746,0.9166666666666666,0.2001685309999992,4.995790272348074,0.20842105263157892,0.0,0.0,1.058044655665579,-0.5830320639397875,0.07406644094163989,0.21999822304008398,-5.8075791046843794e-06,0.0012082288022634289,0.0008367296935235199,-0.07473966457135298,-0.0015072877965782985,6.660449856012365,6.671719537812591,0.9560556040254562,-0.6039975192997865,0.07400844656061766,0.04392934693623041,0.055095270290373366,0.07391238579042912,0.24782797330233888,0.0666073552510522,-0.015602611999311235,-0.007704585726304452,-0.007326581974252056,0.0,0.0,1.058044655665579,-0.5830320639397875,0.07406644094163989,0.18381813100000244,0.016881036000000904,0.0017331600000005665,0.0017428880000025515,0.001725643000000332,0.37308281099999974,0.1718263790000023,0.0017629380000023787,0.01157717040850506,0.0012082288022634289,0.011269681800226472,44.43665343497876,0.00037149910873990897,1,healthy,healthy_001
30.8,0.35401493310928345,1.6464103463935271,0.9138888888888889,0.20012529100000265,4.996869686000791,0.21999999999999997,0.0,0.0,1.0926197719193702,-0.5804474409605601,0.07519979565177722,0.19685691371275474,-9.836292251496487e-06,0.004379091994942364,0.0015577411118048307,-0.061514220237541814,0.03418361784950724,5.945276691192635,5.984990525782558,0.9560556040254562,-0.6039975192997865,0.07400844656061766,0.04392934693623041,0.055095270290373366,0.07391238579042912,0.24782797330233888,0.0666073552510522,-0.015602611999311235,-0.007704585726304452,-0.007326581974252056,0.0,0.0,1.0926197719193702,-0.5804474409605601,0.07519979565177722,0.18369283999999908,0.01679891499999897,0.031126391000000808,0.0010809750000007057,0.031119647000000583,0.573082810999999,0.16734451099999959,0.03115887000000228,0.023143086287245235,0.004379091994942364,0.03971383458992239,35.5824246699438,0.002821350883137533,1,healthy,healthy_001
31.0,0.34812939167022705,1.6219727889430233,0.9111111111111111,0.20034763600000005,4.991324180136569,0.21999999999999997,0.0,0.0,1.1357928086273257,-0.5771738855856958,0.07627711266584675,0.20845124688346942,-1.3935649663811972e-05,0.00384239802216142,0.0010990911278188527,-0.03512487528976002,-0.0012585890138576954,6.298631915606405,6.333518129062415,0.9560556040254562,-0.6039975192997865,0.07400844656061766,0.04392934693623041,0.055095270290373366,0.07391238579042912,0.24782797330233888,0.0666073552510522,-0.015602611999311235,-0.007704585726304452,-0.007326581974252056,0.0,0.0,1.1357928086273257,-0.5771738855856958,0.07627711266584675,0.18334520399999832,0.016832960999998647,0.027335452999999177,0.0013228269999991937,0.027331125999999983,0.7730828109999983,0.1630187989999996,0.02735486599999959,0.011548753116530558,0.00384239802216142,0.03488621345600951,39.892499425784294,0.0027433068943425675,1,healthy,healthy_001
31.200000000000003,0.35540732741355896,1.6041798895977912,0.9138888888888889,0.20010791099999992,4.99730367981304,0.21999999999999997,0.0,-0.07692307692307669,1.1793727697220773,-0.5738379877686981,0.0745630779306886,0.20857819335669303,1.8108527978299288e-05,-0.058682810250698415,-0.06678796736887598,-0.07645403325629571,-0.011389769974410387,6.569665128047865,6.062443826484703,0.9560556040254562,-0.6039975192997865,0.07400844656061766,0.04392934693623041,0.055095270290373366,0.07391238579042912,0.24782797330233888,0.0666073552510522,-0.015602611999311235,-0.007704585726304452,-0.007326581974252056,0.0,0.0,1.1793727697220773,-0.5738379877686981,0.0745630779306886,0.18323729300000124,0.01702589900000362,0.023348530000003365,0.00113340400000439,0.023295929000003213,0.9730828110000012,0.1588201290000022,0.02330634600000181,0.011421806643306942,0.018240266672378276,0.5072213015631624,39.82822579760562,0.00810515711817756,1,healthy,healthy_001
31.400000000000002,0.35434970259666443,1.5605952026293828,0.9027777777777778,0.19987162299999994,5.003211486404952,0.19684210526315787,0.0,-0.07692307692307669,1.223004610388125,-0.5708834331303138,0.06007063070666711,0.20860524713646225,2.192465160642809e-05,-0.0746834388720714,-0.07554003999648967,-0.05076008590916552,-0.0296618223944959,6.641620417771407,5.990505503280034,0.9560556040254562,-0.6039975192997865,0.07400844656061766,0.04392934693623041,0.055095270290373366,0.07391238579042912,0.24782797330233888,0.0666073552510522,-0.015602611999311235,-0.007704585726304452,-0.007326581974252056,0.0,0.0,1.223004610388125,-0.5708834331303138,0.06007063070666711,0.1833656700000006,0.01678301700000162,0.019222331000001702,0.001256522000002036,0.01921869500000284,1.1730828110000004,0.1542280840000032,0.019229317000000634,0.011763141873304378,0.0022396380510052855,0.651114914491373,39.786663663356656,0.0008566011244182659,1,healthy,healthy_001
31.6,0.3658686578273773,1.5245487257745696,0.8944444444444445,0.2002922579999975,4.992704211263185,0.20842105263157892,0.0,-0.07692307692307669,1.26509164332405,-0.5686740998917993,0.04494363516693745,0.220169290948314,2.0194028487732427e-05,-0.07472109346137,-0.07309876144273514,-0.10192290167459231,0.0034343298995416147,6.992755549751337,6.341216814995968,1.214245645213794,-0.5883425684179648,0.04719149236299837,0.040663919615431476,0.06755667026335094,0.08168786495904132,0.25866421255354943,0.026816954197619283,-0.01005593394474094,-0.005324002153173778,-0.010234855519676579,0.0060359602044506,0.0029082735454245227,1.26509164332405,-0.5686740998917993,0.04494363516693745,0.18307341200000238,0.016771276000000057,0.015351548000001713,0.0010425820000001806,0.015282156000001379,0.14914794300000267,0.14916088100000024,0.015286554000002894,0.011748238316735077,0.0022019834617066913,0.6515387347553689,44.34257907523955,0.0016223320186348617,1,healthy,healthy_001
31.8,0.3743226230144501,1.509216615843699,0.8972222222222223,0.20012270400000176,4.996934280879951,0.20842105263157892,0.0,-0.07692307692307669,1.3087924127487036,-0.5670397384586462,0.029770820333946686,0.220178028483644,1.657894926053536e-05,-0.07618570678205355,-0.07478380524132047,-0.09665258964236736,-0.005083636742639048,6.999365623205953,6.334614559555328,1.214245645213794,-0.5883425684179648,0.04719149236299837,0.040663919615431476,0.06755667026335094,0.08168786495904132,0.25866421255354943,0.026816954197619283,-0.01005593394474094,-0.005324002153173778,-0.010234855519676579,0.0,0.0,1.3087924127487036,-0.5670397384586462,0.029770820333946686,0.1829507079999999,0.01675428500000109,0.011164624999999262,0.0013484710000000177,0.011150765000000007,0.34914794300000196,0.18076800700000106,0.011190160000001725,0.011756975852065088,0.0007373701410231387,0.6647510636506251,44.338283384411476,0.0014019015407330804,1,healthy,healthy_001
32.0,0.3879966139793396,1.5048800943258367,0.9,0.20017114699999894,4.995724983281458,0.18526315789473682,0.0,-0.07692307692307669,1.3501741757458947,-0.5661145818648324,0.014531504650517738,0.19700767326531238,1.3077213543885493e-05,-0.07598894664946311,-0.07550434968510224,-1.1986196774840727,0.0027443215588080273,6.296782947327365,5.633709456321985,1.214245645213794,-0.5883425684179648,0.04719149236299837,0.040663919615431476,0.06755667026335094,0.08168786495904132,0.25866421255354943,0.026816954197619283,-0.01005593394474094,-0.005324002153173778,-0.010234855519676579,0.0,0.0,1.3501741757458947,-0.5661145818648324,0.014531504650517738,0.18277956100000026,0.0167064659999987,0.006846820999999892,0.0006223719999987054,0.006815483000000455,0.5491479430000012,0.17674625600000127,0.006860551999999132,0.011744515370575553,0.0009341302736135815,0.6630734910053802,35.4742456347652,0.00048459696436087274,1,healthy,healthy_001
32.2,0.41146188974380493,1.5014519301674716,0.9111111111111111,0.2008483969999979,4.978879667135259,0.17368421052631577,0.0,-0.02564102564102541,1.3868406180526434,-0.5658537190508702,-0.0007314542786126491,0.17383974914106687,1.225728868838418e-05,-0.07582607120049328,-0.07626540260845657,-0.06089475494783401,-0.026774441871626125,5.59382083799972,4.932125581582007,1.214245645213794,-0.5883425684179648,0.04719149236299837,0.040663919615431476,0.06755667026335094,0.08168786495904132,0.25866421255354943,0.026816954197619283,-0.01005593394474094,-0.005324002153173778,-0.010234855519676579,0.0,0.0,1.3868406180526434,-0.5658537190508702,-0.0007314542786126491,0.1819311640000052,0.01660184800000053,0.001587815000000603,0.004579677000002391,0.0015785470000011514,0.7491479430000041,0.17175169100000431,0.0016135280000000307,0.00015553861475109398,0.05018504555946787,0.6616952564177137,27.58942685388492,0.0004393314079632893,1,healthy,healthy_001
32.4,0.41899850964546204,1.4948254237602547,0.9138888888888889,0.20063758999999948,4.984110903644739,0.15052631578947367,0.0,-0.02564102564102541,1.4156086257725897,-0.5659847384457388,-0.008076679147395203,0.1622164605307435,-2.849603576394674e-06,-0.036688795789783984,-0.030938920608053852,-0.08950532061034616,-0.010744210848748336,5.0741221394392975,4.751084698388988,1.214245645213794,-0.5883425684179648,0.04719149236299837,0.040663919615431476,0.06755667026335094,0.08168786495904132,0.25866421255354943,0.026816954197619283,-0.01005593394474094,-0.005324002153173778,-0.010234855519676579,0.0,0.0,1.4156086257725897,-0.5659847384457388,-0.008076679147395203,0.18129357400000146,0.016666766999996696,0.031094546999995032,0.004195570999996789,0.031062647999995363,0.9491479429999998,0.16703238499999884,0.031114938999998287,0.011690144741269837,0.011047770148758573,0.3230374410503094,24.107584054446843,0.0057498751817301325,1,healthy,healthy_001
32.6,0.42786338925361633,1.4935881969603626,0.9166666666666666,0.20030308300000144,4.992434390038784,0.13894736842105262,0.0,-0.02564102564102541,1.4467366733557718,-0.5663473836006087,-0.014912987801517962,0.15059098178349178,-1.851511537721666e-06,-0.02596640998767522,-0.02574954606316356,-0.10372794358505416,0.007108390879584434,4.675136355878592,4.448253075311237,1.214245645213794,-0.5883425684179648,0.04719149236299837,0.040663919615431476,0.06755667026335094,0.08168786495904132,0.25866421255354943,0.026816954197619283,-0.01005593394474094,-0.005324002153173778,-0.010234855519676579,0.0,0.0,1.4467366733557718,-0.5663473836006087,-0.014912987801517962,0.18099049100000286,0.016696054000000515,0.027226302999999064,0.004346538000000066,0.027209904000002894,1.1491479430000027,0.16271626500000025,0.027254247999998427,0.011643613362439159,0.00032538434664980756,0.22688328056735507,20.796189672536315,0.00021686392451165937,1,healthy,healthy_001
32.800000000000004,0.45505183935165405,1.4783017539616787,0.9166666666666666,0.20040562799999861,4.989879825131492,0.12736842105263158,0.0,-0.02564102564102541,1.474721564855795,-0.5668566571255793,-0.022117175401090247,0.12747414334533383,-3.793018307674586e-06,-0.034275078307041705,-0.03108781086099825,-0.06225654552568459,0.012712800231657356,4.010704196048642,3.7092516841936227,1.214245645213794,-0.5883425684179648,0.04719149236299837,0.040663919615431476,0.06755667026335094,0.08168786495904132,0.25866421255354943,0.026816954197619283,-0.01005593394474094,-0.005324002153173778,-0.010234855519676579,0.0,0.0,1.474721564855795,-0.5668566571255793,-0.022117175401090247,0.1805848630000071,0.01663413100000355,0.023411029000001804,0.004206127000003335,0.023369621000007612,1.3491479430000055,0.1585236730000048,0.023375231000002827,0.00010572229270225386,0.008634052666016294,0.3014525118550191,14.876711293995854,0.003187267446043456,1,healthy,healthy_001
33.0,0.4591624140739441,1.4753108803069952,0.9166666666666666,0.19952789300000262,5.0118306015489615,0.0,0.0,0.0,1.4999367718276686,-0.5674870259505573,-0.028388022968376735,0.11587357979416632,-7.261165956232857e-06,-0.03350047050571416,-0.031026724333321605,-0.05993130298431034,-0.006313602471340475,3.656383133558213,3.3618323006994526,1.214245645213794,-0.5883425684179648,0.04719149236299837,0.040663919615431476,0.06755667026335094,0.08168786495904132,0.25866421255354943,0.026816954197619283,-0.01005593394474094,-0.005324002153173778,-0.010234855519676579,0.0,0.0,1.4999367718276686,-0.5674870259505573,-0.028388022968376735,0.1810569700000002,0.016747709000000555,0.019134817000001192,0.004104392999998652,0.018921272000000044,1.5491479430000012,0.15445745400000277,0.019085572000001605,0.11587357979416632,0.03350047050571416,0.29455083285876027,12.29214692212868,0.0024737461723925575,0,healthy,healthy_001
33.2,0.46612828969955444,1.4698575922937105,0.9166666666666666,0.1999211850000009,5.001971151781616,0.0,0.0,0.0,1.508858625200534,-0.5677540478981951,-0.03620978961238596,3.3665312404242975e-05,-1.569279652124319e-05,-0.010922124014429995,-0.008145668413255518,-0.06393560255561717,-0.014565105504390885,0.049564742601511454,-0.04884898670323616,1.4865611897287403,-0.5802032344523413,-0.0195467037436731,0.040495894319671155,0.09362150427315569,0.0961277614750468,0.2724371570507145,0.06673819610667146,-0.023075906979958663,-0.027660501307353695,0.009996945647521082,0.025854185198966855,0.02023180116719766,1.508858625200534,-0.5677540478981951,-0.03620978961238596,0.18113578500000216,0.016577970000000164,0.015304051000001095,0.0040921220000029734,0.01529234200000218,0.1473315409999998,0.14724065100000416,0.015323268999999584,3.3665312404242975e-05,0.010922124014429995,0.09841372930474762,-0.0024211874522905557,0.002776455601174477,0,healthy,healthy_001
33.4,0.4671364724636078,1.4858876622084416,0.9166666666666666,0.2000137819999992,4.999655473741325,0.0,0.0,0.0,1.5088656201252582,-0.5677542309900334,-0.0365163906834569,3.0727412470268226e-05,-1.375152893247526e-05,0.0006832857149572946,0.0008521058592453246,-0.06900234814213267,-0.01660760338596797,-0.002710196999790952,0.0032006622950281715,1.4865611897287403,-0.5802032344523413,-0.0195467037436731,0.040495894319671155,0.09362150427315569,0.0961277614750468,0.2724371570507145,0.06673819610667146,-0.023075906979958663,-0.027660501307353695,0.009996945647521082,0.0,0.0,1.5088656201252582,-0.5677542309900334,-0.0365163906834569,0.1811220029999987,0.016753129000001366,0.010609416999997734,0.0031827890000002412,0.010603768999999375,0.3473315409999955,0.18090134299999505,0.010628658999998208,3.0727412470268226e-05,0.0006832857149572946,0.005910859294819123,-8.674425349329374e-06,0.00016882014428802996,0,healthy,healthy_001
33.6,0.467436283826828,1.4858910184918028,0.9166666666666666,0.2007240180000025,4.981964838906261,0.0,0.0,0.0,1.5088734452320274,-0.5677543952409031,-0.036364461340435764,1.259083201717808e-05,-7.245553765831793e-06,0.0007514881002637436,0.00041430350648040973,-0.07261286176866506,0.007649860323631582,-0.003017037192345966,0.0035089124353752453,1.4865611897287403,-0.5802032344523413,-0.0195467037436731,0.040495894319671155,0.09362150427315569,0.0961277614750468,0.2724371570507145,0.06673819610667146,-0.023075906979958663,-0.027660501307353695,0.009996945647521082,0.0,0.0,1.5088734452320274,-0.5677543952409031,-0.036364461340435764,0.18039798499999904,0.016632210000004477,0.006480555000003108,0.0031292419999999765,0.006455502999997975,0.5473315409999984,0.1761161840000014,0.006458799000000681,1.259083201717808e-05,0.0007514881002637436,0.0065259496277212115,-1.0586519322212376e-05,0.0003371845937833339,0,healthy,healthy_001
33.800000000000004,0.4714624285697937,1.4861221199685877,0.9166666666666666,0.2004661589999941,4.9883731248625836,0.0,0.0,0.0,1.5088806527465477,-0.5677548600165545,-0.036210773846952926,3.53086702609406e-05,-8.887969271612499e-06,0.0007452124147349193,0.0007007795359203042,-0.06561476912189279,0.0013656188734161784,-0.0030149817682015474,0.0034567974518244934,1.4865611897287403,-0.5802032344523413,-0.0195467037436731,0.040495894319671155,0.09362150427315569,0.0961277614750468,0.2724371570507145,0.06673819610667146,-0.023075906979958663,-0.027660501307353695,0.009996945647521082,0.0,0.0,1.5088806527465477,-0.5677548600165545,-0.036210773846952926,0.1799318260000078,0.016733059000003436,0.001257866000003105,0.002167903000007243,0.0012483180000018024,0.7473315410000012,0.17192256400000616,0.0012693200000057914,3.53086702609406e-05,0.0007452124147349193,0.006471779220026041,-1.0422181293616415e-05,4.443287881461511e-05,0,healthy,healthy_001
34.0,0.47283005714416504,1.4863286113197154,0.9166666666666666,0.200692176000004,4.982755281899879,0.0,0.0,0.0,1.5088868475093626,-0.5677550701784051,-0.03608373736481134,2.0440820584061595e-05,-1.0781361605946674e-05,0.000740363022130297,0.0007845365595362765,-0.06749920426093166,0.0017471763114948313,-0.0029705772788838703,0.0034585047867035667,1.4865611897287403,-0.5802032344523413,-0.0195467037436731,0.040495894319671155,0.09362150427315569,0.0961277614750468,0.2724371570507145,0.06673819610667146,-0.023075906979958663,-0.027660501307353695,0.009996945647521082,0.0,0.0,1.5088868475093626,-0.5677550701784051,-0.03608373736481134,0.17923964999999953,0.06661521699999895,0.031179831999999408,0.0020789120000017647,0.031169779999999037,0.947331540999997,0.16698806899999852,0.031196483999998748,2.0440820584061595e-05,0.000740363022130297,0.006429082065587437,-1.0273755738292721e-05,4.4173537405979525e-05,0,healthy,healthy_001
34.2,0.46465349197387695,1.4862144636385368,0.9166666666666666,0.20017132799999615,4.995720466020085,0.0,0.0,0.0,1.5088940853797286,-0.5677555875892384,-0.03593225797761292,2.8898791803180883e-05,-9.333990002264778e-06,0.0007344936512072514,0.0010101313877444388,-0.05824848605184232,0.019650000448727247,-0.0029621602636603385,0.0034156456204341695,1.4865611897287403,-0.5802032344523413,-0.0195467037436731,0.040495894319671155,0.09362150427315569,0.0961277614750468,0.2724371570507145,0.06673819610667146,-0.023075906979958663,-0.027660501307353695,0.009996945647521082,0.0,0.0,1.5088940853797286,-0.5677555875892384,-0.03593225797761292,0.17906832200000622,0.2666152170000018,0.027322930000003964,0.0021758630000050516,0.027249465000004136,1.1473315409999998,0.16302774900000117,0.027269397000004858,2.8898791803180883e-05,0.0007344936512072514,0.006377805884094508,-1.011768973159556e-05,0.0002756377365371874,0,healthy,healthy_001
34.4,0.4674687683582306,1.4864152933612014,0.9166666666666666,0.2000577420000056,4.998556866646891,0.0,0.0,0.0,1.5089014587108311,-0.5677555880303173,-0.035782324786237475,3.2846636990518265e-05,-1.1707873735028884e-05,0.000727570882208306,0.0004568767347248046,-0.055640438012626046,0.025668864288610514,-0.0029391903473946625,0.003379037905638254,1.4865611897287403,-0.5802032344523413,-0.0195467037436731,0.040495894319671155,0.09362150427315569,0.0961277614750468,0.2724371570507145,0.06673819610667146,-0.023075906979958663,-0.027660501307353695,0.009996945647521082,0.0,0.0,1.5089014587108311,-0.5677555880303173,-0.035782324786237475,0.17901057999999637,0.46661521699999753,0.023299846000000457,0.0019744279999969194,0.023296390999995253,1.3473315409999955,0.15898727599999773,0.023305399000001614,3.2846636990518265e-05,0.000727570882208306,0.006318228253032916,-9.931635595732633e-06,0.00027069414748350136,0,healthy,healthy_001
34.6,0.4733060300350189,1.4852587588808752,0.9166666666666666,0.20000354399999765,4.9999114015700235,0.0,0.0,0.0,1.508908716215477,-0.5677559493794088,-0.03563336075663759,2.862265168953626e-05,-5.478737089829106e-06,0.0007225765101389127,0.0008719691499220796,-0.0717476184412962,0.015971682645848136,-0.002906097851744002,0.0033683628337607143,1.4865611897287403,-0.5802032344523413,-0.0195467037436731,0.040495894319671155,0.09362150427315569,0.0961277614750468,0.2724371570507145,0.06673819610667146,-0.023075906979958663,-0.027660501307353695,0.009996945647521082,0.0,0.0,1.508908716215477,-0.5677559493794088,-0.03563336075663759,0.17900703600000156,0.6666152170000004,0.018793217999999,0.0017747079999992366,0.018780810999999176,1.5473315409999984,0.15462227500000125,0.01882417400000236,2.862265168953626e-05,0.0007225765101389127,0.006274460685504716,-9.78879199508635e-06,0.0001493926397831669,0,healthy,healthy_001
34.800000000000004,0.47041404247283936,1.4787465756589717,0.9166666666666666,0.20039710900000074,4.990091947883322,0.0,0.0,0.0,1.508916156730647,-0.5677561691299076,-0.03548575765510065,3.2317243937677515e-05,-1.0872361355063854e-05,0.000716123013844443,0.0004137057423417853,-0.10964331725009842,-0.0015347930149813864,-0.0028888515756446192,0.003329467037864233,1.4865611897287403,-0.5802032344523413,-0.0195467037436731,0.040495894319671155,0.09362150427315569,0.0961277614750468,0.2724371570507145,0.06673819610667146,-0.023075906979958663,-0.027660501307353695,0.009996945647521082,0.0,0.0,1.508916156730647,-0.5677561691299076,-0.03548575765510065,0.17860992700000367,0.8666152170000032,0.014371732000000748,0.0010763950000054479,0.014337683000000823,1.7473315410000012,0.15025740500000495,0.014342536000000905,3.2317243937677515e-05,0.000716123013844443,0.006218318613508852,-9.618336098390913e-06,0.0003024172715026577,0,healthy,healthy_001
35.0,0.4814303517341614,1.4786093083294956,0.9166666666666666,0.2003199680000023,4.992013576998917,0.0,0.0,0.0,1.5089233543707876,-0.5677565183426773,-0.035339211939594044,1.9169807939218602e-05,-8.899157379841634e-06,0.0007110257460091191,0.0002196298776997963,-0.08897909821346195,0.003699166603796076,-0.002841846093564174,0.0033315077688478314,1.4865611897287403,-0.5802032344523413,-0.0195467037436731,0.040495894319671155,0.09362150427315569,0.0961277614750468,0.2724371570507145,0.06673819610667146,-0.023075906979958663,-0.027660501307353695,0.009996945647521082,0.0,0.0,1.5089233543707876,-0.5677565183426773,-0.035339211939594044,0.1782899589999971,1.066615216999999,0.010339905000002148,0.0013508609999988153,0.010331923000002519,1.947331540999997,0.1455949280000013,0.010362397999998052,1.9169807939218602e-05,0.0007110257460091191,0.006173353862412006,-9.467632338578906e-06,0.0004913958683093228,0,healthy,healthy_001
35.2,0.4772166609764099,1.4783069709936778,0.9166666666666666,0.2001171169999978,4.99707378854559,0.0,0.0,0.0,1.5089307846981441,-0.5677566972136237,-0.03519398000769167,3.187823242089941e-05,-1.0365022499213863e-05,0.0007045688057585203,0.0005536766914929722,-0.07099758885586385,-0.011980136482042044,-0.002838826920801519,0.0032788520892274367,1.4865611897287403,-0.5802032344523413,-0.0195467037436731,0.040495894319671155,0.09362150427315569,0.0961277614750468,0.2724371570507145,0.06673819610667146,-0.023075906979958663,-0.027660501307353695,0.009996945647521082,0.0,0.0,1.5089307846981441,-0.5677566972136237,-0.03519398000769167,0.17817284200000216,1.2666152170000018,0.006306748000000084,0.001235428000001093,0.00629755399999965,2.147331541,0.17557311200000214,0.00634169399999962,3.187823242089941e-05,0.0007045688057585203,0.006117679010028956,-9.30809358022515e-06,0.0001508921142655481,0,healthy,healthy_001
35.4,0.469769686460495,1.4789080446416683,0.9166666666666666,0.1999103489999996,5.002242280113283,0.0,0.0,0.0,1.5089378695971194,-0.5677569937213718,-0.03504981108137207,5.9960470909462165e-06,-8.040891666479458e-06,0.0006996384158172797,0.0005123051413893826,-0.07112511755843601,0.02751166692980226,-0.0032304529695209184,0.0028415772051358125,1.4865611897287403,-0.5802032344523413,-0.0195467037436731,0.040495894319671155,0.09362150427315569,0.0961277614750468,0.2724371570507145,0.06673819610667146,-0.023075906979958663,-0.027660501307353695,0.009996945647521082,0.0,0.0,1.5089378695971194,-0.5677569937213718,-0.03504981108137207,0.1782624929999983,1.4666152169999975,0.002339782999996487,0.001237828000000718,0.0023139460000010104,2.3473315409999955,0.17206339399999848,0.002317437999998617,5.9960470909462165e-06,0.0006996384158172797,0.006072030174656731,-9.179581520453937e-06,0.0001873332744278971,0,healthy,healthy_001
35.6,0.4809013903141022,1.4796151099783001,0.9166666666666666,0.200103452999997,4.997415012123829,0.0,0.0,0.0,1.5089441923594005,-0.5677574371818875,-0.03493048780349275,3.558310987707821e-05,-1.4462439331016692e-05,0.0006939566233039512,0.0005691765002902921,-0.06933187805580444,-0.007525252847969801,-0.0029018431666269595,0.0031227171978050984,1.4865611897287403,-0.5802032344523413,-0.0195467037436731,0.040495894319671155,0.09362150427315569,0.0961277614750468,0.2724371570507145,0.06673819610667146,-0.023075906979958663,-0.027660501307353695,0.009996945647521082,0.0,0.0,1.5089441923594005,-0.5677574371818875,-0.03493048780349275,0.17815904000000415,1.6666152170000004,0.03141948500000069,0.00024070799999975634,0.0313254990000047,2.5473315409999984,0.16769937000000112,0.03133718400000163,3.558310987707821e-05,0.0006939566233039512,0.006024560364432057,-9.061635561759212e-06,0.00012478012301365916,0,healthy,healthy_001
35.800000000000004,0.4767765998840332,1.4785692393779755,0.9166666666666666,0.20075796300000093,4.981122467356353,0.0,0.0,0.0,1.5089514009537186,-0.5677574822588376,-0.03478856446903673,1.3157173775056774e-05,-1.1652646101562091e-05,0.0006891529677993422,0.0008849997274279346,-0.05440857006197182,-0.017396673391996537,-0.0027447999164912735,0.0032376590443135957,1.4865611897287403,-0.5802032344523413,-0.0195467037436731,0.040495894319671155,0.09362150427315569,0.0961277614750468,0.2724371570507145,0.06673819610667146,-0.023075906979958663,-0.027660501307353695,0.009996945647521082,0.0,0.0,1.5089514009537186,-0.5677574822588376,-0.03478856446903673,0.17740107700000607,1.8666152170000032,0.027291194000007124,0.0003240100000070356,0.02724063000000143,2.747331541000001,0.16292272500000138,0.027246734000001993,1.3157173775056774e-05,0.0006891529677993422,0.005982458960804869,-8.886726274459173e-06,0.0001958467596285924,0,healthy,healthy_001
36.0,0.47307687997817993,1.4782682379086813,0.9166666666666666,0.2000152540000002,4.9996186790833415,0.0,0.0,0.0,1.508958755194321,-0.5677579282124061,-0.0346475223417843,1.2889433236988322e-05,-1.021345716751348e-05,0.0006838692256351304,0.0007570083918263477,-0.04525060942947765,-0.009008575833164667,-0.002721882419689588,0.0032146412280010276,1.4865611897287403,-0.5802032344523413,-0.0195467037436731,0.040495894319671155,0.09362150427315569,0.0961277614750468,0.2724371570507145,0.06673819610667146,-0.023075906979958663,-0.027660501307353695,0.009996945647521082,0.0,0.0,1.508958755194321,-0.5677579282124061,-0.0346475223417843,0.1773858230000016,2.066615216999999,0.02280350299999867,0.004606299999998953,0.022773419000003514,2.947331540999997,0.15860586000000154,0.022790555999996798,1.2889433236988322e-05,0.0006838692256351304,0.0059365236476906155,-8.749875444105345e-06,7.313916619121731e-05,0,healthy,healthy_001
36.2,0.4776802659034729,1.4781763755913937,0.9166666666666666,0.20109699900000066,4.972724630266594,0.0,0.0,0.0,1.5089661239881824,-0.5677581597178172,-0.03450775274879084,2.1800752732889296e-05,-9.764810117608945e-06,0.0006782145733880512,0.000530929156453881,-0.04897906049909283,-0.0055101735919369,-0.0027013790459567864,0.0031860534233447853,1.4865611897287403,-0.5802032344523413,-0.0195467037436731,0.040495894319671155,0.09362150427315569,0.0961277614750468,0.2724371570507145,0.06673819610667146,-0.023075906979958663,-0.027660501307353695,0.009996945647521082,0.0,0.0,1.5089661239881824,-0.5677581597178172,-0.03450775274879084,0.17628882400000379,2.266615217000002,0.018273883000006208,0.0044177960000055805,0.018268511000002263,3.147331541,0.1541133310000049,0.018288257000001806,2.1800752732889296e-05,0.0006782145733880512,0.005887432469301571,-8.60673795712249e-06,0.00014728541693417028,0,healthy,healthy_001
36.4,0.4737599194049835,1.47946821279598,0.9166666666666666,0.20005952300000018,4.99851236774167,0.0,0.0,0.0,1.5089734543635236,-0.5677582151841642,-0.03436919113703962,2.1612840241077747e-05,-9.947513783112204e-06,0.0006724692166581504,0.0006915643970015118,-0.06558749617649307,0.010140865321287561,-0.0026784425180318497,0.0031591770844890277,1.4865611897287403,-0.5802032344523413,-0.0195467037436731,0.040495894319671155,0.09362150427315569,0.0961277614750468,0.2724371570507145,0.06673819610667146,-0.023075906979958663,-0.027660501307353695,0.009996945647521082,0.0,0.0,1.5089734543635236,-0.5677582151841642,-0.03436919113703962,0.17622930099999934,2.4666152169999975,0.013302459000001932,0.0030117579999995314,0.013257558999995922,3.3473315409999955,0.14979543100000114,0.01326517399999716,2.1612840241077747e-05,0.0006724692166581504,0.005837619602520877,-8.46167422508731e-06,1.9095180343361453e-05,0,healthy,healthy_001
36.6,0.47838473320007324,1.4785133255250527,0.9166666666666666,0.20066507599999994,4.983428207507321,0.0,0.0,0.0,1.508980760015799,-0.5677587249869935,-0.03423147547526665,2.1259692780428633e-05,-1.2385343824340175e-05,0.0006673111122432002,0.0009716836121550646,-0.09119961417315076,0.011736305215056754,-0.0026541395467246077,0.003138218324830719,1.4865611897287403,-0.5802032344523413,-0.0195467037436731,0.040495894319671155,0.09362150427315569,0.0961277614750468,0.2724371570507145,0.06673819610667146,-0.023075906979958663,-0.027660501307353695,0.009996945647521082,0.0,0.0,1.508980760015799,-0.5677587249869935,-0.03423147547526665,0.17556422500000224,2.6666152170000004,0.009329415999999924,0.0033588619999989078,0.009279298000002711,3.5473315409999984,0.14529432500000183,0.009288664000003166,2.1259692780428633e-05,0.0006673111122432002,0.005792357871555327,-8.329269362189062e-06,0.0003043724999118644,0,healthy,healthy_001
36.800000000000004,0.47743842005729675,1.4788023945057032,0.9166666666666666,0.2004703790000022,4.9882681171565455,0.0,0.0,0.0,1.508988113369597,-0.5677586122002005,-0.034095166696833955,1.6590672876712853e-05,-7.885578452851946e-06,0.000662070552745613,0.0009485995746006637,-0.05047434244449331,-0.0055494760766074056,-0.0026293240928015682,0.0031175182638182976,1.4865611897287403,-0.5802032344523413,-0.0195467037436731,0.040495894319671155,0.09362150427315569,0.0961277614750468,0.2724371570507145,0.06673819610667146,-0.023075906979958663,-0.027660501307353695,0.009996945647521082,0.0,0.0,1.508988113369597,-0.5677586122002005,-0.034095166696833955,0.17509384600000288,2.866615217000003,0.0052783130000051415,0.003294944000003852,0.0052704030000043645,3.747331541000001,0.17466275900000738,0.00529383200000666,1.6590672876712853e-05,0.000662070552745613,0.005746842356619866,-8.196965880806366e-06,0.00028652902185505064,0,healthy,healthy_001
37.0,0.46720343828201294,1.4790585917956902,0.9166666666666666,0.19995986499999674,5.001003576392774,0.0,0.0,0.0,1.5089952438597674,-0.5677590422950068,-0.03395961378459767,1.6082122856626656e-05,-5.146834790356259e-06,0.0006566682774337301,0.0008356302209859617,-0.06292717903836903,0.003068431017498325,-0.0033118656840153047,0.002386119744328611,1.4865611897287403,-0.5802032344523413,-0.0195467037436731,0.040495894319671155,0.09362150427315569,0.0961277614750468,0.2724371570507145,0.06673819610667146,-0.023075906979958663,-0.027660501307353695,0.009996945647521082,0.0,0.0,1.5089952438597674,-0.5677590422950068,-0.03395961378459767,0.17513398100000188,3.066615216999999,0.0010043509999988487,0.00303700799999973,0.000997435999998686,3.947331540999997,0.17091098000000216,0.001020490999998458,1.6082122856626656e-05,0.0006566682774337301,0.005697985428343915,-7.902508099193299e-06,0.00017896194355223162,0,healthy,healthy_001
37.2,0.4690078794956207,1.4787089188893636,0.9166666666666666,0.19965234200000026,5.008706584568884,0.0,0.0,0.0,1.5090016104929924,-0.5677594480967055,-0.033847518477085885,3.5652539531126295e-05,-1.304030968167761e-05,0.0006520403093739185,0.0008349494942860328,-0.07395044811204365,0.014290667899451001,-0.00266258124515034,0.0029970704219567388,1.4865611897287403,-0.5802032344523413,-0.0195467037436731,0.040495894319671155,0.09362150427315569,0.0961277614750468,0.2724371570507145,0.06673819610667146,-0.023075906979958663,-0.027660501307353695,0.009996945647521082,0.0,0.0,1.5090016104929924,-0.5677594480967055,-0.033847518477085885,0.17548163900000446,3.266615217000002,0.031072766000001195,0.003173270000004891,0.03106541200000379,4.147331541,0.16675168700000143,0.03109683400000307,3.5652539531126295e-05,0.0006520403093739185,0.005659651667107079,-7.979943495896829e-06,0.00018290918491211425,0,healthy,healthy_001
37.4,0.4835928976535797,1.4799410471410461,0.9166666666666666,0.20008284200000048,4.997929807494426,0.0,0.0,0.0,1.5090088216962647,-0.5677595366900743,-0.033714100358029096,2.0002318569963187e-05,-1.0327370793854105e-05,0.0006473530425975001,0.0007434292383619301,-0.0941984823435108,0.001772143574525187,-0.0025669951802575934,0.0030515376055838253,1.4865611897287403,-0.5802032344523413,-0.0195467037436731,0.040495894319671155,0.09362150427315569,0.0961277614750468,0.2724371570507145,0.06673819610667146,-0.023075906979958663,-0.027660501307353695,0.009996945647521082,0.0,0.0,1.5090088216962647,-0.5677595366900743,-0.033714100358029096,0.17539879699999972,3.4666152169999975,0.026201262000000725,0.0022530449999962343,0.026195936000000586,4.3473315409999955,0.16284910499999938,0.02621769999999657,2.0002318569963187e-05,0.0006473530425975001,0.005618532785841419,-7.833282325908477e-06,9.607619576443001e-05,0,healthy,healthy_001
37.6,0.47780174016952515,1.4796926244641795,0.9166666666666666,0.20107622000000447,4.973238506273779,0.0,0.0,0.0,1.5090162800998164,-0.5677599157690236,-0.033581593515255116,2.8667401043404593e-05,-1.1717851935313016e-05,0.000642069792526156,0.0004781596978321043,-0.09581178679977698,-0.0028512396322035475,-0.0025543478290578152,0.0030182695669698683,1.4865611897287403,-0.5802032344523413,-0.0195467037436731,0.040495894319671155,0.09362150427315569,0.0961277614750468,0.2724371570507145,0.06673819610667146,-0.023075906979958663,-0.027660501307353695,0.009996945647521082,0.0,0.0,1.5090162800998164,-0.5677599157690236,-0.033581593515255116,0.1743225769999981,3.6666152170000004,0.022430034999999293,0.002199660999998798,0.02239070000000254,4.547331540999998,0.15770213700000113,0.02240289299999887,2.8667401043404593e-05,0.000642069792526156,0.005572617396027683,-7.709710315900755e-06,0.00016391009469405172,0,healthy,healthy_001
37.800000000000004,0.4673471748828888,1.4785993710611807,0.9166666666666666,0.19975414599999652,5.006153914822962,0.0,0.0,0.0,1.5090234886226193,-0.5677600518264571,-0.03345020474093304,1.9723881277874624e-05,-8.484321020157089e-06,0.0006373908641931552,0.000722969055141125,-0.07098030764797479,-0.012131117838941552,-0.0025242012079749803,0.0030076399190491427,1.4865611897287403,-0.5802032344523413,-0.0195467037436731,0.040495894319671155,0.09362150427315569,0.0961277614750468,0.2724371570507145,0.06673819610667146,-0.023075906979958663,-0.027660501307353695,0.009996945647521082,0.0,0.0,1.5090234886226193,-0.5677600518264571,-0.03345020474093304,0.1745684310000044,3.866615217000003,0.018374977000007675,0.002466232000003288,0.018348461000002203,4.747331541000001,0.153567773000006,0.018352096000000984,1.9723881277874624e-05,0.0006373908641931552,0.005531841127024123,-7.591888316817618e-06,8.557819094796978e-05,0,healthy,healthy_001
38.0,0.4838090240955353,1.4788272472042026,0.9166666666666666,0.20031762600000036,4.992071940788667,0.0,0.0,0.0,1.5090309108023723,-0.5677605134045249,-0.033319693991859925,7.826109197570615e-06,-1.1242249290564518e-05,0.0006328592292474395,0.00041224978917270836,-0.03461043568474191,-0.017331505321764973,-0.0026755093078401054,0.0028153066533531113,1.4865611897287403,-0.5802032344523413,-0.0195467037436731,0.040495894319671155,0.09362150427315569,0.0961277614750468,0.2724371570507145,0.06673819610667146,-0.023075906979958663,-0.027660501307353695,0.009996945647521082,0.0,0.0,1.5090309108023723,-0.5677605134045249,-0.033319693991859925,0.1742508049999998,4.066615216999999,0.012953922000001228,0.0009748570000027712,0.012948778999998467,4.947331540999997,0.14924399499999907,0.012979753000003313,7.826109197570615e-06,0.0006328592292474395,0.005490815961193217,-7.532379155470426e-06,0.0002206094400747312,0,healthy,healthy_001
38.2,0.47749465703964233,1.4799831700144392,0.9166666666666666,0.2005771689999989,4.985612295684588,0.0,0.0,0.0,1.5090381356776414,-0.567760489505754,-0.033190443962944745,5.155141205456498e-06,-1.0959926623493218e-05,0.0006270246786331446,0.0005297498286646352,-0.027042374507288993,-0.015597258699175377,-0.003065415452734108,0.0023736252621948954,1.4865611897287403,-0.5802032344523413,-0.0195467037436731,0.040495894319671155,0.09362150427315569,0.0961277614750468,0.2724371570507145,0.06673819610667146,-0.023075906979958663,-0.027660501307353695,0.009996945647521082,0.0,0.0,1.5090381356776414,-0.567760489505754,-0.033190443962944745,0.17367363600000374,4.266615217000002,0.009345207000002631,0.0015163270000044804,0.009294996000001277,5.147331541,0.14467456600000617,0.00930979200000337,5.155141205456498e-06,0.0006270246786331446,0.005439040714929004,-7.276147557732281e-06,9.727484996850937e-05,0,healthy,healthy_001
38.400000000000006,0.4757455885410309,1.4801368004444875,0.9166666666666666,0.2003333939999976,4.991679020822719,0.0,0.0,0.0,1.5090455428506169,-0.567760939902523,-0.03306192202746224,4.83590729499496e-06,-9.809419988846612e-06,0.0006226353354572065,0.0008012448337876731,-0.05804007392296063,-0.006974728942503462,-0.0030461978354534474,0.0023543538880447528,1.4865611897287403,-0.5802032344523413,-0.0195467037436731,0.040495894319671155,0.09362150427315569,0.0961277614750468,0.2724371570507145,0.06673819610667146,-0.023075906979958663,-0.027660501307353695,0.009996945647521082,0.0,0.0,1.5090455428506169,-0.567760939902523,-0.03306192202746224,0.17334024200000897,4.466615217000005,0.005453155000004983,0.0010778420000079336,0.005445668000007231,5.347331541000003,0.14071269900000516,0.005467699000007542,4.83590729499496e-06,0.0006226353354572065,0.0054005517234982005,-7.171827717653334e-06,0.00017860949833046666,0,healthy,healthy_001
38.6,0.46529701352119446,1.4785334527492524,0.9166666666666666,0.19974346000000054,5.006421737162245,0.0,0.0,0.0,1.5090529396650234,-0.5677612342229567,-0.03293448213760325,1.860340490336054e-05,-1.1389589301833708e-05,0.0006178076610984739,0.0005436323027497539,-0.03999191839166989,0.03135139787036553,-0.0024381809195050197,0.002922789328379546,1.4865611897287403,-0.5802032344523413,-0.0195467037436731,0.040495894319671155,0.09362150427315569,0.0961277614750468,0.2724371570507145,0.06673819610667146,-0.023075906979958663,-0.027660501307353695,0.009996945647521082,0.0,0.0,1.5090529396650234,-0.5677612342229567,-0.03293448213760325,0.17359678200000417,4.666615217,0.0013638930000041682,0.0013715230000030942,0.0013433530000028782,5.547331540999998,0.17084125899999947,0.0013459190000020271,1.860340490336054e-05,0.0006178076610984739,0.005360970247884566,-7.126289172187901e-06,7.417535834871995e-05,0,healthy,healthy_001
38.800000000000004,0.4717002809047699,1.4795170613310553,0.9166666666666666,0.20025452700000557,4.993644912706379,0.0,0.0,0.0,1.5090588789551858,-0.5677613801774959,-0.03282907340089177,2.20323278787763e-05,-8.6784563343788e-06,0.0006134359115719001,0.0002519620119309084,-0.052145386131089565,-0.009975682106440533,-0.002987374297942478,0.002333527612884906,1.4865611897287403,-0.5802032344523413,-0.0195467037436731,0.040495894319671155,0.09362150427315569,0.0961277614750468,0.2724371570507145,0.06673819610667146,-0.023075906979958663,-0.027660501307353695,0.009996945647521082,0.0,0.0,1.5090588789551858,-0.5677613801774959,-0.03282907340089177,0.17334225500000144,4.866615217000003,0.030750455000003285,0.000747565000004613,0.030690570000004413,5.747331541000001,0.16716496300000472,0.03070078900000084,2.20323278787763e-05,0.0006134359115719001,0.005320901910827384,-6.971120414271433e-06,0.00036147389964099165,0,healthy,healthy_001
39.0,0.4763602018356323,1.47518401329611,0.9194444444444444,0.2002801519999977,4.993005996919812,0.0,0.0,0.0,1.5090664035108476,-0.5677615617166378,-0.032703497259260604,2.1663197983648944e-05,-9.086015039960231e-06,0.0006087235502295926,0.0006149699817248318,-0.10596935961516407,0.004226812063813624,-0.002968445447607764,0.002311531948710654,1.4865611897287403,-0.5802032344523413,-0.0195467037436731,0.040495894319671155,0.09362150427315569,0.0961277614750468,0.2724371570507145,0.06673819610667146,-0.023075906979958663,-0.027660501307353695,0.009996945647521082,0.0,0.0,1.5090664035108476,-0.5677615617166378,-0.032703497259260604,0.17306210299999947,5.066615216999999,0.02619144799999873,0.0005410830000016631,0.02612116099999895,5.947331540999997,0.1620687289999978,0.026126509000000908,2.1663197983648944e-05,0.0006087235502295926,0.005279977396318417,-6.861656490150044e-06,6.246431495239178e-06,0,healthy,healthy_001
39.2,0.4744865298271179,1.474887448315174,0.9194444444444444,0.20066177700000054,4.983510138056823,0.0,0.0,0.0,1.5090736215156724,-0.5677620378599155,-0.032578682099158096,3.2755801801424504e-05,-7.085702723678725e-06,0.0006046497788227347,0.0006176451700152249,-0.06096119790818048,0.0012418008323758119,-0.002470031079997415,0.0027759586020857634,1.4865611897287403,-0.5802032344523413,-0.0195467037436731,0.040495894319671155,0.09362150427315569,0.0961277614750468,0.2724371570507145,0.06673819610667146,-0.023075906979958663,-0.027660501307353695,0.009996945647521082,0.0,0.0,1.5090736215156724,-0.5677620378599155,-0.032578682099158096,0.17240032600000177,5.266615217000002,0.021519985000004738,0.004286181000004774,0.021515494000006186,6.147331541,0.15761730200000557,0.021534004000002938,3.2755801801424504e-05,0.0006046497788227347,0.0052459896820831785,-6.8567040239380126e-06,1.2995391192490205e-05,0,healthy,healthy_001
39.400000000000006,0.47026482224464417,1.4751872437418048,0.9194444444444444,0.2010825859999983,4.973081060336117,0.21999999999999997,0.0,0.48,1.5124502065695549,-0.5678717917651336,-0.03259011444609309,0.06759171224756093,-9.994398643341142e-06,-0.002451814029682575,-0.0027586671222696872,0.08198166074198958,-0.006778874046298791,2.058524341742371,2.0372594634360817,1.4865611897287403,-0.5802032344523413,-0.0195467037436731,0.040495894319671155,0.09362150427315569,0.0961277614750468,0.2724371570507145,0.06673819610667146,-0.023075906979958663,-0.027660501307353695,0.009996945647521082,0.0,0.0,1.5124502065695549,-0.5678717917651336,-0.03259011444609309,0.17131774000000632,0.015871304000008024,0.01741525500000307,0.0042691000000090185,0.017407508000005123,6.347331541000003,0.1528539990000084,0.017432697000003827,0.15240828775243903,0.48245181402968257,0.021264878306289425,4.193748195928176,0.0003068530925871122,1,healthy,healthy_001
39.6,0.4778776466846466,1.483725790440856,0.9194444444444444,0.20024213800000012,4.99395386998914,0.20842105263157892,0.0,0.8974358974358978,1.541664885806602,-0.5685915166565966,0.003028712191270366,0.16647472676808417,-0.00017486908258098298,0.5785841439712945,0.6304993896891551,0.21256050340148988,0.060269219111526995,2.5692764551824623,7.583741591294298,1.4865611897287403,-0.5802032344523413,-0.0195467037436731,0.040495894319671155,0.09362150427315569,0.0961277614750468,0.2724371570507145,0.06673819610667146,-0.023075906979958663,-0.027660501307353695,0.009996945647521082,0.0,0.0,1.541664885806602,-0.5685915166565966,0.003028712191270366,0.17107560200000194,0.015749830000004295,0.013375678999999252,0.004329376000001162,0.013311108000003458,6.547331540999998,0.14878428500000496,0.013323769000002983,0.041946325863494754,0.31885175346460326,5.014465136111836,19.48472871270042,0.05191524571786055,1,healthy,healthy_001
39.800000000000004,0.4930533468723297,1.4764799090948972,0.9166666666666666,0.20024402700000365,4.993906759575814,0.21999999999999997,0.0,0.8461538461538465,1.5812743090670067,-0.5652183553345379,0.17478834308520858,0.19526305799226032,4.001583893539773e-05,0.8522663129523637,0.8488929154384521,4.390165048805046,0.07820788761482692,2.242209046490802,9.684161937835754,1.4865611897287403,-0.5802032344523413,-0.0195467037436731,0.040495894319671155,0.09362150427315569,0.0961277614750468,0.2724371570507145,0.06673819610667146,-0.023075906979958663,-0.027660501307353695,0.009996945647521082,0.0,0.0,1.5812743090670067,-0.5652183553345379,0.17478834308520858,0.17083157500000112,0.015863458000005437,0.008893204000003152,0.0036297650000065573,0.008889645000003554,6.747331541000001,0.14409039400000268,0.00891515900000428,0.024736942007739654,0.00611246679851718,7.441952891344951,21.713915504697223,0.0033733975139115246,1,healthy,healthy_001
40.0,0.5229979753494263,1.4849360569151575,0.9277777777777778,0.19955249899999927,5.011212613278292,0.20842105263157892,0.0,0.7948717948717952,1.6242616686192586,-0.5537301797618542,0.34613763278258136,0.2185443158057753,4.1609309762769e-05,0.8409374705871288,0.839788164884399,-1.0765744822043828,0.30628268550542215,2.993790462272638,10.333849247721966,1.5659229152431509,-0.5664330714057713,0.22002292639606655,0.03848338570926302,0.08883202045288602,0.0876539115650829,0.08054750689471257,0.23956963013973964,-0.03096265236626605,-0.025165689369328052,0.014075846028053325,0.00827193081417852,0.004078900380532243,1.6242616686192586,-0.5537301797618542,0.34613763278258136,0.1712790759999976,0.015714819999999463,0.0041613940000004845,0.0035133880000017825,0.004150396000000001,0.13605329500000352,0.1360600790000035,0.004185008000000323,0.010123263174196373,0.0460656757153336,7.340058785449328,30.9373793163933,0.0011493057027297526,1,healthy,healthy_001
40.2,0.5484062433242798,1.474317510982594,0.9222222222222223,0.20162030299999856,4.959817960396613,0.20842105263157892,0.0,0.7435897435897438,1.6637145720097635,-0.5356369515718563,0.5085314585081432,0.21875306558185664,2.0257257190139932e-05,0.7883291353486876,0.7880781532386175,-0.053721911503274516,0.16838229620659884,3.224226536011396,10.10494772587482,1.5659229152431509,-0.5664330714057713,0.22002292639606655,0.03848338570926302,0.08883202045288602,0.0876539115650829,0.08054750689471257,0.23956963013973964,-0.03096265236626605,-0.025165689369328052,0.014075846028053325,0.0,0.0,1.6637145720097635,-0.5356369515718563,0.5085314585081432,0.16965877300000187,0.015691680000003316,0.00023305500000248003,0.002947693999999501,0.000229814000000772,0.33605329500000636,0.16908520400000526,0.00024278100000429959,0.01033201295027772,0.044739391758943814,6.880721189863425,32.580640602773606,0.0002509821100701304,1,healthy,healthy_001
40.400000000000006,0.5797090530395508,1.4662325677554773,0.9194444444444444,0.1994923970000002,5.012722364552063,0.21999999999999997,0.0,0.7435897435897438,1.6939729194873658,-0.5160641219494916,0.6356373943365571,0.21880326013185836,-0.00019932865849889292,0.7355159894396947,0.7370103983851267,-0.07798899762392811,0.16257968314814997,3.451973243802252,9.871579174473801,1.6464866741163253,-0.5250449773725875,0.5582993828652804,0.04151448989731632,0.0892418937921236,0.06981556265313842,0.09057313934867588,0.33827645646921384,-0.03636769628446891,-0.03833972317233551,0.027412880356656278,0.014239721429876532,0.013337034328602953,1.6939729194873658,-0.5160641219494916,0.6356373943365571,0.1701663760000045,0.015625052000004302,0.030202685000006113,0.003272084000002451,0.03014842500000725,0.16161667800000856,0.16163448600000407,0.0301540880000033,0.0011967398681416164,0.008073754150049184,6.419605930671549,34.07642718435908,0.0014944089454320686,1,healthy,healthy_001
40.6,0.6102840900421143,1.453881395367337,0.9194444444444444,0.2001752219999986,4.995623284484266,0.21999999999999997,0.0,0.6410256410256412,1.7271225517793918,-0.4876556711491344,0.7835961443197534,0.20629846943703706,-0.00028639858906177873,0.6898410609806143,0.6888268461430177,-0.06562882140025222,0.13984335264422665,3.302504406334039,9.323653856257595,1.6464866741163253,-0.5250449773725875,0.5582993828652804,0.04151448989731632,0.0892418937921236,0.06981556265313842,0.09057313934867588,0.33827645646921384,-0.03636769628446891,-0.03833972317233551,0.027412880356656278,0.0,0.0,1.7271225517793918,-0.4876556711491344,0.7835961443197534,0.16999115400000164,0.01583547599999946,0.026025662999998644,0.0028858330000005594,0.026021419999999296,0.3616166780000043,0.16174828000000474,0.026048391999999865,0.013701530562962916,0.04881541995497307,6.021149449923556,30.791407943424062,0.001014214837596561,1,healthy,healthy_001
40.800000000000004,0.6383219361305237,1.439594212636397,0.9138888888888889,0.20007462699999934,4.998135020888997,0.21999999999999997,0.0,0.5897435897435899,1.756177657755557,-0.4545346475773245,0.9164652744040852,0.21802975551449438,-0.0009159243862891381,0.6369368979779099,0.6366815175694293,-0.03421559342410237,0.15952165430160214,3.8735058368229667,9.43471827322574,1.7080348502139058,-0.48192244642680415,0.8303076978361137,0.02833730693411418,0.08549127620153416,0.05505790201122977,0.07515138492475582,0.27200831497083333,-0.031342656404553755,-0.01783294348682977,0.00868589756310882,0.021113480027333455,0.01872698279354746,1.756177657755557,-0.4545346475773245,0.9164652744040852,0.16991652700000515,0.015592871000002617,0.021139829000006216,0.0020143470000064667,0.021135551000007524,0.1545900830000022,0.15456375700000535,0.021149280000003046,0.00197024448550559,0.04719330823432,5.561212436402775,36.54543630012021,0.00025538040848060994,1,healthy,healthy_001
41.0,0.6439699530601501,1.426425226626952,0.9055555555555556,0.20075883799999872,4.981100757317625,0.20842105263157892,0.0,0.5384615384615385,1.7811227847316282,-0.4174692800453216,1.03997132538446,0.219084426821468,-0.0004396587582806144,0.5860993086946873,0.5855704229763486,-0.06953843837962695,0.11649450830777056,4.107039737249995,9.222805947086382,1.7080348502139058,-0.48192244642680415,0.8303076978361137,0.02833730693411418,0.08549127620153416,0.05505790201122977,0.07515138492475582,0.27200831497083333,-0.031342656404553755,-0.01783294348682977,0.00868589756310882,0.0,0.0,1.7811227847316282,-0.4174692800453216,1.03997132538446,0.16915768900000216,0.015747111000003144,0.0170961829999996,0.0022301179999999476,0.01709219800000028,0.35459008299999795,0.15257402000000297,0.017125235999998267,0.01066337418988908,0.047637770233148746,5.115766209836387,37.87843051362934,0.0005288857183386453,1,healthy,healthy_001
41.2,0.6309639811515808,1.3729452453319382,0.8833333333333333,0.19974487700000054,5.0063862213597465,0.20842105263157892,0.0,0.4871794871794873,1.8011728767428057,-0.3783522392617245,1.1517667158413054,0.21925605234821868,-0.00023164555612772975,0.4931068993437571,0.49307926193284457,-0.09996150478222014,0.06957752850241646,4.513990263065896,8.820181512447187,1.7667542028666754,-0.3966784558616472,1.0770016807313583,0.02561110991712079,0.08773704542310082,0.04684242316046626,0.10351087046022216,0.24669398289524458,-0.023180556575162495,-0.005075244343059946,0.009544538690852995,0.01514525539790908,0.0008586411277441749,1.8011728767428057,-0.3783522392617245,1.1517667158413054,0.16941281200000446,0.015898603000003675,0.013243285000001492,0.0023770870000063837,0.013205107000004546,0.144840741000003,0.14486400100000196,0.013217994000001454,0.01083499971663976,0.005927412164269841,4.306191249381291,39.81421346566043,2.7637410912551008e-05,1,healthy,healthy_001
41.400000000000006,0.6413481831550598,1.3596970583738213,0.8805555555555555,0.19994902999999908,5.001274574825417,0.21999999999999997,0.0,0.38461538461538475,1.816930059517607,-0.33772018620157146,1.248290811617093,0.2192991711457337,-0.0002474553772555954,0.4383802588629898,0.4303909859483182,-0.051390969204196224,0.10859430167277608,4.752989471063644,8.58079704296219,1.7667542028666754,-0.3966784558616472,1.0770016807313583,0.02561110991712079,0.08773704542310082,0.04684242316046626,0.10351087046022216,0.24669398289524458,-0.023180556575162495,-0.005075244343059946,0.009544538690852995,0.0,0.0,1.816930059517607,-0.33772018620157146,1.248290811617093,0.16946378200000822,0.01588587900000249,0.008075998000002471,0.000752687000009189,0.008071762000007254,0.34484074100000583,0.14478305800000868,0.008096757000004118,0.0007008288542662833,0.053764874247605066,3.827807571898547,40.78443799853334,0.007989272914671608,1,healthy,healthy_001
41.6,0.6338168382644653,1.3537696144490872,0.8833333333333333,0.20168973700000237,4.958110486305945,0.21999999999999997,0.0,0.38461538461538475,1.829081669678994,-0.2958577857475431,1.330203975225901,0.20772440517775695,-0.000365734050970859,0.3880219987211242,0.39079339555792975,1.9988327843159495,0.10341181945315017,4.620606996566341,8.009057105435817,1.7667542028666754,-0.3966784558616472,1.0770016807313583,0.02561110991712079,0.08773704542310082,0.04684242316046626,0.10351087046022216,0.24669398289524458,-0.023180556575162495,-0.005075244343059946,0.009544538690852995,0.0,0.0,1.829081669678994,-0.2958577857475431,1.330203975225901,0.1677740450000016,0.01581497500000495,0.004324326000002543,0.0013988390000037043,0.004318574999999214,0.5448407410000016,0.13942694200000005,0.004338318000002062,0.012275594822243024,0.0034066141057394472,3.388450108869476,37.0067052972761,0.002771396836805551,1,healthy,healthy_001
41.800000000000004,0.6019525527954102,1.351564189296531,0.8861111111111111,0.19939534299999906,5.015162264847905,0.21999999999999997,0.0,0.2820512820512822,1.8366242080123354,-0.26010323454200496,1.3965431446576377,0.2077923255531719,-0.0001455116963622674,0.3543182321650885,0.34091076390053926,-0.04787974830916869,0.10525312004794245,4.766446109464285,7.864940830143623,1.8117415055089852,-0.2929247152779505,1.3643606989825214,0.019695333145154592,0.06715550595589453,0.049446042212719,0.11308711723330736,0.28735901825116317,-0.02452688450693174,-0.041264285600056926,0.02004985603867095,0.036214076075477775,0.010505317347817955,1.8366242080123354,-0.26010323454200496,1.3965431446576377,0.16837870200000538,0.015922161000005985,0.03405635200000745,0.0006821620000039275,0.03404556600000319,0.13349782800000298,0.13347889600000684,0.03407677100000228,0.012207674446828076,0.0722669501138063,3.098494720679338,37.487816621004875,0.01340746826454925,1,healthy,healthy_001
42.0,0.5698635578155518,1.3616662062704563,0.8888888888888888,0.20116490899999917,4.971045919345725,0.21999999999999997,0.0,0.23076923076923095,1.8427839757684747,-0.216916496224238,1.4606417053929823,0.2078561852805329,-6.0172554879375784e-05,0.2932591812634033,0.2883561197694461,-0.06051774753851302,0.04303467585447068,5.034151513181343,7.595900843586222,1.8117415055089852,-0.2929247152779505,1.3643606989825214,0.019695333145154592,0.06715550595589453,0.049446042212719,0.11308711723330736,0.28735901825116317,-0.02452688450693174,-0.041264285600056926,0.02004985603867095,0.0,0.0,1.8427839757684747,-0.216916496224238,1.4606417053929823,0.16721379300000194,0.01571746399999796,0.029262836000000902,0.0003160079999986465,0.029255143000000317,0.3334978279999987,0.16548656599999845,0.02927724199999915,0.012143814719467072,0.06248995049417233,2.5617493304048784,38.23891572571502,0.004903061493957195,1,healthy,healthy_001
42.2,0.5377286672592163,1.3417987902959188,0.875,0.1998755689999996,5.003112711589089,0.21999999999999997,0.0,0.17948717948717968,1.8463966211253762,-0.17341775275101814,1.5135169105649322,0.2079866901533384,-5.8212427538175196e-05,0.23748411828205596,0.23515506122940197,-0.05187198771202772,0.05542669537254158,5.278320277047734,7.352577618488125,1.8117415055089852,-0.2929247152779505,1.3643606989825214,0.019695333145154592,0.06715550595589453,0.049446042212719,0.11308711723330736,0.28735901825116317,-0.02452688450693174,-0.041264285600056926,0.02004985603867095,0.0,0.0,1.8463966211253762,-0.17341775275101814,1.5135169105649322,0.1673382240000052,0.015922639999999433,0.025087634000001913,0.0047723370000056775,0.02508060600000306,0.5334978280000016,0.16113629700000587,0.025120826000005536,0.012013309846661574,0.057996938794876274,2.074257341440391,38.809259532233206,0.0023290570526539878,1,healthy,healthy_001
42.400000000000006,0.5271900296211243,1.3513909902921908,0.8722222222222222,0.20022183500000068,4.994460269530527,0.21999999999999997,0.0,0.12820512820512842,1.8479663943346303,-0.12976431281982664,1.553061120344402,0.2081661960531356,-4.820718090993046e-05,0.14067756858292593,0.13651865727652276,-0.04825106849836657,0.025591827383211953,5.70008073699644,6.931227583743115,1.8117415055089852,-0.2929247152779505,1.3643606989825214,0.019695333145154592,0.06715550595589453,0.049446042212719,0.11308711723330736,0.28735901825116317,-0.02452688450693174,-0.041264285600056926,0.02004985603867095,0.0,0.0,1.8479663943346303,-0.12976431281982664,1.553061120344402,0.16711638900000736,0.015504323000008924,0.0214619830000089,0.005213908000008871,0.02142330200000231,0.7334978280000044,0.15693992000000634,0.02142755700000265,0.011833803946864369,0.012472440377797517,1.2311468467466753,39.50855683383251,0.004158911306403168,1,healthy,healthy_001
42.6,0.49798548221588135,1.3558209272706585,0.8722222222222222,0.1997610949999995,5.005979767982361,0.20842105263157892,0.0,0.12820512820512842,1.8481474406960454,-0.08531081556161782,1.5814053043272858,0.21970324912630582,-6.629471377566937e-05,0.16838483548392075,0.17129046240062354,-0.08437997591261968,0.013589940136988707,5.9325467607519675,7.399787264258877,1.8331968551049507,-0.13682543284160806,1.5706829548437145,0.018766688586630664,0.07879178303581541,0.05047491740818082,0.15756686835571146,0.20632225586119302,-0.016065054004214697,-0.03764390258943382,0.010477494006397123,0.009203789904181916,0.009572362032273827,1.8481474406960454,-0.08531081556161782,1.5814053043272858,0.1673552940000036,0.01588747800000334,0.017319741000001443,0.00021028000000455904,0.0173089370000028,0.1504450879999979,0.15047454999999843,0.0173435330000018,0.011282196494726893,0.04017970727879233,1.4672405035069094,43.899583964832665,0.0029056269167027915,1,healthy,healthy_001
42.800000000000004,0.48684918880462646,1.3714024674171095,0.8722222222222222,0.20014309400000485,4.996425207656557,0.21999999999999997,0.0,0.17948717948717968,1.8470223513812858,-0.041225193811324994,1.611194361130725,0.2196776388990475,-6.593153447882402e-05,0.16802110916738489,0.16951562193998895,-0.06290766408818578,0.0182329904019423,5.934093673369379,7.398373380560966,1.8331968551049507,-0.13682543284160806,1.5706829548437145,0.018766688586630664,0.07879178303581541,0.05047491740818082,0.15756686835571146,0.20632225586119302,-0.016065054004214697,-0.03764390258943382,0.010477494006397123,0.0,0.0,1.8470223513812858,-0.041225193811324994,1.611194361130725,0.1672122000000016,0.01579460200000682,0.01334246700000108,0.005126118000006841,0.012981732000007185,0.35044508800000074,0.14898368600000111,0.013352572000002283,0.00032236110095246184,0.011466070319794797,1.4642797071915874,43.90264067081125,0.0014945127726040675,1,healthy,healthy_001
43.0,0.4831759035587311,1.376709912113751,0.8777777777777778,0.19993623199999888,5.001594708456873,0.21999999999999997,0.0,0.23076923076923095,1.8444293626461081,0.0035153535852722314,1.646753336847314,0.21968766995826453,-7.393667217221733e-05,0.17521834138616735,0.17965119922780978,-0.07166967060232714,0.04784041392848677,5.901884123578935,7.431290432034319,1.8331968551049507,-0.13682543284160806,1.5706829548437145,0.018766688586630664,0.07879178303581541,0.05047491740818082,0.15756686835571146,0.20632225586119302,-0.016065054004214697,-0.03764390258943382,0.010477494006397123,0.0,0.0,1.8444293626461081,0.0035153535852722314,1.646753336847314,0.16727596799999844,0.016005534000001376,0.009163348000001292,0.004956163000002789,0.009145291000002942,0.5504450879999965,0.1450424419999976,0.009149133000001086,0.000312330041735448,0.0555508893830636,1.5294063084553837,43.858615018527395,0.004432857841642435,1,healthy,healthy_001
43.2,0.459448903799057,1.3775184016310453,0.8805555555555555,0.20088236299999807,4.978037818083659,0.21999999999999997,0.0,0.17948717948717968,1.8402667786205258,0.046985679430126194,1.6849147161938363,0.208096519268082,-7.470095469605184e-05,0.16875219596860525,0.16856275104483165,-0.068988090359349,0.04402431724709296,5.579459125699123,7.0510932664748,1.8331968551049507,-0.13682543284160806,1.5706829548437145,0.018766688586630664,0.07879178303581541,0.05047491740818082,0.15756686835571146,0.20632225586119302,-0.016065054004214697,-0.03764390258943382,0.010477494006397123,0.0,0.0,1.8402667786205258,0.046985679430126194,1.6849147161938363,0.16639360500000322,0.015752456000001303,0.004206908000000453,0.004149914000002752,0.0041438659999997185,0.7504450879999993,0.13976762000000065,0.004157879000004527,0.011903480731917965,0.010734983518574437,1.4716341407756772,39.34128667178846,0.00018944492377359623,1,healthy,healthy_001
43.400000000000006,0.47819653153419495,1.384834334959367,0.8805555555555555,0.19983058199999704,5.004239040849187,0.21999999999999997,0.0,0.38461538461538475,1.8355301212070965,0.08404858570683461,1.713743705075298,0.21960243299738724,-4.825201020292394e-05,0.21738962842216683,0.22401091795699077,-0.06562595553266053,0.06991299660453466,5.718701052404991,7.612922220003793,1.8331968551049507,-0.13682543284160806,1.5706829548437145,0.018766688586630664,0.07879178303581541,0.05047491740818082,0.15756686835571146,0.20632225586119302,-0.016065054004214697,-0.03764390258943382,0.010477494006397123,0.0,0.0,1.8355301212070965,0.08404858570683461,1.713743705075298,0.16656302300000903,0.015926295000006974,0.03315144900000888,0.0032267220000079533,0.03314323200000757,0.9504450880000022,0.13537925900000403,0.03318277800000402,0.0003975670026127309,0.16722575619321792,1.8942211675988023,43.53602631141303,0.0066212895348239376,1,healthy,healthy_001
43.6,0.48563656210899353,1.3863879308715603,0.8805555555555555,0.2008958900000053,4.97770262995412,0.21999999999999997,0.0,0.435897435897436,1.8279026308898876,0.12818621877548952,1.7792738267957344,0.2192293722640871,-0.00010646396085605553,0.42982779614434014,0.4316213953696308,-0.06336531778156505,0.09082464891284506,4.790615405110468,8.541060916306499,1.8331968551049507,-0.13682543284160806,1.5706829548437145,0.018766688586630664,0.07879178303581541,0.05047491740818082,0.15756686835571146,0.20632225586119302,-0.016065054004214697,-0.03764390258943382,0.010477494006397123,0.0,0.0,1.8279026308898876,0.12818621877548952,1.7792738267957344,0.16566713299999947,0.015886471999998264,0.02916490300000163,0.0030582580000029225,0.029153071999999725,1.150445087999998,0.16508490100000017,0.029191701000002013,0.0007706277359128821,0.006069639753095879,3.7504455111960313,40.916938001644844,0.001793599225290654,1,healthy,healthy_001
43.800000000000004,0.4890509247779846,1.3721307954644855,0.8777777777777778,0.20137771099999924,4.965792862746383,0.21999999999999997,0.0,0.3333333333333335,1.8167369323226172,0.17149013383778472,1.8649154671441834,0.21940718328181358,-0.0003224369165642574,0.34947329081676204,0.3420000134149399,-0.022537150977624397,0.11855520897034003,5.135718723949228,8.196241226547812,1.808493071810505,0.1231503269133593,1.8336680124897682,0.02256877938100077,0.07227927749445959,0.05766101240455505,0.26114684100948155,0.26298505764605373,-0.01187468768431431,-0.06744112229825258,0.0267597661760066,0.03009042160340351,0.016282272169609476,1.8167369323226172,0.17149013383778472,1.8649154671441834,0.16428942200000307,0.015933438000004685,0.025258110000002887,0.003193723000002535,0.0252493060000063,0.15899284600000385,0.15900749900000477,0.02528617700000524,0.0005928167181863953,0.016139957483428558,3.060522502598584,42.09358953318619,0.0074732774018221315,1,healthy,healthy_001
44.0,0.5025517344474792,1.3866625967838035,0.8805555555555555,0.19887628200000051,5.028251684632748,0.21999999999999997,0.0,0.435897435897436,1.8022760599785703,0.2138448024609896,1.936148058244308,0.21933423206967007,-0.00011052904596209334,0.40474671336833085,0.4146473352854897,-0.05985815240110975,0.09294923458166172,4.9029732696364094,8.429003022236298,1.808493071810505,0.1231503269133593,1.8336680124897682,0.02256877938100077,0.07227927749445959,0.05766101240455505,0.26114684100948155,0.26298505764605373,-0.01187468768431431,-0.06744112229825258,0.0267597661760066,0.0,0.0,1.8022760599785703,0.2138448024609896,1.936148058244308,0.1654131399999983,0.016002317000001653,0.021159115999999756,0.0030583180000007815,0.021155929000002516,0.3589928459999996,0.15664190500000075,0.021168611999996756,0.000665767930329908,0.031150722529105168,3.5260297525998885,41.327176507709076,0.009900621917158847,1,healthy,healthy_001
44.2,0.520169734954834,1.366994251839269,0.8694444444444445,0.20063283300000023,4.984229076803191,0.20842105263157892,0.0,0.435897435897436,1.7845012993604694,0.2548855585902393,2.0235203809051896,0.21925364983045348,-0.00017456185413289305,0.43452339166446435,0.4348513332855511,-0.06301636772584879,0.04692939310641016,4.767713984555717,8.560234199197804,1.808493071810505,0.1231503269133593,1.8336680124897682,0.02256877938100077,0.07227927749445959,0.05766101240455505,0.26114684100948155,0.26298505764605373,-0.01187468768431431,-0.06744112229825258,0.0267597661760066,0.0,0.0,1.7845012993604694,0.2548855585902393,2.0235203809051896,0.1647803070000009,0.016023029000002964,0.017212800000002915,0.00294654300000019,0.017205031999999676,0.5589928460000024,0.15255382400000173,0.017229374999999436,0.010832597198874555,0.0013740442329716607,3.7925202146420878,40.81274830258748,0.00032794162108673586,1,healthy,healthy_001
44.400000000000006,0.552894115447998,1.3787742122771247,0.875,0.19928542699999952,5.017928380683864,0.20842105263157892,0.0,0.435897435897436,1.763537377951836,0.2935175044432915,2.1136409761122894,0.21928867761453058,-0.00011529920777943181,0.4759104128084115,0.46678941546967356,-0.166741307501025,0.07065155336927806,4.589508712945489,8.74141215785022,1.7734792648036266,0.2377393538886614,2.057569126713595,0.020761450384696012,0.06346524645549738,0.048372338731095345,0.11981907938329957,0.22390111422382697,-0.0027977145658695207,-0.048321742080759705,0.01203344792780603,0.021164643651477508,0.014726318248200568,1.763537377951836,0.2935175044432915,2.1136409761122894,0.16549488000000423,0.01580295400000864,0.013179327000003127,0.0031382420000056754,0.013174082000006138,0.14703177400000556,0.14705130500000507,0.013207342000008282,0.010867624982951657,0.040012976910975495,4.151903444904732,40.11878726190121,0.009120997338737946,1,healthy,healthy_001
44.6,0.5698241591453552,1.3837299847377922,0.8833333333333333,0.2004970549999996,4.987604431396771,0.20842105263157892,0.0,0.435897435897436,1.7393415450313552,0.32975323708235654,2.2034272694408945,0.21938777773183893,-0.00012419529593479806,0.4329833149832767,0.4319529230941301,-1.3162641257103955,0.08160655083802147,4.776268989567099,8.555208927528492,1.7734792648036266,0.2377393538886614,2.057569126713595,0.020761450384696012,0.06346524645549738,0.048372338731095345,0.11981907938329957,0.22390111422382697,-0.0027977145658695207,-0.048321742080759705,0.01203344792780603,0.0,0.0,1.7393415450313552,0.32975323708235654,2.2034272694408945,0.16499782500000038,0.016009322999998687,0.008156759999998542,0.0021270340000043575,0.00814475399999992,0.3470317740000013,0.14489495200000135,0.008186624000003917,0.010966725100260005,0.002914120914159324,3.7789399379613924,40.86197909982194,0.001030391889146609,1,healthy,healthy_001
44.800000000000004,0.5621222257614136,1.3790669055655598,0.8888888888888888,0.20086546699999985,4.978456550722084,0.21999999999999997,0.0,0.435897435897436,1.7128774358980734,0.3627591548640626,2.2908161306393104,0.20709885983060383,-0.00017299500716243255,0.4293028980506891,0.42887167384617636,1.9034519807042285,0.06086475686000681,4.440293631637686,8.188024888398145,1.7734792648036266,0.2377393538886614,2.057569126713595,0.020761450384696012,0.06346524645549738,0.048372338731095345,0.11981907938329957,0.22390111422382697,-0.0027977145658695207,-0.048321742080759705,0.01203344792780603,0.0,0.0,1.7128774358980734,0.3627591548640626,2.2908161306393104,0.16413235800000336,0.016006028000006722,0.004231862000004583,0.002096696000002396,0.00417142100000234,0.5470317740000041,0.13967024300000475,0.004183481000005429,0.012901140169396141,0.006594537846746906,3.747731256760459,36.35723476764515,0.0004312242045127479,1,healthy,healthy_001
45.0,0.5657603740692139,1.391137232258916,0.8888888888888888,0.20047112700000014,4.988249504877574,0.21999999999999997,0.0,0.435897435897436,1.6828606543184996,0.3941701390683057,2.3781032422535757,0.20711384313996783,-0.00010880478191443999,0.43101124365318433,0.4312782436656483,-0.058501303502447616,0.0995066526599042,4.433691551575058,8.195341810800906,1.7066796510836966,0.3537005382991698,2.3205117166892015,0.021642569835658598,0.05777936950431978,0.04997058888748425,0.13382520197264713,0.2629425899756064,0.004430911962459065,-0.037177440060458374,0.012690841410193606,0.013283392225096275,0.0006573934823875751,1.6828606543184996,0.3941701390683057,2.3781032422535757,0.16366123099999896,0.0159014070000012,0.00033348699999891096,0.0021646699999990915,0.00032404400000274336,0.1327308770000002,0.132752607999997,0.0003540209999997046,0.012886156860032139,0.004886192244251686,3.7616502592258483,36.33561774881782,0.0002670000124639915,1,healthy,healthy_001
45.2,0.5499312281608582,1.406777182843455,0.8916666666666667,0.20007997900000163,4.998001324260394,0.19684210526315787,0.0,0.38461538461538475,1.6556670763955084,0.4183977623426122,2.4493116904258527,0.20726991655607035,-6.248903480622625e-05,0.3865398045155111,0.38344542898473427,-0.07463429137349795,0.06285461667185047,4.626752195347079,8.002242762887768,1.7066796510836966,0.3537005382991698,2.3205117166892015,0.021642569835658598,0.05777936950431978,0.04997058888748425,0.13382520197264713,0.2629425899756064,0.004430911962459065,-0.037177440060458374,0.012690841410193606,0.0,0.0,1.6556670763955084,0.4183977623426122,2.4493116904258527,0.16358125200000018,0.01599545700000249,0.030165515000000198,0.00202827400000416,0.03015849200000531,0.33273087700000303,0.13199060100000537,0.03018244600000486,0.010427811292912481,0.0019244199001263729,3.375490567540689,37.02439427089125,0.0030943755307768495,1,healthy,healthy_001
45.400000000000006,0.5524652600288391,1.4631297005022443,0.9111111111111111,0.200271218999994,4.993228707516031,0.20842105263157892,0.0,0.38461538461538475,1.6223460290551104,0.4438885796168025,2.5288550886360155,0.21941723457857132,-0.00030778496535158184,0.41986063522079864,0.4248659998826502,-0.10028499078058484,0.05838997129765672,4.835660480484472,8.497533283288583,1.7066796510836966,0.3537005382991698,2.3205117166892015,0.021642569835658598,0.05777936950431978,0.04997058888748425,0.13382520197264713,0.2629425899756064,0.004430911962459065,-0.037177440060458374,0.012690841410193606,0.0,0.0,1.6223460290551104,0.4438885796168025,2.5288550886360155,0.16331003300000901,0.01617257200000921,0.025212609000007546,0.0011387020000057646,0.025207693000005804,0.5327308770000059,0.16108649100000605,0.025229117000009182,0.010996181946992395,0.03524525060541389,3.661872802804111,41.091185879600054,0.005005364661851586,1,healthy,healthy_001
45.6,0.5394561886787415,1.4666486386107818,0.9138888888888889,0.19987539600000304,5.003117041979418,0.20842105263157892,0.0,0.38461538461538475,1.5856723486884752,0.467491088381053,2.610705178620329,0.2194531513268136,-0.0002734254422776805,0.38453761538219705,0.3835205305958641,-0.04408125796117799,0.08630119049185883,4.988298542603039,8.344937711902666,1.6124044074744694,0.4296592851499771,2.550139027483029,0.021573234715373424,0.05671941216182333,0.04673039719001964,0.1210683805984211,0.22962731079382737,-0.0011152782165756922,-0.014562694626833397,-0.004362902171207514,0.02328490791327471,0.01705374358140112,1.5856723486884752,0.467491088381053,2.610705178620329,0.16343463700000171,0.01596495999999803,0.02121486600000111,0.0012765640000012013,0.02120897800000421,0.15468392400000397,0.15469954000000286,0.021236074000000826,0.011032098695234666,7.776923318769668e-05,3.356639169299627,41.62704062639721,0.0010170847863329446,1,healthy,healthy_001
45.800000000000004,0.5270931124687195,1.4880440379197504,0.9194444444444444,0.20026223200000004,4.993452784447143,0.21999999999999997,0.0,0.3333333333333335,1.547245811701328,0.4881278025363327,2.6873417548590797,0.21949340571994663,-0.00023500071285188773,0.3443560557736968,0.34039428538321476,-0.04117220025532716,0.11573251454132308,5.16251554254951,8.170816145799506,1.6124044074744694,0.4296592851499771,2.550139027483029,0.021573234715373424,0.05671941216182333,0.04673039719001964,0.1210683805984211,0.22962731079382737,-0.0011152782165756922,-0.014562694626833397,-0.004362902171207514,0.0,0.0,1.547245811701328,0.4881278025363327,2.6873417548590797,0.16317240500000452,0.016112152000005153,0.017207775000002812,0.0010512700000049335,0.01719627700000359,0.3546839240000068,0.15247342800000752,0.017321249000005423,0.0005065942800533407,0.011022722440363342,3.008300603249996,42.18196534800443,0.003961770390482067,1,healthy,healthy_001
46.0,0.5224211812019348,1.5053309066159588,0.925,0.19996245200000118,5.0009388762646,0.21999999999999997,0.0,0.3333333333333335,1.5074376245813934,0.5059713516388069,2.755564950986494,0.20789654997398038,-0.0002657639138705925,0.33136069438662535,0.332447685698313,0.019210464940005535,0.05900045133432717,4.869794228853991,7.761993936260815,1.6124044074744694,0.4296592851499771,2.550139027483029,0.021573234715373424,0.05671941216182333,0.04673039719001964,0.1210683805984211,0.22962731079382737,-0.0011152782165756922,-0.014562694626833397,-0.004362902171207514,0.0,0.0,1.5074376245813934,0.5059713516388069,2.755564950986494,0.16320995299999908,0.016082687000000817,0.01329427400000327,0.0009664000000029205,0.013240459000002147,0.5546839240000025,0.14903814499999868,0.013246571999999901,0.012103450026019591,0.0019726389467081273,2.8921997074068244,37.799313275202586,0.0010869913116876573,1,healthy,healthy_001
46.2,0.5043405890464783,1.5104952351677985,0.9333333333333333,0.2002915630000004,4.99272153565449,0.21999999999999997,0.0,0.2820512820512822,1.4665125824266632,0.5210973337141065,2.8202949438190754,0.20796962468637478,-0.00026131391866388715,0.2856597405445216,0.28462376944052553,0.3692216900114769,-0.04562360881844039,5.068373996457717,7.562871366360886,1.5025672067213633,0.47169844885308665,2.7769585142644795,0.022414999958345394,0.05450632789680421,0.04430057975264221,0.11760740603437768,0.22681948678145056,0.007714818629690432,-0.04582710030963791,0.005082815971087209,0.03248743869580084,0.009445718142294723,1.4665125824266632,0.5210973337141065,2.8202949438190754,0.16291839000000152,0.016243008000003556,0.009080930999999737,0.0009024260000032314,0.009049195000002896,0.1426669240000038,0.1426456550000026,0.009120532000004289,0.012030375313625191,0.003608458493239375,2.4944973699031694,38.331460571818155,0.0010359711039960584,1,healthy,healthy_001
46.400000000000006,0.4907674789428711,1.506637352793964,0.9305555555555556,0.1999694419999969,5.000764066741835,0.20842105263157892,0.0,0.2820512820512822,1.4236354581629347,0.5340444727582901,2.8776692950338,0.21953647633084727,-0.00024905529496486306,0.27968055368585426,0.2801044093986772,-2.1243138461885835,0.0302483369550747,5.445862135594106,7.8868136585673945,1.5025672067213633,0.47169844885308665,2.7769585142644795,0.022414999958345394,0.05450632789680421,0.04430057975264221,0.11760740603437768,0.22681948678145056,0.007714818629690432,-0.04582710030963791,0.005082815971087209,0.0,0.0,1.4236354581629347,0.5340444727582901,2.8776692950338,0.16294894800000748,0.0159616080000049,0.0051310920000062765,0.0009971490000069139,0.005119516000007707,0.34266692400000665,0.14033085200000528,0.005158345000005227,0.01111542369926835,0.0023707283654279543,2.4409515229732888,42.950499873678595,0.0004238557128229403,1,healthy,healthy_001
46.6,0.4771218001842499,1.506243897323123,0.9277777777777778,0.19998650400000173,5.000337422769245,0.20842105263157892,0.0,0.23076923076923095,1.3812004475351536,0.5442574250036248,2.931756501065441,0.21957370022256711,-0.00027582464009931473,0.23390013622986852,0.2340075787272142,-0.07395222288677573,0.0689368051164676,5.644440226186519,7.687079914364026,1.5025672067213633,0.47169844885308665,2.7769585142644795,0.022414999958345394,0.05450632789680421,0.04430057975264221,0.11760740603437768,0.22681948678145056,0.007714818629690432,-0.04582710030963791,0.005082815971087209,0.0,0.0,1.3812004475351536,0.5442574250036248,2.931756501065441,0.16296244400000148,0.01612001400000196,0.00040829099999939444,0.00026899600000263035,0.0003960439999985965,0.5426669240000024,0.1360729900000024,0.00042791700000321953,0.01115264759098819,0.003130905460637573,2.0426396881775073,43.38926309054673,0.00010744249734567779,1,healthy,healthy_001
46.800000000000004,0.4607994556427002,1.4976716466925362,0.9166666666666666,0.2007515629999972,4.981281266537456,0.20842105263157892,0.0,0.07692307692307715,1.3456542438358436,0.551129040487458,2.9674181836893196,0.21973646502902666,-8.3819338994498e-05,0.14754018292210683,0.13834888535696577,-0.06886412171239889,0.0398854841498473,6.020227878608107,7.31315446337969,1.5025672067213633,0.47169844885308665,2.7769585142644795,0.022414999958345394,0.05450632789680421,0.04430057975264221,0.11760740603437768,0.22681948678145056,0.007714818629690432,-0.04582710030963791,0.005082815971087209,0.0,0.0,1.3456542438358436,0.551129040487458,2.9674181836893196,0.16221088100000713,0.015958918000002598,0.030289053000004174,0.005361096000001453,0.030238775000000828,0.7426669240000052,0.13201495000000563,0.03024441600000216,0.011315412397447738,0.07061710599902968,1.2929265847715827,44.02685638100572,0.00919129756514106,1,healthy,healthy_001
47.0,0.4540761709213257,1.4842833930960542,0.9138888888888889,0.20025851800000538,4.993545393160121,0.20842105263157892,0.0,0.07692307692307715,1.3025194045550725,0.55822964291487,2.987097005722915,0.21988464477017255,-8.655139338048512e-05,0.0741532594346325,0.07511882951247653,-0.04648869936268957,0.005555352383950683,6.342980969879394,6.989694375529766,1.3315543601066857,0.5264411906527874,2.988501588926661,0.025038429770625648,0.042431219605734205,0.041753815949360784,0.17956102440954153,0.2115430746621816,0.0070695319079084225,-0.043715084502303075,0.012503726882541737,0.0022083943768585307,0.0074209109114545275,1.3025194045550725,0.55822964291487,2.987097005722915,0.1619523629999975,0.016143992000003493,0.0253150309999981,0.004255583000002616,0.025256634000001554,0.1594027120000021,0.15937780899999865,0.025264759999998887,0.011463592138593631,0.0027698174884446536,0.6467134056503712,44.33549840925834,0.0009655700778440357,1,healthy,healthy_001
47.2,0.4410949647426605,1.4923246230294065,0.9111111111111111,0.20089548199999996,4.97771273920436,0.21999999999999997,0.0,0.0,1.259266708468331,0.5646393548929206,3.0020379809824176,0.21988015658342583,-8.266756603019995e-05,0.07388857818876507,0.0744180515068487,-0.0678741048754916,-0.01918167523318298,6.344664014875792,6.988992217811908,1.3315543601066857,0.5264411906527874,2.988501588926661,0.025038429770625648,0.042431219605734205,0.041753815949360784,0.17956102440954153,0.2115430746621816,0.0070695319079084225,-0.043715084502303075,0.012503726882541737,0.0,0.0,1.259266708468331,0.5646393548929206,3.0020379809824176,0.16105688100000037,0.01614742000000291,0.020907658000005824,0.004187484000006236,0.020903285000002825,0.35940271200000495,0.15649823200000412,0.020919887000005133,0.00011984341657414466,0.07388857818876507,0.6443282029361157,44.34280742459816,0.0005294733180836314,1,healthy,healthy_001
47.400000000000006,0.4259607195854187,1.4962798236706936,0.9083333333333333,0.19990374999999716,5.0024074085654435,0.21999999999999997,0.0,-0.02564102564102541,1.2155226458466464,0.5706026887901163,3.00711029254756,0.20846407192857502,-4.8559837368226944e-05,-0.0021491643118879697,-0.0016078236925215063,-0.09073824298044887,0.028389546147749224,6.3255979163747185,6.306382788762425,1.3315543601066857,0.5264411906527874,2.988501588926661,0.025038429770625648,0.042431219605734205,0.041753815949360784,0.17956102440954153,0.2115430746621816,0.0070695319079084225,-0.043715084502303075,0.012503726882541737,0.0,0.0,1.2155226458466464,0.5706026887901163,3.00711029254756,0.16115313100000606,0.01625207500000414,0.01675746300000469,0.003768046000004688,0.016695528000006732,0.5594027120000078,0.1526301120000042,0.016706690000006574,0.01153592807142495,0.023491861329137442,0.01921512761229316,39.89164182845698,0.0005413406193664635,1,healthy,healthy_001
47.6,0.39444008469581604,1.5017434704450914,0.9,0.20064250400000105,4.983988836183956,0.21999999999999997,0.0,-0.07692307692307669,1.1725553233847017,0.5764804986755077,3.00295483555217,0.20849903813241596,-3.87044522236063e-05,-0.02690517767099832,-0.03774815948018555,0.021516745858898245,-0.04608993594124905,6.4335989623850285,6.198442325635167,1.3315543601066857,0.5264411906527874,2.988501588926661,0.025038429770625648,0.042431219605734205,0.041753815949360784,0.17956102440954153,0.2115430746621816,0.0070695319079084225,-0.043715084502303075,0.012503726882541737,0.0,0.0,1.1725553233847017,0.5764804986755077,3.00295483555217,0.16051062700000074,0.016058825000001775,0.012198564999998496,0.003199614999999767,0.01218889999999817,0.7594027120000035,0.1483325889999989,0.012216074000001242,0.011500961867584009,0.05001789925207838,0.23515663674986165,39.87829211460985,0.01084298180918723,1,healthy,healthy_001
47.800000000000004,0.38759323954582214,1.498020365464021,0.8944444444444445,0.20016840000000258,4.995793541837708,0.21999999999999997,0.0,-0.2307692307692305,1.128100455988867,0.582997669076151,2.985730945339447,0.22023039540638847,1.6784687585320868e-05,-0.12286351741631928,-0.13033702421708787,0.08082518132188357,-0.05516327317143578,7.20172239962983,6.1305522528173935,1.3315543601066857,0.5264411906527874,2.988501588926661,0.025038429770625648,0.042431219605734205,0.041753815949360784,0.17956102440954153,0.2115430746621816,0.0070695319079084225,-0.043715084502303075,0.012503726882541737,0.0,0.0,1.128100455988867,0.582997669076151,2.985730945339447,0.160342227000001,0.016217948000004867,0.00807620300000167,0.003097918000001698,0.008038900000002513,0.9594027120000064,0.14399347300000187,0.008043269000005182,0.00023039540638850053,0.10790571335291123,1.0711701468124364,44.15053548121614,0.007473506800768595,1,healthy,healthy_001
48.0,0.36508893966674805,1.5255873496701688,0.9,0.20020617499999815,4.994850933044444,0.21999999999999997,0.0,-0.2307692307692305,1.083805292056459,0.5907919673176097,2.948737760332098,0.22025747094173934,0.00016883477392878876,-0.1404143467992648,-0.14260741269122787,-0.10377542317256792,-0.011238204304556337,7.280420492250355,6.051745014662891,1.3315543601066857,0.5264411906527874,2.988501588926661,0.025038429770625648,0.042431219605734205,0.041753815949360784,0.17956102440954153,0.2115430746621816,0.0070695319079084225,-0.043715084502303075,0.012503726882541737,0.0,0.0,1.083805292056459,0.5907919673176097,2.948737760332098,0.16013605199999859,0.016004891000001464,0.0043350600000025,0.0033914309999971692,0.0042760480000012535,1.1594027120000021,0.13979237499999897,0.0042818000000011125,0.0002574709417393628,0.09035488396996572,1.2286754775874638,44.059248418625636,0.0021930658919630808,1,healthy,healthy_001
48.2,0.35715633630752563,1.5502743969360988,0.9,0.19984031699999605,5.003995264879507,0.21999999999999997,0.0,-0.17948717948717924,1.0398622413860747,0.6002876925017848,2.908028532121804,0.2203387405772087,5.74923218031112e-05,-0.18263348186253134,-0.18285298965992342,-0.063148541028027,-0.012573591690943992,7.4644953392346824,5.869465230898053,1.0807825014557573,0.5740023187797311,2.9396996149243737,0.028445583586553358,0.03654997777019536,0.05457358643841576,0.2552422104589066,0.04880197400228736,0.005561294880519783,-0.017404111232895956,-0.0011413442963299652,0.026354166526647016,0.013645071178871702,1.0398622413860747,0.6002876925017848,2.908028532121804,0.16029573500000538,0.01619036499999993,0.00017193400000081738,0.003081928000000289,0.0001591440000012767,0.13319986900000202,0.1331535450000061,0.0002065740000034566,0.0003387405772087293,0.0031463023753521002,1.5950301083366298,43.81259585983853,0.0002195077973920767,1,healthy,healthy_001
48.400000000000006,0.34682929515838623,1.5895383606659124,0.9055555555555556,0.20003437300000115,4.9991408226624845,0.21999999999999997,0.0,-0.33333333333333304,1.0035532374535647,0.6095076283563047,2.875791370414481,0.22040571540601628,0.00011034538405133021,-0.21897330097448256,-0.22393903279626787,-0.046432014633332803,-0.07229863430381918,7.6212016085411225,5.712586851456237,1.0807825014557573,0.5740023187797311,2.9396996149243737,0.028445583586553358,0.03654997777019536,0.05457358643841576,0.2552422104589066,0.04880197400228736,0.005561294880519783,-0.017404111232895956,-0.0011413442963299652,0.0,0.0,1.0035532374535647,0.6095076283563047,2.875791370414481,0.16026136200000707,0.016063930000008497,0.029130377000008423,0.001956760000005886,0.029119902000005027,0.33319986900000487,0.13106672200000702,0.029149010000004694,0.00040571540601630485,0.11436003235885048,1.9086147570848855,43.53677610124914,0.0049657318217853075,1,healthy,healthy_001
48.6,0.33730167150497437,1.6166381372547731,0.9111111111111111,0.20140632100000033,4.965087466147591,0.21999999999999997,0.0,-0.2307692307692305,0.9604883122821148,0.6225137796409452,2.813715936322768,0.22064548561262012,0.0002246411796053005,-0.36989826357305916,-0.37503783599557117,-0.0845829882409062,-0.09089834074336378,8.279629764813494,5.0541071835609435,1.0807825014557573,0.5740023187797311,2.9396996149243737,0.028445583586553358,0.03654997777019536,0.05457358643841576,0.2552422104589066,0.04880197400228736,0.005561294880519783,-0.017404111232895956,-0.0011413442963299652,0.0,0.0,0.9604883122821148,0.6225137796409452,2.813715936322768,0.15885504100000247,0.01618597699999924,0.024601072000002944,0.0012942820000034772,0.0245939250000049,0.5331998690000006,0.12621122400000218,0.024636012000001983,0.0006454856126201503,0.13912903280382866,3.2255225812525508,41.84613627156889,0.0051395724225120065,1,healthy,healthy_001
48.800000000000004,0.33994248509407043,1.6441209269914685,0.9111111111111111,0.20045136200000258,4.988741358614401,0.21999999999999997,0.0,-0.33333333333333304,0.9183776653117813,0.6383185553623215,2.754306460141067,0.22045516236450616,0.00014676813302888503,-0.27206074744753284,-0.27517507538326885,-0.07299449250802012,-0.05710788502044818,7.853216456694845,5.480609659757491,1.0807825014557573,0.5740023187797311,2.9396996149243737,0.028445583586553358,0.03654997777019536,0.05457358643841576,0.2552422104589066,0.04880197400228736,0.005561294880519783,-0.017404111232895956,-0.0011413442963299652,0.0,0.0,0.9183776653117813,0.6383185553623215,2.754306460141067,0.15840367900000274,0.01605245700000779,0.02009897500000335,0.0010585410000061302,0.020087596000003316,0.7331998690000034,0.15581685000000078,0.02018249500000735,0.0004551623645061842,0.0612725858858002,2.3726067969373545,43.04041397272826,0.0031143279357360165,1,healthy,healthy_001
49.0,0.3380129635334015,1.6562985035522682,0.9111111111111111,0.19985971799999902,5.003509511606561,0.21999999999999997,0.0,-0.3846153846153843,0.8779460360952358,0.6561904061228772,2.693506680296766,0.2089087462247541,0.00016980091292720378,-0.30243979846882807,-0.3105252477322338,-0.04548539610688569,-0.052747646622365287,7.632925779718502,4.999050154822537,0.9190984313524698,0.6158342451206933,2.754199215097194,0.032112087224808517,0.029165419046948582,0.049150241788816364,0.16700792971161715,0.18550039982717959,0.024251682697985746,-0.04307369228056731,0.017137555305631828,0.03175307840084562,0.018278899601961794,0.8779460360952358,0.6561904061228772,2.693506680296766,0.15854396099999946,0.016263346999998873,0.016317235999999014,0.00101616599999943,0.016245969000003413,0.14927510199999716,0.14929392300000188,0.016270145000000014,0.011091253775245863,0.08217558614655623,2.633875624895966,38.15737880085071,0.008085449263405708,1,healthy,healthy_001
49.2,0.32422935962677,1.6721929647028446,0.9111111111111111,0.2008120699999978,4.979780348860559,0.21999999999999997,0.0,-0.43589743589743557,0.8394448511644835,0.6762465793515834,2.6234226840076285,0.20897552932609528,0.0002728517056825447,-0.381127171514574,-0.3979837160292507,0.027943406110902395,-0.12998306083642025,7.978022221711486,4.6517996156269135,0.9190984313524698,0.6158342451206933,2.754199215097194,0.032112087224808517,0.029165419046948582,0.049150241788816364,0.16700792971161715,0.18550039982717959,0.024251682697985746,-0.04307369228056731,0.017137555305631828,0.0,0.0,0.8394448511644835,0.6762465793515834,2.6234226840076285,0.1577318910000045,0.016171085999999946,0.011184769999999844,0.00021758800000526435,0.010996608000006347,0.349275102,0.1475842680000028,0.01121215000000575,0.01102447067390469,0.05477026438286159,3.3262226060845723,37.11216070442046,0.01685654451467672,1,healthy,healthy_001
49.400000000000006,0.3279058039188385,1.6828122245284116,0.9111111111111111,0.20047311100000087,4.988200138222006,0.21999999999999997,0.0,-0.43589743589743557,0.8023126647448624,0.6995196199157414,2.5352485853452267,0.20907511861595923,0.00019664489961974951,-0.43782972774857415,-0.43888802163822405,1.477394646607836,0.011650282348757137,8.227290942938174,4.404956352944611,0.9190984313524698,0.6158342451206933,2.754199215097194,0.032112087224808517,0.029165419046948582,0.049150241788816364,0.16700792971161715,0.18550039982717959,0.024251682697985746,-0.04307369228056731,0.017137555305631828,0.0,0.0,0.8023126647448624,0.6995196199157414,2.5352485853452267,0.15725878000000648,0.016131979000007846,0.006673975000005328,0.004543448000006833,0.006669589000004805,0.5492751020000028,0.14303116200000687,0.006690931000008504,0.010924881384040741,0.001932291851138579,3.822334589993563,36.240857506619164,0.0010582938896498972,1,healthy,healthy_001
49.6,0.32601264119148254,1.6969270038568502,0.9138888888888889,0.20050715500000393,4.987353194453237,0.20842105263157892,0.0,-0.43589743589743557,0.7673851620415567,0.7260990212037726,2.4447807791301313,0.20978418728671028,2.9311389537156618e-05,-0.4343916928243142,-0.43425129185575234,-0.042404968855717366,-0.12375571929267744,8.213341837453994,4.421263250476587,0.8036397200940484,0.665805076022741,2.5362081879946903,0.02842149855815479,0.029300051099109214,0.042026636936295,0.1258085766015043,0.21799102710250384,0.026419732993657543,-0.05788075013984374,0.022854215097308377,0.014964939175704075,0.005716659791676549,0.7673851620415567,0.7260990212037726,2.4447807791301313,0.15675162499999828,0.01601802600000468,0.00218259000000387,0.004310008000004473,0.0021673930000005726,0.1352291990000012,0.1352359959999987,0.0022088070000023663,0.001363134655131354,0.0015057430731213461,3.792078586977407,36.313346429537184,0.00014040096856188233,1,healthy,healthy_001
49.800000000000004,0.33182492852211,1.70600245643894,0.9138888888888889,0.20030161699999383,4.992470929478472,0.20842105263157892,0.0,-0.43589743589743557,0.740333568966524,0.7505100870433307,2.3702936147983533,0.22133708045433115,0.00010922236814697728,-0.440021731778501,-0.4355308895654802,-0.04552297958327031,-0.13360306281150414,8.588634109742681,4.745705976118211,0.8036397200940484,0.665805076022741,2.5362081879946903,0.02842149855815479,0.029300051099109214,0.042026636936295,0.1258085766015043,0.21799102710250384,0.026419732993657543,-0.05788075013984374,0.022854215097308377,0.0,0.0,0.740333568966524,0.7505100870433307,2.3702936147983533,0.1564500080000073,0.01614189500000407,0.03249890800000088,0.004121582000003343,0.032486269000003176,0.33522919900000403,0.1340598780000022,0.03252867100000145,0.012916027822752224,0.004124295881065443,3.8429281336244703,40.75913222129856,0.004490842213020818,1,healthy,healthy_001
50.0,0.34456494450569153,1.7095801618966189,0.9166666666666666,0.20024648700000114,4.993845410131936,0.20842105263157892,0.0,-0.3846153846153843,0.7102214747229811,0.7825444264676661,2.279848050990052,0.22135427296511567,0.00010153089137675264,-0.44011226276968995,-0.4357867599443096,-0.0512662156293919,-0.0548894399234583,8.588915718541916,4.745349627386273,0.8036397200940484,0.665805076022741,2.5362081879946903,0.02842149855815479,0.029300051099109214,0.042026636936295,0.1258085766015043,0.21799102710250384,0.026419732993657543,-0.05788075013984374,0.022854215097308377,0.0,0.0,0.7102214747229811,0.7825444264676661,2.279848050990052,0.1562035210000019,0.015975584999999626,0.027737813000001665,0.003938456000000201,0.027733013999998946,0.5352291989999998,0.12992111399999828,0.027750091999998006,0.012933220333536749,0.05549687815430565,3.843566091155643,40.75740800463498,0.004325502825380356,1,healthy,healthy_001
50.2,0.3369094729423523,1.7004261457086696,0.9138888888888889,0.20095963600000033,4.976123662962837,0.20842105263157892,0.0,-0.3846153846153843,0.6830749939175857,0.8170295422246172,2.196781009447419,0.2205970877474552,1.6442759816173713e-05,-0.39001838287447027,-0.3873377300906272,-0.061848151582075316,-0.09640401215656651,8.370269072374791,4.9648659616846205,0.7014368908901925,0.7584421803477528,2.25434806822833,0.030569592927317535,0.027998231429304465,0.04391702581517457,0.13793857834194057,0.28186011976636044,0.005445725248068645,-0.039795188576105055,0.005478925334507557,0.027694702345174342,0.01737528976280082,0.6830749939175857,0.8170295422246172,2.196781009447419,0.1552438850000044,0.016263059000003466,0.02305921600000005,0.003349804000002621,0.023052061000001345,0.12194764100000555,0.12183829800000012,0.023093985000002704,0.012176035115876283,0.005402998259085967,3.4054031106901705,41.5572640075751,0.0026806527838430516,1,healthy,healthy_001
50.400000000000006,0.35010525584220886,1.7034439757058686,0.9138888888888889,0.1998660150000049,5.0033518705017235,0.21999999999999997,0.0,-0.33333333333333304,0.65965921240669,0.8522033489316473,2.118761953985119,0.1974155685208405,9.149401399530244e-05,-0.3504765545511529,-0.34450672115317216,-0.06513116231924346,-0.029491663131513114,7.496926496339682,4.43431583757655,0.7014368908901925,0.7584421803477528,2.25434806822833,0.030569592927317535,0.027998231429304465,0.04391702581517457,0.13793857834194057,0.28186011976636044,0.005445725248068645,-0.039795188576105055,0.005478925334507557,0.0,0.0,0.65965921240669,0.8522033489316473,2.118761953985119,0.15537787000000236,0.016163620000007484,0.01918922600000883,0.002122927000009156,0.019179311000009136,0.3219476410000084,0.15474617400000312,0.019223456000005967,0.022584431479159478,0.01714322121781986,3.0626106587631314,33.24373989586633,0.005969833397980739,1,healthy,healthy_001
50.6,0.3453510105609894,1.7029809020459652,0.9111111111111111,0.20039743599999582,4.99008380526396,0.21999999999999997,0.0,-0.33333333333333304,0.638365037083152,0.8899983507638497,2.0495896401755234,0.20900235140609558,-3.545416557595993e-05,-0.33478096130467155,-0.3364219863358425,-0.15453104111548854,-0.06725527113847513,7.7780067778936575,4.8553560926468915,0.7014368908901925,0.7584421803477528,2.25434806822833,0.030569592927317535,0.027998231429304465,0.04391702581517457,0.13793857834194057,0.28186011976636044,0.005445725248068645,-0.039795188576105055,0.005478925334507557,0.0,0.0,0.638365037083152,0.8899983507638497,2.0495896401755234,0.15498043400000228,0.01619285700000006,0.014300386000002163,0.001362104999998337,0.014264208000000167,0.5219476410000041,0.14990505000000098,0.014268270000002303,0.010997648593904397,0.0014476279713385165,2.922650685246766,37.764992597694786,0.0016410250311709729,1,healthy,healthy_001
50.800000000000004,0.3373546302318573,1.703634766452923,0.9111111111111111,0.2015482879999979,4.961590147568063,0.21999999999999997,0.0,-0.28205128205128177,0.6195168517732462,0.9295230181410779,1.98129770673987,0.2089863943280034,-4.637000896350052e-05,-0.3319494576164914,-0.32518705933645914,0.2100160028547034,-0.07256298131672966,7.76544419364117,4.867967837365265,0.6392309183805012,0.8653455903408527,2.0320211533459784,0.03139816737721984,0.02285975396755402,0.03818489632478773,0.12368476900584517,0.22232691488235146,0.00915901202471089,-0.03803647851813267,0.0026247730553344193,0.004108717531493179,0.0028541522791731377,0.6195168517732462,0.9295230181410779,1.98129770673987,0.1534321460000072,0.01619162700000487,0.010451636000006204,0.001175315000004673,0.010430348000006973,0.14121344500000532,0.1410702860000015,0.01043397100000476,0.01101360567199658,0.049898175565209646,2.897476356275905,37.80193257750006,0.006762398280032278,1,healthy,healthy_001
51.0,0.35601794719696045,1.6835547255448975,0.9083333333333333,0.19926019900000114,5.0185636921902015,0.20842105263157892,0.0,-0.2307692307692305,0.6032508341649911,0.9701617656418946,1.9245116948116376,0.20887109681397031,-6.910175664993912e-05,-0.23528053379040795,-0.2344572052929607,-0.06561295212412946,-0.0405919905682437,7.344101938439671,5.289153639348478,0.6392309183805012,0.8653455903408527,2.0320211533459784,0.03139816737721984,0.02285975396755402,0.03818489632478773,0.12368476900584517,0.22232691488235146,0.00915901202471089,-0.03803647851813267,0.0026247730553344193,0.0,0.0,0.6032508341649911,0.9701617656418946,1.9245116948116376,0.1541719470000018,0.016167787999997074,0.006073020999998846,0.0011856149999971421,0.006069560000000251,0.34121344500000106,0.14186031999999926,0.006113718000001711,0.0004500441823913903,0.004511303021177443,2.054948299091193,38.844083495444394,0.0008233284974472344,1,healthy,healthy_001
51.2,0.35758838057518005,1.6786989210202143,0.9027777777777778,0.2002582920000009,4.9935510285885965,0.20842105263157892,0.0,-0.28205128205128177,0.5891073042570001,1.0115756813993164,1.8742443781330864,0.2205039355450772,-2.782378318354206e-05,-0.27525750994932924,-0.27554603868461225,-1.142836332401263,-0.007987763657254846,7.868145070954335,5.466782037248025,0.6392309183805012,0.8653455903408527,2.0320211533459784,0.03139816737721984,0.02285975396755402,0.03818489632478773,0.12368476900584517,0.22232691488235146,0.00915901202471089,-0.03803647851813267,0.0026247730553344193,0.0,0.0,0.5891073042570001,1.0115756813993164,1.8742443781330864,0.15391365500000376,0.016147780000004275,0.0020650450000019305,0.0010284850000061851,0.0020613360000041325,0.5412134450000039,0.13760915299999965,0.0020841030000013916,0.012082882913498266,0.006793772101952533,2.4013630337063097,43.01343414035475,0.00028852873528301126,1,healthy,healthy_001
51.400000000000006,0.3508165776729584,1.5693029996443104,0.8555555555555555,0.19945486099999954,5.013665723594484,0.18526315789473682,0.0,-0.2307692307692305,0.5795083641570695,1.0449523462461925,1.8279344383623934,0.19732772946349528,-3.6490367221475584e-05,-0.24260281375712847,-0.23512699495804837,-0.06447956545322511,-0.018860389840886407,7.02614140123151,4.9054951533830895,0.6392309183805012,0.8653455903408527,2.0320211533459784,0.03139816737721984,0.02285975396755402,0.03818489632478773,0.12368476900584517,0.22232691488235146,0.00915901202471089,-0.03803647851813267,0.0026247730553344193,0.0,0.0,0.5795083641570695,1.0449523462461925,1.8279344383623934,0.15445879400000706,0.016186043000004702,0.03218739800000492,0.0012186140000025603,0.03217683500000845,0.7412134450000067,0.13356817800000442,0.032210074000005307,0.012064571568758453,0.011833582987897967,2.1206462478484207,34.46670259072544,0.007475818799080103,1,healthy,healthy_001
51.6,0.3681643009185791,1.5650716587420432,0.8611111111111112,0.2000231430000028,4.99942149194199,0.17368421052631577,0.0,-0.2307692307692305,0.5708280045888661,1.0814198239850847,1.7802979830070793,0.17413743996124748,-5.430112612676147e-05,-0.2307616816805462,-0.22960961900445165,-0.07875588091372815,-0.028261363351580627,6.271056838942575,4.2565386108693986,0.5758584730548597,1.012333920508043,1.81525231218307,0.0333067509470904,0.023627687231821293,0.035096922196677,0.1600675983198673,0.2167688411629085,0.0057796787674686215,-0.04994981259853022,0.005514179641632571,0.012383352622560075,0.0028894065862981517,0.5708280045888661,1.0814198239850847,1.7802979830070793,0.154435651,0.016203769000000534,0.028212093000000493,0.001102340999999285,0.02820507399999883,0.12775570299999828,0.12778050300000388,0.028240179000000865,0.0004532294349317012,7.549088684305483e-06,2.014518228073176,26.69299556591567,0.0011520626760945507,1,healthy,healthy_001
51.800000000000004,0.34958067536354065,1.5460548592190588,0.8611111111111112,0.20004550599999504,4.998862608790746,0.15052631578947367,0.0,-0.17948717948717924,0.5643831140815522,1.115546182884479,1.7351132350961707,0.1625001439778828,7.459288951988316e-05,-0.19002322901564384,-0.1847115702868366,-0.058623217841650324,-0.07419285527663508,5.743504241400917,4.08203467557789,0.5758584730548597,1.012333920508043,1.81525231218307,0.0333067509470904,0.023627687231821293,0.035096922196677,0.1600675983198673,0.2167688411629085,0.0057796787674686215,-0.04994981259853022,0.005514179641632571,0.0,0.0,0.5643831140815522,1.115546182884479,1.7351132350961707,0.1543901450000078,0.01625062600000149,0.023365533000003325,0.00047713100000379427,0.023321400000007486,0.3277557030000011,0.12535715900000355,0.023329794000005677,0.011973828188409114,0.010536049528464597,1.661469565823027,23.445183472727226,0.005311658728807234,1,healthy,healthy_001
52.0,0.3637530505657196,1.5282744442182066,0.8583333333333333,0.2008890690000058,4.977871643180203,0.13894736842105262,0.0,-0.17948717948717924,0.5599561511185656,1.1456037880104435,1.6981124576937041,0.1393230653798549,-3.011433609736991e-05,-0.1790684281397349,-0.17934410283111865,-0.021916026599837646,-0.037213878938624205,4.992535598686158,3.4293899722697883,0.5758584730548597,1.012333920508043,1.81525231218307,0.0333067509470904,0.023627687231821293,0.035096922196677,0.1600675983198673,0.2167688411629085,0.0057796787674686215,-0.04994981259853022,0.005514179641632571,0.0,0.0,0.5599561511185656,1.1456037880104435,1.6981124576937041,0.15350107599999774,0.016158418999999924,0.019441600999996922,0.0002363250000030348,0.019409615999997243,0.5277557029999969,0.12080512499999685,0.01941418900000258,0.0003756969588022685,0.00041875134744434606,1.5631456264163694,17.121351518334254,0.00027567469138375933,1,healthy,healthy_001
52.2,0.37064608931541443,1.5108029494523236,0.8638888888888889,0.20004525899999948,4.998868780989219,0.11578947368421051,0.0,-0.07692307692307669,0.5569283429696124,1.173071516586619,1.6614309908764056,0.12775925520273468,5.041376458515996e-05,-0.18030310241385142,-0.15998225457844784,-0.11246391191681998,-0.00956578310919732,4.646868650235717,3.0730213334751446,0.5758584730548597,1.012333920508043,1.81525231218307,0.0333067509470904,0.023627687231821293,0.035096922196677,0.1600675983198673,0.2167688411629085,0.0057796787674686215,-0.04994981259853022,0.005514179641632571,0.0,0.0,0.5569283429696124,1.173071516586619,1.6614309908764056,0.1534558170000011,0.016197930000004135,0.015112014999999701,0.00470299600000601,0.014767222000003244,0.7277557029999997,0.15071974100000318,0.01478204900000435,0.011969781518524167,0.10338002549077473,1.5738473167605727,14.279926496031209,0.020320847835403583,1,healthy,healthy_001
52.400000000000006,0.3691122531890869,1.5110058991681963,0.875,0.20052220899999895,4.986978774007049,0.10421052631578946,0.0,-0.12820512820512797,0.5550612541209982,1.1966654339075486,1.6381670497051282,0.11605352243375741,3.257685364096725e-05,-0.1248151803003918,-0.11957836600093051,-1.234878682193231,0.0382455655934892,4.053292971449987,2.9648390797546367,0.5758584730548597,1.012333920508043,1.81525231218307,0.0333067509470904,0.023627687231821293,0.035096922196677,0.1600675983198673,0.2167688411629085,0.0057796787674686215,-0.04994981259853022,0.005514179641632571,0.0,0.0,0.5550612541209982,1.1966654339075486,1.6381670497051282,0.152933608000005,0.01620018500000242,0.010116820000007465,0.004050992000003362,0.01011227200000775,0.9277557030000025,0.1460943200000031,0.010130216000007408,0.01184299611796795,0.0033899479047361653,1.0884538916953503,12.017361403449716,0.005236814299461295,1,healthy,healthy_001
52.6,0.3841012120246887,1.507014939644534,0.8722222222222222,0.20082352299999684,4.9794963511322115,0.10421052631578946,0.0,-0.12820512820512797,0.5538731545503618,1.2179397230653362,1.613723071326262,0.10446941049736942,2.4898418886564085e-05,-0.1274614650039953,-0.1277956689387269,-0.098804427925895,-0.012560072825770461,3.7143968935086855,2.6020451612414153,0.5758584730548597,1.012333920508043,1.81525231218307,0.0333067509470904,0.023627687231821293,0.035096922196677,0.1600675983198673,0.2167688411629085,0.0057796787674686215,-0.04994981259853022,0.005514179641632571,0.0,0.0,0.5538731545503618,1.2179397230653362,1.613723071326262,0.1521100850000039,0.01626787500000404,0.006262311000000409,0.004103263000004631,0.006253560000004654,1.1277557029999983,0.1418366560000024,0.006283144000001073,0.0002588841815799603,0.0007436632011326716,1.1123517322672702,9.66502846368442,0.0003342039347316028,1,healthy,healthy_001
52.800000000000004,0.38301387429237366,1.5105269144796118,0.8777777777777778,0.19948312500000043,5.012955356499442,0.09263157894736841,0.0,-0.12820512820512797,0.5532760202985262,1.238067730874839,1.5818552774161685,0.09305852704589483,2.9689543530679293e-05,-0.22249932760175176,-0.2222988832320879,-0.03887074746104792,-0.024729043274855634,3.7768144343201797,1.8367414946775547,0.5657469376673068,1.1824884218770175,1.6204910400284898,0.03329341858443435,0.01948052731033978,0.039722589979304716,0.17045467868034034,0.19476127215458014,0.028693435841466254,-0.048285845994161615,0.01353149559257964,0.022974095153163936,0.008017315950947068,0.5532760202985262,1.238067730874839,1.5818552774161685,0.1526269600000063,0.01628098600000527,0.0011087580000008757,0.0032760540000040805,0.0010578610000067101,0.13457546600000114,0.1345831150000052,0.0010666150000062657,0.00042694809852641957,0.09429419939662378,1.940072939642625,6.93703178921301,0.00020044436966384915,1,healthy,healthy_001
53.0,0.3862924873828888,1.515935887210071,0.8888888888888888,0.20118805199999912,4.970474091572815,0.08105263157894736,0.0,-0.07692307692307669,0.55331919739848,1.2530922845478236,1.554771996610648,0.0813468176970391,1.510117756550397e-05,-0.1347371551168074,-0.13104344218781405,-0.08987519236949576,0.00961174989504,3.045415167459527,1.8675283164103655,0.5657469376673068,1.1824884218770175,1.6204910400284898,0.03329341858443435,0.01948052731033978,0.039722589979304716,0.17045467868034034,0.19476127215458014,0.028693435841466254,-0.048285845994161615,0.01353149559257964,0.0,0.0,0.55331919739848,1.2530922845478236,1.554771996610648,0.15143890800000293,0.01629887299999666,0.0313446409999969,0.0033839139999969348,0.03133384699999908,0.3345754659999969,0.13275192399999725,0.031364152000001866,0.0002941861180917327,0.0578140781937307,1.1778868510491614,5.687399060456282,0.0036937129289933424,1,healthy,healthy_001
53.2,0.38510167598724365,1.5192415886413977,0.8944444444444445,0.19980761000000058,5.004814381193975,0.06947368421052631,0.0,-0.07692307692307669,0.5537632074764626,1.2696658776590024,1.535207905861712,0.08121884269748039,-8.797651908200657e-07,-0.07661864486761956,-0.07599852058931682,-0.059964535783065806,0.02512618289307502,2.790900624328408,2.121950381581685,0.5657469376673068,1.1824884218770175,1.6204910400284898,0.03329341858443435,0.01948052731033978,0.039722589979304716,0.17045467868034034,0.19476127215458014,0.028693435841466254,-0.048285845994161615,0.01353149559257964,0.0,0.0,0.5537632074764626,1.2696658776590024,1.535207905861712,0.1516312980000052,0.0160216530000028,0.02735698300000422,0.0031881280000050083,0.027352929000002746,0.5345754659999997,0.12840641900000094,0.02736876700000579,0.01174515848695408,0.00030443205545713226,0.6689502427467229,5.922152644750228,0.0006201242783027416,1,healthy,healthy_001
53.400000000000006,0.393353134393692,1.5167276913890186,0.8944444444444445,0.2002333269999994,4.994173622256214,0.06947368421052631,0.0,-0.07692307692307669,0.55441146716107,1.2842683884315673,1.5172937693910733,0.06962456552749957,-5.816038507150227e-07,-0.07699381584723748,-0.07646438695098211,-0.06343186483947583,-0.0108214582299275,2.4414161053100596,1.769017378980526,0.5657469376673068,1.1824884218770175,1.6204910400284898,0.03329341858443435,0.01948052731033978,0.039722589979304716,0.17045467868034034,0.19476127215458014,0.028693435841466254,-0.048285845994161615,0.01353149559257964,0.0,0.0,0.55441146716107,1.2842683884315673,1.5172937693910733,0.15139797100000862,0.016250875000004328,0.023061419000008243,0.0032254200000068067,0.023054073000004394,0.7345754660000026,0.12458935600000842,0.02309316000000905,0.00015088131697325868,7.07389241607903e-05,0.6723987263295337,4.318907519616445,0.0005294288962553739,1,healthy,healthy_001
53.6,0.39692389965057373,1.5148816439943047,0.8972222222222223,0.20023718400000234,4.994077423701626,0.05789473684210526,0.0,-0.07692307692307669,0.5552316331225217,1.297677738609109,1.5000457967165675,0.058119093173089824,-1.7830557593086216e-07,-0.09411455454860015,-0.08795382834606091,-0.08831008990446709,-0.009970414509896573,2.1676618170338586,1.3416027377966597,0.5657469376673068,1.1824884218770175,1.6204910400284898,0.03329341858443435,0.01948052731033978,0.039722589979304716,0.17045467868034034,0.19476127215458014,0.028693435841466254,-0.048285845994161615,0.01353149559257964,0.0,0.0,0.5552316331225217,1.297677738609109,1.5000457967165675,0.15116078700000202,0.01636951600000458,0.01903928600000171,0.0031062340000005406,0.01903365300000104,0.9345754659999983,0.12038150800000125,0.019066944999998725,0.00022435633098456115,0.017191477625523463,0.8260590792371989,2.908141028349907,0.006160726202539241,1,healthy,healthy_001
53.800000000000004,0.3943778872489929,1.5194062832685618,0.9027777777777778,0.2001613440000014,4.995969651362818,0.04631578947368421,0.0,0.02564102564102587,0.5561659360704491,1.309490070950411,1.4839770693710017,0.05806869039168977,-3.55808438671449e-06,-0.0751811400008817,-0.06868232630723418,-0.102460350561297,-0.006512560501464347,2.0827786786771916,1.4265481900175696,0.5657469376673068,1.1824884218770175,1.6204910400284898,0.03329341858443435,0.01948052731033978,0.039722589979304716,0.17045467868034034,0.19476127215458014,0.028693435841466254,-0.048285845994161615,0.01353149559257964,0.0,0.0,0.5561659360704491,1.309490070950411,1.4839770693710017,0.15099944300000345,0.016153110000004745,0.014754922000001613,0.0025088820000007672,0.014726597000006336,1.1345754660000011,0.15058381400000087,0.014766021000006901,0.011752900918005557,0.10082216564190757,0.656230488659622,2.9711841542741326,0.0064988136936475205,1,healthy,healthy_001
54.0,0.4074835777282715,1.5246106239001445,0.9055555555555556,0.20036720999999602,4.990836574507475,0.04631578947368421,0.0,-0.07692307692307669,0.557018887675646,1.3189281537290845,1.4771912086075782,0.04644020136535597,-2.1390223410749573e-05,-0.06568266785855645,-0.06721757063924338,-0.04255831222444665,0.030481536679056866,1.6883901510346975,1.1175496422548554,0.5657469376673068,1.1824884218770175,1.6204910400284898,0.03329341858443435,0.01948052731033978,0.039722589979304716,0.17045467868034034,0.19476127215458014,0.028693435841466254,-0.048285845994161615,0.01353149559257964,0.0,0.0,0.557018887675646,1.3189281537290845,1.4771912086075782,0.15063223300000317,0.016183546999997134,0.010320907000000545,0.0022352539999985765,0.010265938000003416,1.3345754659999969,0.14568619599999977,0.01027630200000118,0.00012441189167175515,0.011240409064520243,0.570840508779842,1.8868598092754474,0.0015349027806869364,1,healthy,healthy_001
54.2,0.4075739085674286,1.5215195316534775,0.9027777777777778,0.20016493800000035,4.995879947765868,0.04631578947368421,0.0,-0.07692307692307669,0.5579739032499055,1.3283652309092684,1.4622750176793193,0.04649832908259075,-5.258644818105333e-06,-0.074754061415268,-0.07468359519311515,-0.07528468696840833,-0.0065905639271469155,1.7299256211228584,1.0774610907345064,0.5657469376673068,1.1824884218770175,1.6204910400284898,0.03329341858443435,0.01948052731033978,0.039722589979304716,0.17045467868034034,0.19476127215458014,0.028693435841466254,-0.048285845994161615,0.01353149559257964,0.0,0.0,0.5579739032499055,1.3283652309092684,1.4622750176793193,0.15046729500000566,0.016264511999999343,0.0061675730000061435,0.00223082800000185,0.006162936000002617,1.5345754659999997,0.14190883600000603,0.006179912000000343,0.0001825396089065387,0.0021690155078086942,0.6524645303883521,1.8639275466246035,7.046622215284293e-05,1,healthy,healthy_001
54.400000000000006,0.4125453233718872,1.5207490130253365,0.9055555555555556,0.19990955800000165,5.002262072931959,0.03473684210526316,0.0,-0.02564102564102541,0.5590659901766618,1.337782253204568,1.450359945869932,0.04640282152781916,-1.2587164723461101e-05,-0.02766049221183706,-0.027508959994478173,-0.08619108230010442,0.013354426702061129,1.5246407979236853,1.2821502181670312,0.5657469376673068,1.1824884218770175,1.6204910400284898,0.03329341858443435,0.01948052731033978,0.039722589979304716,0.17045467868034034,0.19476127215458014,0.028693435841466254,-0.048285845994161615,0.01353149559257964,0.0,0.0,0.5590659901766618,1.337782253204568,1.450359945869932,0.15055773700000685,0.016092288000002952,0.002348770000004663,0.002357679000006385,0.002341496000006771,1.7345754660000026,0.13762201300000498,0.0023844090000082474,0.011665979422555997,0.002019466570811649,0.2424905797566541,1.9548185316842097,0.0001515322173588872,1,healthy,healthy_001
54.6,0.4089401364326477,1.5165834348260259,0.9055555555555556,0.2001077250000023,4.9973083248034955,0.03473684210526316,0.0,-0.02564102564102541,0.55979687678863,1.3436761090231069,1.4435179905067534,0.03499016106890346,1.008689058778784e-05,-0.06521725571378295,-0.07072375300795153,-0.04939953500475578,-0.007453290618266249,1.3398474892506493,0.7725125309047719,0.5657469376673068,1.1824884218770175,1.6204910400284898,0.03329341858443435,0.01948052731033978,0.039722589979304716,0.17045467868034034,0.19476127215458014,0.028693435841466254,-0.048285845994161615,0.01353149559257964,0.0,0.0,0.55979687678863,1.3436761090231069,1.4435179905067534,0.1504500120000003,0.016311176999998622,0.032189015000000154,0.0021819760000028054,0.032179179000003444,1.9345754659999983,0.13323080800000042,0.032209894000004624,0.00025331896364029494,0.03957623007275754,0.5673349583458774,1.0350489749474232,0.0055064972941685775,1,healthy,healthy_001
54.800000000000004,0.4004521071910858,1.519948316419997,0.9111111111111111,0.20029885999999664,4.992539648004072,0.03473684210526316,0.0,-0.02564102564102541,0.5607330790722964,1.3507258072497694,1.4349601169973192,0.0348083765730042,-4.446827982589833e-05,-0.026409930511657027,-0.026186034948143467,-0.08871985715697248,-0.020939954681493834,1.168221196640801,0.9375219841350542,0.5657469376673068,1.1824884218770175,1.6204910400284898,0.03329341858443435,0.01948052731033978,0.039722589979304716,0.17045467868034034,0.19476127215458014,0.028693435841466254,-0.048285845994161615,0.01353149559257964,0.0,0.0,0.5607330790722964,1.3507258072497694,1.4349601169973192,0.1501511520000065,0.01627392900000757,0.02806169000000125,0.0020929890000047635,0.028049070000001564,2.134575466000001,0.12990486500000742,0.028087893000005693,7.153446774103844e-05,0.0007689048706316162,0.23069921250574676,1.0952330541833109,0.00022389556351356046,1,healthy,healthy_001
55.0,0.415166437625885,1.5215322130882158,0.9111111111111111,0.19984839900000395,5.0037929000370935,0.023157894736842106,0.0,-0.02564102564102541,0.561711962016734,1.3577617993695097,1.4296932692070023,0.03481446671536563,-3.945355006233515e-05,-0.025687518938320563,-0.025569352770256903,-0.05089190979369262,0.006807233307525388,1.1649230218325755,0.9407191427980376,0.5657469376673068,1.1824884218770175,1.6204910400284898,0.03329341858443435,0.01948052731033978,0.039722589979304716,0.17045467868034034,0.19476127215458014,0.028693435841466254,-0.048285845994161615,0.01353149559257964,0.0,0.0,0.561711962016734,1.3577617993695097,1.4296932692070023,0.1503027529999983,0.01634228700000051,0.023193360999997026,0.0012934180000030437,0.02318732999999895,2.334575465999997,0.12580324799999687,0.023220107999996742,0.011656571978523524,4.649329729515192e-05,0.22420387903453787,1.09586538652404,0.00011816616806365962,1,healthy,healthy_001
55.2,0.4065808355808258,1.511959701594783,0.9111111111111111,0.20085795099999615,4.9786428419755175,0.023157894736842106,0.0,-0.02564102564102541,0.5624491557525124,1.3628573003407802,1.4235976628544447,0.023213601154260917,-4.024840294854096e-05,-0.026232330319321477,-0.026118325493296315,-0.07278538302515493,-0.007800148490729375,0.8163666057308433,0.5872677770609824,0.5657469376673068,1.1824884218770175,1.6204910400284898,0.03329341858443435,0.01948052731033978,0.039722589979304716,0.17045467868034034,0.19476127215458014,0.028693435841466254,-0.048285845994161615,0.01353149559257964,0.0,0.0,0.5624491557525124,1.3628573003407802,1.4235976628544447,0.14944480200000498,0.01598594400000053,0.01935724800000571,0.0011250430000018241,0.019345316000006108,2.5345754659999997,0.12066120200000086,0.019379954000001476,5.570641741881044e-05,0.000591304678296066,0.22909882866986087,0.47942580181437183,0.00011400482602516235,1,healthy,healthy_001
55.400000000000006,0.40762409567832947,1.5134612417257414,0.9111111111111111,0.2007772080000052,4.980645014248699,0.023157894736842106,0.0,-0.02564102564102541,0.5631556331477354,1.367546017376984,1.4183353019543832,0.023210508271130807,-3.7627490724574403e-05,-0.02570148306692703,-0.02548103031695944,-0.03947709279508313,-0.040373678254721206,0.8137097901394336,0.5893817196481912,0.5657469376673068,1.1824884218770175,1.6204910400284898,0.03329341858443435,0.01948052731033978,0.039722589979304716,0.17045467868034034,0.19476127215458014,0.028693435841466254,-0.048285845994161615,0.01353149559257964,0.0,0.0,0.5631556331477354,1.367546017376984,1.4183353019543832,0.14866759400000262,0.016215311000003396,0.014513696000008736,0.00045222100000330556,0.01450093200000424,2.7345754660000026,0.11590895700000914,0.014542314000003387,5.2613534288700053e-05,6.04574259016194e-05,0.22432807049124237,0.47958567540694813,0.00022045274996759096,1,healthy,healthy_001
55.6,0.42096614837646484,1.5019964444125358,0.9055555555555556,0.20008315099999407,4.997922088902077,0.0,0.0,-0.18564102564102541,0.5638862691058241,1.3722307916186078,1.41309293337837,0.023211171985499757,-3.8805691532796133e-05,-0.02570678267910814,-0.0539201057539856,-0.15423873098024776,0.03550273905121415,0.8135219143887304,0.5891489283221084,0.5657469376673068,1.1824884218770175,1.6204910400284898,0.03329341858443435,0.01948052731033978,0.039722589979304716,0.17045467868034034,0.19476127215458014,0.028693435841466254,-0.048285845994161615,0.01353149559257964,0.0,0.0,0.5638862691058241,1.3722307916186078,1.41309293337837,0.14858444300000428,0.01592471500000414,0.010276017999998999,0.00025979299999789873,0.010269727000000728,2.9345754659999983,0.14577177299999988,0.010295997000000057,0.023211171985499757,0.15993424296191727,0.22437298606662204,0.47928556402867056,0.02821332307487746,1,healthy,healthy_001
55.800000000000004,0.41556447744369507,1.5129386818081867,0.9111111111111111,0.2001088760000016,4.997279580941687,0.0,0.0,-0.8256410256410255,0.5639265391101592,1.372582674643329,1.3468971375130485,0.0011465569820379383,0.00044423884101106397,-0.6476916384502429,-0.6864745061406564,-0.053683431974931965,-0.12370901510264604,2.8105672392378827,-2.811023437216111,0.5706437012575272,1.331820156259728,1.4149015496044073,0.03580243431863789,0.018356559995098554,0.043432671445349326,0.14941199813738829,0.20558949042408245,0.01812663799483267,-0.04519025969155675,0.008282992476691106,0.011010897842069692,0.005248503115888533,0.5639265391101592,1.372582674643329,1.3468971375130485,0.14847556700000553,0.01600135100000699,0.006013994000007017,0.00011090600000329687,0.006005922000007047,0.14033262400000268,0.14035733400000083,0.006041950000003737,0.0011465569820379383,0.17794938719078257,5.621590676453994,-7.9005703813694685,0.0387828676904135,1,healthy,healthy_001
56.0,0.41747140884399414,1.5142840058883515,0.9111111111111111,0.19959894400000167,5.010046546137998,0.0,0.0,-1.0,0.5639566034744932,1.3729073242338934,1.1618980414401816,0.0016162583963582964,0.00034389307411721433,-0.9920957949754914,-0.9917497574096249,-0.02250662134537336,-0.003759632645060438,4.329057958418643,-4.329740506064993,0.5706437012575272,1.331820156259728,1.4149015496044073,0.03580243431863789,0.018356559995098554,0.043432671445349326,0.14941199813738829,0.20558949042408245,0.01812663799483267,-0.04519025969155675,0.008282992476691106,0.0,0.0,0.5639566034744932,1.3729073242338934,1.1618980414401816,0.1488766229999996,0.01607473100000334,0.002342960000000005,0.00022954300000321837,0.0022964779999981033,0.3403326239999984,0.1379902489999978,0.0023008369999999445,0.0016162583963582964,0.007904205024508615,8.658798464483635,-18.74369759566822,0.00034603756586648604,1,healthy,healthy_001
56.2,0.4147892892360687,1.5075434125526965,0.9083333333333333,0.20061756700000188,4.984608351869757,0.0,0.0,-1.0,0.5640296924525093,1.3731619797996746,0.9930553451391319,0.0014743772805437822,0.00021294149808468734,-0.9936327849800712,-0.993838452369905,-0.10395406361302148,0.013387320202967318,4.336580444699149,-4.336102812912787,0.5765788669152705,1.320747859422868,1.1115087910321118,0.028357594320720714,0.02613260539719997,0.04602446097816532,0.012562720590238193,0.30339275857229553,0.015695576271042493,-0.05341884729043692,0.0022146368402865633,0.00858019317832193,0.006068355636404543,0.5640296924525093,1.3731619797996746,0.9930553451391319,0.14825905600000056,0.01618909500000143,0.031311857000005716,0.004164096000003781,0.03130327200000238,0.1307686270000019,0.13078404900000606,0.03134998600000216,0.0014743772805437822,0.0063672150199287625,8.672683257611936,-18.803858664682565,0.00020566738983374133,1,healthy,healthy_001
56.400000000000006,0.4093875288963318,1.5102430072317763,0.9111111111111111,0.2005880910000002,4.985340829630803,0.0,0.0,-1.0,0.5643103693928468,1.3735634712701739,0.790946050395464,0.0030900122291766608,0.00021287124405133698,-0.988454990263429,-0.9887547409799922,-0.07855402021374776,0.028822155219768015,4.31707701796611,-4.3108948367338,0.5765788669152705,1.320747859422868,1.1115087910321118,0.028357594320720714,0.02613260539719997,0.04602446097816532,0.012562720590238193,0.30339275857229553,0.015695576271042493,-0.05341884729043692,0.0022146368402865633,0.0,0.0,0.5643103693928468,1.3735634712701739,0.790946050395464,0.1476709650000032,0.016205822000003423,0.027104027000007136,0.004352771000007749,0.027100942000004125,0.33076862700000476,0.12857423000000523,0.02711354300000579,0.0030900122291766608,0.011545009736571021,8.62797185469991,-18.610465026532253,0.0002997507165631852,1,healthy,healthy_001
56.6,0.4014178514480591,1.5153321467090886,0.9138888888888889,0.20046620299999773,4.98837202997261,0.0,0.0,-1.0,0.564686499420675,1.3739206502283394,0.5889763370776339,0.0014590271601939626,-0.0002385945848433587,-0.9912915147633683,-0.9914320959655778,-0.03526622619950843,0.025666500091572692,4.326362408036466,-4.325829928069825,0.590156727137246,1.318959711842884,0.6966036113311115,0.028415462976153882,0.03554322505909924,0.05711431001913626,0.01369509985269576,0.41490517970100027,0.0035727567961000976,-0.04541183207438704,-0.01620624409648151,0.014528421961524143,0.018420880936768073,0.564686499420675,1.3739206502283394,0.5889763370776339,0.1472047620000012,0.016368001000003574,0.02312963700000381,0.004043097000000273,0.023119237999999598,0.12240103999999974,0.1224302030000004,0.023151509999998154,0.0014590271601939626,0.008708485236631702,8.652192336106292,-18.715107984360383,0.00014058120220949988,1,healthy,healthy_001
56.800000000000004,0.3998347818851471,1.5093635848564346,0.9111111111111111,0.19952845099999905,5.011816585495392,0.023157894736842106,0.0,-0.84,0.5649847650268756,1.374020572169262,0.38677519983736613,0.0015371245230736414,-0.0003087707113410622,-0.9908541384893237,-0.9906427267817676,-0.05400851490416735,0.007072152618675299,4.322335795555965,-4.326319207550639,0.590156727137246,1.318959711842884,0.6966036113311115,0.028415462976153882,0.03554322505909924,0.05711431001913626,0.01369509985269576,0.41490517970100027,0.0035727567961000976,-0.04541183207438704,-0.01620624409648151,0.0,0.0,0.5649847650268756,1.374020572169262,0.38677519983736613,0.147676311000005,0.015997027000004493,0.018636455000006436,0.0033525840000052654,0.018569877000004453,0.3224010400000026,0.12028968600000667,0.018581045000004792,0.021620770213768466,0.15085413848932372,8.648655003106605,-18.69980437379744,0.0002114117075561195,1,healthy,healthy_001
57.0,0.3984636664390564,1.5082363271858634,0.9111111111111111,0.20094197499999922,4.976561019667513,0.023157894736842106,0.0,-0.19999999999999987,0.5686448667999233,1.375025420685137,0.22616481905790722,0.023833860837287404,1.861828303359632e-05,-0.34996488963170824,-0.28318108043856594,-0.11818149682980879,0.11686073787226975,2.2467959110192317,-0.8429210769130698,0.6087704402209577,1.32745751918638,0.29377408217805345,0.038545263620541725,0.03797556467612373,0.07371559627581162,0.020461745878832448,0.40282952915305803,0.012063176910171669,-0.033560356582530156,-0.02273304649717145,0.014578913026954906,0.006526802400689941,0.5686448667999233,1.375025420685137,0.22616481905790722,0.14673433600000152,0.016064305999996975,0.014143904000000873,0.003211118999999485,0.014140736000001652,0.11313567900000265,0.11300388299999753,0.014157427000000666,0.000675966100445298,0.14996488963170837,3.0897169879323014,-1.8938716289202127,0.06678380919314231,1,healthy,healthy_001
57.2,0.41239213943481445,1.5081726363364687,0.9138888888888889,0.2002287700000025,4.994287284489574,0.023157894736842106,0.0,0.44000000000000017,0.5732785056767696,1.376028689624139,0.22123508007174486,0.022688715898139193,-0.00021800461539324845,0.2789448764208764,0.32176410321103965,-0.061830481298645976,0.06544478191507125,-0.5003885469069574,1.903546018038424,0.6087704402209577,1.32745751918638,0.29377408217805345,0.038545263620541725,0.03797556467612373,0.07371559627581162,0.020461745878832448,0.40282952915305803,0.012063176910171669,-0.033560356582530156,-0.02273304649717145,0.0,0.0,0.5732785056767696,1.376028689624139,0.22123508007174486,0.14650556600000186,0.01607670799999994,0.010278476999999953,0.0031858400000004394,0.010274055000003557,0.3131356790000055,0.14592144800000284,0.010293082000004006,0.0004691788387029133,0.16105512357912377,2.4039345649453816,-0.952512625936772,0.042819226790163256,1,healthy,healthy_001
57.400000000000006,0.4147825241088867,1.5032529492930669,0.9111111111111111,0.20042705999999555,4.9893462489547185,0.023157894736842106,0.0,0.8974358974358978,0.5776222777408656,1.3772677377915943,0.3444803914173049,0.021710030875869295,5.751903457310199e-05,0.9014796099928213,0.9021992430199908,-0.10146712953931718,0.13928405907082347,-3.2172033715163995,4.622930204015943,0.6087704402209577,1.32745751918638,0.29377408217805345,0.038545263620541725,0.03797556467612373,0.07371559627581162,0.020461745878832448,0.40282952915305803,0.012063176910171669,-0.033560356582530156,-0.02273304649717145,0.0,0.0,0.5776222777408656,1.3772677377915943,0.3444803914173049,0.14607850600000916,0.016070782000007,0.006085559000005958,0.003064755000004027,0.006082334000005574,0.5131356790000083,0.14202431200000376,0.0060927710000058255,0.001447863860972811,0.004043712556923484,7.8401335755323425,-14.872906638645087,0.0007196330271694862,1,healthy,healthy_001
57.6,0.40831446647644043,1.511849505288985,0.9138888888888889,0.19987181900000195,5.003206580113178,0.023157894736842106,0.0,0.8974358974358978,0.5816195094744683,1.379178311392064,0.5238669379093602,0.02187766856192467,0.00016317470434547982,0.8468388135729442,0.8467893991694633,-0.07579920286103911,0.02492034922157043,-2.995866923779198,4.3975035381186975,0.6087704402209577,1.32745751918638,0.29377408217805345,0.038545263620541725,0.03797556467612373,0.07371559627581162,0.020461745878832448,0.40282952915305803,0.012063176910171669,-0.033560356582530156,-0.02273304649717145,0.0,0.0,0.5816195094744683,1.379178311392064,0.5238669379093602,0.14620668700000294,0.016047851999999807,0.0012146999999984587,0.002073162000002071,0.0012112360000031686,0.7131356790000041,0.13771286500000457,0.0012298910000012597,0.001280226174917437,0.050597083862953585,7.393370461897895,-13.1743353970518,4.941440348094073e-05,1,healthy,healthy_001
57.800000000000004,0.4282962679862976,1.5053888066876224,0.9111111111111111,0.2012813609999995,4.968169904216826,0.023157894736842106,0.0,0.7435897435897438,0.5846605269646148,1.3812749756868012,0.6716726136640409,0.020357632770601094,-0.0002702540535280823,0.8492371710211287,0.8425395214091229,-0.07781191963288726,-0.013877085976381681,-3.005949722392336,4.399357794489852,0.6039474603933297,1.3264316782864736,0.5653418642406406,0.044380053844057854,0.029715269674133182,0.06768969234417724,0.004930870508300507,0.27156778206258714,0.012938665524433794,-0.049749429934945674,-0.006132128167073333,0.016212728836429505,0.01660091833009811,0.5846605269646148,1.3812749756868012,0.6716726136640409,0.1449253260000063,0.016259840000003578,0.030966220000003375,0.001582057000007353,0.030942239000005145,0.1282575800000032,0.1282746160000059,0.03094570400000407,0.0028002619662410126,0.10564742743138489,7.405307516882187,-13.224248341051329,0.006697649612005807,1,healthy,healthy_001
58.0,0.42846712470054626,1.5080832146653316,0.9111111111111111,0.20054072399999967,4.986518349260581,0.023157894736842106,0.0,0.6410256410256412,0.5877708616942067,1.3841488602169734,0.8331752040977899,0.021026735997030616,-0.0001638866028521157,0.6931978113261442,0.6905848852719434,-0.12036839256208223,0.01653546090220975,-2.3262976690394046,3.7248003757504304,0.6039474603933297,1.3264316782864736,0.5653418642406406,0.044380053844057854,0.029715269674133182,0.06768969234417724,0.004930870508300507,0.27156778206258714,0.012938665524433794,-0.049749429934945674,-0.006132128167073333,0.0,0.0,0.5877708616942067,1.3841488602169734,0.8331752040977899,0.14438460200000236,0.01604948199999967,0.026213671999997246,0.0012230549999969753,0.02614380800000049,0.32825757999999894,0.12763532999999683,0.026155662000000746,0.002131158739811491,0.05217217030050303,6.0510980447898355,-8.664994431745324,0.002612926054200826,1,healthy,healthy_001
58.2,0.43167844414711,1.5154450181588577,0.9138888888888889,0.19988823500000308,5.002795687299878,0.011578947368421053,0.0,0.42974358974358984,0.5905157714211084,1.3875774320166085,0.9649960128452949,0.022260419791159412,-0.00024770240445020145,0.598208884558675,0.5933237441047646,-0.06713292529721028,0.02752456476457055,-1.9123532305775433,3.311574842114347,0.5884719329794791,1.315472320659728,0.8810393770640741,0.04570359117263467,0.023800172777994844,0.07859136739405698,0.018963108087224158,0.3156975128234335,-0.009791035519334208,-0.06585739223278013,-0.006824393505764486,0.02785867475181697,0.0006922653386911524,0.5905157714211084,1.3875774320166085,0.9649960128452949,0.14449636700000212,0.016265828000001648,0.02208813100000384,0.001246697000006236,0.022073603000002606,0.12109705299999973,0.12087331400000068,0.022120327000003215,0.010681472422738359,0.1684652948150852,5.223928072691891,-6.332900847616689,0.004885140453910419,1,healthy,healthy_001
58.400000000000006,0.425199419260025,1.5076212779414364,0.9111111111111111,0.20032421100000164,4.991907842831798,0.011578947368421053,0.0,0.2820512820512822,0.5919558437601581,1.389827229417317,1.0543359665527727,0.011172648139660124,-9.611765839512548e-05,0.2876238260001446,0.28487935854943214,-0.05301678464020728,-0.021137680062058628,-0.9053043236502967,1.606960756416165,0.5884719329794791,1.315472320659728,0.8810393770640741,0.04570359117263467,0.023800172777994844,0.07859136739405698,0.018963108087224158,0.3156975128234335,-0.009791035519334208,-0.06585739223278013,-0.006824393505764486,0.0,0.0,0.5919558437601581,1.389827229417317,1.0543359665527727,0.14417215600000333,0.016004065000004175,0.01791521900000248,0.0009550910000086787,0.017894512000005136,0.3210970530000026,0.11991241100000849,0.017934447000008902,0.0004062992287609292,0.005572543948862363,2.5122650800664617,-1.4547885207199054,0.00274446745071244,1,healthy,healthy_001
58.6,0.4245518445968628,1.5160347147190825,0.9138888888888889,0.19979848899999553,5.005042855954843,0.011578947368421053,0.0,0.23076923076923095,0.5930416655581331,1.3918332325403031,1.1115673519764484,0.011162418246957984,-0.00014799412156690176,0.2785379423692316,0.26670051530529565,-0.033667205462064566,0.015932127993768617,-0.8647258942282151,1.5664312412758217,0.5884719329794791,1.315472320659728,0.8810393770640741,0.04570359117263467,0.023800172777994844,0.07859136739405698,0.018963108087224158,0.3156975128234335,-0.009791035519334208,-0.06585739223278013,-0.006824393505764486,0.0,0.0,0.5930416655581331,1.3918332325403031,1.1115673519764484,0.14437366700000354,0.01626991100000197,0.014416803999999672,0.0011508250000034081,0.014406376000003718,0.5210970529999983,0.11552005000000065,0.014439635000002227,0.0004165291214630693,0.047768711600000624,2.4311571355040367,-1.3545336558592478,0.011837427063935924,1,healthy,healthy_001
58.800000000000004,0.4087943136692047,1.5122371027897195,0.9138888888888889,0.200510474000005,4.987270640036366,0.03473684210526316,0.0,0.390769230769231,0.5940219833025736,1.3939046978842229,1.1603359671332005,0.011206037425268345,-0.0001386145784792103,0.22813670949418613,0.2429796953802269,0.31912798078212684,-0.08229320386514909,-0.6454032400945601,1.3459486042507762,0.6079790885272018,1.319259252300096,1.090590533751915,0.045361646283523016,0.02329872376622566,0.061803576181285666,0.019871335355528354,0.20955115668784097,-0.03887969444822179,-0.04916583027574256,-0.03876382052770924,0.033537416699065764,0.03193942702194476,0.5940219833025736,1.3939046978842229,1.1603359671332005,0.1438631930000014,0.016026868000004413,0.00916229600000662,0.0002605610000045999,0.00915348100000557,0.10698922400000299,0.10693554400000238,0.009190441000001215,0.02353080467999482,0.16263252127504485,1.9913518443453362,-0.8686795901842017,0.014842985886040772,1,healthy,healthy_001
59.0,0.4174266755580902,1.5078605168112895,0.9111111111111111,0.2008563670000001,4.978682104710176,0.03473684210526316,0.0,0.4871794871794873,0.5965006654138548,1.4001486469680533,1.242620440582362,0.03394845245898575,-0.0002483712799041214,0.4802725622577504,0.4806759176693021,-0.05801527578684957,0.02100977675769867,-1.0435718046418587,3.1479533378009177,0.6079790885272018,1.319259252300096,1.090590533751915,0.045361646283523016,0.02329872376622566,0.061803576181285666,0.019871335355528354,0.20955115668784097,-0.03887969444822179,-0.04916583027574256,-0.03876382052770924,0.0,0.0,0.5965006654138548,1.4001486469680533,1.242620440582362,0.14300682599999703,0.016016929999999263,0.005291681999999298,0.0002734369999970454,0.005216955000001633,0.30698922399999873,0.14090542900000003,0.005232800000001703,0.000788389646277414,0.00690692492173689,4.191525142442776,-3.2851153456572666,0.00040335541155173127,1,healthy,healthy_001
59.2,0.4136624038219452,1.5023067713146152,0.9138888888888889,0.19984540599999434,5.003867839724213,0.03473684210526316,0.0,0.4871794871794873,0.5984417607048386,1.4067874967722043,1.340864284720093,0.03386280709934006,-0.00024230904561840533,0.4819869647170423,0.48184546517954957,-0.08141731109649743,0.012336329577459643,-1.0515830577984602,3.1552675338652,0.6079790885272018,1.319259252300096,1.090590533751915,0.045361646283523016,0.02329872376622566,0.061803576181285666,0.019871335355528354,0.20955115668784097,-0.03887969444822179,-0.04916583027574256,-0.03876382052770924,0.0,0.0,0.5984417607048386,1.4067874967722043,1.340864284720093,0.14316142000000553,0.016281279000004645,0.0012389490000046521,0.0004072160000063718,0.0012271060000017542,0.5069892240000016,0.13680681499999992,0.0012672820000005913,0.0008740350059231045,0.005192522462445004,4.20685059166366,-3.318025881434173,0.00014149953749270638,1,healthy,healthy_001
59.400000000000006,0.4049083888530731,1.5106916818031786,0.9138888888888889,0.19969475900000333,5.007642689310556,0.0,0.0,0.22461538461538474,0.5994247759874656,1.4116769750909457,1.4212710377690918,0.02242007897347241,-9.190839159941297e-05,0.4189723163725239,0.3985633500523365,-0.0712509799639774,-0.049832553971433616,-1.131979735855623,2.5355420668330235,0.6258544580486568,1.352649672019809,1.3293917542721267,0.03851590656123033,0.022690532761487914,0.05306532163869574,0.03787411998432631,0.23880122052021166,-0.027386704474324702,-0.03155333022219956,-0.03895335066751979,0.021030667528068415,0.00018953013981054534,0.5994247759874656,1.4116769750909457,1.4212710377690918,0.14346666100000505,0.016086957000005953,0.0309762460000087,0.0003357050000047934,0.030968926000007002,0.13043873000000872,0.13038189700000657,0.030994208000002743,0.02242007897347241,0.19435693175713917,3.6675218026886465,-2.8701822390644662,0.020408966320187405,1,healthy,healthy_001
59.6,0.40924525260925293,1.5011873649828362,0.9166666666666666,0.1999407099999999,5.001482689543318,0.0,0.0,-0.41538461538461524,0.5995917391677656,1.4128453998614325,1.4500089431886944,0.0004969369163841638,-0.00016213813213939896,-0.2415664159817762,-0.2463369488518209,-0.008676664625961927,-0.0034920325296354266,1.0407266385016256,-1.03899901977122,0.6258544580486568,1.352649672019809,1.3293917542721267,0.03851590656123033,0.022690532761487914,0.05306532163869574,0.03787411998432631,0.23880122052021166,-0.027386704474324702,-0.03155333022219956,-0.03895335066751979,0.0,0.0,0.5995917391677656,1.4128453998614325,1.4500089431886944,0.14352595100000087,0.016101315000000227,0.02720864199999795,0.00024476800000172716,0.027198388999998713,0.33043873000000445,0.12901168999999868,0.02722977100000179,0.0004969369163841638,0.17381819940283905,2.079725658272846,-1.0813139572529857,0.004770532870044697,1,healthy,healthy_001
59.800000000000004,0.4058791995048523,1.500384709366211,0.9111111111111111,0.20011759399999818,4.997061877527916,0.0,0.0,-1.0,0.5995971415503825,1.4130547570734384,1.3435893584011618,0.001584415629335661,-0.00024893516705222756,-0.8932462481351647,-0.8938646426477991,-0.029816985339114976,0.08102407506505145,3.8822044519336982,-3.882255421452439,0.6258544580486568,1.352649672019809,1.3293917542721267,0.03851590656123033,0.022690532761487914,0.05306532163869574,0.03787411998432631,0.23880122052021166,-0.027386704474324702,-0.03155333022219956,-0.03895335066751979,0.0,0.0,0.5995971415503825,1.4130547570734384,1.3435893584011618,0.14340835700000554,0.016322640000005606,0.023364387000000875,0.0004260440000010135,0.023355268000003093,0.5304387300000073,0.1252299950000051,0.023384808000002977,0.001584415629335661,0.10675375186483527,7.764459873386137,-15.071709280706395,0.000618394512634346,1,healthy,healthy_001
60.0,0.4139295220375061,1.4994511124210879,0.9138888888888889,0.20012574600000477,4.996858325265037,0.0,0.0,-1.0,0.599632680464108,1.413403139168519,1.1439819091452188,0.0016164083180182864,0.0003152085070342754,-0.9958375140119021,-0.9955175715949985,-0.06688413729454062,-0.009084674703388383,4.346805484096011,-4.345892251957296,0.6258544580486568,1.352649672019809,1.3293917542721267,0.03851590656123033,0.022690532761487914,0.05306532163869574,0.03787411998432631,0.23880122052021166,-0.027386704474324702,-0.03155333022219956,-0.03895335066751979,0.0,0.0,0.599632680464108,1.413403139168519,1.1439819091452188,0.1432826109999965,0.01605076999999966,0.019109903000000372,0.004954947000001653,0.019099736999997674,0.730438730000003,0.12087056899999737,0.01914062499999858,0.0016164083180182864,0.004162485988097875,8.692697736053308,-18.89074827409834,0.0003199424169035847,1,healthy,healthy_001
60.2,0.43035390973091125,1.5036776860253065,0.9138888888888889,0.1999935599999958,5.000161005184472,0.0,0.0,-1.0,0.5997325317734732,1.413697409414735,0.9409941430982597,0.001368989645406184,0.00015586580590644264,-0.9947382512679377,-0.9950494448260782,-0.08176091826143095,0.0015089068353678595,4.339410224865439,-4.343722502796341,0.6205302051575977,1.3464534624522597,1.0368683369697522,0.03737791299766274,0.028729447702702027,0.05264629472667622,0.008169497037941755,0.2925234173023746,-0.02465579230136251,-0.046782064432072404,-0.032475776456698316,0.015471658829336448,0.006477574210821471,0.5997325317734732,1.413697409414735,0.9409941430982597,0.14328905100000355,0.016098504000005676,0.014682609000004732,0.004449866000001634,0.014627765000000181,0.11332995300000448,0.11327054100000566,0.01470501400000046,0.001368989645406184,0.00526174873206231,8.68313272766178,-18.84919384261254,0.0003111935581404657,1,healthy,healthy_001
60.400000000000006,0.4458741247653961,1.4985508209828176,0.9166666666666666,0.20056589100000366,4.985892641136981,0.0,0.0,-1.0,0.6000882917093855,1.4141548545492757,0.7393226344318892,0.00306838976461091,0.00026313855896915633,-0.9887194498606083,-0.9886194769707609,-0.07834623376764238,0.018805213699029034,4.318271046877535,-4.311879276592168,0.6205302051575977,1.3464534624522597,1.0368683369697522,0.03737791299766274,0.028729447702702027,0.05264629472667622,0.008169497037941755,0.2925234173023746,-0.02465579230136251,-0.046782064432072404,-0.032475776456698316,0.0,0.0,0.6000882917093855,1.4141548545492757,0.7393226344318892,0.14272316000000274,0.016193820000005132,0.010108735000002866,0.0041033750000067926,0.01009974100000477,0.3133299530000073,0.11176003900000353,0.010129578000004358,0.00306838976461091,0.011280550139391665,8.630150323469703,-18.61986343773921,9.99728898474217e-05,1,healthy,healthy_001
60.6,0.4463367164134979,1.499063499385793,0.9083333333333333,0.2001669989999968,4.995828508174896,0.0,0.0,-1.0,0.6004273515537862,1.4144213423802865,0.5372589506545837,0.001489232913758947,-0.00028277407418437074,-0.9912783982489809,-0.9910772299530025,-0.11715233930849925,-0.005174787833953166,4.326618489342582,-4.325772814804965,0.6347259604627149,1.3439747912963582,0.6233695478712926,0.034092519482748884,0.0323352006093216,0.06709411320575837,0.014410526686483767,0.4134987890984596,-0.03489378471545536,-0.03874751623401365,-0.0496636754246407,0.013014240408796507,0.017187898967942386,0.6004273515537862,1.4144213423802865,0.5372589506545837,0.14255616100000168,0.01634358700000149,0.005997177000004683,0.004091578000000595,0.005990181999997901,0.13871184100000278,0.13873020999999852,0.006021388000000627,0.001489232913758947,0.008721601751019104,8.652391304147546,-18.715968641230667,0.00020116829597838226,1,healthy,healthy_001
60.800000000000004,0.4482199549674988,1.5062082756946726,0.9111111111111111,0.2002070090000032,4.994830126052101,0.0,0.0,-0.9487179487179487,0.6007404650526211,1.41450755372324,0.33511924273301696,0.0015304262613704718,-0.00031683802936422075,-0.9905305269793755,-0.9907514630090969,-0.11312631713141946,-0.01789674883957841,4.318994458802146,-4.327071584412912,0.6347259604627149,1.3439747912963582,0.6233695478712926,0.034092519482748884,0.0323352006093216,0.06709411320575837,0.014410526686483767,0.4134987890984596,-0.03489378471545536,-0.03874751623401365,-0.0496636754246407,0.0,0.0,0.6007404650526211,1.41450755372324,0.33511924273301696,0.1423491520000013,0.015881252000006896,0.0012267790000066725,0.003396857000005582,0.0012204540000055886,0.3387118410000056,0.13767757300000483,0.001258932000006041,0.0015304262613704718,0.041812578261426814,8.646066043215058,-18.68859819591959,0.00022093602972139692,1,healthy,healthy_001
61.0,0.4478737413883209,1.4997735701727144,0.9166666666666666,0.2005997999999991,4.9850498355432284,0.0,0.0,-0.7374358974358973,0.6010248142120237,1.4145493225760764,0.17494052099348875,0.001666144539868332,-0.00014454660375878524,-0.9000221723754812,-0.8947519216927201,-0.09252717766674902,0.012461773151855211,3.9293194383890975,-3.9295357419483166,0.6426395441439663,1.3469251007901188,0.22337987251217012,0.043703656538902014,0.02860777347572574,0.08149775492973008,0.00844565762916911,0.39998967535912244,-0.034543847740139626,-0.03262896973018983,-0.05468980643675537,0.006128545276503046,0.0050261310121146666,0.6010248142120237,1.4145493225760764,0.17494052099348875,0.14174935199999794,0.01625921499999805,0.03103657700000184,0.0032155520000003435,0.03103159399999811,0.12976612199999948,0.1297737579999989,0.03104780900000037,0.001666144539868332,0.16258627493958389,7.8588551803374145,-15.440401174682245,0.005270250682761102,1,healthy,healthy_001
61.2,0.45696163177490234,1.4910241707202492,0.9083333333333333,0.20066694599999835,4.983381767319109,0.0,0.0,-0.09743589743589723,0.6013156767781631,1.414604139606861,0.03039615938260082,0.0004811195227455408,3.460781717085206e-05,-0.23963557002555033,-0.24452885596638083,-0.045597013384097565,0.02907660718622937,1.064794545017753,-1.0653034076539085,0.6426395441439663,1.3469251007901188,0.22337987251217012,0.043703656538902014,0.02860777347572574,0.08149775492973008,0.00844565762916911,0.39998967535912244,-0.034543847740139626,-0.03262896973018983,-0.05468980643675537,0.0,0.0,0.6013156767781631,1.414604139606861,0.03039615938260082,0.14108240600000244,0.016156039000001954,0.02703693900000559,0.0030917840000057595,0.02700667600000628,0.3297661220000023,0.12862812800000256,0.02701031600000192,0.0004811195227455408,0.1421996725896531,2.1300979526716617,-1.1343292572587054,0.004893285940830494,1,healthy,healthy_001
61.400000000000006,0.4608878493309021,1.4986619388515299,0.9166666666666666,0.19951172100000036,5.012236849984358,0.0,0.0,0.22256410256410278,0.6013124691122622,1.4146023397365788,0.03641095903978007,-0.0007100798366972411,-0.00010029286883816155,0.3852023578729798,0.3843700456148097,-0.050300193794619905,-0.01655069330565481,-1.6663751924455361,1.664949861861374,0.6477508218661591,1.365555561119262,-0.024780031064559522,0.042387454440579786,0.02233115901685756,0.06725585036894627,0.01931888226655884,0.24815990357672965,-0.012498610200306378,-0.022506555000468397,-0.042076405191094235,0.02425810747251637,0.012613401245661134,0.6013124691122622,1.4146023397365788,0.03641095903978007,0.14157068500000491,0.016252573000002712,0.022990687000003618,0.0031030740000090873,0.022980078000003346,0.1214502680000038,0.12138917700000462,0.02304507700000613,0.0007100798366972411,0.16263825530887702,3.33132505430691,-2.7744311464714158,0.0008323122581700981,1,healthy,healthy_001
61.6,0.4553443193435669,1.5012995006465621,0.9138888888888889,0.20002506600000203,4.999373428528152,0.0,0.0,-0.41743589743589726,0.601258143715319,1.4145909839164268,0.06879031523896788,0.000518405443078787,7.141724312665989e-05,-0.25724931642874077,-0.25988385746149933,-0.052917617262417664,0.009677656050590757,1.1068265208552088,-1.1065652969886417,0.6477508218661591,1.365555561119262,-0.024780031064559522,0.042387454440579786,0.02233115901685756,0.06725585036894627,0.01931888226655884,0.24815990357672965,-0.012498610200306378,-0.022506555000468397,-0.042076405191094235,0.0,0.0,0.601258143715319,1.4145909839164268,0.06879031523896788,0.14154561899999862,0.016185835000001703,0.019172647000004872,0.0027827210000026525,0.019132335000001888,0.32145026799999954,0.12116783599999792,0.019137978999999916,0.000518405443078787,0.1601865810071565,2.2133918178438505,-1.2247758177650492,0.002634541032758564,1,healthy,healthy_001
61.800000000000004,0.46624699234962463,1.4991617316895343,0.9138888888888889,0.20081300300000038,4.979757212235893,0.0,0.0,-1.0,0.6014702805006211,1.4146134033538456,-0.03943341223832662,0.001724366384637846,6.692713007731801e-05,-0.8941370655491784,-0.9514085771617766,-0.019705725226606036,0.022221310712873116,3.8873918822928926,-3.8854219388581774,0.6477508218661591,1.365555561119262,-0.024780031064559522,0.042387454440579786,0.02233115901685756,0.06725585036894627,0.01931888226655884,0.24815990357672965,-0.012498610200306378,-0.022506555000468397,-0.042076405191094235,0.0,0.0,0.6014702805006211,1.4146134033538456,-0.03943341223832662,0.1407326160000011,0.01616918800000633,0.01413705100000584,0.0022803110000069182,0.014096083000005422,0.5214502680000024,0.115693818000004,0.014164646000004666,0.001724366384637846,0.10586293445082162,7.77281382115107,-15.10415770439999,0.05727151161259825,1,healthy,healthy_001
62.0,0.4637356996536255,1.4978429371660407,0.9166666666666666,0.20111260799999542,4.97233868102403,0.0,0.0,-1.0,0.6018598338577044,1.4146107698289765,-0.24208054946764446,0.0016371510195314011,0.0004461433418554803,-0.9934099904639275,-0.9935230047109416,-0.04685012908260125,-0.009227808611442317,4.3324637950780716,-4.3394965139213655,0.6477508218661591,1.365555561119262,-0.024780031064559522,0.042387454440579786,0.02233115901685756,0.06725585036894627,0.01931888226655884,0.24815990357672965,-0.012498610200306378,-0.022506555000468397,-0.042076405191094235,0.0,0.0,0.6018598338577044,1.4146107698289765,-0.24208054946764446,0.1396200080000014,0.016233282000001736,0.009310509000002298,0.0012400900000031356,0.009253975999996555,0.7214502679999981,0.11093554100000347,0.009260718999996698,0.0016371510195314011,0.006590009536072472,8.671960308999438,-18.80071153543182,0.00011301424701404272,1,healthy,healthy_001
62.2,0.46194735169410706,1.4882084957577966,0.9166666666666666,0.2002471500000027,4.993828875966457,0.0,0.0,-0.84,0.6022198355016523,1.4146018346967744,-0.44482344889849557,0.0015076324505294174,0.000553673695838018,-0.9941213766835039,-0.992241486277642,-0.02033733493856579,0.005898857312870656,4.336976926080483,-4.341515782060326,0.6182523117651058,1.370595673621326,-0.3326892384798581,0.04563456637053681,0.01640825111744082,0.058015751896783055,0.029925989243722695,0.30790920741529865,-0.014729442151830361,-0.030415785421634946,-0.02204668505319888,0.008217818265880958,0.020029720137895356,0.6022198355016523,1.4146018346967744,-0.44482344889849557,0.13937285800000154,0.016430380000002742,0.0049246310000015114,0.0010505360000010455,0.004914702000000659,0.10260990600000497,0.10256065400000125,0.004952907000003393,0.0015076324505294174,0.1541213766835039,8.678492708140809,-18.8290537710099,0.0018798904058618948,1,healthy,healthy_001
62.400000000000006,0.48195862770080566,1.5028209227504152,0.9166666666666666,0.20058033899999828,4.985533502363901,0.0,0.0,-0.48717948717948684,0.6024745306936176,1.4145524205801552,-0.5933227231096145,0.0006610098302897013,-0.00012326605960266988,-0.3641808523524132,-0.3642032306915403,-0.021679292888413255,-0.05618913226091546,1.6095710856329197,-1.6033053318963635,0.6182523117651058,1.370595673621326,-0.3326892384798581,0.04563456637053681,0.01640825111744082,0.058015751896783055,0.029925989243722695,0.30790920741529865,-0.014729442151830361,-0.030415785421634946,-0.02204668505319888,0.0,0.0,0.6024745306936176,1.4145524205801552,-0.5933227231096145,0.1387925190000061,0.016260585000004824,0.0010305000000059295,0.000946695000003217,0.0009381540000035216,0.3026099060000078,0.13680457300000626,0.0009573590000044874,0.0006610098302897013,0.12299863482707363,3.212876417529283,-2.5806339036614783,2.237833912710485e-05,1,healthy,healthy_001
62.6,0.4888733923435211,1.4971647571433675,0.9166666666666666,0.19961601300000353,5.009618141205848,0.0,0.0,-0.48717948717948684,0.6025880167440412,1.4145044016658652,-0.6646735069369597,0.001965500756720369,0.00013586024773047157,-0.4803019392000953,-0.48161925683546736,-0.02802218873615253,-0.024516523711518315,2.0827007680676877,-2.08153923103577,0.6415948645993006,1.3821689668576542,-0.6115996229393459,0.04592625729225103,0.013129126238997202,0.05847556043808156,0.026054095439128507,0.2789103844594878,0.04384171155280568,-0.03439685711478227,0.003342562254703954,0.058706294195069744,0.025389247307902832,0.6025880167440412,1.4145044016658652,-0.6646735069369597,0.1391765059999983,0.016342979000000923,0.031174925999998493,0.0012106970000047568,0.03113179700000046,0.1308981570000043,0.13085441500000172,0.03113990500000341,0.001965500756720369,0.006877547979391552,4.164239999103458,-4.335223355241222,0.0013173176353720728,1,healthy,healthy_001
62.800000000000004,0.4878772795200348,1.4973871211512835,0.9138888888888889,0.2002569459999961,4.993584592067131,0.0,0.0,-0.43589743589743557,0.602821360521809,1.4143026127726803,-0.762511069572313,0.0014237417267642552,-1.5996371453256284e-05,-0.44993412375894953,-0.4401193636730121,-0.08014925530589169,-0.0015904413302752366,1.9680997922284418,-1.9646964380466405,0.6415948645993006,1.3821689668576542,-0.6115996229393459,0.04592625729225103,0.013129126238997202,0.05847556043808156,0.026054095439128507,0.2789103844594878,0.04384171155280568,-0.03439685711478227,0.003342562254703954,0.0,0.0,0.602821360521809,1.4143026127726803,-0.762511069572313,0.13891956000000505,0.016239957000003358,0.026661947000000907,0.0003997080000033293,0.026642155000004664,0.33089815700000713,0.1286806670000047,0.026683045000005734,0.0014237417267642552,0.014036687861513963,3.9327962302750823,-3.866718651511553,0.009814760085937457,1,healthy,healthy_001
63.0,0.48841071128845215,1.5042073691539535,0.9194444444444444,0.20034854300000404,4.991301583860182,0.0,0.0,-0.3846153846153843,0.6030186483977156,1.414107259706567,-0.8506874784655007,0.0012220703480656195,7.24513937843059e-05,-0.399088573873449,-0.3903531517283997,-0.07496485194616642,0.010749585654801427,1.7450277263010816,-1.7439043695029153,0.6415948645993006,1.3821689668576542,-0.6115996229393459,0.04592625729225103,0.013129126238997202,0.05847556043808156,0.026054095439128507,0.2789103844594878,0.04384171155280568,-0.03439685711478227,0.003342562254703954,0.0,0.0,0.6030186483977156,1.414107259706567,-0.8506874784655007,0.13857101699999674,0.016290898999997694,0.022302310000000602,0.00017331699999800776,0.0222969820000003,0.5308981570000029,0.12407556000000142,0.022319836000001203,0.0012220703480656195,0.014473189258064678,3.488932095803997,-3.0431614768001936,0.008735422145049299,1,healthy,healthy_001
63.2,0.4873143136501312,1.4980615705342277,0.9138888888888889,0.2002729049999985,4.993186671956486,0.011578947368421053,0.0,-1.0,0.6041195453136913,1.412701025588903,-0.9627115432885062,0.012793496719337258,0.00024554238603771185,-0.8508822828605352,-0.8545172010987043,-0.10275356973012073,-0.11246068408234403,4.048579659484183,-3.34859502488561,0.6561703282777049,1.3763225991882557,-0.879996983802308,0.0456779094765733,0.016674884568459447,0.04464187149442763,0.015704271914554726,0.2683973608629621,0.05977178009639266,-0.040475252817870754,0.004797621540076778,0.017050336598633586,0.0014550592853728238,0.6041195453136913,1.412701025588903,-0.9627115432885062,0.13829811200000108,0.016235514000001672,0.01836903300000614,0.005162278000000242,0.018297194000005845,0.11801989800000001,0.11804056000000429,0.01830885800000459,0.0012145493509162046,0.14911771713946476,7.3971746843697925,-13.557053705601811,0.0036349182381690825,1,healthy,healthy_001
63.400000000000006,0.4749701917171478,1.503590430647945,0.9194444444444444,0.2001665250000002,4.995840338438203,0.011578947368421053,0.0,-1.0,0.6054218724603936,1.4103853815127927,-1.1587749151848035,0.013201736778715764,-0.00010865528126930302,-0.9911943787043015,-0.9909516225122705,-0.10341958882079431,0.01757675318074925,4.677129670796887,-3.9742782664810754,0.6561703282777049,1.3763225991882557,-0.879996983802308,0.0456779094765733,0.016674884568459447,0.04464187149442763,0.015704271914554726,0.2683973608629621,0.05977178009639266,-0.040475252817870754,0.004797621540076778,0.0,0.0,0.6054218724603936,1.4103853815127927,-1.1587749151848035,0.13813158700000372,0.016286516000008078,0.01353652500000635,0.004153532000003679,0.013480344000008415,0.31801989800000285,0.1155613950000074,0.013492728000002785,0.0016227894102947109,0.008805621295698507,8.651407937277963,-18.588214800161857,0.00024275619203095733,1,healthy,healthy_001
63.6,0.472107857465744,1.4905881047248841,0.9166666666666666,0.20075077799999974,4.981300744946559,0.011578947368421053,0.0,-1.0,0.6062355119822388,1.4078054117401781,-1.3608522682628619,0.01334633214310234,-8.849716253264911e-05,-0.9904435459043518,-0.9904549885938484,-0.09438926759562809,-0.03246214961669214,4.67312987596567,-3.971754861361054,0.6488481452785684,1.3748055793259921,-1.2234967911645462,0.05108858443208242,0.021317224267280555,0.04865739322059361,0.007477680999838571,0.3434998073622383,0.056620783293798216,-0.0404241235236787,0.009594861566231475,0.003151411597155312,0.004797240026154697,0.6062355119822388,1.4078054117401781,-1.3608522682628619,0.13738080899999972,0.016118333000001428,0.008324201000000642,0.0033638780000018187,0.008310983000001215,0.10735241800000495,0.10707053000000144,0.008358409999999594,0.0017673847746812864,0.009556454095648204,8.644884737326723,-18.56052630263823,1.1442689496599101e-05,1,healthy,healthy_001
63.800000000000004,0.4666076600551605,1.4782963740245911,0.9138888888888889,0.20116009999999562,4.9711647588165935,0.0,0.0,-0.3599999999999999,0.606440799747958,1.4066674046103966,-1.5396774087939145,0.0010693462242117927,8.125607668941508e-05,-0.5234884404635034,-0.5165466674595418,-0.0977452582849837,0.009006961765069122,2.3038782495288306,-2.300400350732397,0.6488481452785684,1.3748055793259921,-1.2234967911645462,0.05108858443208242,0.021317224267280555,0.04865739322059361,0.007477680999838571,0.3434998073622383,0.056620783293798216,-0.0404241235236787,0.009594861566231475,0.0,0.0,0.606440799747958,1.4066674046103966,-1.5396774087939145,0.13622070900000693,0.016343832000004,0.0046357700000072555,0.003849129000002449,0.004557955000002778,0.3073524180000078,0.10545281000000273,0.0045697970000020405,0.0010693462242117927,0.16348844046350353,4.604278600261228,-5.299842333260863,0.006941773003961593,1,healthy,healthy_001
64.0,0.4563013017177582,1.482015971834871,0.9083333333333333,0.19971024700000584,5.007254334826248,0.0,0.0,0.0,0.6064478730773166,1.406584827323963,-1.5802675323034177,5.923030544669283e-05,-8.817347476670576e-06,-0.015235467112700055,-0.016171873135833334,-0.08959834440866515,0.034968307712023805,0.0683092981151571,-0.0685728253269987,0.6360676846194718,1.369844948470885,-1.550458059987518,0.0503526117009509,0.03044829931118076,0.05562596954852411,0.013709414033406218,0.32696126882297166,0.05115966399765967,-0.04588359050600621,0.015261933767255303,0.007722020700424277,0.005667072201023827,0.6064478730773166,1.406584827323963,-1.5802675323034177,0.13651046199999683,0.016204762000000983,0.00033280000000246446,0.0034019539999974313,0.0003185970000032512,0.1329287889999975,0.13294379500000275,0.0003510920000024953,5.923030544669283e-05,0.015235467112700055,0.13688212344215578,-0.004684161567860549,0.000936406023133279,0,healthy,healthy_001
64.2,0.45663538575172424,1.4813064769273852,0.9111111111111111,0.20010684500000053,4.997330301219818,0.0,0.0,0.0,0.6064475880138287,1.4065779343609772,-1.580791725482983,3.372407104678331e-05,-1.0633313520092615e-05,0.00032097927995986675,0.00015418909362187408,-0.07326433804739572,-0.0104600963117036,-0.0013519366323858696,0.0013612101548620484,0.6360676846194718,1.369844948470885,-1.550458059987518,0.0503526117009509,0.03044829931118076,0.05562596954852411,0.013709414033406218,0.32696126882297166,0.05115966399765967,-0.04588359050600621,0.015261933767255303,0.0,0.0,0.6064475880138287,1.4065779343609772,-1.580791725482983,0.13640361699999914,0.016338501000007,0.030214129000000867,0.0031465579999974125,0.030205365000000484,0.33292878900000034,0.1320059890000067,0.030230721999998877,3.372407104678331e-05,0.00032097927995986675,0.002713146787247918,-1.8402698727336457e-06,0.00016679018633799266,0,healthy,healthy_001
64.4,0.45693495869636536,1.48196675419444,0.9111111111111111,0.20113448699999026,4.971797800145772,0.0,0.0,0.0,0.606447620062183,1.4065715079145955,-1.580687386982287,1.4107930091546035e-05,-1.281759296398173e-05,0.0005474430412959432,0.0004784100426383434,-0.09775372642385921,-0.017225034912399094,-0.0022650603141559046,0.0024853844490840037,0.6360676846194718,1.369844948470885,-1.550458059987518,0.0503526117009509,0.03044829931118076,0.05562596954852411,0.013709414033406218,0.32696126882297166,0.05115966399765967,-0.04588359050600621,0.015261933767255303,0.0,0.0,0.606447620062183,1.4065715079145955,-1.580687386982287,0.13526913000001173,0.016229196000011825,0.025991111000010392,0.0024177559999998266,0.02598723300000927,0.5329287890000032,0.12715434900000844,0.02600351099999898,1.4107930091546035e-05,0.0005474430412959432,0.004750444763239908,-5.629545681040413e-06,6.903299865759982e-05,0,healthy,healthy_001
64.60000000000001,0.4563487768173218,1.4810447614730857,0.9111111111111111,0.1997236340000086,5.006918710481489,0.0,0.0,0.0,0.606447584645714,1.4065650819557252,-1.5805753733433705,9.2971176566465e-06,-1.0504137923875352e-05,0.0005409262692591025,0.000540120759104043,-0.06332365737803228,-0.006590723099438831,-0.002234006546975947,0.00246006652697138,0.6360676846194718,1.369844948470885,-1.550458059987518,0.0503526117009509,0.03044829931118076,0.05562596954852411,0.013709414033406218,0.32696126882297166,0.05115966399765967,-0.04588359050600621,0.015261933767255303,0.0,0.0,0.606447584645714,1.4065650819557252,-1.5805753733433705,0.13554549600000598,0.01622746800001096,0.02169514400000594,0.0024526860000122497,0.021687050000011254,0.732928789000006,0.12335037900000145,0.021723991000001774,9.2971176566465e-06,0.0005409262692591025,0.004694073073947327,-5.495804727250443e-06,8.055101550594624e-07,0,healthy,healthy_001
64.8,0.45364025235176086,1.4808969007032673,0.9111111111111111,0.1996085880000038,5.009804487971134,0.0,0.0,0.0,0.6064473548274789,1.4065585567071548,-1.5804648621392858,2.264187685111814e-05,-1.0677411686440056e-05,0.000532640468044971,0.0005506079656688588,-0.05335560060022594,0.02951725125112236,-0.0022075848878343432,0.002414515615842542,0.6360676846194718,1.369844948470885,-1.550458059987518,0.0503526117009509,0.03044829931118076,0.05562596954852411,0.013709414033406218,0.32696126882297166,0.05115966399765967,-0.04588359050600621,0.015261933767255303,0.0,0.0,0.6064473548274789,1.4065585567071548,-1.5804648621392858,0.1359369079999908,0.2162274679999996,0.017067521000001307,0.0019149970000000849,0.01705958499999838,0.9329287889999947,0.11898427699999559,0.017077326999995535,2.264187685111814e-05,0.000532640468044971,0.0046221005036768854,-5.3302481849740274e-06,1.796749762388787e-05,0,healthy,healthy_001
65.0,0.45748093724250793,1.4765977187805583,0.9083333333333333,0.20044591099998854,4.988877024286403,0.0,0.0,0.0,0.6064475216747152,1.4065520976250976,-1.5803562104686797,1.3422299604817517e-05,-1.0878565425226496e-05,0.000524723285158914,0.0005723821730946472,-0.07086566460822416,0.0336592669928162,-0.002164368995880959,0.002388619093299779,0.6360676846194718,1.369844948470885,-1.550458059987518,0.0503526117009509,0.03044829931118076,0.05562596954852411,0.013709414033406218,0.32696126882297166,0.05115966399765967,-0.04588359050600621,0.015261933767255303,0.0,0.0,0.6064475216747152,1.4065520976250976,-1.5803562104686797,0.1354909970000051,0.41622746800000243,0.01317385699999818,0.00206521200000509,0.013163184000006822,1.1329287889999975,0.11487063200000591,0.013200634000000377,1.3422299604817517e-05,0.000524723285158914,0.004552988089180738,-5.16985310850733e-06,4.76588879357332e-05,0,healthy,healthy_001
65.2,0.4493589401245117,1.4768189309387032,0.9083333333333333,0.19991316800000902,5.0021717428836645,0.0,0.0,0.0,0.6064474548744525,1.4065457045738088,-1.580249028590077,5.32889013354234e-06,-8.415664878391121e-06,0.0005168856429044276,0.00027465162674953345,-0.08664267966372513,-0.015596529798073445,-0.0027949560647231976,0.0016875510152546784,0.6360676846194718,1.369844948470885,-1.550458059987518,0.0503526117009509,0.03044829931118076,0.05562596954852411,0.013709414033406218,0.32696126882297166,0.05115966399765967,-0.04588359050600621,0.015261933767255303,0.0,0.0,0.6064474548744525,1.4065457045738088,-1.580249028590077,0.13557782899999893,0.6162274680000053,0.009028270000001726,0.001973570000004088,0.009018470000000889,1.3329287890000003,0.11007200599999578,0.009048731000007137,5.32889013354234e-06,0.0005168856429044276,0.004482507079977876,-4.7166309446158526e-06,0.00024223401615489418,0,healthy,healthy_001
65.4,0.45055219531059265,1.4776026092538046,0.9083333333333333,0.20024602200000174,4.9938570065576195,0.0,0.0,0.0,0.6064472341922552,1.40653914689747,-1.5801433189713414,2.4316959957733623e-05,-7.328061067896817e-06,0.0005092460263364999,0.00047950160723855145,-0.04274363036791709,-0.04566538277192338,-0.002521000525123481,0.0018962028136183624,0.6360676846194718,1.369844948470885,-1.550458059987518,0.0503526117009509,0.03044829931118076,0.05562596954852411,0.013709414033406218,0.32696126882297166,0.05115966399765967,-0.04588359050600621,0.015261933767255303,0.0,0.0,0.6064472341922552,1.40653914689747,-1.5801433189713414,0.13533180700000003,0.8162274680000081,0.004017967999999428,0.001171682000006058,0.004013297000000193,1.5329287890000032,0.10614897600000006,0.004031466000000705,2.4316959957733623e-05,0.0005092460263364999,0.004417203338741843,-4.780328288872513e-06,2.9744419097948462e-05,0,healthy,healthy_001
65.60000000000001,0.4472130537033081,1.4764921744482233,0.9083333333333333,0.2007780009999891,4.980625342514762,0.0,0.0,0.0,0.6064472660459798,1.406532654407256,-1.580039308812835,-1.6977626694535466e-08,-9.166884767067059e-06,0.000502177069227948,0.0003131974049485149,-0.05745580779564123,0.0010653944380277494,-0.0025038816479717374,0.0018506742790608496,0.6360676846194718,1.369844948470885,-1.550458059987518,0.0503526117009509,0.03044829931118076,0.05562596954852411,0.013709414033406218,0.32696126882297166,0.05115966399765967,-0.04588359050600621,0.015261933767255303,0.0,0.0,0.6064472660459798,1.406532654407256,-1.580039308812835,0.13455380600001376,1.016227468000011,0.0003695490000126256,0.0012614400000074966,0.000315476000011472,1.732928789000006,0.10180221600001005,0.00032673700000884764,1.6977626694535466e-08,0.000502177069227948,0.004354555927032587,-4.633869363713787e-06,0.00018897966427943314,0,healthy,healthy_001
65.8,0.45523548126220703,1.4769161996126905,0.9083333333333333,0.20051578600001108,4.987138518859282,0.0,0.0,0.0,0.6064470805402984,1.4065272618130338,-1.5799536602576933,3.9875272819646965e-06,-9.544253786427405e-06,0.0004963415112765439,0.0006636001348015945,-0.04458161250287223,-0.024360368512621633,-0.002211079565551075,0.0020933908623773354,0.6360676846194718,1.369844948470885,-1.550458059987518,0.0503526117009509,0.03044829931118076,0.05562596954852411,0.013709414033406218,0.32696126882297166,0.05115966399765967,-0.04588359050600621,0.015261933767255303,0.0,0.0,0.6064470805402984,1.4065272618130338,-1.5799536602576933,0.13403801999999132,1.2162274679999996,0.03021798999999703,0.001297022000002812,0.03021510599999999,1.9329287889999947,0.13176591699999562,0.030227229999994165,3.9875272819646965e-06,0.0004963415112765439,0.004304470427928411,-4.628653758513869e-06,0.0001672586235250506,0,healthy,healthy_001
66.0,0.4420839846134186,1.477492921213856,0.9083333333333333,0.20028277799998762,4.992940531312492,0.0,0.0,0.0,0.6064471015157751,1.4065207055995803,-1.5798523656624577,1.5210977332665693e-05,-6.9472819996677135e-06,0.0004888681915454951,0.0004372801903587459,-0.06465435459545692,0.019733101282703107,-0.0020069187475907084,0.002233700219621641,0.6360676846194718,1.369844948470885,-1.550458059987518,0.0503526117009509,0.03044829931118076,0.05562596954852411,0.013709414033406218,0.32696126882297166,0.05115966399765967,-0.04588359050600621,0.015261933767255303,0.0,0.0,0.6064471015157751,1.4065207055995803,-1.5798523656624577,0.13375524200000655,1.4162274680000024,0.025253250999995203,0.00015392999999619406,0.02524089199999935,2.1329287889999975,0.12741011299999627,0.025282072999999627,1.5210977332665693e-05,0.0004888681915454951,0.00424061896721235,-4.482854847256155e-06,5.1588001186749193e-05,0,healthy,healthy_001
66.2,0.4501667320728302,1.4764340089730896,0.9083333333333333,0.20071528600000477,4.982181576344795,0.0,0.0,0.0,0.6064469762467273,1.406514238468609,-1.5797525103438224,1.501532217858488e-05,-1.0448320490122816e-05,0.00048164079672196653,0.0007154113186771964,-0.05401215739330633,0.0381635614956788,-0.0019774356469787393,0.0022001435400354824,0.6360676846194718,1.369844948470885,-1.550458059987518,0.0503526117009509,0.03044829931118076,0.05562596954852411,0.013709414033406218,0.32696126882297166,0.05115966399765967,-0.04588359050600621,0.015261933767255303,0.0,0.0,0.6064469762467273,1.406514238468609,-1.5797525103438224,0.13303995600000462,1.6162274680000053,0.020981521999999586,0.0003882219999979952,0.020978362999997557,2.3329287890000003,0.1228035520000077,0.021008055999999442,1.501532217858488e-05,0.00048164079672196653,0.004177579187014222,-4.350642264536158e-06,0.00023377052195522986,0,healthy,healthy_001
66.4,0.4634970724582672,1.4771689669619277,0.9083333333333333,0.20032510500000456,4.991885565216488,0.0,0.0,0.0,0.6064470048264801,1.4065077874467327,-1.5796541351320954,2.5949242241400497e-05,-7.504426106346981e-06,0.00047383945066103354,0.0006525848325689159,-0.06804739464845067,0.00973186610039184,-0.0023654030961739628,0.0017435919893173616,0.6360676846194718,1.369844948470885,-1.550458059987518,0.0503526117009509,0.03044829931118076,0.05562596954852411,0.013709414033406218,0.32696126882297166,0.05115966399765967,-0.04588359050600621,0.015261933767255303,0.0,0.0,0.6064470048264801,1.4065077874467327,-1.5796541351320954,0.1327148510000029,1.8162274680000081,0.01732256100000029,0.00017969700000719513,0.01725864600000193,2.532928789000003,0.11890046500001006,0.017268229000009683,2.5949242241400497e-05,0.00047383945066103354,0.004108995085491325,-4.124297889995406e-06,0.0001787453819078824,0,healthy,healthy_001
66.60000000000001,0.46086010336875916,1.482898991042321,0.9083333333333333,0.19931217999999262,5.017254841124296,0.0,0.0,0.0,0.6064468534266144,1.406501276156943,-1.5795571085258482,5.6265265636279235e-06,-1.1683724402286926e-05,0.0004670449921633619,0.0006631973704533713,-0.06489271424110411,-0.015041050545990168,-0.0025984671375511893,0.0014497264332956252,0.6360676846194718,1.369844948470885,-1.550458059987518,0.0503526117009509,0.03044829931118076,0.05562596954852411,0.013709414033406218,0.32696126882297166,0.05115966399765967,-0.04588359050600621,0.015261933767255303,0.0,0.0,0.6064468534266144,1.406501276156943,-1.5795571085258482,0.13340267100001313,2.016227468000011,0.01329531500000769,0.0002929720000111047,0.013286906000004706,2.732928789000006,0.11461500400001512,0.013308921000003693,5.6265265636279235e-06,0.0004670449921633619,0.0040481935708468145,-3.7670664953579786e-06,0.00019615237829000945,0,healthy,healthy_001
66.8,0.4570228159427643,1.4827655356046985,0.9083333333333333,0.1998824369999994,5.002940803648511,0.0,0.0,0.0,0.606446678561425,1.4064947049759686,-1.579461440470514,2.500933361792732e-05,-9.078533304854713e-06,0.0004605630826250593,0.0003958396536607834,-0.09214526015492519,-0.014128758932172568,-0.002212308647294792,0.0017804190559417652,0.6360676846194718,1.369844948470885,-1.550458059987518,0.0503526117009509,0.03044829931118076,0.05562596954852411,0.013709414033406218,0.32696126882297166,0.05115966399765967,-0.04588359050600621,0.015261933767255303,0.0,0.0,0.606446678561425,1.4064947049759686,-1.579461440470514,0.13352023400000235,2.2162274679999996,0.009039493000003063,0.004661675999997783,0.009002363999996987,2.9329287889999947,0.11057628599999703,0.009005990999995106,2.500933361792732e-05,0.0004605630826250593,0.003992727703236557,-3.938836473268398e-06,6.472342896427587e-05,0,healthy,healthy_001
67.0,0.4326852262020111,1.479587238372826,0.9111111111111111,0.2013181020000019,4.967263202193267,0.0,0.0,0.0,0.6064467745696019,1.406488205736204,-1.5793672939961376,9.261213492727013e-06,-9.140216098178586e-06,0.0004537120764536493,0.0006215041375239746,-0.10276828169199077,-0.018481986873370323,-0.0025513372768233133,0.0013806683830552436,0.6360676846194718,1.369844948470885,-1.550458059987518,0.0503526117009509,0.03044829931118076,0.05562596954852411,0.013709414033406218,0.32696126882297166,0.05115966399765967,-0.04588359050600621,0.015261933767255303,0.0,0.0,0.6064467745696019,1.406488205736204,-1.5793672939961376,0.1322021320000033,2.4162274680000024,0.0042430919999958405,0.004292526000000407,0.004239005000002294,3.1329287889999975,0.10571336499999973,0.004247891000005666,9.261213492727013e-06,0.0004537120764536493,0.003932005659878557,-3.5225507126202122e-06,0.00016779206107032528,0,healthy,healthy_001
67.2,0.45578446984291077,1.4796762062100375,0.9111111111111111,0.19996936100000084,5.0007660923614985,0.0,0.0,0.0,0.6064465752012175,1.4064816536011564,-1.57927432735617,9.156237805279451e-06,-1.101133386024881e-05,0.0004478913096930631,0.0004404980993175291,-0.06792525447585296,0.01695626637045126,-0.001823951900362484,0.002059269912060859,0.6360676846194718,1.369844948470885,-1.550458059987518,0.0503526117009509,0.03044829931118076,0.05562596954852411,0.013709414033406218,0.32696126882297166,0.05115966399765967,-0.04588359050600621,0.015261933767255303,0.0,0.0,0.6064465752012175,1.4064816536011564,-1.57927432735617,0.1322327710000053,2.6162274680000053,0.00029264200000511664,0.004182330000006118,0.00028872500000431955,3.3329287890000003,0.10176772500000197,0.00031156800000076146,9.156237805279451e-06,0.0004478913096930631,0.003883221812423343,-3.7560092694626894e-06,7.393210375534012e-06,0,healthy,healthy_001
67.4,0.4566589593887329,1.481322513938677,0.9111111111111111,0.19987328400000592,5.00316990839041,0.0,0.0,0.0,0.6064464230922847,1.4064762103546604,-1.5791978471073396,1.1893333991748662e-05,-8.049932234219741e-06,0.0004428377163940243,0.0004442964216695467,-0.06159044457751178,0.011571511741427192,-0.0018026661253894142,0.0020365372302246203,0.6360676846194718,1.369844948470885,-1.550458059987518,0.0503526117009509,0.03044829931118076,0.05562596954852411,0.013709414033406218,0.32696126882297166,0.05115966399765967,-0.04588359050600621,0.015261933767255303,0.0,0.0,0.6064464230922847,1.4064762103546604,-1.5791978471073396,0.13235948700000222,2.816227468000008,0.030232142000002682,0.004018873000006806,0.0302293149999997,3.532928789000003,0.13158584800000028,0.03024402400001236,1.1893333991748662e-05,0.0004428377163940243,0.0038392033556140345,-3.6711966780203056e-06,1.4587052755224168e-06,0,healthy,healthy_001
67.60000000000001,0.4528079628944397,1.4799260046423934,0.9111111111111111,0.20093499299998996,4.976733943002402,0.0,0.0,0.0,0.606446603508817,1.4064695934235294,-1.579107530477444,1.617397129240048e-05,-1.0512746917976411e-05,0.0004358938009990272,0.0006663812978336674,-0.08571276868860278,-0.005868057375523632,-0.0017756927107192358,0.002003187195739876,0.6360676846194718,1.369844948470885,-1.550458059987518,0.0503526117009509,0.03044829931118076,0.05562596954852411,0.013709414033406218,0.32696126882297166,0.05115966399765967,-0.04588359050600621,0.015261933767255303,0.0,0.0,0.606446603508817,1.4064695934235294,-1.579107530477444,0.1314244940000151,3.016227468000011,0.026278079000007892,0.004288771000005909,0.026250234000002592,3.732928789000006,0.1273883370000135,0.026254622000010386,1.617397129240048e-05,0.0004358938009990272,0.003778879906459112,-3.557044901681405e-06,0.0002304874968346402,0,healthy,healthy_001
67.8,0.46335914731025696,1.4806321800300262,0.9111111111111111,0.1995942990000117,5.010163140982005,0.0,0.0,0.0,0.6064465104590688,1.406463210912193,-1.5790182987424153,1.1155414463020738e-05,-1.0004039209701522e-05,0.00042903907171165407,0.0001778018296718984,-0.09065998613598279,-0.0028136263089261,-0.0024422413997273297,0.001274749216028121,0.6360676846194718,1.369844948470885,-1.550458059987518,0.0503526117009509,0.03044829931118076,0.05562596954852411,0.013709414033406218,0.32696126882297166,0.05115966399765967,-0.04588359050600621,0.015261933767255303,0.0,0.0,0.6064465104590688,1.406463210912193,-1.5790182987424153,0.13183019499999205,3.2162274679999996,0.02158135899999536,0.0034193839999971942,0.021572980000001962,3.9329287889999947,0.12399197300000253,0.02160383099999308,1.1155414463020738e-05,0.00042903907171165407,0.003716990615755451,-3.113245309653835e-06,0.00025123724203975566,0,healthy,healthy_001
68.0,0.46059802174568176,1.480581572506486,0.9111111111111111,0.20042356499999414,4.98943325352001,0.0,0.0,0.0,0.6064463787040852,1.4064566301018206,-1.578930301447006,1.491132421369291e-05,-7.525223245193218e-06,0.0004231831872274196,0.0001936038310171923,-0.06411469335106515,0.012375345092967506,-0.0024302592598536336,0.001235827470568709,0.6360676846194718,1.369844948470885,-1.550458059987518,0.0503526117009509,0.03044829931118076,0.05562596954852411,0.013709414033406218,0.32696126882297166,0.05115966399765967,-0.04588359050600621,0.015261933767255303,0.0,0.0,0.6064463787040852,1.4064566301018206,-1.578930301447006,0.13140663000000075,3.4162274680000024,0.017264807000003657,0.002933644999998819,0.017256858999999736,4.1329287889999975,0.11899953200000368,0.01727850899999339,1.491132421369291e-05,0.0004231831872274196,0.0036660867304223427,-3.003381153931099e-06,0.0002295793562102273,0,healthy,healthy_001
68.2,0.44850173592567444,1.480650692451291,0.9111111111111111,0.20013279399999817,4.996682352818245,0.0,0.0,0.0,0.606446244293132,1.4064500503247046,-1.5788435618659462,1.3491360209632475e-06,-1.0177053577464804e-05,0.0004175846281940221,0.0005617065075700558,-0.07336073290944889,0.0005087245935660293,-0.0022803153099849012,0.001336429802524223,0.6360676846194718,1.369844948470885,-1.550458059987518,0.0503526117009509,0.03044829931118076,0.05562596954852411,0.013709414033406218,0.32696126882297166,0.05115966399765967,-0.04588359050600621,0.015261933767255303,0.0,0.0,0.606446244293132,1.4064500503247046,-1.5788435618659462,0.13127383600000542,3.6162274680000053,0.01256944800000781,0.0022416460000016514,0.012565250999998057,4.332928789,0.11427268299999582,0.012593461000008688,1.3491360209632475e-06,0.0004175846281940221,0.003616745112509124,-3.047481339416084e-06,0.00014412187937603367,0,healthy,healthy_001
68.4,0.4578464925289154,1.4792685941225145,0.9111111111111111,0.2016317770000029,4.959535718419947,0.0,0.0,0.0,0.6064462235434259,1.4064435519925012,-1.5787580883395071,1.1591059230057635e-06,-9.745449329332286e-06,0.00041163557472600045,7.586028917683804e-05,-0.06673077827529653,-0.014375065327469775,-0.0022541085497796293,0.0013108476538583676,0.6360676846194718,1.369844948470885,-1.550458059987518,0.0503526117009509,0.03044829931118076,0.05562596954852411,0.013709414033406218,0.32696126882297166,0.05115966399765967,-0.04588359050600621,0.015261933767255303,0.0,0.0,0.6064462235434259,1.4064435519925012,-1.5787580883395071,0.12964205900000536,3.816227468000008,0.008140492000009658,0.0020297010000120963,0.008137046000001646,4.532928789000003,0.10962243500000568,0.008149441000000479,1.1591059230057635e-06,0.00041163557472600045,0.003564956203637997,-2.9547929040207144e-06,0.0003357752855491624,0,healthy,healthy_001
68.60000000000001,0.4564381539821625,1.4807444309316031,0.9111111111111111,0.1996412560000067,5.008984716064732,0.0,0.0,0.0,0.6064459906151853,1.4064369693093428,-1.5786736698213666,1.0527375283355291e-05,-9.45409045375487e-06,0.00040632752723710505,0.0004252613909857421,-0.05078600289819531,-0.017313759708126448,-0.0016415796440933527,0.00187941208051685,0.6360676846194718,1.369844948470885,-1.550458059987518,0.0503526117009509,0.03044829931118076,0.05562596954852411,0.013709414033406218,0.32696126882297166,0.05115966399765967,-0.04588359050600621,0.015261933767255303,0.0,0.0,0.6064459906151853,1.4064369693093428,-1.5786736698213666,0.1300008030000015,4.016227468000011,0.0032759020000128203,0.0012434430000070051,0.003101880000002666,4.732928789000006,0.10581028300001094,0.003110960000014984,1.0527375283355291e-05,0.00040632752723710505,0.003520991724610203,-3.085204614239598e-06,1.893386374863707e-05,0,healthy,healthy_001
68.8,0.45494771003723145,1.4795661783981613,0.9111111111111111,0.20118103199999382,4.970647531025841,0.0,0.0,0.0,0.6064461828632469,1.4064315197040198,-1.5786044726885609,2.8296090081483314e-05,-9.135460375287432e-06,0.0004004085762587147,0.0003433513563924385,-0.0578323715208544,-0.014377837349377056,-0.0019497785629370543,0.0015192937437384212,0.6360676846194718,1.369844948470885,-1.550458059987518,0.0503526117009509,0.03044829931118076,0.05562596954852411,0.013709414033406218,0.32696126882297166,0.05115966399765967,-0.04588359050600621,0.015261933767255303,0.0,0.0,0.6064461828632469,1.4064315197040198,-1.5786044726885609,0.1288197709999963,4.216227468,0.03330553799999336,0.0009613229999985151,0.0332961470000015,4.932928788999995,0.10069446400000004,0.033341785999994045,2.8296090081483314e-05,0.0004004085762587147,0.0034690723066754755,-2.962286372345556e-06,5.705721986627618e-05,0,healthy,healthy_001
69.0,0.4566062092781067,1.480319425281955,0.9111111111111111,0.2000560470000039,4.998599217548173,0.0,0.0,0.0,0.6064460126353843,1.4064249832104703,-1.5785222314334242,8.32343622054175e-06,-7.50394879873433e-06,0.00039529381459146645,0.0008075710085019193,-0.08127965205906745,0.00589906133604374,-0.0022932021277708723,0.0011294983075685631,0.6360676846194718,1.369844948470885,-1.550458059987518,0.0503526117009509,0.03044829931118076,0.05562596954852411,0.013709414033406218,0.32696126882297166,0.05115966399765967,-0.04588359050600621,0.015261933767255303,0.0,0.0,0.6064460126353843,1.4064249832104703,-1.5785222314334242,0.12876372399999525,4.416227468000002,0.02918531100000621,0.0010149879999943323,0.029174690999994368,5.1329287889999975,0.09690333400000384,0.02921684499999344,8.32343622054175e-06,0.00039529381459146645,0.0034227004353394354,-2.590167922229828e-06,0.00041227719391045286,0,healthy,healthy_001
69.2,0.4454527497291565,1.4834386340390584,0.9138888888888889,0.19986931199998992,5.003269336315374,0.0,0.0,0.0,0.6064460529081497,1.4064183474073302,-1.578441294646639,6.295207611774061e-07,-1.0903357948649842e-05,0.0003897292386431193,0.0007008592809406878,-0.07501743873776208,-0.005424835940943879,-0.0021064945769333513,0.0012679960636536808,0.6360676846194718,1.369844948470885,-1.550458059987518,0.0503526117009509,0.03044829931118076,0.05562596954852411,0.013709414033406218,0.32696126882297166,0.05115966399765967,-0.04588359050600621,0.015261933767255303,0.0,0.0,0.6064460529081497,1.4064183474073302,-1.578441294646639,0.12889441200000817,4.616227468000005,0.02542548600000316,0.0011230909999966343,0.025357893000006015,5.332928789,0.12634118799999783,0.025361334999999485,6.295207611774061e-07,0.0003897292386431193,0.003374490640587032,-2.671026831659315e-06,0.00031113004229756845,0,healthy,healthy_001
69.4,0.4424143433570862,1.483480979244035,0.9138888888888889,0.19979865500000926,5.0050386975825925,0.0,0.0,0.0,0.606445951707335,1.406411838286013,-1.5783613583401115,8.116318235660448e-06,-8.848651249665663e-06,0.0003847878423850081,0.0002963607782434578,-0.06290248039820906,-0.006401545911185264,-0.0015451102725883065,0.0017881585059967263,0.6360676846194718,1.369844948470885,-1.550458059987518,0.0503526117009509,0.03044829931118076,0.05562596954852411,0.013709414033406218,0.32696126882297166,0.05115966399765967,-0.04588359050600621,0.015261933767255303,0.0,0.0,0.606445951707335,1.406411838286013,-1.5783613583401115,0.12909575700000175,4.816227468000008,0.020776842000003626,0.0004645860000067614,0.020772405000002436,5.532928789000003,0.12259474800001158,0.020788537000001384,8.116318235660448e-06,0.0003847878423850081,0.0033332687785850327,-2.7629020766317004e-06,8.842706414155028e-05,0,healthy,healthy_001
69.60000000000001,0.4424143433570862,1.483480979244035,0.9138888888888889,0.19979865500000926,5.0050386975825925,0.0,0.0,0.0,0.6064459763582764,1.4064107318894523,-1.5783481737937979,1.451309366458909e-05,-7.3262293137950575e-06,0.00038386644909336337,0.00040537060695793845,-0.07999865600535423,0.013827693800805391,-0.0015439964254230346,0.0017814217119059977,0.6360676846194718,1.369844948470885,-1.550458059987518,0.0503526117009509,0.03044829931118076,0.05562596954852411,0.013709414033406218,0.32696126882297166,0.05115966399765967,-0.04588359050600621,0.015261933767255303,0.0,0.0,0.6064459763582764,1.4064107318894523,-1.5783481737937979,0.3290957570000046,5.016227468000011,0.1867061000000092,0.17068311000001302,0.1866764800000027,5.732928789000006,0.3225947480000144,0.1866820190000027,1.451309366458909e-05,0.00038386644909336337,0.0033254181373290324,-2.7505087553538436e-06,2.150415786457508e-05,0,healthy,healthy_001
