time,scan_min,scan_mean,scan_valid_fraction,scan_gap,scan_rate_hz,cmd_vx,cmd_vy,cmd_wz,odom_x,odom_y,odom_yaw,odom_vx,odom_vy,odom_wz,imu_wz,imu_ax,imu_ay,left_wheel_vel,right_wheel_vel,amcl_x,amcl_y,amcl_yaw,amcl_cov_x,amcl_cov_y,amcl_cov_yaw,amcl_position_step,amcl_yaw_step,tf_map_odom_x,tf_map_odom_y,tf_map_odom_yaw,tf_map_odom_position_step,tf_map_odom_yaw_step,tf_odom_base_x,tf_odom_base_y,tf_odom_base_yaw,scan_age,cmd_age,odom_age,imu_age,joint_age,amcl_age,tf_map_odom_age,tf_odom_base_age,linear_motion_error,angular_motion_error,wheel_velocity_difference,wheel_velocity_product,odom_imu_yaw_error,command_active,label,source_bag
0.0,,,,,,,,,,,,,,,,,,,,,,,,,,,,,,,,,,,,,,,,,,,,,,,,,0,lidar_dropout,lidar_dropout_001
0.2,,,,,,,,,,,,,,,,,,,,,,,,,,,,,,,,,,,,,,,,,,,,,,,,,0,lidar_dropout,lidar_dropout_001
0.4,,,,,,,,,,,,,,,,,,,,,,,,,,,,,,,,,,,,,,,,,,,,,,,,,0,lidar_dropout,lidar_dropout_001
0.6000000000000001,,,,,,,,,,,,,,,,,,,,,,,,,,,,,,,,,,,,,,,,,,,,,,,,,0,lidar_dropout,lidar_dropout_001
0.8,,,,,,,,,,,,,,,,,,,,,,,,,,,,,,,,,,,,,,,,,,,,,,,,,0,lidar_dropout,lidar_dropout_001
1.0,,,,,,,,,,,,,,,,,,,,,,,,,,,,,,,,,-1.9990042138133466,-0.4999999404826388,0.0006112127883358577,,,,,,,,0.006995049000000031,,,,,,0,lidar_dropout,lidar_dropout_001
1.2000000000000002,0.4910891354084015,1.3575038687999432,0.9027777777777778,,,,,,-1.998996948993884,-0.49999995040917744,0.000616006456867689,2.3834007297064383e-05,-7.740193363725004e-06,1.8894629895515344e-05,-0.00020438551278563767,-0.039957937242385486,-0.023112426492839,0.0001290690385265048,0.0002712721463709062,-1.958907865027789,-0.460568154157168,-0.0006552871397743538,0.1784216413588533,0.21647017129775636,0.060129984511811486,,,0.04112320952380947,0.0376536535620825,-0.000889183791565588,,,-1.998996948993884,-0.49999995040917744,0.000616006456867689,0.1500136030000001,,0.0030469550000000734,0.0029868900000000753,0.0030080760000001927,0.1834295210000001,0.13833738900000014,0.003012766000000111,,,0.0001422031078444014,3.501283511111414e-08,0.00022328014268115302,0,lidar_dropout,lidar_dropout_001
1.4000000000000001,0.49071016907691956,1.357145577118947,0.9027777777777778,0.200053794,4.998655511627038,,,,-1.9989910571113472,-0.49999992703050505,0.0006199637610831823,1.2693651626550398e-05,-8.588097381913061e-06,1.8381560739119545e-05,8.066418649257598e-05,-0.057763710288908005,-0.009343203959005349,-0.000564707419154925,-0.000429374949218719,-1.958907865027789,-0.460568154157168,-0.0006552871397743538,0.1784216413588533,0.21647017129775636,0.060129984511811486,,,0.04112320952380947,0.0376536535620825,-0.000889183791565588,0.0,0.0,-1.9989910571113472,-0.49999992703050505,0.0006199637610831823,0.14995980900000005,,0.03176416800000004,0.0017774810000001917,0.031717741000000244,0.38342952100000005,0.13405551500000024,0.03172728400000002,,,0.000135332469936206,2.424712194230798e-07,6.228262575345644e-05,0,lidar_dropout,lidar_dropout_001
1.6,0.486850768327713,1.357010029554367,0.9027777777777778,0.20088961199999988,4.977858188107808,,,,-1.9989836403791443,-0.49999997386065687,0.0006247672615313326,3.2942073923157476e-05,-6.518822711660623e-06,1.8738430608308318e-05,-0.00023035259200923365,-0.07329809212919335,0.02151660899246602,2.7998099441863596e-05,0.00016890419527462643,-1.958907865027789,-0.460568154157168,-0.0006552871397743538,0.1784216413588533,0.21647017129775636,0.060129984511811486,,,0.04112320952380947,0.0376536535620825,-0.000889183791565588,0.0,0.0,-1.9989836403791443,-0.49999997386065687,0.0006247672615313326,0.14907019700000013,,0.027554883000000086,0.001709154000000046,0.02754897700000014,0.583429521,0.12926687700000006,0.02757883200000011,,,0.00014090609583276284,4.728996455446938e-09,0.00024909102261754196,0,lidar_dropout,lidar_dropout_001
1.8,0.48661133646965027,1.3580446302890778,0.9027777777777778,0.20031816000000013,4.992058633126419,,,,-1.9989764100935148,-0.49999996170432476,0.0006294975480020308,2.687265120375626e-05,-1.0388546608267083e-05,1.872079740141002e-05,-0.00022923847463080578,-0.06800188079922416,-0.01617464298300507,0.00011373873783264866,0.0002545771530858159,-1.958907865027789,-0.460568154157168,-0.0006552871397743538,0.1784216413588533,0.21647017129775636,0.060129984511811486,,,0.04112320952380947,0.0376536535620825,-0.000889183791565588,0.0,0.0,-1.9989764100935148,-0.49999996170432476,0.0006294975480020308,0.14875203699999995,,0.023715523999999988,0.0017876910000000912,0.023703342999999988,0.783429521,0.12498871499999997,0.023750533999999934,,,0.00014083841525316726,2.895528407300968e-08,0.0002479592720322158,0,lidar_dropout,lidar_dropout_001
2.0,0.4840857684612274,1.3579397973647485,0.9027777777777778,0.1997881319999999,5.005302316956447,,,,-1.9989690658877088,-0.49999992389958275,0.0006342646414635408,2.2369961334469995e-05,-8.376370157718862e-06,1.8881138824904122e-05,2.5053471664023514e-05,-0.04394902036841803,0.017306020097830988,0.00013037904652775725,0.00027246343707235804,-1.958907865027789,-0.460568154157168,-0.0006552871397743538,0.1784216413588533,0.21647017129775636,0.060129984511811486,,,0.04112320952380947,0.0376536535620825,-0.000889183791565588,0.0,0.0,-1.9989690658877088,-0.49999992389958275,0.0006342646414635408,0.148963905,,0.01880389699999996,0.0007088889999999903,0.018796202000000095,0.9834295209999999,0.12105664400000005,0.018821922999999963,,,0.00014208439054460079,3.552352313916963e-08,6.172332839119392e-06,0,lidar_dropout,lidar_dropout_001
2.2,0.4968474805355072,1.357764037022224,0.9027777777777778,0.20100750300000003,4.974938671816643,,,,-1.9989619371303238,-0.4999999948045337,0.0006390587329265006,1.2961805071339866e-05,-1.167048706958981e-05,1.9030448072146646e-05,-0.00014295014648697455,-0.0756343948639574,0.014034662566018038,0.00013370198870937887,0.00027677560367940263,-1.958907865027789,-0.460568154157168,-0.0006552871397743538,0.1784216413588533,0.21647017129775636,0.060129984511811486,,,0.04112320952380947,0.0376536535620825,-0.000889183791565588,0.0,0.0,-1.9989619371303238,-0.4999999948045337,0.0006390587329265006,0.14795640200000015,,0.015005485000000096,0.0009450340000003443,0.014980470000000246,1.183429521,0.11658270800000015,0.014984448000000317,,,0.00014307361497002376,3.700544863817501e-08,0.0001619805945591212,0,lidar_dropout,lidar_dropout_001
2.4000000000000004,0.4839117228984833,1.3569129006679241,0.9027777777777778,0.20000516899999976,4.99987077833974,,,,-1.9989546664536297,-0.4999998775215654,0.0006437797052305025,4.6359119699270975e-06,-8.687462658751688e-06,1.8914228305635944e-05,0.00024719148612333095,-0.0579956599831022,0.021081866735151764,-0.00030617214998246824,-0.00016609720612163932,-1.958907865027789,-0.460568154157168,-0.0006552871397743538,0.1784216413588533,0.21647017129775636,0.060129984511811486,,,0.04112320952380947,0.0376536535620825,-0.000889183791565588,0.0,0.0,-1.9989546664536297,-0.4999998775215654,0.0006437797052305025,0.14795123300000057,,0.010854859000000161,0.0006748480000005053,0.010844737000000215,1.3834295210000003,0.14651984600000034,0.010882134000000487,,,0.00014007494386082892,5.085433870434349e-08,0.000228277257817695,0,lidar_dropout,lidar_dropout_001
2.6,0.4967527985572815,1.3568026586679311,0.9027777777777778,0.2000709770000002,4.998226204493413,,,,-1.998947344157011,-0.49999989977235476,0.0006485601421363728,1.2564353981315128e-05,-7.656430969431306e-06,1.9352542079109147e-05,-2.308611096062451e-05,-0.07266398070688529,-0.0074834743853266295,0.000132222341981055,0.0002782409236182467,-1.958907865027789,-0.460568154157168,-0.0006552871397743538,0.1784216413588533,0.21647017129775636,0.060129984511811486,,,0.04112320952380947,0.0376536535620825,-0.000889183791565588,0.0,0.0,-1.998947344157011,-0.49999989977235476,0.0006485601421363728,0.1478802560000001,,0.006209155000000077,0.000410371000000076,0.006203118000000174,1.583429521,0.14240025700000025,0.006234775000000248,,,0.00014601858163719168,3.678966655577641e-08,4.243865303973366e-05,0,lidar_dropout,lidar_dropout_001
2.8000000000000003,0.48770588636398315,1.3579755688630617,0.9027777777777778,0.20071492599999985,4.982190512328917,,,,-1.9989400577562189,-0.4999999613606869,0.000653349286186826,2.1371773248898975e-05,-1.0476365267797199e-05,1.883259609429949e-05,-5.112600239274372e-05,-0.08990767910804501,0.021108630078386287,0.00013059863500430695,0.00027219990893124005,-1.958907865027789,-0.460568154157168,-0.0006552871397743538,0.1784216413588533,0.21647017129775636,0.060129984511811486,,,0.04112320952380947,0.0376536535620825,-0.000889183791565588,0.0,0.0,-1.9989400577562189,-0.4999999613606869,0.000653349286186826,0.14716533000000043,,0.0007268610000004117,0.0037830190000001096,0.0007183550000000594,1.7834295210000002,0.1361645840000003,0.0007547660000004619,,,0.0001416012739269331,3.554893655471661e-08,6.995859848704322e-05,0,lidar_dropout,lidar_dropout_001
3.0,0.4892270565032959,1.3571511550133044,0.9027777777777778,0.20130410600000026,4.967608559360427,,,,-1.9989340759623802,-0.4999999551266338,0.0006573439937552582,1.498322922033954e-05,-8.02868288067117e-06,1.91853534386205e-05,5.306728099025908e-05,-0.05727313467669179,0.002060157765335491,0.0001319589557321275,0.00027656810102046287,-1.958907865027789,-0.460568154157168,-0.0006552871397743538,0.1784216413588533,0.21647017129775636,0.060129984511811486,,,0.04112320952380947,0.0376536535620825,-0.000889183791565588,0.0,0.0,-1.9989340759623802,-0.4999999551266338,0.0006573439937552582,0.1458612239999999,,0.03101489500000021,0.0033843839999998515,0.031006275999999833,1.983429521,0.13237288199999986,0.031030011999999996,,,0.00014460914528833537,3.649563779947782e-08,3.388192755163858e-05,0,lidar_dropout,lidar_dropout_001
3.2,0.4874146580696106,1.3574046188134414,0.9027777777777778,0.1994550340000001,5.013661374924233,,,,-1.9989267758141707,-0.49999989461076944,0.0006620824968703755,5.171328278120131e-06,-6.698447804124787e-06,1.901267139348741e-05,0.0002482417547844281,-0.049230647870621584,-0.022416306718809623,-0.000455877282680533,-0.00031527834450141914,-1.958907865027789,-0.460568154157168,-0.0006552871397743538,0.1784216413588533,0.21647017129775636,0.060129984511811486,,,0.04112320952380947,0.0376536535620825,-0.000889183791565588,0.0,0.0,-1.9989267758141707,-0.49999989461076944,0.0006620824968703755,0.14640619,,0.027224025000000207,0.004077362000000306,0.027219800000000127,2.183429521,0.12828377599999996,0.02724835300000006,,,0.00014059893817911385,1.4372823497932393e-07,0.0002292290833909407,0,lidar_dropout,lidar_dropout_001
3.4000000000000004,0.48227640986442566,1.356924322293355,0.9027777777777778,0.2012513359999999,4.968911113216166,,,,-1.998919449070227,-0.49999994905680545,0.0006668614573260822,1.9022962079758706e-05,-9.502620688491101e-06,1.9079443708166005e-05,-7.554783447738682e-05,-0.06896070558509991,-0.0224194141234929,0.00012898394392779535,0.0002726990910452778,-1.958907865027789,-0.460568154157168,-0.0006552871397743538,0.1784216413588533,0.21647017129775636,0.060129984511811486,,,0.04112320952380947,0.0376536535620825,-0.000889183791565588,0.0,0.0,-1.998919449070227,-0.49999994905680545,0.0006668614573260822,0.14515485400000028,,0.022476287000000372,0.0037314390000005027,0.022468754000000146,2.383429521,0.12452503100000056,0.02249871200000042,,,0.00014371514711748246,3.517380426854487e-08,9.462727818555283e-05,0,lidar_dropout,lidar_dropout_001
3.6,0.48920974135398865,1.3569994570658757,0.9027777777777778,0.19912131300000002,5.022064112242972,,,,-1.998912247299655,-0.4999999072824983,0.0006716150088034982,1.4120547289260605e-05,-7.882078284664675e-06,1.9333985650241055e-05,0.00033661775811956907,-0.05434150167397957,0.014555637674935321,0.00013232156562619228,0.0002781399684299076,-1.958907865027789,-0.460568154157168,-0.0006552871397743538,0.1784216413588533,0.21647017129775636,0.060129984511811486,,,0.04112320952380947,0.0376536535620825,-0.000889183791565588,0.0,0.0,-1.998912247299655,-0.4999999072824983,0.0006716150088034982,0.146033541,,0.018692122000000033,0.003909157999999913,0.018639518000000077,2.5834295210000002,0.12038634600000009,0.018649352000000174,,,0.00014581840280371533,3.680391608586507e-08,0.000317283772469328,0,lidar_dropout,lidar_dropout_001
3.8000000000000003,0.48472514748573303,1.3572145961798154,0.9027777777777778,0.19990424399999984,5.002395046700463,,,,-1.9989049704226385,-0.4999999560707553,0.000676396537712775,2.3017437594504e-05,-1.1243608002283247e-05,1.86911127091702e-05,8.245709470517819e-05,-0.0679938038352595,0.029499972141101907,0.00012877094685646287,0.00026922425418073916,-1.958907865027789,-0.460568154157168,-0.0006552871397743538,0.1784216413588533,0.21647017129775636,0.060129984511811486,,,0.04112320952380947,0.0376536535620825,-0.000889183791565588,0.0,0.0,-1.9989049704226385,-0.4999999560707553,0.000676396537712775,0.14612929700000032,,0.014785791000000437,0.0036777600000004185,0.014766070000000298,2.7834295210000004,0.11632519300000022,0.014768933000000484,,,0.0001404533073242763,3.466826212757881e-08,6.376598199600798e-05,0,lidar_dropout,lidar_dropout_001
4.0,0.4840209186077118,1.3571072801259847,0.9027777777777778,0.20071910199999987,4.9820868568852035,,,,-1.9988976162207153,-0.499999717045854,0.0006810276041811917,2.7197059209201714e-05,-9.907540964941555e-06,1.8331934463239357e-05,9.228108387688168e-06,-0.08372793908359005,-0.01327292478139085,0.0001296479911560961,0.0002672593359138529,-1.958907865027789,-0.460568154157168,-0.0006552871397743538,0.1784216413588533,0.21647017129775636,0.060129984511811486,,,0.04112320952380947,0.0376536535620825,-0.000889183791565588,0.0,0.0,-1.9988976162207153,-0.499999717045854,0.0006810276041811917,0.1454101950000002,,0.009875408000000085,0.002908575000000191,0.009835432000000033,2.9834295209999997,0.14508615000000002,0.009846779000000083,,,0.0001376113447577568,3.4649636018943315e-08,9.103826075551189e-06,0,lidar_dropout,lidar_dropout_001
4.2,0.4848276674747467,1.3566689367477711,0.9027777777777778,0.20057068000000022,4.985773593627936,,,,-1.998890469238057,-0.5000000439272692,0.0006859926802576389,2.651322418824824e-05,-5.971772820088839e-06,1.9366477238906096e-05,9.481254269674399e-05,-0.05232515552090198,-0.006773842679647992,9.777544895679668e-05,0.00024403916812617112,-1.958907865027789,-0.460568154157168,-0.0006552871397743538,0.1784216413588533,0.21647017129775636,0.060129984511811486,,,0.04112320952380947,0.0376536535620825,-0.000889183791565588,0.0,0.0,-1.998890469238057,-0.5000000439272692,0.0006859926802576389,0.14483951500000014,,0.0059493819999998365,0.002939876000000119,0.005899997000000212,3.183429521,0.1414591010000006,0.005906780000000111,,,0.00014626371916937443,2.386103922657957e-08,7.544606545783789e-05,0,lidar_dropout,lidar_dropout_001
4.4,0.4884140193462372,1.3575590664606827,0.9027777777777778,0.19971093000000018,5.007237210301906,,,,-1.9988832338857163,-0.49999993131763476,0.0006906926913159324,4.989523136728393e-06,-8.445923182045271e-06,1.919515086487285e-05,0.00048053376378202287,-0.045407405328776254,-0.0029413090940661286,-0.00030712694172794434,-0.0001647125998181227,-1.958907865027789,-0.460568154157168,-0.0006552871397743538,0.1784216413588533,0.21647017129775636,0.060129984511811486,,,0.04112320952380947,0.0376536535620825,-0.000889183791565588,0.0,0.0,-1.9988832338857163,-0.49999993131763476,0.0006906926913159324,0.14512858500000014,,0.0019225120000001539,0.002753968000000384,0.001883055000000411,3.383429521,0.13739254600000006,0.001889607000000737,,,0.00014241434190982163,5.058767704619879e-08,0.00046133861291715,0,lidar_dropout,lidar_dropout_001
4.6000000000000005,0.48411956429481506,1.3582010871630448,0.9027777777777778,0.2003504119999997,4.991255021726641,,,,-1.998877150065514,-0.49999975041404393,0.0006945664271249939,7.999032483965265e-06,-6.634039570328739e-06,1.872632690451066e-05,7.187979477411506e-05,-0.06940763229201195,0.0003624132808319941,-0.0005308388689522262,-0.00039247774544031106,-1.958907865027789,-0.460568154157168,-0.0006552871397743538,0.1784216413588533,0.21647017129775636,0.060129984511811486,,,0.04112320952380947,0.0376536535620825,-0.000889183791565588,0.0,0.0,-1.998877150065514,-0.49999975041404393,0.0006945664271249939,0.14477817300000062,,0.031934300000000526,0.00285897100000021,0.03191023200000043,3.5834295210000002,0.13303544200000061,0.03191486500000096,,,0.00013836112351191514,2.0834244247845446e-07,5.31534678696044e-05,0,lidar_dropout,lidar_dropout_001
4.800000000000001,0.49299561977386475,1.3573428462101862,0.9027777777777778,0.19954192800000037,5.011478088955812,,,,-1.9988699565542163,-0.4999998829113278,0.0006993970622175267,1.1472570130116748e-05,-9.285703028634616e-06,1.850086486888682e-05,8.64709800286537e-05,-0.05170382192567552,0.006611045233460192,-0.0005514783375741498,-0.00041508859468709913,-1.958907865027789,-0.460568154157168,-0.0006552871397743538,0.1784216413588533,0.21647017129775636,0.060129984511811486,,,0.04112320952380947,0.0376536535620825,-0.000889183791565588,0.0,0.0,-1.9988699565542163,-0.4999998829113278,0.0006993970622175267,0.14523624500000043,,0.026849568000000268,0.0018615120000005092,0.026835218000000438,3.7834295210000004,0.12950528100000103,0.026881643000000288,,,0.0001363897428870507,2.289123681440315e-07,6.797011515976688e-05,0,lidar_dropout,lidar_dropout_001
5.0,0.4895007014274597,1.3571725525305822,0.9027777777777778,0.20124009799999953,4.969188595803617,,,,-1.9988626282209567,-0.4999999497049103,0.0007042178196544766,2.8950745529118183e-06,-6.330329159764996e-06,1.9500012925571268e-05,0.00013671891721302667,-0.0985136126098457,0.006850740554497689,-0.00030762769593356836,-0.00016250284504584116,-1.958907865027789,-0.460568154157168,-0.0006552871397743538,0.1784216413588533,0.21647017129775636,0.060129984511811486,,,0.04112320952380947,0.0376536535620825,-0.000889183791565588,0.0,0.0,-1.9988626282209567,-0.4999999497049103,0.0007042178196544766,0.14399614700000019,,0.02284454800000013,0.0017973580000001377,0.022841092000000174,3.9834295209999997,0.12430832300000016,0.022860164999999988,,,0.0001451248508877272,4.99903758041018e-08,0.0001172189042874554,0,lidar_dropout,lidar_dropout_001
5.2,0.4809916317462921,1.3574035177781032,0.9027777777777778,0.20016559200000028,4.995863624753242,,,,-1.9988553082622644,-0.49999994163095557,0.0007089771698387864,6.397228313725116e-06,-1.0381381518781847e-05,1.8988738291983337e-05,-0.00010725009660827778,-0.03326760423795924,-0.000647659640432165,-0.0002040636169608329,-6.269233499476786e-05,-1.958907865027789,-0.460568154157168,-0.0006552871397743538,0.1784216413588533,0.21647017129775636,0.060129984511811486,,,0.04112320952380947,0.0376536535620825,-0.000889183791565588,0.0,0.0,-1.9988553082622644,-0.49999994163095557,0.0007089771698387864,0.14383055500000008,,0.018906781000000095,0.0018537319999998303,0.018900018000000074,4.183429521,0.12052036399999988,0.01892762399999981,,,0.00014137128196606502,1.2793224634752529e-08,0.0001262388349002611,0,lidar_dropout,lidar_dropout_001
5.4,0.49330979585647583,1.3581961464881898,0.9027777777777778,0.20009312200000018,4.997673033458887,,,,-1.9988481000013743,-0.49999979448812126,0.0007136545348087757,8.224678249759526e-06,-8.705929230449786e-06,1.9223554022581645e-05,-0.00012797829359975673,-0.06406638856915003,-0.010170886938082605,-4.0200549397534846e-05,0.00010349731108611425,-1.958907865027789,-0.460568154157168,-0.0006552871397743538,0.1784216413588533,0.21647017129775636,0.060129984511811486,,,0.04112320952380947,0.0376536535620825,-0.000889183791565588,0.0,0.0,-1.9988481000013743,-0.49999979448812126,0.0007136545348087757,0.14373743300000008,,0.014485958000000743,0.0015395460000000583,0.014477027000000753,4.383429521,0.11621122400000061,0.01452075300000022,,,0.0001436978604836491,-4.160648766829367e-09,0.00014720184762233838,0,lidar_dropout,lidar_dropout_001
5.6000000000000005,0.4892144203186035,1.3571959727544052,0.9027777777777778,0.2004735929999999,4.9881881450590875,,,,-1.9988407944855886,-0.4999999899370768,0.0007185407808900106,2.387388326164004e-05,-1.065141560492458e-05,1.877840038063049e-05,-0.0005315955623503698,-0.06215868409663269,-0.004650422565909621,0.00012843518578249105,0.0002695723607517666,-1.958907865027789,-0.460568154157168,-0.0006552871397743538,0.1784216413588533,0.21647017129775636,0.060129984511811486,,,0.04112320952380947,0.0376536535620825,-0.000889183791565588,0.0,0.0,-1.9988407944855886,-0.4999999899370768,0.0007185407808900106,0.14326384000000036,,0.009524204000000758,0.0004819100000004184,0.009515471000000275,4.583429521,0.11134484600000061,0.009552513000000928,,,0.00014113717496927556,3.462257623497784e-08,0.0005503739627310002,0,lidar_dropout,lidar_dropout_001
5.800000000000001,0.48874643445014954,1.3580981497581188,0.9027777777777778,0.2001476569999996,4.9963112983131355,,,,-1.9988336352411282,-0.4999998115107824,0.0007232217308161279,5.896757874175356e-06,-9.187085660271115e-06,1.8892887345688038e-05,8.336588464334977e-05,-0.05931198131789696,0.005826239136706454,-0.0002026525948257878,-6.200915384911468e-05,-1.958907865027789,-0.460568154157168,-0.0006552871397743538,0.1784216413588533,0.21647017129775636,0.060129984511811486,,,0.04112320952380947,0.0376536535620825,-0.000889183791565588,0.0,0.0,-1.9988336352411282,-0.4999998115107824,0.0007232217308161279,0.14311618300000095,,0.005524150000000283,0.0010484660000003032,0.005518946000000469,4.783429521,0.1415517950000007,0.005576958000000687,,,0.00014064344097667312,1.2566315930474576e-08,6.447299729766173e-05,0,lidar_dropout,lidar_dropout_001
6.0,0.4893345534801483,1.3577810925703782,0.9027777777777778,0.19986466800000002,5.0033855908939335,,,,-1.9988262695375574,-0.5000000106867406,0.0007281070210515162,1.905929895895631e-05,-9.286464008259853e-06,1.9158278902611633e-05,8.31167864002865e-05,-0.0628880848463586,-0.011702697017565137,0.00012866761759096584,0.00027300910592991225,-1.958907865027789,-0.460568154157168,-0.0006552871397743538,0.1784216413588533,0.21647017129775636,0.060129984511811486,,,0.04112320952380947,0.0376536535620825,-0.000889183791565588,0.0,0.0,-1.9988262695375574,-0.5000000106867406,0.0007281070210515162,0.14325151500000022,,0.0016875670000002785,0.0006870960000000537,0.001680568000000271,4.983429521,0.13727423499999958,0.0017032520000004325,,,0.0001443414883389464,3.5127431240641434e-08,6.395850749767488e-05,0,lidar_dropout,lidar_dropout_001
6.2,0.4765964150428772,1.3575669028208805,0.9027777777777778,0.20133162100000046,4.966929660790829,,,,-1.9988203189509477,-0.4999997345194447,0.0007319274588735255,9.190154622244164e-06,-6.960987647705494e-06,1.8608194640005145e-05,-0.00027084907564723005,-0.07037503523484186,-0.00843324060825585,-0.0005301714945666054,-0.00039287580845777164,-1.958907865027789,-0.460568154157168,-0.0006552871397743538,0.1784216413588533,0.21647017129775636,0.060129984511811486,,,0.04112320952380947,0.0376536535620825,-0.000889183791565588,0.0,0.0,-1.9988203189509477,-0.4999997345194447,0.0007319274588735255,0.14191989399999994,,0.030873655999999805,0.0046176400000002005,0.03086658600000014,5.183429521,0.13170357400000032,0.03089166799999976,,,0.00013729568610883376,2.0829155454912018e-07,0.0002894572702872352,0,lidar_dropout,lidar_dropout_001
6.4,0.4904560446739197,1.3577680272322434,0.9027777777777778,0.19975592900000017,5.006109230429897,,,,-1.9988130118937166,-0.5000000059223718,0.0007368505422620716,4.231405369730798e-06,-8.60880546926238e-06,1.9322171008298114e-05,-0.00012311726053527313,-0.05630781464634399,-0.018032409422928792,-0.0003065955925030128,-0.00016309717087682968,-1.958907865027789,-0.460568154157168,-0.0006552871397743538,0.1784216413588533,0.21647017129775636,0.060129984511811486,,,0.04112320952380947,0.0376536535620825,-0.000889183791565588,0.0,0.0,-1.9988130118937166,-0.5000000059223718,0.0007368505422620716,0.14216396499999995,,0.026701182000000045,0.0048933429999999944,0.026687777000000246,5.383429521,0.1283268520000007,0.02673746500000007,,,0.00014349842162618312,5.000487374054672e-08,0.00014243943154357123,0,lidar_dropout,lidar_dropout_001
6.6000000000000005,0.4806837737560272,1.3572814256411332,0.9027777777777778,0.20095345699999978,4.976276670871112,,,,-1.9988056388467765,-0.49999967179514543,0.0007414080455734574,1.1910043635231375e-05,-9.220586234097819e-06,1.9119771845603454e-05,-4.5815045673995044e-05,-0.028007083325123583,0.009364993533011805,0.00013422923582567868,0.00027802189319781263,-1.958907865027789,-0.460568154157168,-0.0006552871397743538,0.1784216413588533,0.21647017129775636,0.060129984511811486,,,0.04112320952380947,0.0376536535620825,-0.000889183791565588,0.0,0.0,-1.9988056388467765,-0.49999967179514543,0.0007414080455734574,0.14121050800000035,,0.02218396500000086,0.003758447000000942,0.02217637000000039,5.583429521,0.12355475300000052,0.02219936700000069,,,0.00014379265737213395,3.731866626675084e-08,6.49348175195985e-05,0,lidar_dropout,lidar_dropout_001
6.800000000000001,0.49291425943374634,1.3582412821512957,0.9027777777777778,0.20017452599999963,4.995640654096025,,,,-1.99879850965775,-0.5000000275927973,0.0007463993818570139,2.9266214477177725e-05,-7.932698694008159e-06,1.898062580793241e-05,9.806178025220678e-06,-0.07326822073012249,-0.01799297627234218,9.816202570665745e-05,0.00024111327821179284,-1.958907865027789,-0.460568154157168,-0.0006552871397743538,0.1784216413588533,0.21647017129775636,0.060129984511811486,,,0.04112320952380947,0.0376536535620825,-0.000889183791565588,0.0,0.0,-1.99879850965775,-0.5000000275927973,0.0007463993818570139,0.1410359820000009,,0.017905655000000742,0.0037679030000008495,0.017895740000001048,5.783429521,0.11964897200000113,0.017929495000000628,,,0.0001429512525051354,2.366816781404246e-08,9.174447782711732e-06,0,lidar_dropout,lidar_dropout_001
7.0,0.4888162314891815,1.3590319105295035,0.9027777777777778,0.19990060499999984,5.002486110534787,,,,-1.9987911953929127,-0.4999997892010814,0.0007510131790032307,1.6181157478677234e-05,-1.1633336481070254e-05,1.8793519612136038e-05,-0.00011515807015895083,-0.060261420856113794,-0.002994776403717665,0.00013290010906469567,0.00027404565575007587,-1.958907865027789,-0.460568154157168,-0.0006552871397743538,0.1784216413588533,0.21647017129775636,0.060129984511811486,,,0.04112320952380947,0.0376536535620825,-0.000889183791565588,0.0,0.0,-1.9987911953929127,-0.4999997892010814,0.0007510131790032307,0.14113537700000034,,0.013897480999999878,0.003706127000000059,0.013889781999999684,5.983429521,0.11536770699999987,0.013927082999999563,,,0.0001411455466853802,3.6420697537891126e-08,0.00013395158977108686,0,lidar_dropout,lidar_dropout_001
7.2,0.48968395590782166,1.3573827126392952,0.9027777777777778,0.1999348550000004,5.001629155656716,,,,-1.998783955526027,-0.499999879815526,0.0007558577338901959,2.051672624008235e-05,-8.901932900984524e-06,1.8915863420972412e-05,7.895729565269813e-05,-0.041881110936198306,-0.0036687059733494865,0.00013093133952240274,0.00027320311666168516,-1.958907865027789,-0.460568154157168,-0.0006552871397743538,0.1784216413588533,0.21647017129775636,0.060129984511811486,,,0.04112320952380947,0.0376536535620825,-0.000889183791565588,0.0,0.0,-1.998783955526027,-0.499999879815526,0.0007558577338901959,0.1412005220000001,,0.009643397000000498,0.0034989250000005967,0.009633712000000294,6.183429521,0.11131889400000006,0.009671469000000599,,,0.00014227177713928242,3.577085002620971e-08,6.004143223172572e-05,0,lidar_dropout,lidar_dropout_001
7.4,0.4864698350429535,1.357977570753831,0.9027777777777778,0.2003980529999998,4.990068441433416,,,,-1.998776710797885,-0.499999854966033,0.00076061494359534,3.117594211571421e-06,-6.6865629657479215e-06,1.9416863234926552e-05,-5.9125768181332523e-05,-0.07332715257178984,-0.004537253946441884,-0.0003072594625366863,-0.00016284811306219193,-1.958907865027789,-0.460568154157168,-0.0006552871397743538,0.1784216413588533,0.21647017129775636,0.060129984511811486,,,0.04112320952380947,0.0376536535620825,-0.000889183791565588,0.0,0.0,-1.998776710797885,-0.499999854966033,0.00076061494359534,0.14080246900000049,,0.004542623000000745,0.0027508420000001976,0.0045370900000003545,6.383429521,0.14043373900000056,0.004566141000000634,,,0.00014441134947449437,5.0036623694602614e-08,7.854263141625908e-05,0,lidar_dropout,lidar_dropout_001
7.6000000000000005,0.4915997087955475,1.3582977796517886,0.9027777777777778,0.20055330699999985,4.986205488000259,,,,-1.9987694299684926,-0.4999997632356728,0.0007653255502686774,2.5055000718697955e-05,-7.850817950753317e-06,1.8263722226238265e-05,0.00024586539348062786,-0.07642626458840253,0.03359599827717921,-0.00043882218584447366,-0.00030385560203773955,-1.958907865027789,-0.460568154157168,-0.0006552871397743538,0.1784216413588533,0.21647017129775636,0.060129984511811486,,,0.04112320952380947,0.0376536535620825,-0.000889183791565588,0.0,0.0,-1.9987694299684926,-0.4999997632356728,0.0007653255502686774,0.14024916200000082,,0.0008472080000005988,0.0027292320000009695,0.0008410630000001973,6.583429521,0.13658538700000022,0.0008658400000003397,,,0.0001349665838067341,1.3333857946728937e-07,0.0002276016712543896,0,lidar_dropout,lidar_dropout_001
7.800000000000001,0.47860807180404663,1.3564388309075281,0.9027777777777778,0.20028831000000036,4.992802625375381,,,,-1.998763397832842,-0.4999998945556815,0.0007693727979483138,2.8269496432301117e-05,-1.0532337466092958e-05,1.8563018516947255e-05,3.529625679841321e-05,-0.08882582830285245,0.0014577158079020023,0.00011924352493426337,0.00025875428412346383,-1.958907865027789,-0.460568154157168,-0.0006552871397743538,0.1784216413588533,0.21647017129775636,0.060129984511811486,,,0.04112320952380947,0.0376536535620825,-0.000889183791565588,0.0,0.0,-1.998763397832842,-0.4999998945556815,0.0007693727979483138,0.13996085200000064,,0.03072438700000113,0.0020219160000003455,0.030679248000001103,6.783429521,0.13236939500000044,0.03068676600000053,,,0.00013951075918920046,3.085477293072373e-08,1.6733238281465957e-05,0,lidar_dropout,lidar_dropout_001
8.0,0.4843662679195404,1.3572616259868329,0.9027777777777778,0.20142054799999976,4.96473676558561,,,,-1.9987559930406533,-0.49999975690220366,0.0007740664082246413,3.213998120450485e-05,-8.751237509424796e-06,1.848099348476274e-05,-0.00025640657114011706,-0.0712205636232406,0.04334826430050818,0.00010879545519088896,0.00024787962650445455,-1.958907865027789,-0.460568154157168,-0.0006552871397743538,0.1784216413588533,0.21647017129775636,0.060129984511811486,,,0.04112320952380947,0.0376536535620825,-0.000889183791565588,0.0,0.0,-1.9987559930406533,-0.49999975690220366,0.0007740664082246413,0.13854030400000017,,0.026039124000000413,0.001500918999999712,0.026011913999999692,6.983429521,0.12743311399999957,0.02601508600000013,,,0.00013908417131356559,2.6968176798099675e-08,0.0002748875646248798,0,lidar_dropout,lidar_dropout_001
8.200000000000001,0.48064088821411133,1.3577041719510006,0.9027777777777778,0.1993664750000006,5.0158884536630195,,,,-1.9987488680565426,-0.49999999218679925,0.0007789672053893326,1.8872418610527855e-05,-9.633977290356582e-06,1.9265843993975022e-05,5.704586982782373e-05,-0.0596600752914762,-0.003065825890054495,0.00013097932092420673,0.000276107153773278,-1.958907865027789,-0.460568154157168,-0.0006552871397743538,0.1784216413588533,0.21647017129775636,0.060129984511811486,,,0.04112320952380947,0.0376536535620825,-0.000889183791565588,0.0,0.0,-1.9987488680565426,-0.49999999218679925,0.0007789672053893326,0.13917382900000064,,0.0218014610000008,0.001622190000000856,0.02179396000000189,7.183429521000001,0.12367060800000118,0.02183251600000169,,,0.00014512783284907128,3.6164327503539475e-08,3.7780025833848706e-05,0,lidar_dropout,lidar_dropout_001
8.4,0.4906253218650818,1.3586144601381742,0.9027777777777778,0.1999787599999987,5.000531056398222,,,,-1.9987416181149145,-0.4999997746127837,0.0007835986628706728,1.3803642132740742e-05,-1.2853426581760903e-05,1.7916584198889503e-05,-5.417906628534267e-06,-0.0525350657835362,0.027144668466696744,-0.0005628277277583736,-0.00043161822414246407,-1.958907865027789,-0.460568154157168,-0.0006552871397743538,0.1784216413588533,0.21647017129775636,0.060129984511811486,,,0.04112320952380947,0.0376536535620825,-0.000889183791565588,0.0,0.0,-1.9987416181149145,-0.4999997746127837,0.0007835986628706728,0.13919506900000123,,0.018133813000000387,0.001669784000000618,0.018105074000001053,7.383429521,0.11940167600000073,0.0181086490000002,,,0.00013120950361590958,2.4292670435320747e-07,2.333449082742377e-05,0,lidar_dropout,lidar_dropout_001
8.6,0.4943838119506836,1.357136818262247,0.9027777777777778,0.20007840700000123,4.998040593156031,,,,-1.9987342842559295,-0.4999997060602817,0.0007883388466939164,3.27091908103135e-05,-9.325142797276743e-06,1.828809743617859e-05,-0.00022539083148334985,-0.050056033367804946,-0.0032143218562099966,0.00010944049623910377,0.00024690621396497754,-1.958907865027789,-0.460568154157168,-0.0006552871397743538,0.1784216413588533,0.21647017129775636,0.060129984511811486,,,0.04112320952380947,0.0376536535620825,-0.000889183791565588,0.0,0.0,-1.9987342842559295,-0.4999997060602817,0.0007883388466939164,0.13911666199999928,,0.013948273000000455,0.0015970880000004684,0.01391968699999957,7.583429520999999,0.11545863199999928,0.013923461999999276,,,0.00013746571772587377,2.7021538580845475e-08,0.00024367892891952842,0,lidar_dropout,lidar_dropout_001
8.8,0.48978036642074585,1.3570260618283199,0.9027777777777778,0.19972492900000027,5.006886246032906,,,,-1.998727067070833,-0.4999998430473922,0.0007931834123801032,2.8327095625944715e-05,-1.0358803399887268e-05,1.857209647670877e-05,0.0001377109988201825,-0.08137200504683431,0.012992725897637466,0.00011919033343053874,0.0002588140424811974,-1.958907865027789,-0.460568154157168,-0.0006552871397743538,0.1784216413588533,0.21647017129775636,0.060129984511811486,,,0.04112320952380947,0.0376536535620825,-0.000889183791565588,0.0,0.0,-1.998727067070833,-0.4999998430473922,0.0007931834123801032,0.13939173300000007,,0.008737623000000028,0.0004466189999998704,0.008657284999999959,7.783429521,0.11075675300000043,0.008751065000000224,,,0.00013962370905065864,3.084813201983953e-08,0.00011913890234347373,0,lidar_dropout,lidar_dropout_001
9.0,0.4902363717556,1.358820576942884,0.9027777777777778,0.20163789799999954,4.959385164786841,0.16210526315789472,0.0,0.48,-1.991887997095211,-0.49999429582121024,0.0007826552574466425,0.10185952139269867,-8.64652658071615e-06,-9.006586016862105e-05,0.012091133427666646,2.3913723144357752,0.013328047375065778,3.0864031866574027,3.0855522881214625,-1.958907865027789,-0.460568154157168,-0.0006552871397743538,0.1784216413588533,0.21647017129775636,0.060129984511811486,,,0.04112320952380947,0.0376536535620825,-0.000889183791565588,0.0,0.0,-1.991887997095211,-0.49999429582121024,0.0007826552574466425,0.13775383499999982,0.024645004999999998,0.004915639000000027,0.0007341489999994621,0.004862341999999131,7.983429521,0.10673563199999947,0.004868366000000179,0.06024574176519605,0.4800900658601686,0.0008508985359401144,9.523258414656123,0.012181199287835266,1,lidar_dropout,lidar_dropout_001
9.200000000000001,0.5039246678352356,1.3590251642007094,0.9027777777777778,0.19973181900000014,5.00671352720219,0.18526315789473682,0.0,1.0000000000000004,-1.9654559588860208,-0.4991901146845678,0.09032115381929616,0.1530515716124075,-0.0003964667765737218,0.9287921207979762,0.9289285154744374,-0.0812515700869918,0.14934206846118822,0.653585666119928,8.72925419771817,-1.958907865027789,-0.460568154157168,-0.0006552871397743538,0.1784216413588533,0.21647017129775636,0.060129984511811486,,,0.04112320952380947,0.0376536535620825,-0.000889183791565588,0.0,0.0,-1.9654559588860208,-0.4991901146845678,0.09032115381929616,0.13802201600000075,0.024729691000000997,0.0005751870000008097,0.0005050120000014147,0.0005668740000004391,8.183429521,0.1364594890000017,0.000614498000000907,0.03221158628232931,0.0712078792020242,8.075668531598241,5.705315419545808,0.0001363946764612045,1,lidar_dropout,lidar_dropout_001
9.4,0.5202112197875977,1.370496117081379,0.9055555555555556,0.19991569399999953,5.002108538812378,0.21999999999999997,0.0,1.0000000000000004,-1.9335431926457538,-0.4934460103689418,0.26278481094263695,0.20665391557640447,8.759010294214636e-05,1.044767473553898,1.018971257200581,-0.13310241055280725,0.15460636435688097,1.7561011641924371,10.875664098131324,-1.958907865027789,-0.460568154157168,-0.0006552871397743538,0.1784216413588533,0.21647017129775636,0.060129984511811486,,,0.04112320952380947,0.0376536535620825,-0.000889183791565588,0.0,0.0,-1.9335431926457538,-0.4934460103689418,0.26278481094263695,0.1381063220000005,0.024702401000000762,0.030669552000000877,0.0006822540000008814,0.030666607000000567,8.383429521,0.13215880599999963,0.03068594700000027,0.0133460844235955,0.04476747355389765,9.119562933938887,19.09876638409431,0.025796216353317192,1,lidar_dropout,lidar_dropout_001
9.600000000000001,0.5619337558746338,1.3728626652670055,0.8916666666666667,0.2006992590000003,4.982579432443239,0.21999999999999997,0.0,1.0000000000000004,-1.8931347243855405,-0.47790641268448913,0.46905011810195907,0.20678842544498818,6.398925581448112e-05,1.0007676694147714,0.9986663409822488,-0.1394785995713787,0.14693734320416446,1.9446438976887686,10.681076118036822,-1.855837917897768,-0.4493937385536255,0.34145053426725214,0.13766248357332778,0.17782866150673657,0.0657644318084248,0.10367391940823885,0.3421058214070265,0.06617075962893833,0.008911429738605507,-0.015170381795562005,0.03812473208545588,0.014281198003996418,-1.8931347243855405,-0.47790641268448913,0.46905011810195907,0.13740706300000127,0.024601601000002304,0.02614221500000191,0.0049280660000015075,0.026134366000000853,0.11917503200000112,0.11913541400000227,0.026162738000001795,0.01321157455501179,0.0007676694147709107,8.736432220348053,20.77088949368955,0.002101328432522531,1,lidar_dropout,lidar_dropout_001
9.8,0.6029140949249268,1.3799181896097519,0.8972222222222223,0.20045072299999944,4.988757261803455,0.21999999999999997,0.0,1.0000000000000004,-1.8560602499901009,-0.454041192008592,0.6697975189890141,0.2168945422795002,-0.00044351171943818324,0.9483028213481978,0.9659919904536275,0.0006417633537526973,0.19544781318955867,2.5284231394918115,10.795907468913969,-1.8108725982497718,-0.4443492635490955,0.5422865744950658,0.09174878528079944,0.14626795444783394,0.05652465134625187,0.04524739439037128,0.20083604022781365,0.07266062724783705,-0.0036676850961458673,-0.014870146821667745,0.014154593308770558,0.0003002349738942603,-1.8560602499901009,-0.454041192008592,0.6697975189890141,0.13695634000000112,0.024771911000000202,0.02147424099999995,0.004071980000000863,0.021470135000001278,0.11677232400000115,0.11674893500000039,0.021490639000001366,0.003105457720499777,0.05169717865180268,8.267484329422157,27.296622256214555,0.017689169105429725,1,lidar_dropout,lidar_dropout_001
10.0,0.643939733505249,1.3927457186869319,0.8861111111111111,0.20202744300000042,4.949822584251576,0.21999999999999997,0.0,0.8461538461538465,-1.8250568681015975,-0.42418429805820373,0.868119505629148,0.20544348703656884,-0.0003768455939018589,0.9461483221366382,0.9204720739959706,-0.06435041205374505,0.1833362490159639,2.1815624313677677,10.439867700676148,-1.8108725982497718,-0.4443492635490955,0.5422865744950658,0.09174878528079944,0.14626795444783394,0.05652465134625187,0.04524739439037128,0.20083604022781365,0.07266062724783705,-0.0036676850961458673,-0.014870146821667745,0.0,0.0,-1.8250568681015975,-0.42418429805820373,0.868119505629148,0.134928897,0.024673161999999138,0.015941377000000756,0.003452824000000021,0.015914740999999566,0.31677232400000044,0.11827485399999915,0.01591980100000079,0.014556512963431134,0.09999447598279176,8.25830526930838,22.775223164244885,0.0256762481406676,1,lidar_dropout,lidar_dropout_001
10.200000000000001,0.6872846484184265,1.394015354012686,0.875,0.19985521699999964,5.003622197162868,0.21999999999999997,0.0,0.6923076923076925,-1.7999924933837859,-0.38877257002973525,1.0416459942324692,0.20717669138467532,-0.0005497296321580192,0.7980573142587926,0.7825112945260084,0.20096276967031848,0.15490899399082386,2.8297673885420234,9.797478606038966,-1.7650894885084147,-0.4060723307240985,0.9311988001626946,0.06372577263489676,0.11962533689300817,0.05943104755942222,0.059675930860594646,0.3889122256676288,0.05264646690571217,-0.011862617913606642,-0.008882785542000848,0.021626916980535617,0.005987361279666898,-1.7999924933837859,-0.38877257002973525,1.0416459942324692,0.13507368000000142,0.02445821300000084,0.013023707000000329,0.003806529000000225,0.013008313000000271,0.10935870700000194,0.10937850500000046,0.01304632600000133,0.012823308615324658,0.10574962195110005,6.967711217496943,27.72458544930723,0.015546019732784133,1,lidar_dropout,lidar_dropout_001
10.4,0.6839618682861328,1.4062485304372063,0.8861111111111111,0.20002818400000066,4.999295499278225,0.21999999999999997,0.0,0.6410256410256412,-1.7803322057710202,-0.34869162050435676,1.1872491500863487,0.21892588188832454,-0.00034488440464590375,0.6871291945580205,0.6823725337796507,-0.0482673894993762,0.10608126440626513,3.6680317569332948,9.665873660839434,-1.7650894885084147,-0.4060723307240985,0.9311988001626946,0.06372577263489676,0.11962533689300817,0.05943104755942222,0.059675930860594646,0.3889122256676288,0.05264646690571217,-0.011862617913606642,-0.008882785542000848,0.0,0.0,-1.7803322057710202,-0.34869162050435676,1.1872491500863487,0.13504549600000004,0.024945289999999787,0.00864080900000097,0.003834452999999627,0.00862867100000031,0.30935870700000123,0.11021373200000006,0.00868813299999971,0.0010741181116754317,0.04610355353237927,5.9978419039061395,35.454731546464124,0.004756660778369781,1,lidar_dropout,lidar_dropout_001
10.600000000000001,0.6299092173576355,1.429277190462648,0.8805555555555555,0.20010212899999935,4.997448078126162,0.21999999999999997,0.0,0.5384615384615385,-1.7663426687428896,-0.3063011680658973,1.3158568896158593,0.21897900429088427,-0.0003146052863775839,0.5891184036318103,0.5880068367733106,-0.062331161096830665,0.11114183434025271,4.0950017786383714,9.23833878909337,-1.731660910991278,-0.3501945473054197,1.2184668099469609,0.047132023914365995,0.09566548354791181,0.05067216841550946,0.06511371955743271,0.28726800978426625,0.04847056027838173,-0.0466376715995757,-0.01700125864438836,0.03502488479670151,0.008118473102387513,-1.7663426687428896,-0.3063011680658973,1.3158568896158593,0.13494336700000176,0.024870729000001646,0.003959170000001677,0.0032120970000022453,0.003954327000000646,0.1012109410000015,0.10122659100000142,0.003981705000001057,0.0010209957091157074,0.05065686517027179,5.143337010454999,37.83101377300121,0.0011115668584997795,1,lidar_dropout,lidar_dropout_001
10.8,0.595918595790863,1.441089541837573,0.8888888888888888,0.20088114700000048,4.978067951792398,0.21999999999999997,0.0,0.3333333333333335,-1.7586285054512267,-0.2698494648431288,1.4095445122032817,0.21908889492881828,-0.00014794964063587906,0.5106946859385179,0.4449549153349036,-0.08861757079905015,0.03456428231324149,4.431859864216449,8.901197737886903,-1.731660910991278,-0.3501945473054197,1.2184668099469609,0.047132023914365995,0.09566548354791181,0.05067216841550946,0.06511371955743271,0.28726800978426625,0.04847056027838173,-0.0466376715995757,-0.01700125864438836,0.0,0.0,-1.7586285054512267,-0.2698494648431288,1.4095445122032817,0.13406222000000056,0.024838022000000848,0.03387230800000118,0.0028109090000008052,0.033863301000000234,0.3012109410000008,0.10017477400000097,0.03389369100000117,0.0009111050711816948,0.17736135260518437,4.4693378736704545,39.44886099799521,0.06573977060361424,1,lidar_dropout,lidar_dropout_001
11.0,0.5733737945556641,1.4485474066300825,0.8861111111111111,0.2002008110000002,4.994984760576215,0.21999999999999997,0.0,0.22461538461538474,-1.7532149360985854,-0.22545561003117506,1.4865596918945687,0.21926198676119923,-8.6219774642151e-05,0.3774429973966131,0.3817592181540857,-0.07294503961754234,0.11184346412637819,5.020049478341153,8.312105117087714,-1.7194414853371287,-0.2786831961229479,1.4391770711235483,0.026037917614266437,0.07770817352540264,0.0479122701972155,0.07254783050691518,0.22071026117658743,0.03858946081318271,-0.04811346702578071,-0.01015147823169841,0.009990700615130254,0.006849780412689949,-1.7532149360985854,-0.22545561003117506,1.4865596918945687,0.13386140899999965,0.024907642000000507,0.029780537000000606,0.0028734270000008166,0.02977193299999925,0.1260230300000007,0.1259857879999995,0.029801339000000482,0.0007380132388007388,0.15282761278122833,3.292055638746562,41.727178956953004,0.004316220757472622,1,lidar_dropout,lidar_dropout_001
11.200000000000001,0.538624107837677,1.4771391066335002,0.8944444444444445,0.2000008950000005,4.999977625100115,0.21999999999999997,0.0,0.07692307692307715,-1.7507347131277333,-0.18074370666850934,1.5380383299951617,0.21958570984290898,-6.667529356104828e-05,0.2233751219540284,0.22644403812386327,-0.04924366799318023,0.040962570422962,5.69262605395374,7.640314584490761,-1.7194414853371287,-0.2786831961229479,1.4391770711235483,0.026037917614266437,0.07770817352540264,0.0479122701972155,0.07254783050691518,0.22071026117658743,0.03858946081318271,-0.04811346702578071,-0.01015147823169841,0.0,0.0,-1.7507347131277333,-0.18074370666850934,1.5380383299951617,0.1338605140000002,0.02500166600000142,0.025918326000001102,0.0025981520000009084,0.0258981750000018,0.32602303000000177,0.1271496420000009,0.025900961000001388,0.0004142901570909907,0.14645204503095124,1.9476885305370208,43.493453864074844,0.0030689161698348733,1,lidar_dropout,lidar_dropout_001
11.4,0.5201064348220825,1.4744963644072413,0.8888888888888888,0.2004412019999986,4.9889942288412685,0.20842105263157892,0.0,0.23076923076923095,-1.749953616063214,-0.13592199504654107,1.5683006676677835,0.21963250963153697,-7.454186406409687e-05,0.20985229786833542,0.23110023047783357,-0.0882487281530422,0.028650750184575406,5.753099823941055,7.579637626752682,-1.7194414853371287,-0.2786831961229479,1.4391770711235483,0.026037917614266437,0.07770817352540264,0.0479122701972155,0.07254783050691518,0.22071026117658743,0.03858946081318271,-0.04811346702578071,-0.01015147823169841,0.0,0.0,-1.749953616063214,-0.13592199504654107,1.5683006676677835,0.1334193120000009,0.02499961300000031,0.020971547000000257,0.001748579000000916,0.020895515999999503,0.5260230300000011,0.12326434900000116,0.020906300000000044,0.011211456999958042,0.020916932900895524,1.826537802811627,43.60641189600785,0.021247932609498144,1,lidar_dropout,lidar_dropout_001
11.600000000000001,0.5102677345275879,1.4792520685015984,0.8833333333333333,0.2005301080000006,4.986782333952551,0.21999999999999997,0.0,0.17948717948717968,-1.7508376252420097,-0.09230849641403711,1.609956775971405,0.2197498504927726,-5.60261108395934e-05,0.13797515715392022,0.14900166326528497,-0.0709950694101949,0.029331792075781585,6.06272551103245,7.270420398184438,-1.7194414853371287,-0.2786831961229479,1.4391770711235483,0.026037917614266437,0.07770817352540264,0.0479122701972155,0.07254783050691518,0.22071026117658743,0.03858946081318271,-0.04811346702578071,-0.01015147823169841,0.0,0.0,-1.7508376252420097,-0.09230849641403711,1.609956775971405,0.13288920400000137,0.024971695000001404,0.016317061000002298,0.0010657370000011213,0.016309402000000972,0.7260230300000021,0.11837823700000172,0.016353966000002274,0.0002501495072273763,0.04151202233325946,1.2076948871519884,44.078563224003496,0.011026506111364742,1,lidar_dropout,lidar_dropout_001
11.8,0.5042666792869568,1.4830831477913675,0.8777777777777778,0.20086479799999957,4.978473131962138,0.21999999999999997,0.0,0.17948717948717968,-1.7532727339701235,-0.047542016658597724,1.6374199670334904,0.21985442766448043,-5.6102891743911934e-05,0.08025094790515451,0.0991633345720939,-0.07277489195119656,0.020850058952033762,6.314776589196756,7.017155756906256,-1.7194414853371287,-0.2786831961229479,1.4391770711235483,0.026037917614266437,0.07770817352540264,0.0479122701972155,0.07254783050691518,0.22071026117658743,0.03858946081318271,-0.04811346702578071,-0.01015147823169841,0.0,0.0,-1.7532727339701235,-0.047542016658597724,1.6374199670334904,0.1320244060000011,0.025071418000001344,0.012622594999999848,0.0012721840000011753,0.01262033900000148,0.9260230300000014,0.11407875600000139,0.012633558000000988,0.0001455723355195393,0.09923623158202517,0.7023791677094993,44.31177089645887,0.018912386666939396,1,lidar_dropout,lidar_dropout_001
12.0,0.4961854815483093,1.4850454973840268,0.8916666666666667,0.19974084900000122,5.006487180796923,0.21999999999999997,0.0,0.12820512820512842,-1.756791615035482,-0.004026738825766835,1.6689024582022365,0.20810367270529168,-8.111199521227894e-05,0.17307134203989313,0.16672966045482854,0.4814604561762871,0.03521829130839194,5.560410290170661,7.07109703045108,-1.7194414853371287,-0.2786831961229479,1.4391770711235483,0.026037917614266437,0.07770817352540264,0.0479122701972155,0.07254783050691518,0.22071026117658743,0.03858946081318271,-0.04811346702578071,-0.01015147823169841,0.0,0.0,-1.756791615035482,-0.004026738825766835,1.6689024582022365,0.13228355699999916,0.025019646000000506,0.007771519000000282,0.0008918619999995769,0.007762973000000173,1.1260230300000007,0.1099260330000007,0.007797279000000046,0.011896327294708298,0.04486621383476472,1.510686740280419,39.31820069091539,0.006341681585064596,1,lidar_dropout,lidar_dropout_001
12.200000000000001,0.4972001314163208,1.4901738043489128,0.8861111111111111,0.20063265999999835,4.9842333745662755,0.21999999999999997,0.0,0.07692307692307715,-1.7618103342841909,0.04051245395980156,1.6960543612062615,0.2197741475658487,-6.608103965898698e-05,0.12167763769763972,0.12155943389023312,-0.07065750154810164,0.01432459182976924,6.134868431665652,7.1971535830591336,-1.7191081098111503,0.0013490277251828472,1.6934684372768314,0.02302352009597941,0.06861764798178727,0.05662503257916799,0.2800324222881539,0.25429136615328307,0.039391171015687385,0.012758529092044082,0.013484355829658968,0.06087727532189065,0.02363583406135738,-1.7618103342841909,0.04051245395980156,1.6960543612062615,0.13165089700000188,0.02491812100000068,0.0026060070000006874,0.00452539800000018,0.00259189800000037,0.09973632500000029,0.09975800700000192,0.0026302580000017173,0.0002258524341512691,0.044754560774562566,1.062285151393482,44.15359031455881,0.0001182038074065972,1,lidar_dropout,lidar_dropout_001
12.4,0.5022450089454651,1.4972197563848764,0.8916666666666667,0.20088671200000086,4.977930048454353,0.21999999999999997,0.0,-0.02564102564102541,-1.7666675352895926,0.07678785575184915,1.7121501349282973,0.20826726339796472,-2.8640159785913583e-05,0.09196874562387171,0.0845708624170039,-0.06565280991489506,0.003228220413877285,5.91259590173788,6.718811269882955,-1.7191081098111503,0.0013490277251828472,1.6934684372768314,0.02302352009597941,0.06861764798178727,0.05662503257916799,0.2800324222881539,0.25429136615328307,0.039391171015687385,0.012758529092044082,0.013484355829658968,0.0,0.0,-1.7666675352895926,0.07678785575184915,1.7121501349282973,0.1307641850000003,0.02526630900000093,0.03265303800000119,0.0049645900000001575,0.03263141999999952,0.2997363249999996,0.1005084630000006,0.03266983700000026,0.011732736602035249,0.11760977126489712,0.8062153681450743,39.72561597886024,0.0073978832068678085,1,lidar_dropout,lidar_dropout_001
12.600000000000001,0.5035481452941895,1.5058839965310897,0.8944444444444445,0.20004785299999917,4.9988039611702515,0.21999999999999997,0.0,-0.12820512820512797,-1.7730001338130004,0.12003456589515525,1.7134309029915256,0.20858407351669547,-1.1810326832773638e-05,-0.0732850449531884,-0.07419301622978491,-0.06260082540847853,0.015534085753904723,6.635593661956775,5.996601962611242,-1.7191081098111503,0.0013490277251828472,1.6934684372768314,0.02302352009597941,0.06861764798178727,0.05662503257916799,0.2800324222881539,0.25429136615328307,0.039391171015687385,0.012758529092044082,0.013484355829658968,0.0,0.0,-1.7730001338130004,0.12003456589515525,1.7134309029915256,0.1307163320000022,0.025195880000001836,0.029031505000000735,0.004870993000000823,0.02898620600000079,0.49973632500000065,0.12988226300000072,0.029013004000001175,0.0114159264833045,0.054920083251939575,0.6389916993455325,39.79101397638072,0.000907971276596517,1,lidar_dropout,lidar_dropout_001
12.8,0.5066958069801331,1.4999009802937509,0.8888888888888888,0.2001891090000001,4.995276741053878,0.20842105263157892,0.0,-0.07692307692307669,-1.7788628088331235,0.1641764309309365,1.690054537195747,0.22029550538792092,4.0811313856116416e-05,-0.13158066834475765,-0.1322272827641465,-0.01718589071203292,-0.02199642457271765,7.240877004138829,6.092890865060873,-1.7191081098111503,0.0013490277251828472,1.6934684372768314,0.02302352009597941,0.06861764798178727,0.05662503257916799,0.2800324222881539,0.25429136615328307,0.039391171015687385,0.012758529092044082,0.013484355829658968,0.0,0.0,-1.7788628088331235,0.1641764309309365,1.690054537195747,0.1305272230000014,0.024760903000000667,0.024754359000001003,0.004685729000000194,0.024751752000000238,0.6997363249999999,0.12617811199999984,0.024770898999999957,0.011874452756341997,0.05465759142168096,1.1479861390779558,44.11787335354681,0.0006466144193888468,1,lidar_dropout,lidar_dropout_001
13.0,0.522031843662262,1.4762551690501746,0.8805555555555555,0.19952804300000082,5.0118268337849425,0.20842105263157892,0.0,-0.12820512820512797,-1.7835680333496249,0.20807675076958593,1.6649077762631235,0.22027213271684354,3.6020173230958547e-05,-0.13070860449842311,-0.13376882843098906,-0.05051915664638335,0.009042182111692984,7.237164804238906,6.0966828703655365,-1.7191081098111503,0.0013490277251828472,1.6934684372768314,0.02302352009597941,0.06861764798178727,0.05662503257916799,0.2800324222881539,0.25429136615328307,0.039391171015687385,0.012758529092044082,0.013484355829658968,0.0,0.0,-1.7835680333496249,0.20807675076958593,1.6649077762631235,0.13099917999999988,0.025328613999999305,0.02094733200000043,0.004752260000000064,0.02092794100000006,0.8997363249999992,0.12243757699999946,0.02093053099999942,0.011851080085264615,0.0025034762932951427,1.1404819338733692,44.12269869201569,0.003060223932565942,1,lidar_dropout,lidar_dropout_001
13.200000000000001,0.5385648608207703,1.4557023521453616,0.875,0.19990443999999918,5.002390142009872,0.20842105263157892,0.0,-0.12820512820512797,-1.787085736737872,0.25169475594576024,1.637741131479292,0.22028413524151466,4.0282234420969606e-05,-0.13134423820706545,-0.1314202758984158,-0.04567650199784863,-0.032949873029289034,7.24019780992971,6.093634548252682,-1.7191081098111503,0.0013490277251828472,1.6934684372768314,0.02302352009597941,0.06861764798178727,0.05662503257916799,0.2800324222881539,0.25429136615328307,0.039391171015687385,0.012758529092044082,0.013484355829658968,0.0,0.0,-1.787085736737872,0.25169475594576024,1.637741131479292,0.13109474000000176,0.025238181000000637,0.016574587000000918,0.004856924000000262,0.016564625000000888,1.0997363250000003,0.1183997070000018,0.016615677000000773,0.011863082609935738,0.0031391100019374785,1.146563261677028,44.119119510771085,7.603769135033911e-05,1,lidar_dropout,lidar_dropout_001
13.4,0.548755943775177,1.4557156384179268,0.8805555555555555,0.20040198100000062,4.989970633074715,0.21999999999999997,0.0,-0.07692307692307669,-1.789345123982167,0.2930472545841507,1.6145142674628918,0.19701439360549605,1.991501914388842e-05,-0.0826107528361904,-0.08036259850629991,0.4981634498486785,-0.01368598123726118,6.326205440141964,5.6040989911121555,-1.7507445044343024,0.26519057322873674,1.6296671121005637,0.024666808095761272,0.06165666843740522,0.05797693085981211,0.2657314858996873,0.06380132517626769,0.03823808345788281,0.0012851110957060189,0.003047895721763254,0.011531215522860454,0.010436460107895715,-1.789345123982167,0.2930472545841507,1.6145142674628918,0.13069275900000044,0.02517202800000007,0.012857099999999733,0.004921581999999702,0.012828096999999872,0.11195630699999981,0.11187582400000018,0.012831002000000424,0.02298560639450392,0.005687675913113713,0.7221064490298081,35.45268152466781,0.002248154329890492,1,lidar_dropout,lidar_dropout_001
13.600000000000001,0.5731191635131836,1.4425882390674005,0.8861111111111111,0.20016703699999994,4.995827559759504,0.21999999999999997,0.0,-0.07692307692307669,-1.7909210340890163,0.3367443156774144,1.5989388113782903,0.20860030730491538,1.2472058304934149e-05,-0.07688346722787688,-0.07673442295826438,2.115620554153291,-0.005535127152314079,6.651019130460693,5.98020703636187,-1.7507445044343024,0.26519057322873674,1.6296671121005637,0.024666808095761272,0.06165666843740522,0.05797693085981211,0.2657314858996873,0.06380132517626769,0.03823808345788281,0.0012851110957060189,0.003047895721763254,0.0,0.0,-1.7909210340890163,0.3367443156774144,1.5989388113782903,0.13052572200000156,0.0253695820000015,0.008441538000001358,0.00438785500000094,0.008433796000002047,0.3119563070000009,0.1101643110000019,0.008508366000000933,0.01139969269508459,3.960969519981039e-05,0.6708120940988227,39.77447140295844,0.00014904426961249995,1,lidar_dropout,lidar_dropout_001
13.8,0.5933476686477661,1.4430203465832439,0.8861111111111111,0.2005109790000006,4.98725807926955,0.21999999999999997,0.0,-0.07692307692307669,-1.7918277895859498,0.3804712234124252,1.5837646053854488,0.20859507002212813,1.639632747266499e-05,-0.07606330413718553,-0.07613356481713211,-0.04420706969694063,-0.04005347135228335,6.647792644234895,5.9841364781358015,-1.7507445044343024,0.26519057322873674,1.6296671121005637,0.024666808095761272,0.06165666843740522,0.05797693085981211,0.2657314858996873,0.06380132517626769,0.03823808345788281,0.0012851110957060189,0.003047895721763254,0.0,0.0,-1.7918277895859498,0.3804712234124252,1.5837646053854488,0.13001474300000027,0.025208981000000463,0.0036740819999998564,0.003689545000000294,0.0036637070000011818,0.5119563070000002,0.10532674400000097,0.0037186900000012457,0.011404929977871847,0.0008597727858911663,0.6636561660990932,39.78129846144889,7.026067994658769e-05,1,lidar_dropout,lidar_dropout_001
14.0,0.5992723703384399,1.4334188103675842,0.8888888888888888,0.2003466369999991,4.991349068664449,0.21999999999999997,0.0,0.0,-1.792077906865783,0.41711377741101563,1.571226560476533,0.20860601613048727,1.074972688137394e-05,-0.07433647191174315,-0.0749107697924585,-0.04516864515030346,0.006096044886875773,6.640136812748641,5.991795654884927,-1.7507445044343024,0.26519057322873674,1.6296671121005637,0.024666808095761272,0.06165666843740522,0.05797693085981211,0.2657314858996873,0.06380132517626769,0.03823808345788281,0.0012851110957060189,0.003047895721763254,0.0,0.0,-1.792077906865783,0.41711377741101563,1.571226560476533,0.12966810600000045,0.02531124899999959,0.03372174499999936,0.0038738830000006885,0.033715801999999684,0.7119563069999995,0.10123722900000054,0.033751714999999294,0.011393983869512708,0.07433647191174315,0.6483411578637135,39.78634290246876,0.0005742978807153493,1,lidar_dropout,lidar_dropout_001
14.200000000000001,0.626630961894989,1.4247791516743484,0.8861111111111111,0.19954861899999976,5.011310050710003,0.20842105263157892,0.0,-0.02564102564102541,-1.7919066820381575,0.4616077701589814,1.5650118208024166,0.22006699306295913,-5.354909209240831e-06,-0.02138327630161336,-0.02330521681446104,-0.10195868455426695,-0.002326152178146229,6.759618154639266,6.573949201854643,-1.7507445044343024,0.26519057322873674,1.6296671121005637,0.024666808095761272,0.06165666843740522,0.05797693085981211,0.2657314858996873,0.06380132517626769,0.03823808345788281,0.0012851110957060189,0.003047895721763254,0.0,0.0,-1.7919066820381575,0.4616077701589814,1.5650118208024166,0.13011948700000175,0.025135373000001238,0.029813335000001828,0.0035232730000007706,0.02980533500000071,0.9119563070000005,0.09734622800000103,0.029840254000001565,0.011645940431380203,0.004257749339412052,0.18566895278462336,44.43738637253296,0.0019219405128476814,1,lidar_dropout,lidar_dropout_001
14.4,0.6558875441551208,1.417082094055621,0.8805555555555555,0.19995192900000092,5.001202063922051,0.20842105263157892,0.0,-0.02564102564102541,-1.791576587619113,0.5053208830285135,1.561667879198382,0.22000714102759186,-1.3405603552946958e-05,-0.017835370688143577,-0.020797486394605814,-0.0692577976741726,-0.013545817601354572,6.742631681738329,6.58868210741695,-1.7507445044343024,0.26519057322873674,1.6296671121005637,0.024666808095761272,0.06165666843740522,0.05797693085981211,0.2657314858996873,0.06380132517626769,0.03823808345788281,0.0012851110957060189,0.003047895721763254,0.0,0.0,-1.791576587619113,0.5053208830285135,1.561667879198382,0.13016755800000013,0.02547678900000072,0.025641693000000743,0.003598579000000157,0.025633696999999955,1.1119563069999998,0.12732739900000034,0.025658682999999627,0.011586088396012939,0.007805654952881835,0.1539495743213788,44.42505671837199,0.002962115706462237,1,lidar_dropout,lidar_dropout_001
14.600000000000001,0.6789894700050354,1.4113003323882913,0.8805555555555555,0.20004081699999965,4.998979783210952,0.20842105263157892,0.0,-0.02564102564102541,-1.7910957616182368,0.5494279153169592,1.5580684207268802,0.22007421076946038,-4.162784127919976e-06,-0.022685713519955034,-0.018999114819215648,-0.09690776764504289,-0.020648804192386776,6.765500614434564,6.568021336212991,-1.7450983962638456,0.5116937408426617,1.5445142796588756,0.028670507072941387,0.06962789486815402,0.06343574550482509,0.24656782065219154,0.08515283244168814,0.03790782271265409,-0.041508999031682564,-0.015517112942912853,0.04279538449126145,0.018565008664676107,-1.7910957616182368,0.5494279153169592,1.5580684207268802,0.13012674100000154,0.025137159000001574,0.021156690000001532,0.0028114250000008667,0.02114954200000163,0.12197199100000056,0.12188892000000173,0.021175516000001338,0.011653158137881453,0.0029553121210703776,0.1974792782215733,44.43595238576832,0.003686598700739386,1,lidar_dropout,lidar_dropout_001
14.8,0.7033589482307434,1.3985104329578508,0.8805555555555555,0.20114010500000035,4.971658933955505,0.21999999999999997,0.0,-0.02564102564102541,-1.7904980059599165,0.5907999631440418,1.5554763420297422,0.19686692396097305,-1.448470222570157e-05,-9.047250873629916e-05,-0.004163007775108521,-0.0510032151238803,0.016118829278328802,5.965542935323792,5.964497054995945,-1.7450983962638456,0.5116937408426617,1.5445142796588756,0.028670507072941387,0.06962789486815402,0.06343574550482509,0.24656782065219154,0.08515283244168814,0.03790782271265409,-0.041508999031682564,-0.015517112942912853,0.0,0.0,-1.7904980059599165,0.5907999631440418,1.5554763420297422,0.1289866360000005,0.02548552000000015,0.016706552000000485,0.003004213000000533,0.016669927000000584,0.32197199099999985,0.11855197700000097,0.01667558800000002,0.023133076039026923,0.02555055313228911,0.0010458803278465822,35.58146326919062,0.0040725352663722215,1,lidar_dropout,lidar_dropout_001
15.0,0.6970399022102356,1.4302106192393333,0.8944444444444445,0.19957799900000062,5.01057233267479,0.21999999999999997,0.0,-0.07692307692307669,-1.789768355519457,0.6344983734398179,1.5519735202631297,0.20847937030620295,-2.259777558259214e-06,-0.02362139310401879,-0.03329330464786733,0.05146494945963705,-0.03543604967410498,6.418781608397806,6.212804705912338,-1.7450983962638456,0.5116937408426617,1.5445142796588756,0.028670507072941387,0.06962789486815402,0.06343574550482509,0.24656782065219154,0.08515283244168814,0.03790782271265409,-0.041508999031682564,-0.015517112942912853,0.0,0.0,-1.789768355519457,0.6344983734398179,1.5519735202631297,0.12940863699999916,0.025308553000000344,0.01278068799999943,0.0026976330000003657,0.012762786999999776,0.5219719909999991,0.11437568300000045,0.012765955000000773,0.011520629693797024,0.0533016838190579,0.2059769024854683,39.878636582877455,0.009671911543848541,1,lidar_dropout,lidar_dropout_001
15.200000000000001,0.6816093325614929,1.4305937656989465,0.9027777777777778,0.20038855699999836,4.990304910474545,0.21999999999999997,0.0,-0.07692307692307669,-1.7886928268867102,0.6782195619802249,1.5388094815710915,0.20856949925288432,1.309343457249739e-05,-0.07470675989259624,-0.07495438605361454,1.130278276621462,0.013825457293937037,6.641689843869293,5.9895946203976385,-1.7450983962638456,0.5116937408426617,1.5445142796588756,0.028670507072941387,0.06962789486815402,0.06343574550482509,0.24656782065219154,0.08515283244168814,0.03790782271265409,-0.041508999031682564,-0.015517112942912853,0.0,0.0,-1.7886928268867102,0.6782195619802249,1.5388094815710915,0.12902008000000187,0.025532526000001,0.008866439000001947,0.0028266870000006605,0.008855999000001447,0.7219719910000002,0.11037021200000119,0.008886096000001231,0.011430500747115657,0.002216317030480447,0.6520952234716546,39.781029759189146,0.0002476261610182967,1,lidar_dropout,lidar_dropout_001
15.4,0.6535820960998535,1.4243108196858247,0.9055555555555556,0.20056683900000039,4.985869074797544,0.20842105263157892,0.0,-0.07692307692307669,-1.7869128506155803,0.7230904394409737,1.523486417764415,0.22015303446621862,7.31538553551056e-06,-0.07415630167843221,-0.07403427751662037,-1.7395689793713656,0.015835741330886995,6.989899254283825,6.342550596641952,-1.7450983962638456,0.5116937408426617,1.5445142796588756,0.028670507072941387,0.06962789486815402,0.06343574550482509,0.24656782065219154,0.08515283244168814,0.03790782271265409,-0.041508999031682564,-0.015517112942912853,0.0,0.0,-1.7869128506155803,0.7230904394409737,1.523486417764415,0.12845324100000077,0.025327188000000334,0.0039128950000009155,0.0019417360000009154,0.0038851090000004973,0.9219719909999995,0.10610579599999959,0.003933117000000763,0.011731981834639693,0.0027667752446444843,0.6473486576418734,44.33378968572501,0.00012202416181184006,1,lidar_dropout,lidar_dropout_001
15.600000000000001,0.636965274810791,1.4168211484979267,0.9055555555555556,0.20013601099999967,4.9966020358025505,0.20842105263157892,0.0,-0.12820512820512797,-1.7849527987214124,0.7592949097829517,1.508740610504425,0.22024484723483528,1.2300795146320126e-05,-0.11711923200772352,-0.12118776159005522,-0.055210837457332705,-0.051300363896736235,7.177120185590569,6.156722540345485,-1.7450983962638456,0.5116937408426617,1.5445142796588756,0.028670507072941387,0.06962789486815402,0.06343574550482509,0.24656782065219154,0.08515283244168814,0.03790782271265409,-0.041508999031682564,-0.015517112942912853,0.0,0.0,-1.7849527987214124,0.7592949097829517,1.508740610504425,0.12831723000000217,0.025452778000001786,0.0336507310000016,0.0017650770000017246,0.033646850000002004,1.1219719910000006,0.10076761200000206,0.03366603300000115,0.01182379460325636,0.011085896197404452,1.020397645245084,44.18753762139403,0.004068529582331698,1,lidar_dropout,lidar_dropout_001
15.8,0.6206713914871216,1.408915317204385,0.9083333333333333,0.20069658200000084,4.982645892793509,0.21999999999999997,0.0,-0.12820512820512797,-1.781681709830834,0.8029318242313552,1.482830794113934,0.2202847166859458,1.0698729931615109e-05,-0.12798998864016486,-0.1250959657303727,-0.07954559429672522,-0.037241581550685694,7.2260410154166195,6.107585333461184,-1.7276604171807415,0.7756249094417843,1.460529079318567,0.041349599206617516,0.07315323166298515,0.07014134317631258,0.26450660648195773,0.08398520034030854,0.027268967998508843,-0.06793369641470165,-0.03507686935821634,0.028485959022171367,0.01955975641530349,-1.781681709830834,0.8029318242313552,1.482830794113934,0.1276206480000006,0.025470357000001442,0.02853928100000047,0.0008513940000014486,0.028531307000001505,0.09409249900000027,0.09410475600000012,0.028562434000001247,0.00028471668594581834,0.00021513956496310715,1.1184556819554352,44.13366212474751,0.0028940229097921544,1,lidar_dropout,lidar_dropout_001
16.0,0.5987389087677002,1.405267218264138,0.9111111111111111,0.20092574199999902,4.976963081216367,0.21999999999999997,0.0,-0.17948717948717924,-1.777178681363261,0.8476387702777509,1.4594186058031113,0.2201820612759619,2.5758256475862107e-06,-0.08057513549370177,-0.14997483113396265,-0.07140654782868708,-0.015459787851133566,7.019969226560366,6.313999180829525,-1.7276604171807415,0.7756249094417843,1.460529079318567,0.041349599206617516,0.07315323166298515,0.07014134317631258,0.26450660648195773,0.08398520034030854,0.027268967998508843,-0.06793369641470165,-0.03507686935821634,0.0,0.0,-1.777178681363261,0.8476387702777509,1.4594186058031113,0.12669490600000088,0.025699889000000198,0.02485943399999968,0.00038513299999998196,0.024806634000000827,0.29409249899999956,0.12600869399999937,0.024815953999999252,0.0001820612759619311,0.09891204399347747,0.7059700457308411,44.32407994595062,0.06939969564026088,1,lidar_dropout,lidar_dropout_001
16.2,0.5698911547660828,1.396406606249853,0.9083333333333333,0.19994426499999918,5.001393763407038,0.21999999999999997,0.0,-0.12820512820512797,-1.7716257305769298,0.8910632074877618,1.4264392395851977,0.20870170851976197,-2.9243328850573486e-05,-0.13964412074756694,-0.15782945478183064,-0.09069739877729649,-0.030779951040946642,6.926999565240795,5.705176827923467,-1.7276604171807415,0.7756249094417843,1.460529079318567,0.041349599206617516,0.07315323166298515,0.07014134317631258,0.26450660648195773,0.08398520034030854,0.027268967998508843,-0.06793369641470165,-0.03507686935821634,0.0,0.0,-1.7716257305769298,0.8910632074877618,1.4264392395851977,0.126750641000001,0.02556203700000026,0.020786528999998666,0.0007994149999994704,0.02077110000000104,0.49409249899999885,0.12230946600000081,0.02083334800000003,0.011298291480238004,0.011438992542438964,1.2218227373173276,39.51975740664771,0.0181853340342637,1,lidar_dropout,lidar_dropout_001
16.400000000000002,0.5566734671592712,1.3892210356296937,0.9055555555555556,0.19983592300000197,5.004105292920683,0.21999999999999997,0.0,-0.17948717948717924,-1.7644833721858226,0.935416960563703,1.3945670761922875,0.2203216592778685,4.3995835094394475e-05,-0.17545126302367292,-0.17626536145565225,-0.06601053405830962,-0.07518641768774495,7.431374608649138,5.900937863108132,-1.7276604171807415,0.7756249094417843,1.460529079318567,0.041349599206617516,0.07315323166298515,0.07014134317631258,0.26450660648195773,0.08398520034030854,0.027268967998508843,-0.06793369641470165,-0.03507686935821634,0.0,0.0,-1.7644833721858226,0.935416960563703,1.3945670761922875,0.12691471800000187,0.025651536000001585,0.015900816000002038,0.005077443000001125,0.01585879400000323,0.6940924990000017,0.11860881000000134,0.015862293000001415,0.00032165927786853565,0.004035916463506317,1.5304367455410057,43.85207980311808,0.0008140984319793265,1,lidar_dropout,lidar_dropout_001
16.6,0.5399070382118225,1.368840777468017,0.8972222222222223,0.20079331199999828,4.980245557182744,0.21999999999999997,0.0,-0.17948717948717924,-1.7558135628210416,0.9795233876387782,1.3581384955181726,0.22033917997968402,6.127074821511702e-05,-0.179418259303157,-0.17930895879438458,-0.0725197035928635,-0.029158391885521467,7.44927065823586,5.883285958603811,-1.7276604171807415,0.7756249094417843,1.460529079318567,0.041349599206617516,0.07315323166298515,0.07014134317631258,0.26450660648195773,0.08398520034030854,0.027268967998508843,-0.06793369641470165,-0.03507686935821634,0.0,0.0,-1.7558135628210416,0.9795233876387782,1.3581384955181726,0.12612140600000288,0.025640595000002264,0.011878439000000185,0.004875804000000983,0.011867697999999649,0.894092499000001,0.11329770200000056,0.011900372000003046,0.0003391799796840511,6.892018402224198e-05,1.5659846996320486,43.826189465438404,0.0001093005087724197,1,lidar_dropout,lidar_dropout_001
16.8,0.5207294821739197,1.3766326639387343,0.9,0.19994118800000038,5.001470732483584,0.21999999999999997,0.0,-0.2307692307692305,-1.7458141217772039,1.0221418286583437,1.3212923087006574,0.2087661565763021,5.1585326418933375e-05,-0.1805120926735266,-0.18359288478775737,1.9353239368312427,-0.050986375610870244,7.10349251322414,5.5277426087262,-1.7276604171807415,0.7756249094417843,1.460529079318567,0.041349599206617516,0.07315323166298515,0.07014134317631258,0.26450660648195773,0.08398520034030854,0.027268967998508843,-0.06793369641470165,-0.03507686935821634,0.0,0.0,-1.7458141217772039,1.0221418286583437,1.3212923087006574,0.1261802180000018,0.025706344999999686,0.007973405000001321,0.004925301000000104,0.007926480000001845,1.0940924990000003,0.10939779699999974,0.007929964000002343,0.011233843423697876,0.050257138095703896,1.5757499044979397,39.26627823611664,0.0030807921142307626,1,lidar_dropout,lidar_dropout_001
17.0,0.49811282753944397,1.3918652768711066,0.9083333333333333,0.2003947160000017,4.990151536730098,0.20842105263157892,0.0,-0.17948717948717924,-1.7337532475506057,1.0654402707839201,1.2729773878252468,0.22049138122393827,9.33547550378e-05,-0.276415470201648,-0.27660269987816644,-0.05388973062098034,-0.029699676439805416,7.872449812445323,5.461055804629407,-1.6773706438725553,1.019937018207287,1.266882308736861,0.05900866423506779,0.08173498820645175,0.08070363893768188,0.24943429553458688,0.19364677058170598,0.02385554238841142,-0.08373842320862647,-0.037387212445859824,0.016169133044980306,0.002310343087643482,-1.7337532475506057,1.0654402707839201,1.2729773878252468,0.12578550199999938,0.025702541000001133,0.0040671860000003335,0.004783060000001171,0.003885013000001436,0.10228884100000002,0.10231801000000118,0.004002540999998416,0.012070328592359347,0.09692829071446873,2.4113940078159164,42.99188774490821,0.00018722967651846334,1,lidar_dropout,lidar_dropout_001
17.2,0.476074755191803,1.3854942942133843,0.9194444444444444,0.20034185899999812,4.991468108519495,0.21999999999999997,0.0,-0.28205128205128177,-1.7225164480541275,1.099920567044703,1.2406316985570267,0.2202509666569881,6.348051338359029e-05,-0.16927085789780172,-0.17458660014397537,-0.04328812630939102,-0.025910370269628287,7.402820362498889,5.927682021144049,-1.6773706438725553,1.019937018207287,1.266882308736861,0.05900866423506779,0.08173498820645175,0.08070363893768188,0.24943429553458688,0.19364677058170598,0.02385554238841142,-0.08373842320862647,-0.037387212445859824,0.0,0.0,-1.7225164480541275,1.099920567044703,1.2406316985570267,0.12544364300000055,0.025850700999999532,0.03285514199999895,0.003848688999998018,0.03285188799999972,0.3022888409999993,0.10071216699999752,0.03287072999999907,0.00025096665698812193,0.11278042415348005,1.4751383413548398,43.88156516854374,0.005315742246173649,1,lidar_dropout,lidar_dropout_001
17.400000000000002,0.47113388776779175,1.3761463268826015,0.9194444444444444,0.20053758400000277,4.986596427729907,0.21999999999999997,0.0,-0.2307692307692305,-1.7070188060432772,1.1421255145449125,1.1902637194610317,0.2205463835133598,0.00013286318870156522,-0.3197117240375554,-0.3252947047691234,-0.07298037783830834,-0.06410634584496364,8.060399451031861,5.272832217069149,-1.6773706438725553,1.019937018207287,1.266882308736861,0.05900866423506779,0.08173498820645175,0.08070363893768188,0.24943429553458688,0.19364677058170598,0.02385554238841142,-0.08373842320862647,-0.037387212445859824,0.0,0.0,-1.7070188060432772,1.1421255145449125,1.1902637194610317,0.12490605900000062,0.025693775000000585,0.028663252000001194,0.0037010270000017442,0.02865703900000227,0.5022888410000022,0.09596671200000273,0.028710134000000664,0.0005463835133598383,0.08894249326832487,2.7875672339627124,42.501133907847276,0.0055829807315680435,1,lidar_dropout,lidar_dropout_001
17.6,0.457206130027771,1.392457442979018,0.9333333333333333,0.20038433599999905,4.990410028855772,0.21999999999999997,0.0,-0.28205128205128177,-1.689139120051526,1.183385331635045,1.136187206823871,0.2203936106090962,3.831940836299119e-05,-0.23314480999938156,-0.25072799806792523,-0.06649521885105238,-0.04548347163844998,7.684319893749132,5.648953978288846,-1.6773706438725553,1.019937018207287,1.266882308736861,0.05900866423506779,0.08173498820645175,0.08070363893768188,0.24943429553458688,0.19364677058170598,0.02385554238841142,-0.08373842320862647,-0.037387212445859824,0.0,0.0,-1.689139120051526,1.183385331635045,1.136187206823871,0.12452172300000086,0.02559200600000011,0.024912230000001756,0.00385955100000146,0.02490290100000081,0.7022888410000014,0.09239867300000171,0.024927467000001258,0.00039361060909623435,0.04890647205190021,2.035365915460286,43.40836943423828,0.01758318806854367,1,lidar_dropout,lidar_dropout_001
17.8,0.44342148303985596,1.3859473083700453,0.9333333333333333,0.19947453300000006,5.013171280365898,0.21999999999999997,0.0,-0.2307692307692305,-1.6691303216546056,1.2236543714511574,1.0808931754808975,0.22044535797320447,7.867799473992854e-05,-0.28151867837622996,-0.26703467319604646,-0.0698203724162028,-0.07975226510330743,7.894787773505005,5.437751016824079,-1.6773706438725553,1.019937018207287,1.266882308736861,0.05900866423506779,0.08173498820645175,0.08070363893768188,0.24943429553458688,0.19364677058170598,0.02385554238841142,-0.08373842320862647,-0.037387212445859824,0.0,0.0,-1.6691303216546056,1.2236543714511574,1.0808931754808975,0.12504719000000009,0.02587746300000049,0.020724762000000396,0.003877454000001279,0.020679795999999584,0.9022888410000007,0.12240413900000036,0.020750056000000683,0.00044535797320449655,0.050749447606999454,2.4570367566809264,42.92989024298714,0.014484005180183501,1,lidar_dropout,lidar_dropout_001
18.0,0.4210941791534424,1.3582980939754852,0.925,0.19997213399999936,5.000696747077787,0.21999999999999997,0.0,-0.28205128205128177,-1.6469894611544305,1.2627801325934942,1.0313542695809388,0.22036159967609986,4.520502678154181e-05,-0.2319127073253021,-0.24319013548733084,-0.0888698985359922,-0.06486091830158167,7.678408119599945,5.654079163485373,-1.5987448303972243,1.2155511533805388,1.0269196998537502,0.06676056933416374,0.07178323873760295,0.08256372456051361,0.2108243544380884,0.23996260888311083,0.022406720255365782,-0.07552657856586176,-0.02995562897737381,0.008338673636143006,0.007431583468486016,-1.6469894611544305,1.2627801325934942,1.0313542695809388,0.12507505600000002,0.02576134799999963,0.016889298999998914,0.0037311889999998016,0.01682135600000123,0.114272488000001,0.1142342499999991,0.016832962999998813,0.0003615996760998885,0.050138574725979684,2.024328956114572,43.41432735776696,0.011277428162028758,1,lidar_dropout,lidar_dropout_001
18.2,0.4117331802845001,1.3326705770289644,0.9138888888888889,0.20100542300000157,4.974990152380078,0.20842105263157892,0.0,-0.28205128205128177,-1.622879793125706,1.300730191277634,0.976232442577091,0.22041051500358916,8.14346574923297e-05,-0.28120879306166013,-0.27098594782665325,-0.3415982703997243,-0.06937806168625993,7.893005802413623,5.438689180057106,-1.5987448303972243,1.2155511533805388,1.0269196998537502,0.06676056933416374,0.07178323873760295,0.08256372456051361,0.2108243544380884,0.23996260888311083,0.022406720255365782,-0.07552657856586176,-0.02995562897737381,0.0,0.0,-1.622879793125706,1.300730191277634,0.976232442577091,0.12406963299999774,0.02596732700000004,0.011846548999997708,0.0028324309999980812,0.011843838000000773,0.3142724880000003,0.11344481400000106,0.01185648499999914,0.011989462372010234,0.000842488989621637,2.454316622356517,42.92760525571493,0.010222845235006883,1,lidar_dropout,lidar_dropout_001
18.400000000000002,0.4136276841163635,1.3266780691564624,0.9194444444444444,0.20008578099999852,4.997856394403195,0.20842105263157892,0.0,-0.28205128205128177,-1.597393282856456,1.3363255429610883,0.922598831609253,0.2203663280725153,5.519487308602855e-05,-0.2731218244504415,-0.26931555707713967,-2.2559061101491773,-0.05255874532951854,7.856681481704271,5.47441780596439,-1.5987448303972243,1.2155511533805388,1.0269196998537502,0.06676056933416374,0.07178323873760295,0.08256372456051361,0.2108243544380884,0.23996260888311083,0.022406720255365782,-0.07552657856586176,-0.02995562897737381,0.0,0.0,-1.597393282856456,1.3363255429610883,0.922598831609253,0.12398385200000206,0.02602628000000351,0.007736492000002926,0.002768069000001816,0.007726527000002648,0.5142724880000031,0.10911018500000225,0.0077787960000037515,0.011945275440936376,0.008929457600840296,2.382263675739881,43.01075699923255,0.003806267373301808,1,lidar_dropout,lidar_dropout_001
18.6,0.4052419364452362,1.3203537733353157,0.9194444444444444,0.19996083799999909,5.000979241745349,0.21999999999999997,0.0,-0.28205128205128177,-1.569981846595622,1.3705726949642725,0.8688946516411428,0.22087220476847863,6.791893523122594e-05,-0.27394219773450285,-0.2736238837058743,-0.0410154231205166,-0.07222425136551505,7.863121579250403,5.472615673123354,-1.5987448303972243,1.2155511533805388,1.0269196998537502,0.06676056933416374,0.07178323873760295,0.08256372456051361,0.2108243544380884,0.23996260888311083,0.022406720255365782,-0.07552657856586176,-0.02995562897737381,0.0,0.0,-1.569981846595622,1.3705726949642725,0.8688946516411428,0.12402301400000226,0.025990932000002687,0.003962823000001947,0.002905712000000449,0.0037853940000012187,0.7142724880000024,0.10535426200000231,0.003806498000002989,0.0008722047684786571,0.008109084316778925,2.390505906127049,43.03184239428021,0.0003183140286285302,1,lidar_dropout,lidar_dropout_001
18.8,0.38949066400527954,1.3147803295448601,0.9222222222222223,0.20002609900000223,4.99934761013356,0.21999999999999997,0.0,-0.28205128205128177,-1.5456119893259161,1.3981007691392637,0.8227943810600664,0.20927902053056574,8.504244613499745e-05,-0.2699258966567967,-0.27602818456398254,-0.06676846719023072,-0.05374321846854392,7.493190401616986,5.140367596691979,-1.4941208129646137,1.356355396684367,0.8160489168749376,0.06805801841609327,0.06195730452105108,0.0771617676286253,0.17541955408705975,0.2108707829788126,0.020843949418539762,-0.07502276392545379,-0.031011132306198792,0.0016419749938179047,0.001055503328824984,-1.5456119893259161,1.3981007691392637,0.8227943810600664,0.12399691499999932,0.026066948000000423,0.03387914500000022,0.002910009000000713,0.03384419700000052,0.09618929700000223,0.09604731299999969,0.03386100900000244,0.010720979469434233,0.012125385394485044,2.3528228049250073,38.517753136315314,0.0061022879071858105,1,lidar_dropout,lidar_dropout_001
19.0,0.376045823097229,1.3254038293561536,0.9277777777777778,0.19996568199999842,5.000858097240945,0.21999999999999997,0.0,-0.28205128205128177,-1.5149330186090648,1.4294442020292475,0.7701519751269881,0.20916542426678914,6.931537961417378e-05,-0.2269726090034496,-0.22799414975484947,-0.07974818674789175,-0.027673864926123046,7.3069718060065565,5.326502277746244,-1.4941208129646137,1.356355396684367,0.8160489168749376,0.06805801841609327,0.06195730452105108,0.0771617676286253,0.17541955408705975,0.2108707829788126,0.020843949418539762,-0.07502276392545379,-0.031011132306198792,0.0,0.0,-1.5149330186090648,1.4294442020292475,0.7701519751269881,0.12403123300000019,0.026080452999998727,0.029286859999999137,0.0018157780000009893,0.02926248800000053,0.2961892970000015,0.0971939930000012,0.029266116999998815,0.010834575733210838,0.05507867304783218,1.9804695282603122,38.92060196812151,0.0010215407513998742,1,lidar_dropout,lidar_dropout_001
19.200000000000003,0.38324034214019775,1.3305019542619099,0.9361111111111111,0.20125369599999843,4.968852845316231,0.21999999999999997,0.0,-0.28205128205128177,-1.4821345407512685,1.4597155816527652,0.719453829136388,0.2207449248504782,8.460189387879402e-05,-0.23366107192428448,-0.25752409806940857,-0.06599153898348326,-0.07708008403631039,7.688273358537831,5.647030791360651,-1.4941208129646137,1.356355396684367,0.8160489168749376,0.06805801841609327,0.06195730452105108,0.0771617676286253,0.17541955408705975,0.2108707829788126,0.020843949418539762,-0.07502276392545379,-0.031011132306198792,0.0,0.0,-1.4821345407512685,1.4597155816527652,0.719453829136388,0.1227775370000046,0.026076028000002083,0.025021636000001735,0.002026554000003955,0.024964709000002472,0.49618929700000436,0.09219943000000441,0.024971483000001626,0.0007449248504782235,0.04839021012699729,2.0412425671771803,43.4159163880609,0.02386302614512409,1,lidar_dropout,lidar_dropout_001
19.400000000000002,0.36345168948173523,1.333316260011944,0.9388888888888889,0.19997538900000222,5.000615350721928,0.20842105263157892,0.0,-0.2307692307692305,-1.447464351500146,1.488482060250729,0.6638107707545536,0.2208865109646106,0.00012482128897356448,-0.2795581028816141,-0.24472477448202193,-0.15343408436010492,-0.050387083994593164,7.887571501801731,5.447770145817108,-1.4941208129646137,1.356355396684367,0.8160489168749376,0.06805801841609327,0.06195730452105108,0.0771617676286253,0.17541955408705975,0.2108707829788126,0.020843949418539762,-0.07502276392545379,-0.031011132306198792,0.0,0.0,-1.447464351500146,1.488482060250729,0.6638107707545536,0.12280214800000167,0.026023047000002464,0.02078265200000118,0.0018070090000037453,0.020562931000000617,0.6961892970000036,0.12241268300000385,0.020792885000002315,0.01246545833303167,0.048788872112383586,2.439801355984623,42.969676550513284,0.03483332839959216,1,lidar_dropout,lidar_dropout_001
19.6,0.37271323800086975,1.3236137104353733,0.9333333333333333,0.2003112829999978,4.992230018316098,0.21999999999999997,0.0,-0.12820512820512797,-1.4123311131577017,1.514590970987172,0.614095411016917,0.22041329807443177,-5.732434985289414e-05,-0.27011746996648817,-0.230992410658669,-0.0656680407992876,-0.07298715853519945,7.844856431012558,5.489349803303328,-1.3504718508968352,1.4645384076885921,0.5907748841679636,0.0748226028155552,0.05334680465680153,0.0629367209978655,0.1798293306807606,0.225274032706974,0.004137383025587738,-0.10583743352372676,-0.04989044168142739,0.035052150049502566,0.0188793093752286,-1.4123311131577017,1.514590970987172,0.614095411016917,0.12249086500000317,0.026060049000001584,0.016213398000001433,0.0010683250000020905,0.016205137000000036,0.11624611000000229,0.11621445000000108,0.01625126200000082,0.00041329807443180044,0.1419123417613602,2.3555066277092305,43.06316110652163,0.03912505930781918,1,lidar_dropout,lidar_dropout_001
19.8,0.36515897512435913,1.3235541508268953,0.9305555555555556,0.20067747000000224,4.983120427021473,0.21999999999999997,0.0,-0.12820512820512797,-1.3751445803329643,1.5398082778968925,0.581608178005077,0.22020398605706595,-6.584127253395078e-05,-0.12934445255430715,-0.12876089650608166,-0.0762363107984184,-0.06155066087973306,7.231715321897231,6.102439657209211,-1.3504718508968352,1.4645384076885921,0.5907748841679636,0.0748226028155552,0.05334680465680153,0.0629367209978655,0.1798293306807606,0.225274032706974,0.004137383025587738,-0.10583743352372676,-0.04989044168142739,0.0,0.0,-1.3751445803329643,1.5398082778968925,0.581608178005077,0.12181339500000021,0.026017027000001747,0.01188310999999942,0.0008696070000020484,0.011875746000001186,0.3162461100000016,0.1131160840000014,0.011898792000000213,0.00020398605706598016,0.0011393243491791827,1.12927566468802,44.131106369993134,0.000583556048225492,1,lidar_dropout,lidar_dropout_001
20.0,0.35289037227630615,1.3056916977295618,0.9277777777777778,0.1996802570000007,5.008006374911649,0.20842105263157892,0.0,-0.12820512820512797,-1.3372839086796335,1.5639922544354752,0.5555494825724672,0.22019979882089163,-4.314815426327556e-05,-0.12728672441937225,-0.12556124049105355,-0.8386491475447725,-0.13385601828865024,7.221623532286386,6.110728132383202,-1.3504718508968352,1.4645384076885921,0.5907748841679636,0.0748226028155552,0.05334680465680153,0.0629367209978655,0.1798293306807606,0.225274032706974,0.004137383025587738,-0.10583743352372676,-0.04989044168142739,0.0,0.0,-1.3372839086796335,1.5639922544354752,0.5555494825724672,0.12213313799999881,0.0262093479999983,0.007853507000000093,0.00047785199999950123,0.007845192000001333,0.5162461100000009,0.10939371099999917,0.007875687999998604,0.011778746189312711,0.0009184037857557226,1.1108953999031836,44.12937808022297,0.0017254839283186996,1,lidar_dropout,lidar_dropout_001
20.200000000000003,0.3478933572769165,1.3136163391395956,0.9277777777777778,0.1998419069999997,5.0039554516460925,0.21999999999999997,0.0,-0.12820512820512797,-1.2998326591563545,1.58657867068819,0.5303786947282672,0.22022079314302417,-7.033009843805671e-05,-0.12557889308436718,-0.12573046716712435,-0.06571939788529005,-0.05384198561849162,7.214835114492743,6.119186398164248,-1.3504718508968352,1.4645384076885921,0.5907748841679636,0.0748226028155552,0.05334680465680153,0.0629367209978655,0.1798293306807606,0.225274032706974,0.004137383025587738,-0.10583743352372676,-0.04989044168142739,0.0,0.0,-1.2998326591563545,1.58657867068819,0.5303786947282672,0.12229123100000194,0.02617418600000221,0.0038404940000020815,0.0008194840000044223,0.003831106000003359,0.7162461100000037,0.10565573200000244,0.0038620120000025793,0.0002207931430242005,0.002626235120760795,1.095648716328495,44.14892089760179,0.00015157408275717765,1,lidar_dropout,lidar_dropout_001
20.400000000000002,0.36268216371536255,1.3252313001914784,0.925,0.20055121599999737,4.9862574754969975,0.21999999999999997,0.0,-0.07692307692307669,-1.2673326612185636,1.605165297863381,0.5088261511089067,0.22019866010210512,-5.27432413645057e-05,-0.1271821281763004,-0.1274094195008733,-0.07757398300810092,-0.0007899244062560887,7.221406209962589,6.111434850732839,-1.3504718508968352,1.4645384076885921,0.5907748841679636,0.0748226028155552,0.05334680465680153,0.0629367209978655,0.1798293306807606,0.225274032706974,0.004137383025587738,-0.10583743352372676,-0.04989044168142739,0.0,0.0,-1.2673326612185636,1.605165297863381,0.5088261511089067,0.12174001500000386,0.026215502000003,0.0333868680000009,0.005179224000002591,0.033363348000001736,0.916246110000003,0.10177064300000183,0.03340289900000215,0.00019866010210514706,0.050259051253223705,1.1099713592297498,44.13315358286391,0.00022729132457291468,1,lidar_dropout,lidar_dropout_001
20.6,0.3605014979839325,1.3297741985823734,0.9222222222222223,0.20116510200000093,4.9710411500698335,0.21999999999999997,0.0,-0.12820512820512797,-1.2278612445060983,1.626608906579219,0.4875513434396753,0.2201964995482058,-6.0458048507183726e-05,-0.11635035814475607,-0.12049150513892098,-0.052680008099113586,-0.006856917204716255,7.173621769877167,6.160456083222612,-1.3504718508968352,1.4645384076885921,0.5907748841679636,0.0748226028155552,0.05334680465680153,0.0629367209978655,0.1798293306807606,0.225274032706974,0.004137383025587738,-0.10583743352372676,-0.04989044168142739,0.0,0.0,-1.2278612445060983,1.626608906579219,0.4875513434396753,0.12057491300000223,0.02642529800000304,0.02881218799999985,0.0049788800000030164,0.02877839900000012,1.1162461100000023,0.0963844540000025,0.02878501,0.0001964995482058307,0.011854770060371903,1.0131656866545553,44.19278187097795,0.004141146994164915,1,lidar_dropout,lidar_dropout_001
20.8,0.36525532603263855,1.3498079451162424,0.9305555555555556,0.19941049000000177,5.014781318675818,0.21999999999999997,0.0,-0.07692307692307669,-1.1885991850875204,1.6468010844588112,0.4623345296618324,0.20863345990752202,-7.674333840829162e-05,-0.1243867247810197,-0.10573742808963074,-0.11588852739896204,-0.049159598999691315,6.858715938521828,5.7736758525213725,-1.3504718508968352,1.4645384076885921,0.5907748841679636,0.0748226028155552,0.05334680465680153,0.0629367209978655,0.1798293306807606,0.225274032706974,0.004137383025587738,-0.10583743352372676,-0.04989044168142739,0.0,0.0,-1.1885991850875204,1.6468010844588112,0.4623345296618324,0.12116442299999974,0.02618685699999901,0.024978222000001438,0.0048967570000009175,0.024968199999999996,1.3162461100000016,0.09230517700000007,0.025003784999999112,0.01136654009247795,0.047463647857943006,1.0850400860004559,39.60000259354694,0.018649296691388956,1,lidar_dropout,lidar_dropout_001
21.0,0.3821636438369751,1.3571580986598295,0.9277777777777778,0.20036596299999943,4.9908676355374935,0.21999999999999997,0.0,-0.12820512820512797,-1.1492858360488172,1.6659403990018307,0.44509734761108627,0.20858012231928375,-6.956202417471302e-05,-0.07541040882816474,-0.08697389094017706,-0.04083316581540981,-0.06298771248773817,6.64506605821456,5.98710147700853,-1.098319345037209,1.6093479965929902,0.40638235170195697,0.10756890134288088,0.05364661230650114,0.08476621988882563,0.2907760362374272,0.18439253246600668,-0.007909853340757448,-0.09970899092677038,-0.046292254695799916,0.013516423814411099,0.0035981869856274717,-1.1492858360488172,1.6659403990018307,0.44509734761108627,0.12079845999999961,0.026426454999999294,0.01965915399999929,0.0036918149999998207,0.01963068699999937,0.08338070299999956,0.08321825499999846,0.01963527099999851,0.011419877680716228,0.05279471937696323,0.6579645812060306,39.78468481195564,0.011563482112012316,1,lidar_dropout,lidar_dropout_001
21.200000000000003,0.3932036757469177,1.3774269509773989,0.9388888888888889,0.2014866409999989,4.963108199317321,0.20842105263157892,0.0,-0.12820512820512797,-1.1085469632302236,1.6848265306532069,0.42186874036679683,0.22024429843684132,-7.655996485128602e-05,-0.12643582271104234,-0.12474636702644522,-0.02855804779900356,-0.029305209011547453,7.218719109861483,6.115419611368748,-1.098319345037209,1.6093479965929902,0.40638235170195697,0.10756890134288088,0.05364661230650114,0.08476621988882563,0.2907760362374272,0.18439253246600668,-0.007909853340757448,-0.09970899092677038,-0.046292254695799916,0.0,0.0,-1.1085469632302236,1.6848265306532069,0.42186874036679683,0.11931181900000354,0.026191195000002665,0.015630286000003935,0.004060106000004282,0.01561790600000279,0.2833807030000024,0.11734050800000162,0.015653863000004264,0.011823245805262395,0.0017693054940856323,1.103299498492735,44.14549641340926,0.0016894556845971215,1,lidar_dropout,lidar_dropout_001
21.400000000000002,0.4001130163669586,1.4080447001241103,0.95,0.19974125799999953,5.0064769292681754,0.20842105263157892,0.0,-0.12820512820512797,-1.068416396028192,1.702214359133877,0.3964528604804507,0.22020530451246573,-4.388503979975422e-05,-0.126227140276942,-0.12566726342881115,-0.4527753162206882,-0.13102227178532067,7.216836217297822,6.115406045948258,-1.098319345037209,1.6093479965929902,0.40638235170195697,0.10756890134288088,0.05364661230650114,0.08476621988882563,0.2907760362374272,0.18439253246600668,-0.007909853340757448,-0.09970899092677038,-0.046292254695799916,0.0,0.0,-1.068416396028192,1.702214359133877,0.3964528604804507,0.1195705610000033,0.026425918000001047,0.011743759000001575,0.0037336550000013347,0.01173253600000379,0.4833807030000017,0.11332044400000285,0.011772162000003306,0.011784251880886804,0.001977987928185959,1.1014301713495644,44.133883835881456,0.000559876848130858,1,lidar_dropout,lidar_dropout_001
21.6,0.41556859016418457,1.4159311522836209,0.9472222222222222,0.20002180400000213,4.99945495942027,0.20842105263157892,0.0,-0.07692307692307669,-1.027867812868885,1.7185982217769495,0.373980296662631,0.22017070891018192,-7.820980220181462e-05,-0.08106919165566738,-0.08009397215747976,-2.208675381677896,0.040840025273638454,7.021320607114888,6.312703960117117,-1.098319345037209,1.6093479965929902,0.40638235170195697,0.10756890134288088,0.05364661230650114,0.08476621988882563,0.2907760362374272,0.18439253246600668,-0.007909853340757448,-0.09970899092677038,-0.046292254695799916,0.0,0.0,-1.027867812868885,1.7185982217769495,0.373980296662631,0.11954875700000045,0.026392385000001184,0.006787626000001268,0.00295182099999991,0.006783688000002286,0.683380703000001,0.10886212900000203,0.006804477000002862,0.011749656278602999,0.004146114732590689,0.708616646997771,44.32351840178608,0.0009752194981876156,1,lidar_dropout,lidar_dropout_001
21.8,0.4356380105018616,1.4162067181101892,0.9361111111111111,0.20072457399999877,4.9819510390392265,0.21999999999999997,0.0,-0.07692307692307669,-0.9892274945477094,1.7334222360642215,0.3587303930377432,0.19699210255031627,-6.38640807441998e-05,-0.0752910007519432,-0.07534486652503163,-0.051379777207138044,-0.009547532586105738,6.293703211316331,5.636811821113495,-1.098319345037209,1.6093479965929902,0.40638235170195697,0.10756890134288088,0.05364661230650114,0.08476621988882563,0.2907760362374272,0.18439253246600668,-0.007909853340757448,-0.09970899092677038,-0.046292254695799916,0.0,0.0,-0.9892274945477094,1.7334222360642215,0.3587303930377432,0.11882418300000097,0.026437918999999255,0.0027992340000011495,0.002807384000000468,0.0027921930000012196,0.8833807030000003,0.10414421600000168,0.002826181999999733,0.023007897449683706,0.0016320761711334925,0.6568913902028362,35.476420660127864,5.386577308842677e-05,1,lidar_dropout,lidar_dropout_001
22.0,0.45062533020973206,1.4038461817060401,0.9277777777777778,0.2003917169999987,4.990226217783276,0.21999999999999997,0.0,-0.07692307692307669,-0.9541250480256354,1.7463175108686633,0.3443345716131269,0.22020629593143015,-8.630115133878569e-05,-0.11581821896187328,-0.12142150769197675,-0.09390486256274444,-0.026371448121272418,7.170580354267435,6.162388307080047,-1.098319345037209,1.6093479965929902,0.40638235170195697,0.10756890134288088,0.05364661230650114,0.08476621988882563,0.2907760362374272,0.18439253246600668,-0.007909853340757448,-0.09970899092677038,-0.046292254695799916,0.0,0.0,-0.9541250480256354,1.7463175108686633,0.3443345716131269,0.11843246600000157,0.026391915000001376,0.03248528199999967,0.0025365890000017544,0.03239920100000049,1.0833807029999996,0.10030536000000012,0.032421816999999464,0.00020629593143017821,0.038895142038796585,1.0081920471873884,44.18790053011554,0.005603288730103476,1,lidar_dropout,lidar_dropout_001
22.200000000000003,0.4709254205226898,1.4048726393515805,0.9222222222222223,0.2003168740000021,4.9920906812872365,0.21999999999999997,0.0,-0.12820512820512797,-0.9124247039077017,1.760787587996945,0.32557209427721495,0.2085852155487539,-5.1172800938248386e-05,-0.07452442379675513,-0.07538833666862448,-0.042336880638550026,-0.012264519560634516,6.640920045158575,5.990873254349172,-1.098319345037209,1.6093479965929902,0.40638235170195697,0.10756890134288088,0.05364661230650114,0.08476621988882563,0.2907760362374272,0.18439253246600668,-0.007909853340757448,-0.09970899092677038,-0.046292254695799916,0.0,0.0,-0.9124247039077017,1.760787587996945,0.32557209427721495,0.11811559200000232,0.0266367090000017,0.028066024000004575,0.0017889410000044847,0.028058553000004594,1.2833807030000024,0.09561573300000248,0.02809347400000206,0.01141478445124608,0.053680704408372845,0.6500467908094034,39.7849102828118,0.000863912871869349,1,lidar_dropout,lidar_dropout_001
22.400000000000002,0.5063145160675049,1.3962097119053085,0.9138888888888889,0.20020679399999963,4.994835489948467,0.21999999999999997,0.0,-0.12820512820512797,-0.8712306441960527,1.774244347445683,0.3038034081182542,0.20867957057214753,-6.359142468119472e-05,-0.12643263191798818,-0.12904183452987983,-0.036360895358305126,-0.04788930220372547,6.867596854229277,5.76433663186671,-0.8247374025323525,1.713321131415199,0.27026056454383734,0.11883175406023117,0.04826046033833942,0.10376416510199166,0.29267301213041125,0.13612178715811962,-0.015546755140749572,-0.09335427863979331,-0.04529756642800618,0.00993502075251885,0.000994688267793739,-0.8712306441960527,1.774244347445683,0.3038034081182542,0.11790879800000198,0.02646529600000136,0.024006885000002143,0.0017733670000019686,0.023943454000001196,0.08540348600000058,0.08532931500000274,0.023946575000003634,0.011320429427852441,0.0017724962871397965,1.1032602223625672,39.587140119726406,0.0026092026118916534,1,lidar_dropout,lidar_dropout_001
22.6,0.5233022570610046,1.3872591924229893,0.9083333333333333,0.20009317599999932,4.997671684715542,0.20842105263157892,0.0,-0.12820512820512797,-0.829327500050401,1.7867809151509895,0.2775043971044506,0.20866796322947184,-6.605862346357322e-05,-0.12792311016070862,-0.12759367157447601,-0.033184532304514264,-0.023280622042918628,6.874558618753536,5.757913986949221,-0.8247374025323525,1.713321131415199,0.27026056454383734,0.11883175406023117,0.04826046033833942,0.10376416510199166,0.29267301213041125,0.13612178715811962,-0.015546755140749572,-0.09335427863979331,-0.04529756642800618,0.0,0.0,-0.829327500050401,1.7867809151509895,0.2775043971044506,0.11781562200000195,0.02642734600000196,0.018627536000000333,0.0010649440000030097,0.01861812599999979,0.2854034859999999,0.08697044100000184,0.018659466000002567,0.0002469105978929187,0.0002820180444193521,1.1166446318043146,39.5831172250233,0.00032943858623260547,1,lidar_dropout,lidar_dropout_001
22.8,0.5470916628837585,1.3835786423800183,0.9055555555555556,0.20102052600000064,4.97461637325532,0.20842105263157892,0.0,-0.12820512820512797,-0.7871127176363817,1.7981995370311783,0.2513346004899741,0.22024038857147224,-5.64742322496925e-05,-0.12793277626206614,-0.1294763589902537,-0.07384743570062231,-0.010582226179086838,7.225264601203554,6.108532265201126,-0.8247374025323525,1.713321131415199,0.27026056454383734,0.11883175406023117,0.04826046033833942,0.10376416510199166,0.29267301213041125,0.13612178715811962,-0.015546755140749572,-0.09335427863979331,-0.04529756642800618,0.0,0.0,-0.7871127176363817,1.7981995370311783,0.2513346004899741,0.1167950960000006,0.02656330299999965,0.014593252000000945,0.0005812429999991764,0.014588020000001478,0.48540348599999916,0.116407873,0.01460471000000041,0.011819335939893316,0.0002723519430618271,1.1167323360024275,44.13576194106746,0.0015435827281875536,1,lidar_dropout,lidar_dropout_001
23.0,0.577112078666687,1.390666495951673,0.9083333333333333,0.1998633500000011,5.003418585748685,0.21999999999999997,0.0,-0.02564102564102541,-0.7446056045227997,1.8085054467844723,0.22496189889313034,0.22026573625846071,-6.118849411991534e-05,-0.1279538689928398,-0.10935301272154299,-0.03408209504047121,-0.018463089817464827,7.225418131884832,6.108513191146575,-0.8247374025323525,1.713321131415199,0.27026056454383734,0.11883175406023117,0.04826046033833942,0.10376416510199166,0.29267301213041125,0.13612178715811962,-0.015546755140749572,-0.09335427863979331,-0.04529756642800618,0.0,0.0,-0.7446056045227997,1.8085054467844723,0.22496189889313034,0.11693174599999878,0.026474177000000765,0.010984274999998433,0.0008227289999993559,0.010965183999999795,0.6854034859999985,0.11262914299999949,0.010994477000000558,0.00026573625846074145,0.1023128433518144,1.116904940738257,44.136561970168145,0.018600856271296817,1,lidar_dropout,lidar_dropout_001
23.200000000000003,0.6023332476615906,1.3836471542624609,0.9055555555555556,0.20027311199999787,4.993181511055816,0.21999999999999997,0.0,-0.02564102564102541,-0.7019257665653765,1.8179965272816556,0.21539023053932904,0.20848637334078896,-5.915846002693681e-05,-0.025788920343755642,-0.025385822444988267,1.051830731937347,0.057286466818993166,6.428650978703416,6.2034534538013135,-0.8247374025323525,1.713321131415199,0.27026056454383734,0.11883175406023117,0.04826046033833942,0.10376416510199166,0.29267301213041125,0.13612178715811962,-0.015546755140749572,-0.09335427863979331,-0.04529756642800618,0.0,0.0,-0.7019257665653765,1.8179965272816556,0.21539023053932904,0.11665863400000376,0.026349780000003875,0.006373921000001559,0.00017943300000311524,0.006327995000003028,0.8854034860000013,0.1081787000000034,0.0063381220000025,0.011513626659211018,0.00014789470273023075,0.22519752490210276,39.8798371171209,0.0004030978987673746,1,lidar_dropout,lidar_dropout_001
23.400000000000002,0.6339108943939209,1.3894173738780928,0.9055555555555556,0.2006612539999999,4.983523126990926,0.21999999999999997,0.0,0.02564102564102587,-0.6581122979331727,1.8275675543778738,0.22185162934121344,0.21979396327216413,-6.56490985005212e-05,0.13252225290852312,0.13246109728438288,-0.07097809204123037,0.028262705783308632,6.087796803047287,7.245335048792564,-0.8247374025323525,1.713321131415199,0.27026056454383734,0.11883175406023117,0.04826046033833942,0.10376416510199166,0.29267301213041125,0.13612178715811962,-0.015546755140749572,-0.09335427863979331,-0.04529756642800618,0.0,0.0,-0.6581122979331727,1.8275675543778738,0.22185162934121344,0.11599738000000315,0.02650391500000282,0.0017053130000022065,0.004714708000001622,0.001701003000000867,1.0854034860000006,0.10330595300000311,0.00175159100000144,0.00020603672783583993,0.10688122726749726,1.1575382457452763,44.10812754704583,6.115562414024667e-05,1,lidar_dropout,lidar_dropout_001
23.6,0.6499509215354919,1.395283930003643,0.9111111111111111,0.20012656200000123,4.996837950976212,0.21999999999999997,0.0,-0.02564102564102541,-0.6217069062219941,1.836057857276883,0.2350685666477733,0.2198467374735707,-9.997315222766423e-05,0.10134659852899383,0.11374876097063874,-0.09952168013408855,0.02021490109303043,6.227770749935433,7.10596311251851,-0.6083371648233838,1.763269634652759,0.2214819483884192,0.11640080843860773,0.04656931313149126,0.09115459390443599,0.2220898823813698,0.04877861615541815,0.01708206278752922,-0.07349462568918354,-0.007924683959389391,0.03819745508165997,0.03737288246861679,-0.6217069062219941,1.836057857276883,0.2350685666477733,0.11587081800000121,0.026683394000002636,0.031669537000002634,0.004877471000000355,0.03165758300000121,0.09447761600000248,0.09441538400000127,0.03169782700000212,0.0001532625264292764,0.12698762417001924,0.8781923625830768,44.254309222262926,0.01240216244164491,1,lidar_dropout,lidar_dropout_001
23.8,0.6865736246109009,1.396573229618599,0.9055555555555556,0.19999061800000106,5.00023456100323,0.20842105263157892,0.0,0.07692307692307715,-0.57812331109626,1.8467458921451154,0.24254534290769217,0.21993003959610463,6.945726229284216e-05,0.05016375587245819,0.0610712216838062,-0.08705380641500826,-0.0007504563353069437,6.450703765160265,6.882232014831686,-0.6083371648233838,1.763269634652759,0.2214819483884192,0.11640080843860773,0.04656931313149126,0.09115459390443599,0.2220898823813698,0.04877861615541815,0.01708206278752922,-0.07349462568918354,-0.007924683959389391,0.0,0.0,-0.57812331109626,1.8467458921451154,0.24254534290769217,0.11588019999999943,0.02653866500000035,0.02796325099999919,0.004634786000000446,0.02795486100000133,0.2944776160000018,0.0950439490000008,0.027983329000001333,0.011508986964525708,0.026759321050618956,0.43152824967142145,44.395239970781276,0.010907465811348008,1,lidar_dropout,lidar_dropout_001
24.0,0.6907073259353638,1.4150637499418464,0.9083333333333333,0.19986643899999734,5.003341256307735,0.21999999999999997,0.0,0.17948717948717968,-0.5354055045156504,1.8576139546666606,0.2561584585043754,0.21989595028410241,-4.4143408924023075e-05,0.07464077130931498,0.10806052810981823,-0.054570518211725934,9.313301089238944e-05,6.341136915142232,6.99209236937662,-0.6083371648233838,1.763269634652759,0.2214819483884192,0.11640080843860773,0.04656931313149126,0.09115459390443599,0.2220898823813698,0.04877861615541815,0.01708206278752922,-0.07349462568918354,-0.007924683959389391,0.0,0.0,-0.5354055045156504,1.8576139546666606,0.2561584585043754,0.11601376100000138,0.026773328000000873,0.024009501999998406,0.004926767000000609,0.02395620400000098,0.49447761600000106,0.09103442099999981,0.023966556000001304,0.0001040497158975584,0.1048464081778647,0.6509554542343885,44.3378150375384,0.03341975680050324,1,lidar_dropout,lidar_dropout_001
24.200000000000003,0.6678302884101868,1.4005198073975833,0.9,0.20067275400000284,4.983237535076564,0.21999999999999997,0.0,0.17948717948717968,-0.49220696888633947,1.8696030962072818,0.28782586409658,0.2196918411175484,-4.756112240657251e-05,0.17729228070481753,0.17774343878798451,-0.06370859635704419,0.024917755521830696,5.892808137387483,7.4398548477315005,-0.6083371648233838,1.763269634652759,0.2214819483884192,0.11640080843860773,0.04656931313149126,0.09115459390443599,0.2220898823813698,0.04877861615541815,0.01708206278752922,-0.07349462568918354,-0.007924683959389391,0.0,0.0,-0.49220696888633947,1.8696030962072818,0.28782586409658,0.11534100700000138,0.02680010800000332,0.018602899000001116,0.003995396000004092,0.018537365000003803,0.6944776160000039,0.08710639200000259,0.018543809000004075,0.00030815888245158685,0.002194898782362148,1.5470467103440173,43.8416371876939,0.00045115808316698036,1,lidar_dropout,lidar_dropout_001
24.400000000000002,0.6608132123947144,1.3834435825022111,0.8944444444444445,0.2006745059999986,4.983194028642617,0.20842105263157892,0.0,0.12820512820512842,-0.44947062016154044,1.8831113485009285,0.3241597129917712,0.21971548211329803,-2.127897735795803e-05,0.17830788060463734,0.16633722533367706,-0.130485435687944,0.04006699974659897,5.888469090863388,7.444620437559805,-0.6083371648233838,1.763269634652759,0.2214819483884192,0.11640080843860773,0.04656931313149126,0.09115459390443599,0.2220898823813698,0.04877861615541815,0.01708206278752922,-0.07349462568918354,-0.007924683959389391,0.0,0.0,-0.44947062016154044,1.8831113485009285,0.3241597129917712,0.11466650100000209,0.026863241000000926,0.014816693000003767,0.0038379100000014432,0.014774551000002134,0.8944776160000032,0.08251764400000283,0.014778345000003412,0.011294429481719104,0.050102752399508926,1.5561513466964172,43.83741733978078,0.011970655270960279,1,lidar_dropout,lidar_dropout_001
24.6,0.6493071913719177,1.3893120883049979,0.8972222222222223,0.19964286300000111,5.0089443968753065,0.21999999999999997,0.0,0.17948717948717968,-0.4104913529250229,1.8968388196674708,0.35178183226278287,0.19662885350999867,-5.317852776798304e-05,0.12644065194931636,0.13180424358827275,1.4048669815097594,0.2508519288735803,5.412763095140692,6.516018755976053,-0.6083371648233838,1.763269634652759,0.2214819483884192,0.11640080843860773,0.04656931313149126,0.09115459390443599,0.2220898823813698,0.04877861615541815,0.01708206278752922,-0.07349462568918354,-0.007924683959389391,0.0,0.0,-0.4104913529250229,1.8968388196674708,0.35178183226278287,0.11502363800000026,0.02692159100000069,0.010764092000002279,0.0036787060000023075,0.010761031000001253,1.0944776160000025,0.11258904299999983,0.010774646000001553,0.0233711464900013,0.05304652753786332,1.1032556608353614,35.26966584959174,0.005363591638956389,1,lidar_dropout,lidar_dropout_001
24.8,0.642264723777771,1.3817876795804278,0.8944444444444445,0.1998742629999981,5.003145402467397,0.19684210526315787,0.0,0.17948717948717968,-0.36977057925115697,1.9125309734987612,0.3854138719068367,0.20815634429012755,-1.1514361955497487e-05,0.1772767556599993,0.1774277780176583,-1.987404600923315,0.10773107647093176,5.5422405864954545,7.0891626200151014,-0.6083371648233838,1.763269634652759,0.2214819483884192,0.11640080843860773,0.04656931313149126,0.09115459390443599,0.2220898823813698,0.04877861615541815,0.01708206278752922,-0.07349462568918354,-0.007924683959389391,0.0,0.0,-0.36977057925115697,1.9125309734987612,0.3854138719068367,0.11514937500000144,0.026759829999999596,0.0068390700000016125,0.0039465500000019915,0.006835921000000411,1.2944776160000018,0.10830667700000163,0.00684953200000038,0.01131423902696968,0.002210423827180369,1.546922033519647,39.289844796914146,0.00015102235765898642,1,lidar_dropout,lidar_dropout_001
25.0,0.6250523328781128,1.3889392564540308,0.8972222222222223,0.1998969670000008,5.002577152658829,0.18526315789473682,0.0,0.17948717948717968,-0.33287890025437555,1.928291372736553,0.4216987128495256,0.19655790995451766,-2.3271985201314682e-05,0.17831355579921573,0.17848351375455565,-0.0882172248010456,0.02595657457650543,5.186539481852438,6.742739698234708,-0.3433395599846637,1.8491017766864442,0.40708437846650675,0.1325762285008371,0.0408860292124027,0.09931757210786209,0.27855140849823246,0.18560243007808755,0.02054841281161694,-0.06829754659472027,0.005515040671604501,0.006247016376127089,0.013439724630993893,-0.33287890025437555,1.928291372736553,0.4216987128495256,0.11525240799999992,0.026931571999998738,0.002818234999999447,0.0036827750000014703,0.0028095760000006464,0.09891516600000116,0.09887055900000163,0.002844132999999971,0.011294752059780838,0.0011736236879639483,1.55620021638227,34.9714856607481,0.00016995795533991664,1,lidar_dropout,lidar_dropout_001
25.200000000000003,0.6115922927856445,1.3836938572741884,0.8972222222222223,0.19989640300000033,5.002591267237552,0.16210526315789472,0.0,0.12820512820512842,-0.30505721184373663,1.9412736306606166,0.45034212685545455,0.1734875516157127,1.2143011865653475e-05,0.13927430699922227,0.13401575600778057,-0.04910483985475818,-0.0013549398754618283,4.654077460355875,5.8721110059077395,-0.3433395599846637,1.8491017766864442,0.40708437846650675,0.1325762285008371,0.0408860292124027,0.09931757210786209,0.27855140849823246,0.18560243007808755,0.02054841281161694,-0.06829754659472027,0.005515040671604501,0.0,0.0,-0.30505721184373663,1.9412736306606166,0.45034212685545455,0.11535600500000243,0.026956033000001156,0.032519281000002564,0.003438754000001154,0.032514687000002596,0.298915166000004,0.10063708000000204,0.03254501400000365,0.011382288457817968,0.011069178794093859,1.2180335455518643,27.329259477302877,0.005258550991441707,1,lidar_dropout,lidar_dropout_001
25.400000000000002,0.6066455841064453,1.3671476153941169,0.8916666666666667,0.20142827100000105,4.964546411660331,0.13894736842105262,0.0,0.12820512820512842,-0.275828179337285,1.9558828475400352,0.47656529756641786,0.15034281948400174,-3.250354626224e-05,0.1260067936655994,0.12657329564535055,-0.08017372021396693,0.04044840027683254,4.011772829903509,5.1112043632999775,-0.3433395599846637,1.8491017766864442,0.40708437846650675,0.1325762285008371,0.0408860292124027,0.09931757210786209,0.27855140849823246,0.18560243007808755,0.02054841281161694,-0.06829754659472027,0.005515040671604501,0.0,0.0,-0.275828179337285,1.9558828475400352,0.47656529756641786,0.11392773400000067,0.026682460000003516,0.027827502000000948,0.0027741860000034535,0.027776278000001042,0.4989151660000033,0.0947414980000012,0.027782662000003455,0.011395451062949119,0.002198334539529029,1.0994315333964684,20.504990792771114,0.0005665019797511661,1,lidar_dropout,lidar_dropout_001
25.6,0.5925665497779846,1.369795035943389,0.8888888888888888,0.1998680180000001,5.003301728843879,0.12736842105263158,0.0,0.07692307692307715,-0.2504652396712027,1.969375254602102,0.4993023316110284,0.13885000604561698,-2.9516807844243154e-05,0.08237926095733338,0.09433923213235099,-0.10771205697102355,0.006710029120491248,3.8503168710097895,4.570464780600134,-0.3433395599846637,1.8491017766864442,0.40708437846650675,0.1325762285008371,0.0408860292124027,0.09931757210786209,0.27855140849823246,0.18560243007808755,0.02054841281161694,-0.06829754659472027,0.005515040671604501,0.0,0.0,-0.2504652396712027,1.969375254602102,0.4993023316110284,0.11405971599999987,0.026796744000002093,0.02339985500000097,0.001936438000001317,0.02339470800000143,0.6989151660000026,0.09077084000000113,0.023407440999999807,0.011481584992985405,0.005456184034256226,0.7201479095903447,17.597737653100754,0.011959971175017611,1,lidar_dropout,lidar_dropout_001
25.8,0.5794413685798645,1.3649466667219856,0.8916666666666667,0.20161232399999918,4.96001424992256,0.11578947368421051,0.0,0.07692307692307715,-0.2277804380030239,1.9820352216534685,0.5195736589866936,0.1272138008946986,-3.859337060262147e-05,0.12195154734748291,0.10764712320975506,-0.11736573366849151,0.037631169491954025,3.3281307695999067,4.391327100394401,-0.3433395599846637,1.8491017766864442,0.40708437846650675,0.1325762285008371,0.0408860292124027,0.09931757210786209,0.27855140849823246,0.18560243007808755,0.02054841281161694,-0.06829754659472027,0.005515040671604501,0.0,0.0,-0.2277804380030239,1.9820352216534685,0.5195736589866936,0.11244739199999998,0.02688610299999894,0.018391824000001833,0.0013929049999994447,0.018379629000001785,0.8989151660000019,0.08571087800000043,0.018420004999999406,0.011424327210488097,0.04502847042440576,1.063196330794494,14.614910842200544,0.014304424137727853,1,lidar_dropout,lidar_dropout_001
26.0,0.5733752250671387,1.34515533311886,0.8805555555555555,0.19985540599999752,5.003617465318964,0.10421052631578946,0.0,0.07692307692307715,-0.2073899991050102,1.9939581267143969,0.537202036126961,0.11570155593448109,-3.127531264170147e-05,0.07708255594818636,0.0754915078221163,-0.07231993394579678,-0.0032166748661539134,3.1724984716056674,3.8453387197528333,-0.3433395599846637,1.8491017766864442,0.40708437846650675,0.1325762285008371,0.0408860292124027,0.09931757210786209,0.27855140849823246,0.18560243007808755,0.02054841281161694,-0.06829754659472027,0.005515040671604501,0.0,0.0,-0.2073899991050102,1.9939581267143969,0.537202036126961,0.11259198600000175,0.026979038000000344,0.01431587900000153,0.0009817189999985487,0.014312379999999791,1.0989151660000012,0.08197891300000038,0.014325484000000444,0.011491029618691626,0.00015947902510921041,0.6728402481471658,12.199331211221958,0.0015910481260700549,1,lidar_dropout,lidar_dropout_001
26.200000000000003,0.5579057335853577,1.3475780055115494,0.8777777777777778,0.2007046650000035,4.982445226173406,0.09263157894736841,0.0,0.02564102564102587,-0.18920887539596135,2.0049821106541303,0.5526734098556502,0.10411740163728428,-3.6136995209261336e-05,0.07640330598219014,0.06775197894019389,-0.26192804932038655,-0.05742654387594021,2.824689507725033,3.4914702361315433,-0.3433395599846637,1.8491017766864442,0.40708437846650675,0.1325762285008371,0.0408860292124027,0.09931757210786209,0.27855140849823246,0.18560243007808755,0.02054841281161694,-0.06829754659472027,0.005515040671604501,0.0,0.0,-0.18920887539596135,2.0049821106541303,0.5526734098556502,0.1118873210000011,0.027128497000003193,0.00985493100000312,0.0009742200000033563,0.009851077000003983,1.298915166000004,0.11129405200000164,0.009872991000001718,0.011485822689915867,0.05076228034116427,0.6667807284065104,9.862319342535013,0.008651327041996254,1,lidar_dropout,lidar_dropout_001
26.400000000000002,0.5510483384132385,1.344038288615927,0.8777777777777778,0.20007058399999877,4.9982360225429545,0.08105263157894736,0.0,0.02564102564102587,-0.17314772013793447,2.0149744269942356,0.557180389503202,0.0926535711384083,-9.787354397824272e-05,-0.01826974781613409,-0.009441761432321758,-1.9380417406113475,0.008741466071422373,2.8853951464937966,2.727317198852564,-0.3433395599846637,1.8491017766864442,0.40708437846650675,0.1325762285008371,0.0408860292124027,0.09931757210786209,0.27855140849823246,0.18560243007808755,0.02054841281161694,-0.06829754659472027,0.005515040671604501,0.0,0.0,-0.17314772013793447,2.0149744269942356,0.557180389503202,0.11181673700000161,0.026972726000003888,0.005887014000002466,0.0007704520000011428,0.005875124000002785,1.4989151660000033,0.10743645200000174,0.005915162000000862,0.01160093955946094,0.04391077345715996,0.15807794764123262,7.869387808518245,0.008827986383812332,1,lidar_dropout,lidar_dropout_001
26.6,0.5405486822128296,1.3605372416523267,0.8833333333333333,0.19997142300000093,5.000714527095181,0.08105263157894736,0.0,0.07692307692307715,-0.1591125358663837,2.02375628034925,0.5615738693315209,0.0810433040827662,-4.532843684953991e-05,0.025486372524389365,0.026533118758075243,-0.07069168464961745,0.01974978351724006,2.345158355545778,2.567556762580958,-0.3433395599846637,1.8491017766864442,0.40708437846650675,0.1325762285008371,0.0408860292124027,0.09931757210786209,0.27855140849823246,0.18560243007808755,0.02054841281161694,-0.06829754659472027,0.005515040671604501,0.0,0.0,-0.1591125358663837,2.02375628034925,0.5615738693315209,0.11184531399999997,0.027167745999999937,0.001359933999999896,0.000574112000002458,0.0013574190000014141,1.6989151660000026,0.1032278170000005,0.001364199000001065,9.327496181169015e-06,0.051436704398687784,0.22239840703518032,6.021327195104801,0.0010467462336858774,1,lidar_dropout,lidar_dropout_001
26.8,0.5351115465164185,1.3522061024662815,0.8777777777777778,0.20069909799999763,4.9825834294482565,0.06947368421052631,0.0,0.02564102564102587,-0.14813497409061527,2.0307302323437066,0.5704538757780035,0.06944185016464029,-3.15248348370864e-05,0.0354837596968114,0.031007239363551268,-0.045468356941700205,0.004277681546336179,1.9496263669234366,2.2612979161425164,-0.3433395599846637,1.8491017766864442,0.40708437846650675,0.1325762285008371,0.0408860292124027,0.09931757210786209,0.27855140849823246,0.18560243007808755,0.02054841281161694,-0.06829754659472027,0.005515040671604501,0.0,0.0,-0.14813497409061527,2.0307302323437066,0.5704538757780035,0.11114621600000163,0.027124074999999692,0.031301290000001813,0.00013629000000037195,0.031240057000001542,1.8989151660000019,0.09874608300000176,0.031244883999999473,3.1834045886025564e-05,0.009842734055785528,0.3116715492190798,4.408686040780473,0.004476520333260129,1,lidar_dropout,lidar_dropout_001
27.0,0.522767186164856,1.3346500345800496,0.8777777777777778,0.19991535000000127,5.002117146082048,0.05789473684210526,0.0,0.0,-0.13621938605346684,2.0384187574568537,0.572854081599026,0.06957297736996595,-6.697788043275033e-05,-0.05178449126482417,-0.04452446764245197,-0.12039263427046994,0.0065959349963163535,2.3286204491289615,1.8814729098420402,-0.3433395599846637,1.8491017766864442,0.40708437846650675,0.1325762285008371,0.0408860292124027,0.09931757210786209,0.27855140849823246,0.18560243007808755,0.02054841281161694,-0.06829754659472027,0.005515040671604501,0.0,0.0,-0.13621938605346684,2.0384187574568537,0.572854081599026,0.11123086599999965,0.027007269999998584,0.026998076999998233,0.004664600000001684,0.026966917999999396,2.098915166000001,0.09511600100000095,0.027031329999999798,0.011678240527860692,0.05178449126482417,0.4471475392869213,4.381236292340346,0.0072600236223722,1,lidar_dropout,lidar_dropout_001
27.200000000000003,0.5138988494873047,1.3533090109345298,0.8833333333333333,0.20047689300000116,4.988106035741457,0.05789473684210526,0.0,0.02564102564102587,-0.12624848253532248,2.044812189520358,0.5693092846787221,0.05792808434866244,-5.608773429197078e-05,-0.001205826597319698,0.006648980103126875,-0.08102704950780001,0.015765813218078635,1.7599462040733111,1.7491457439578888,-0.3433395599846637,1.8491017766864442,0.40708437846650675,0.1325762285008371,0.0408860292124027,0.09931757210786209,0.27855140849823246,0.18560243007808755,0.02054841281161694,-0.06829754659472027,0.005515040671604501,0.0,0.0,-0.12624848253532248,2.044812189520358,0.5693092846787221,0.11075397300000134,0.026950937000002284,0.022793217000003807,0.004711637000003321,0.02279087700000204,2.298915166000004,0.09032321800000176,0.022799844000001457,3.334750655717422e-05,0.026846852238345566,0.01080046011542235,3.078402412449674,0.007854806700446573,1,lidar_dropout,lidar_dropout_001
27.400000000000002,0.50296950340271,1.3409110818859897,0.8777777777777778,0.20023258199999816,4.9941922039441575,0.04631578947368421,0.0,0.02564102564102587,-0.11728759086744413,2.050569255640281,0.5747469831881248,0.046251020385006655,-6.016042763490673e-05,0.06285713991886951,0.054091388980154746,-0.03795628407834553,-0.009318968614780475,1.1308379780013431,1.6766994759737461,-0.3433395599846637,1.8491017766864442,0.40708437846650675,0.1325762285008371,0.0408860292124027,0.09931757210786209,0.27855140849823246,0.18560243007808755,0.02054841281161694,-0.06829754659472027,0.005515040671604501,0.0,0.0,-0.11728759086744413,2.050569255640281,0.5747469831881248,0.11052139100000247,0.027321460000003128,0.01855134200000208,0.004549773000000812,0.018543895000000532,2.4989151660000033,0.0863153830000023,0.018567921000002485,6.47690886775576e-05,0.037216114277843645,0.545861497972403,1.8960754451260626,0.008765750938714768,1,lidar_dropout,lidar_dropout_001
27.6,0.501103937625885,1.3465128802350643,0.8805555555555555,0.20003460899999936,4.999134924696972,0.04631578947368421,0.0,0.0,-0.10937410890813484,2.0557339080562915,0.5787838675837231,0.04635345210113517,-6.124179572851093e-05,-0.018315109154294518,-0.015326842440550754,-0.05873872365579184,0.013231065123683546,1.482857155985741,1.3243919340431038,-0.3433395599846637,1.8491017766864442,0.40708437846650675,0.1325762285008371,0.0408860292124027,0.09931757210786209,0.27855140849823246,0.18560243007808755,0.02054841281161694,-0.06829754659472027,0.005515040671604501,0.0,0.0,-0.10937410890813484,2.0557339080562915,0.5787838675837231,0.11048678200000239,0.027122230999999886,0.013886594000002361,0.0037921629999999595,0.013843837999999664,2.6989151660000026,0.08219212600000247,0.013850527000002444,3.766262745096005e-05,0.018315109154294518,0.15846522194263724,1.9638840567256122,0.0029882667137437636,1,lidar_dropout,lidar_dropout_001
27.8,0.5037480592727661,1.347400262295825,0.8833333333333333,0.20056857900000225,4.985825820703395,0.03473684210526316,0.0,0.07692307692307716,-0.1014405382253342,2.0609016133798783,0.5741206725539771,0.04643678035736373,-3.2289914871152375e-05,-0.06364354038753997,-0.048325332712330436,-1.331959913013435,-0.0834691099885985,1.6801990206809483,1.1272305029180651,-0.3433395599846637,1.8491017766864442,0.40708437846650675,0.1325762285008371,0.0408860292124027,0.09931757210786209,0.27855140849823246,0.18560243007808755,0.02054841281161694,-0.06829754659472027,0.005515040671604501,0.0,0.0,-0.1014405382253342,2.0609016133798783,0.5741206725539771,0.10991820299999944,0.027373263000001202,0.009936886000001977,0.003629401000001309,0.009925137999999833,2.898915166000002,0.07723059699999979,0.009962051000002248,0.01169993825210057,0.14056661731061715,0.5529685177628831,1.8939715870846259,0.015318207675209534,1,lidar_dropout,lidar_dropout_001
28.0,0.4966561794281006,1.3396828671610808,0.8777777777777778,0.20017819099999912,4.995549190471026,0.03473684210526316,0.0,0.0,-0.09548289112627667,2.0647752154412617,0.5803290192573433,0.03470973758236706,-3.808256576574506e-05,0.029964525883983493,0.02882069494786988,-0.050791332793829164,0.012532582343143323,0.9216605356515187,1.1840374919018666,-0.09350774454363603,1.9917329095537726,0.5984594816814147,0.14197745182023322,0.04343522778068243,0.09854637453704719,0.28767964138878027,0.19137510321490797,0.05127556756061809,-0.06828243999713922,0.022394485646797895,0.03072715846247997,0.016879444975193395,-0.09548289112627667,2.0647752154412617,0.5803290192573433,0.10974001199999961,0.027264089999999186,0.005676903000001232,0.0039145570000016505,0.005669318999999007,0.10425134300000138,0.10428127300000156,0.005693158999999781,2.7104522896101435e-05,0.029964525883983493,0.26237695625034785,1.091280629017755,0.0011438309361136122,1,lidar_dropout,lidar_dropout_001
28.200000000000003,0.49377432465553284,1.3433557344535925,0.8805555555555555,0.19989942799999838,5.0025155649770445,0.05789473684210526,0.0,0.0,-0.08761259052829654,2.069958439107533,0.5841476812039342,0.05790608449249131,-3.173315259610496e-05,0.011312150231004809,0.011697274668391659,-0.024558314895502698,0.029502196055682488,1.7041075940375265,1.8050395956788874,-0.09350774454363603,1.9917329095537726,0.5984594816814147,0.14197745182023322,0.04343522778068243,0.09854637453704719,0.28767964138878027,0.19137510321490797,0.05127556756061809,-0.06828243999713922,0.022394485646797895,0.0,0.0,-0.08761259052829654,2.069958439107533,0.5841476812039342,0.10984058400000407,0.02738993300000203,0.0017165410000039572,0.00360368400000155,0.0017135980000020368,0.3042513430000042,0.10331952600000349,0.0017251400000013462,1.134765038604546e-05,0.011312150231004809,0.10093200164136085,3.0759816825348185,0.00038512443738684954,1,lidar_dropout,lidar_dropout_001
28.400000000000002,0.4829229712486267,1.3336453286907342,0.8777777777777778,0.19993009300000253,5.001748286087114,0.05789473684210526,0.0,0.0,-0.07939964647770902,2.0753934488893973,0.5846922661194164,0.057895758702142926,-5.327770669823553e-05,0.00044803250479325365,0.0002735905659408769,-0.054283687921955356,0.02383947839432291,1.751886928236289,1.7558446394412979,-0.09350774454363603,1.9917329095537726,0.5984594816814147,0.14197745182023322,0.04343522778068243,0.09854637453704719,0.28767964138878027,0.19137510321490797,0.05127556756061809,-0.06828243999713922,0.022394485646797895,0.0,0.0,-0.07939964647770902,2.0753934488893973,0.5846922661194164,0.10991049100000083,0.02732245900000052,0.03153685000000195,0.0037951320000004785,0.03152621700000324,0.5042513430000035,0.09938054600000257,0.031566798000003615,1.0218600376629694e-06,0.00044803250479325365,0.003957711205008874,3.0760412718509698,0.00017444193885237676,1,lidar_dropout,lidar_dropout_001
28.6,0.4748218357563019,1.3347133855902433,0.8805555555555555,0.20020449299999754,4.994892896834299,0.023157894736842106,0.0,-0.12820512820512797,-0.07018359816236164,2.0814925038808596,0.5842331757298579,0.04638340020932838,-9.619958461538208e-06,-0.03322057100550104,-0.04963931998450098,-0.059414225537515956,-0.012305254559901528,1.5445873034421478,1.2619465262014946,-0.09350774454363603,1.9917329095537726,0.5984594816814147,0.14197745182023322,0.04343522778068243,0.09854637453704719,0.28767964138878027,0.19137510321490797,0.05127556756061809,-0.06828243999713922,0.022394485646797895,0.0,0.0,-0.07018359816236164,2.0814925038808596,0.5842331757298579,0.10970599800000258,0.02751392200000069,0.027811432000000025,0.0037779300000018168,0.027764793000002896,0.7042513430000028,0.09543954300000124,0.027774157999999716,0.023225505472486273,0.09498455719962692,0.2826407772406532,1.9491865819937522,0.01641874897899994,1,lidar_dropout,lidar_dropout_001
28.8,0.4746939539909363,1.329241510527798,0.8777777777777778,0.19991683800000004,5.002079914849393,0.023157894736842106,0.0,-0.17948717948717924,-0.06549950908226651,2.084531492109372,0.5609324108952514,0.023433927435349507,-6.737613478996311e-05,-0.16988420836228169,-0.17256470940916532,-0.0703575447918053,-0.0010627983616762508,1.4425284144858548,-0.038531563928788676,-0.09350774454363603,1.9917329095537726,0.5984594816814147,0.14197745182023322,0.04343522778068243,0.09854637453704719,0.28767964138878027,0.19137510321490797,0.05127556756061809,-0.06828243999713922,0.022394485646797895,0.0,0.0,-0.06549950908226651,2.084531492109372,0.5609324108952514,0.10978916000000183,0.02713422200000082,0.02382482200000169,0.003882334000000043,0.023821813000001413,0.9042513430000021,0.09081770999999961,0.023842073000000852,0.0002760326985074002,0.009602971124897552,1.4810599784146434,-0.05558287582185588,0.0026805010468836377,1,lidar_dropout,lidar_dropout_001
29.0,0.47095441818237305,1.33988403916735,0.8805555555555555,0.20050408400000208,4.987429582731041,0.03473684210526316,0.0,-0.12820512820512797,-0.06039755452218105,2.0875915478926252,0.5258678077951736,0.03503851044967864,-8.165194840046609e-05,-0.17400384251961812,-0.16147560273630282,-0.05793213500867789,-0.04501132629280957,1.8118171843446726,0.29400269389148925,-0.09350774454363603,1.9917329095537726,0.5984594816814147,0.14197745182023322,0.04343522778068243,0.09854637453704719,0.28767964138878027,0.19137510321490797,0.05127556756061809,-0.06828243999713922,0.022394485646797895,0.0,0.0,-0.06039755452218105,2.0875915478926252,0.5258678077951736,0.10928507599999904,0.02748607199999853,0.018979136999998758,0.0028947780000017076,0.018908362000001233,1.1042513430000014,0.08668190499999895,0.018918686999999323,0.00030166834441548024,0.045798714314490147,1.5178144904531834,0.5326791330362267,0.012528239783315298,1,lidar_dropout,lidar_dropout_001
29.200000000000003,0.47036442160606384,1.3255587207931507,0.8777777777777778,0.2002541459999989,4.993654413527126,0.011578947368421053,0.0,-0.0707692307692305,-0.0551775538483349,2.09051153856612,0.49121727305048046,0.02350978659920593,-8.368554777661227e-05,-0.2192535415530556,-0.1937122583780241,-0.15156286043602674,-0.04253984857726953,1.6579106664655952,-0.25362115484288195,-0.09350774454363603,1.9917329095537726,0.5984594816814147,0.14197745182023322,0.04343522778068243,0.09854637453704719,0.28767964138878027,0.19137510321490797,0.05127556756061809,-0.06828243999713922,0.022394485646797895,0.0,0.0,-0.0551775538483349,2.09051153856612,0.49121727305048046,0.10903093000000297,0.027372453000001684,0.014780900000001651,0.0026029770000022268,0.014536281000001594,1.3042513430000042,0.08235925300000346,0.014791064000004184,0.011930839230784876,0.1484843107838251,1.911531821308477,-0.4204812178553363,0.025541283175031487,1,lidar_dropout,lidar_dropout_001
29.400000000000002,0.46275630593299866,1.3225097574199303,0.8777777777777778,0.20005965100000012,4.998509169647604,0.011578947368421053,0.0,-0.07692307692307669,-0.053033094747861706,2.0916209610706695,0.47211664734330716,0.011719319255832502,-7.685350108330938e-05,-0.07335050986896859,-0.07424063413334528,-0.08554128017622256,-0.029425563874877193,0.6705257481547707,0.030925578094696995,-0.09350774454363603,1.9917329095537726,0.5984594816814147,0.14197745182023322,0.04343522778068243,0.09854637453704719,0.28767964138878027,0.19137510321490797,0.05127556756061809,-0.06828243999713922,0.022394485646797895,0.0,0.0,-0.053033094747861706,2.0916209610706695,0.47211664734330716,0.10897127900000214,0.027639293000003562,0.010966630000002198,0.0027758420000019157,0.01093910200000181,1.5042513430000035,0.0781633050000039,0.01094298600000343,0.0001403718874114484,0.0035725670541081056,0.6396001700600737,0.020736396389065492,0.0008901242643766932,1,lidar_dropout,lidar_dropout_001
29.6,0.46520400047302246,1.3252417675516206,0.8805555555555555,0.19993151599999948,5.00171268645811,0.011578947368421053,0.0,-0.12820512820512797,-0.05089066798979732,2.092690273585181,0.4567101553299003,0.011730920723642265,-7.890338598914512e-05,-0.07611797297241184,-0.08006181380190347,-0.05420760213171184,0.004836922146560737,0.6831603338544197,0.018831121783082327,-0.09350774454363603,1.9917329095537726,0.5984594816814147,0.14197745182023322,0.04343522778068243,0.09854637453704719,0.28767964138878027,0.19137510321490797,0.05127556756061809,-0.06828243999713922,0.022394485646797895,0.0,0.0,-0.05089066798979732,2.092690273585181,0.4567101553299003,0.10903976300000195,0.027586380000002464,0.0070018269999998495,0.002950288000000967,0.006995279000001631,1.7042513430000028,0.10795022300000312,0.0070150490000031596,0.0001519733552212115,0.052087155232716134,0.6643292120713373,0.012864675444183757,0.003943840829491632,1,lidar_dropout,lidar_dropout_001
29.8,0.460823118686676,1.3248140908754211,0.8805555555555555,0.19999466999999882,5.000133253551237,0.011578947368421053,0.0,-0.12820512820512797,-0.04871644888661262,2.0937216660984634,0.43315082714299225,0.011802296213616635,-7.815305487644461e-05,-0.12638730463061124,-0.12629795023430507,-0.042981423130837755,-0.0262565795173807,0.9026925327695294,-0.2002294508557864,-0.09350774454363603,1.9917329095537726,0.5984594816814147,0.14197745182023322,0.04343522778068243,0.09854637453704719,0.28767964138878027,0.19137510321490797,0.05127556756061809,-0.06828243999713922,0.022394485646797895,0.0,0.0,-0.04871644888661262,2.0937216660984634,0.43315082714299225,0.10904509300000242,0.027490234000001834,0.0024920630000018207,0.0025076249999997913,0.002485124999999755,1.904251343000002,0.10450949800000231,0.002528926000000098,0.00022334884519558187,0.001817823574516736,1.102921983625316,-0.18074563012806183,8.935439630616826e-05,1,lidar_dropout,lidar_dropout_001
30.0,0.46382272243499756,1.320669230884558,0.8805555555555555,0.20105535700000132,4.973754566509727,0.011578947368421053,0.0,-0.17948717948717924,-0.046880884511812944,2.0945398556486534,0.4115867002608421,0.01179215538620421,-8.80473431024648e-05,-0.12700153079633394,-0.1268455828883525,-0.05101507866303856,-0.014944876936383158,0.9045666356123738,-0.20385413111752965,-0.09350774454363603,1.9917329095537726,0.5984594816814147,0.14197745182023322,0.04343522778068243,0.09854637453704719,0.28767964138878027,0.19137510321490797,0.05127556756061809,-0.06828243999713922,0.022394485646797895,0.0,0.0,-0.046880884511812944,2.0945398556486534,0.4115867002608421,0.10798973600000039,0.02744783700000042,0.031686458999999445,0.0019623019999990277,0.03166422400000002,2.1042513430000014,0.09978840899999852,0.031727498999998716,0.00021320801778315635,0.052485648690845293,1.1084207667299035,-0.1843996455406675,0.0001559479079814574,1,lidar_dropout,lidar_dropout_001
30.200000000000003,0.4604440927505493,1.3211419444235544,0.875,0.20001177199999987,4.999705717321482,0.023157894736842106,0.0,-0.17948717948717924,-0.044643501195005174,2.0954669352944775,0.37930027723597054,0.011899669181880087,-0.00010274771578816597,-0.17667152088238602,-0.177043287098475,-0.05496771452948626,0.043964224752997126,1.121616504142517,-0.4200310146226792,-0.09350774454363603,1.9917329095537726,0.5984594816814147,0.14197745182023322,0.04343522778068243,0.09854637453704719,0.28767964138878027,0.19137510321490797,0.05127556756061809,-0.06828243999713922,0.022394485646797895,0.0,0.0,-0.044643501195005174,2.0954669352944775,0.37930027723597054,0.10797796400000337,0.027444709000004508,0.02800889900000314,0.0019937770000026944,0.027950141000001594,2.3042513430000042,0.09579728800000353,0.027963054000004206,0.01125822555496202,0.002815658604793214,1.5416475187651963,-0.4711137182525239,0.00037176621608897564,1,lidar_dropout,lidar_dropout_001
30.400000000000002,0.4486982226371765,1.3158808263130368,0.8805555555555555,0.20006970100000032,4.998258082067101,0.023157894736842106,0.0,-0.17948717948717924,-0.04056901822362379,2.0970204754280846,0.35741517490438784,0.023326510771180267,-7.800721428885896e-05,-0.07784246451291557,-0.12278042070066293,-0.0389496247162171,-0.0063667999353630225,1.0418787173835804,0.362101484076744,-0.06917425541042693,2.0259445048922724,0.3925550419061927,0.12255358026482271,0.03422973516627703,0.07543404655686635,0.0419827577584092,0.205904439775222,0.032406266445253455,-0.06832221379663697,0.02819357998651627,0.018869343034070566,0.005799094339718376,-0.04056901822362379,2.0970204754280846,0.35741517490438784,0.10790826300000234,0.0275235820000006,0.023743977000002303,0.001565380000002392,0.0237416190000026,0.08700045100000153,0.08677542400000249,0.023754575000001665,0.0001686160343381607,0.10164471497426367,0.6797772333068364,0.37726582979256895,0.04493795618774736,1,lidar_dropout,lidar_dropout_001
30.6,0.4404931366443634,1.3153762471260904,0.8777777777777778,0.19986224100000172,5.003446348827798,0.023157894736842106,0.0,-0.17948717948717924,-0.036059499272338584,2.098618764648935,0.32491700976351506,0.0234875773352848,-9.27374146166976e-05,-0.17708869227488455,-0.17736848132131722,-0.04186538326716525,-0.0010301583849144811,1.4748253136676341,-0.0705470921233825,-0.06917425541042693,2.0259445048922724,0.3925550419061927,0.12255358026482271,0.03422973516627703,0.07543404655686635,0.0419827577584092,0.205904439775222,0.032406266445253455,-0.06832221379663697,0.02819357998651627,0.0,0.0,-0.036059499272338584,2.098618764648935,0.32491700976351506,0.10804602199999991,0.027715124000000202,0.019609393000003195,0.0014354850000017905,0.019550651000002972,0.2870004510000008,0.08721581200000017,0.019584147999999857,0.0003296825984426925,0.0023984872122946865,1.5453724057910168,-0.10404463726920708,0.0002797890464326658,1,lidar_dropout,lidar_dropout_001
30.8,0.43751657009124756,1.325860729007601,0.8833333333333333,0.2011380929999973,4.971708665846869,0.023157894736842106,0.0,-0.12820512820512797,-0.03148669510831394,2.1000583322288082,0.288665118915847,0.023486340746354094,-8.65550831349272e-05,-0.17786738336194288,-0.16884502993901404,-0.07363517350395332,0.019942091337049276,1.478349377171647,-0.07400263573781019,-0.06917425541042693,2.0259445048922724,0.3925550419061927,0.12255358026482271,0.03422973516627703,0.07543404655686635,0.0419827577584092,0.205904439775222,0.032406266445253455,-0.06832221379663697,0.02819357998651627,0.0,0.0,-0.03148669510831394,2.1000583322288082,0.288665118915847,0.1069079290000019,0.02757474000000215,0.014311207000002213,0.005287625000001128,0.014289368000000024,0.4870004510000001,0.0820445790000015,0.014328968000000941,0.000328446009511988,0.04966225515681491,1.552352012909457,-0.10940175045205194,0.009022353422928842,1,lidar_dropout,lidar_dropout_001
31.0,0.4429522454738617,1.309498016134141,0.875,0.20096034600000223,4.97610608214214,0.023157894736842106,0.0,-0.12820512820512797,-0.02688173301099388,2.101346047192064,0.2605705509756901,0.023401120281387414,-7.531196709215007e-05,-0.12745207426602667,-0.12759120328039886,-0.10827487420217174,-0.007350094030768777,1.2583588937748265,0.14589437532480756,-0.06917425541042693,2.0259445048922724,0.3925550419061927,0.12255358026482271,0.03422973516627703,0.07543404655686635,0.0419827577584092,0.205904439775222,0.032406266445253455,-0.06832221379663697,0.02819357998651627,0.0,0.0,-0.02688173301099388,2.101346047192064,0.2605705509756901,0.10594758299999896,0.027663047000000773,0.00960588599999923,0.00499691999999996,0.009602300000000952,0.6870004509999994,0.07737823900000151,0.009640760999999998,0.00024322554454530784,0.0007530539391013003,1.1124645184500188,0.18358748474169417,0.00013912901437218572,1,lidar_dropout,lidar_dropout_001
31.200000000000003,0.43578916788101196,1.3107233158772504,0.8777777777777778,0.20047330599999924,4.988195286209346,0.023157894736842106,0.0,-0.12820512820512797,-0.02224837706866302,2.102512190116751,0.2346431563466534,0.023411940033037648,-6.939296093473254e-05,-0.12701523698080813,-0.1269850290650999,-0.07023135909375076,-0.037067456580313886,1.2563890010753849,0.14784643679449191,-0.06917425541042693,2.0259445048922724,0.3925550419061927,0.12255358026482271,0.03422973516627703,0.07543404655686635,0.0419827577584092,0.205904439775222,0.032406266445253455,-0.06832221379663697,0.02819357998651627,0.0,0.0,-0.02224837706866302,2.102512190116751,0.2346431563466534,0.10547427700000256,0.027632250000003467,0.005835247000003818,0.004873264000003985,0.005827405000001562,0.8870004510000022,0.07304264400000449,0.0058551260000037075,0.00025404529619554167,0.001189891224319839,1.108542564280893,0.1857526370367867,3.0207915708235777e-05,1,lidar_dropout,lidar_dropout_001
31.400000000000002,0.4407178461551666,1.3022733586309831,0.8777777777777778,0.19936358200000015,5.015961240102514,0.011578947368421053,0.0,-0.12820512820512797,-0.018724233911457815,2.103308438012184,0.2066602530826816,0.011852717869113141,-8.655295013054818e-05,-0.1349099808659927,-0.13530286311514025,-0.05183787186092507,-0.006271762604462964,0.9410002427644637,-0.2384204217778099,-0.06917425541042693,2.0259445048922724,0.3925550419061927,0.12255358026482271,0.03422973516627703,0.07543404655686635,0.0419827577584092,0.205904439775222,0.032406266445253455,-0.06832221379663697,0.02819357998651627,0.0,0.0,-0.018724233911457815,2.103308438012184,0.2066602530826816,0.1061106950000017,0.027551169000002318,0.0018580240000005688,0.004815880000002437,0.001848823000003108,1.0870004510000015,0.10307751900000284,0.0018905410000016332,0.00027377050069208805,0.006704852660864735,1.1794206645422736,-0.22435367477292495,0.000392882249147547,1,lidar_dropout,lidar_dropout_001
31.6,0.4318433403968811,1.3167194402556315,0.8805555555555555,0.20025743400000096,4.993572423383769,0.13657894736842105,0.0,-0.23692307692307668,-0.01675070434415713,2.1036975404930907,0.18648961452620222,0.01176792366974944,1.607185242678659e-06,-0.08644421025163462,-0.08164612813335789,-0.0400199408811889,-0.03708917711247515,0.7291611884329637,-0.027823992864932263,-0.06917425541042693,2.0259445048922724,0.3925550419061927,0.12255358026482271,0.03422973516627703,0.07543404655686635,0.0419827577584092,0.205904439775222,0.032406266445253455,-0.06832221379663697,0.02819357998651627,0.0,0.0,-0.01675070434415713,2.1036975404930907,0.18648961452620222,0.10585326100000003,0.02768778400000116,0.03141161799999992,0.004242450000003117,0.03140382200000147,1.2870004510000008,0.09942018500000316,0.03143395200000043,0.12481102369867161,0.15047886667144206,0.756985181297896,-0.020288175704344314,0.004798082118276731,1,lidar_dropout,lidar_dropout_001
31.8,0.4304713010787964,1.3063553258588043,0.8777777777777778,0.2009148940000003,4.9772318024367,0.21999999999999997,0.0,-0.8769230769230768,0.0019643172922836727,2.1068570034137437,0.15347710669542136,0.1637783801413955,6.516845918673464e-05,-0.2657867760644947,-0.3842169844579892,-0.08371751986288681,-0.20578836330526232,6.099884996459278,3.794651448079746,-0.06917425541042693,2.0259445048922724,0.3925550419061927,0.12255358026482271,0.03422973516627703,0.07543404655686635,0.0419827577584092,0.205904439775222,0.032406266445253455,-0.06832221379663697,0.02819357998651627,0.0,0.0,0.0019643172922836727,2.1068570034137437,0.15347710669542136,0.10493836699999903,0.027798271000001762,0.02638987699999973,0.003482207000001125,0.026380048000000045,1.4870004510000001,0.09430844399999927,0.026420931000000536,0.056221619858604466,0.6111363008585822,2.305233548379532,23.146937434934117,0.1184302083934945,1,lidar_dropout,lidar_dropout_001
32.0,0.41870546340942383,1.2967066798999811,0.8722222222222222,0.20008641199999744,4.99784063297618,0.21999999999999997,0.0,-0.6410256410256407,0.0425347523568557,2.1106610746993524,0.023152995648246247,0.22134294987518033,0.0002894012107795595,-0.7496830792089705,-0.7462911623888628,-0.09154530462117465,-0.14951244477413994,9.937325153338245,3.3914028929205333,0.005041607583777487,2.031142143343299,0.102327005004981,0.12213107786767254,0.026352691082036195,0.06103581166660273,0.07439764623589991,0.29022803690121174,0.01355417085143628,-0.07858656006853987,0.015476040973206068,0.021465281565074983,0.012717539013310204,0.0425347523568557,2.1106610746993524,0.023152995648246247,0.10485195500000088,0.027911424999999213,0.022972506999998643,0.0038161199999997564,0.022965932000001743,0.08721352599999932,0.08722574900000168,0.022987231999998414,0.0013429498751803548,0.10865743818332974,6.545922260417711,33.70147327292331,0.0033919168201076433,1,lidar_dropout,lidar_dropout_001
32.2,0.40591394901275635,1.3004320530861333,0.8805555555555555,0.20009692400000034,4.997578073713909,0.21999999999999997,0.0,-0.6410256410256407,0.08643128728399607,2.108644585069948,-0.11072447760201627,0.2095950523445543,5.4293331945610285e-05,-0.5876304644001077,-0.596218466443445,-0.15183518663273238,-0.1169303902373025,8.880388686469345,3.7506727158403668,0.005041607583777487,2.031142143343299,0.102327005004981,0.12213107786767254,0.026352691082036195,0.06103581166660273,0.07439764623589991,0.29022803690121174,0.01355417085143628,-0.07858656006853987,0.015476040973206068,0.0,0.0,0.08643128728399607,2.108644585069948,-0.11072447760201627,0.10475503100000338,0.027766585000001953,0.018715405000001795,0.0036915100000030066,0.018706312000006164,0.28721352600000216,0.08649236700000529,0.01875809700000275,0.010404947655445668,0.05339517662553306,5.129715970628979,33.30743155239805,0.008588002043337317,1,lidar_dropout,lidar_dropout_001
32.4,0.40471509099006653,1.3004639200419659,0.8805555555555555,0.19987576700000176,5.003107755428857,0.21999999999999997,0.0,-0.5384615384615381,0.13084308478136025,2.1009422359619423,-0.2346308016480236,0.22107994456796837,0.000260401487658983,-0.5897407278092553,-0.5779267809238519,-0.10285464547173231,-0.08549032548050904,9.241029467920086,4.092830459556648,0.09637986335665023,2.029882035502243,-0.1740780864126761,0.12034022465558736,0.017978663799002703,0.0543605707244337,0.09134694761951168,0.27640509141765707,-0.00233615193723351,-0.0757882530911429,0.005887255819849018,0.0161348343737352,0.00958878515335705,0.13084308478136025,2.1009422359619423,-0.2346308016480236,0.10487926399999736,0.02796627299999699,0.014764411000001587,0.003803005999998277,0.014742468000001452,0.07763409300000035,0.07755631199999868,0.014745921999995915,0.0010799445679683939,0.05127918934771725,5.148199008363438,37.821966883963896,0.011813946885403492,1,lidar_dropout,lidar_dropout_001
32.6,0.4113805890083313,1.3031017277038321,0.8833333333333333,0.19994280399999553,5.001430309039891,0.21999999999999997,0.0,-0.48717948717948684,0.1740230657407164,2.0880994410061473,-0.34178851234618274,0.22076720128561603,0.00024645719999508153,-0.45009189122640547,-0.454639389307321,-0.051624822343640034,-0.12575469664923342,8.633193371979008,4.700776056031145,0.09637986335665023,2.029882035502243,-0.1740780864126761,0.12034022465558736,0.017978663799002703,0.0543605707244337,0.09134694761951168,0.27640509141765707,-0.00233615193723351,-0.0757882530911429,0.005887255819849018,0.0,0.0,0.1740230657407164,2.0880994410061473,-0.34178851234618274,0.10493646000000467,0.027934557999998333,0.010822810000000516,0.003590958000003752,0.010811424000003456,0.2776340930000032,0.07798884000000328,0.01084033300000442,0.0007672012856160537,0.037087595953081365,3.9324173159478626,40.5827086900857,0.004547498080915535,1,lidar_dropout,lidar_dropout_001
32.800000000000004,0.4200859069824219,1.3123156999079686,0.8833333333333333,0.2003815920000065,4.990478366894937,0.20842105263157892,0.0,-0.43589743589743557,0.2156961656754504,2.0710612720862565,-0.43594393944475557,0.22065817093999596,0.00039961024703612236,-0.4385961263810576,-0.4372041723217611,-1.9613176042875347,-0.2181002703387794,8.579649369208626,4.750504113103845,0.18221937206657046,2.0092400293586894,-0.37741180059993557,0.1136873717626791,0.019534005730049486,0.0506545956513006,0.088286542990373,0.20333371418725943,0.015275536932986465,-0.07309530424349509,0.01379676232432895,0.017816384547867107,0.007909506504479932,0.2156961656754504,2.0710612720862565,-0.43594393944475557,0.10455486800000102,0.02787968500000204,0.006718788000007692,0.0038548830000024736,0.006706016000002535,0.07201561900000542,0.07202704300000562,0.006737887000006992,0.012237118308417033,0.002698690483622035,3.8291452561047814,40.75765961741438,0.0013919540592964852,1,lidar_dropout,lidar_dropout_001
33.0,0.41758349537849426,1.3175667488724931,0.8833333333333333,0.1999163689999932,5.002091649633923,0.21999999999999997,0.0,-0.43589743589743557,0.25459043537077936,2.050850234352626,-0.5236527480715486,0.22063082092013522,0.0002854560021816055,-0.4314410888961986,-0.4315569592588459,-0.05042666693085794,-0.11713545112997911,8.548760128600264,4.78346701038476,0.18221937206657046,2.0092400293586894,-0.37741180059993557,0.1136873717626791,0.019534005730049486,0.0506545956513006,0.088286542990373,0.20333371418725943,0.015275536932986465,-0.07309530424349509,0.01379676232432895,0.0,0.0,0.25459043537077936,2.050850234352626,-0.5236527480715486,0.10463849900000355,0.028082486000002405,0.0027022740000006706,0.0027155180000022483,0.0026943689999967546,0.27201561900000115,0.10438505799999831,0.002734467000003349,0.0006308209201352499,0.004456347001236982,3.7652931182155047,40.89271205485194,0.00011587036264731898,1,lidar_dropout,lidar_dropout_001
33.2,0.44417497515678406,1.3226063032882713,0.8861111111111111,0.1998030600000007,5.004928352949132,0.21999999999999997,0.0,-0.43589743589743557,0.2863803139102213,2.030948879676275,-0.5972204029299174,0.22064565500978567,0.00021303882898628113,-0.4331063245824462,-0.4332013128094404,-0.054552043525988775,-0.12104787601855124,8.557123224888317,4.776894543651119,0.18221937206657046,2.0092400293586894,-0.37741180059993557,0.1136873717626791,0.019534005730049486,0.0506545956513006,0.088286542990373,0.20333371418725943,0.015275536932986465,-0.07309530424349509,0.01379676232432895,0.0,0.0,0.2863803139102213,2.030948879676275,-0.5972204029299174,0.10483543900000569,0.027925699000000748,0.03271032600000012,0.002533546000002218,0.03263612300000318,0.472015619000004,0.10021051900000089,0.032657405000001916,0.000645655009785695,0.0027911113149893807,3.7802286812371975,40.876475242319266,9.498822699421927e-05,1,lidar_dropout,lidar_dropout_001
33.4,0.47141215205192566,1.3261123510077595,0.8888888888888888,0.2009711080000045,4.975839611731541,0.21999999999999997,0.0,-0.33333333333333304,0.32189451641481204,2.0045152713497316,-0.683216746370344,0.20962986906963182,3.5105765726475835e-05,-0.384428708556067,-0.3827568813628792,-0.05132088570072618,-0.07120090591274171,7.995045002943206,4.638578966320665,0.28635686878652,1.9574776904278577,-0.6488686848387923,0.10387376819623712,0.01841468329971363,0.049097882556648174,0.11629255330711334,0.2714568842388568,-0.01598318108675751,-0.05814016242779587,0.0033614699385364115,0.03465203773179208,0.010435292385792539,0.32189451641481204,2.0045152713497316,-0.683216746370344,0.10386433099999692,0.027944648000001848,0.027929122999999834,0.0019158269999977051,0.027556660999998428,0.09235211800000087,0.09210172299999897,0.027575943999998742,0.010370130930368149,0.05109537522273394,3.3564660366225407,37.085647585439496,0.0016718271931877582,1,lidar_dropout,lidar_dropout_001
33.6,0.49451813101768494,1.3198775708113077,0.8833333333333333,0.20014110500000015,4.996474862072932,0.20842105263157892,0.0,-0.28205128205128177,0.355507630200186,1.975058018666506,-0.7536406878607357,0.2210358477728709,3.666627178075532e-05,-0.3309083595164958,-0.2998405335852369,-0.054310486855592234,-0.05455429786690773,8.111753550304124,5.223825854245255,0.28635686878652,1.9574776904278577,-0.6488686848387923,0.10387376819623712,0.01841468329971363,0.049097882556648174,0.11629255330711334,0.2714568842388568,-0.01598318108675751,-0.05814016242779587,0.0033614699385364115,0.0,0.0,0.355507630200186,1.975058018666506,-0.7536406878607357,0.10372322599999961,0.027807240000001343,0.02377389100000471,0.0019553999999999405,0.02376477700000379,0.2923521180000037,0.091453063000003,0.023795763999999053,0.01261479514129199,0.048857077465214005,2.8879276960588696,42.37438791934442,0.031067825931258897,1,lidar_dropout,lidar_dropout_001
33.800000000000004,0.5251787900924683,1.3341298157180952,0.8916666666666667,0.20021359500000102,4.994665821768971,0.20842105263157892,0.0,-0.33333333333333304,0.386580760947097,1.9440636126914388,-0.8153139671404991,0.22104226362050272,5.4591372971687924e-05,-0.3283633917431366,-0.32678251280497606,-0.0681276679352812,-0.06591781211801587,8.100001297182096,5.235279749977814,0.28635686878652,1.9574776904278577,-0.6488686848387923,0.10387376819623712,0.01841468329971363,0.049097882556648174,0.11629255330711334,0.2714568842388568,-0.01598318108675751,-0.05814016242779587,0.0033614699385364115,0.0,0.0,0.386580760947097,1.9440636126914388,-0.8153139671404991,0.10350963100000143,0.028044124000004444,0.019796640000002697,0.0017063800000016727,0.01978792600000645,0.49235211800000656,0.08730369900000312,0.01981356100000653,0.012621210988923798,0.004969941590196425,2.864721547204282,42.40577276593146,0.001580878938160557,1,lidar_dropout,lidar_dropout_001
34.0,0.5594736933708191,1.3467218532650833,0.8972222222222223,0.200369816999995,4.99077163902398,0.20842105263157892,0.0,-0.33333333333333304,0.4155872761381247,1.9111134860829015,-0.882354684662628,0.22099494096655356,0.0001014725674141348,-0.3303828934871032,-0.3298994065286474,-0.06385015435421011,-0.05096852997014205,8.10831577113808,5.225156800370747,0.39487128615645745,1.8744911006560927,-0.8547656780567694,0.08446326538257518,0.017224425711926727,0.04572767733422444,0.13660949036975503,0.20589699321797705,-0.011280323343042638,-0.05093817283648505,-0.001706923117804426,0.008601483885410023,0.005068393056340837,0.4155872761381247,1.9111134860829015,-0.882354684662628,0.10313981400000216,0.027936836000002074,0.014653271999996775,0.0006310870000021396,0.014551795999999229,0.07807078700000147,0.07788223899999736,0.01468517299999661,0.012573888334974637,0.0029504398462298354,2.883158970767334,42.36722129111552,0.00048348695845579215,1,lidar_dropout,lidar_dropout_001
34.2,0.585740327835083,1.3495959460550786,0.8972222222222223,0.20053955499999887,4.986547417042018,0.21999999999999997,0.0,-0.33333333333333304,0.44089357768453635,1.8782153439254898,-0.9496744645983053,0.19731809810596793,7.86971377040313e-05,-0.3306328784371808,-0.3309615278191035,0.2034769837855573,-0.08885013348815968,7.407327459590991,4.521792485769599,0.39487128615645745,1.8744911006560927,-0.8547656780567694,0.08446326538257518,0.017224425711926727,0.04572767733422444,0.13660949036975503,0.20589699321797705,-0.011280323343042638,-0.05093817283648505,-0.001706923117804426,0.0,0.0,0.44089357768453635,1.8782153439254898,-0.9496744645983053,0.10260025900000613,0.028106140000005553,0.010619811000005086,0.0007299020000033352,0.010335496000003275,0.2780707870000043,0.07828963400000077,0.010360004000006029,0.022681901894032047,0.0027004548961522268,2.8855349738213913,33.494397646413354,0.00032864938192267434,1,lidar_dropout,lidar_dropout_001
34.4,0.613248884677887,1.356055464142951,0.8916666666666667,0.19989785200000654,5.002555004943061,0.21999999999999997,0.0,-0.33333333333333304,0.4651674633725814,1.841795822189762,-1.0172439411413132,0.20895800991232544,-2.608503672180129e-05,-0.3310545148469802,-0.33143518874140265,1.1535484489722847,-0.027740299971478966,7.761303633601635,4.871963054476979,0.39487128615645745,1.8744911006560927,-0.8547656780567694,0.08446326538257518,0.017224425711926727,0.04572767733422444,0.13660949036975503,0.20589699321797705,-0.011280323343042638,-0.05093817283648505,-0.001706923117804426,0.0,0.0,0.4651674633725814,1.841795822189762,-1.0172439411413132,0.10270240699999533,0.028128771999995195,0.0066827779999982795,0.0006165339999952835,0.006624217999998905,0.47807078700000005,0.07409300900000204,0.00663265099999677,0.011041990087674536,0.0022788184863528627,2.8893405791246556,37.8127845574851,0.00038067389442247856,1,lidar_dropout,lidar_dropout_001
34.6,0.6497847437858582,1.3549324797238675,0.8861111111111111,0.19974668299999365,5.00634095636037,0.21999999999999997,0.0,-0.28205128205128177,0.4869483333953318,1.803818254982475,-1.0819196075759288,0.20887933411304488,6.335254833922388e-05,-0.2864483135604686,-0.2862269352227504,1.4257945474180584,-0.07870135661186126,7.5666042961477675,5.065252438530697,0.39487128615645745,1.8744911006560927,-0.8547656780567694,0.08446326538257518,0.017224425711926727,0.04572767733422444,0.13660949036975503,0.20589699321797705,-0.011280323343042638,-0.05093817283648505,-0.001706923117804426,0.0,0.0,0.4869483333953318,1.803818254982475,-1.0819196075759288,0.10295572400000452,0.028085091000001228,0.0023890080000015246,0.0002933630000043763,0.002373699999999701,0.6780707870000029,0.07003247300000481,0.002411911000002931,0.011120665886955095,0.004397031509186855,2.5013518576170704,38.32676086245933,0.00022137833771823656,1,lidar_dropout,lidar_dropout_001
34.800000000000004,0.6838679313659668,1.3607091183542077,0.8805555555555555,0.2015381520000048,4.961839681848309,0.19684210526315787,0.0,-0.28205128205128177,0.5033976145593688,1.7710437652402151,-1.1297267199309227,0.2089021348555317,-3.783528222471577e-05,-0.27971216993313935,-0.2794591094273774,-0.04909211960553566,-0.1024054320070159,7.537204909085008,5.095995363978874,0.4794431952544978,1.7418073338608655,-1.1011567165340888,0.06909493528658744,0.023573111238055056,0.054415967722132974,0.15734481173352186,0.24639103847731936,-0.0019197771922557058,-0.04689345421623275,0.00870720269660829,0.010197037459871753,0.010414125814412718,0.5033976145593688,1.7710437652402151,-1.1297267199309227,0.10141757200000256,0.028093871000002935,0.03175790400000267,0.004836529000002088,0.03175395000000236,0.09695663200000126,0.09693271600000486,0.03177867400000167,0.012060029592373817,0.002339112118142417,2.441209545106134,38.40956127405601,0.0002530605057619595,1,lidar_dropout,lidar_dropout_001
35.0,0.7015808820724487,1.3719245774512787,0.8805555555555555,0.19932620899999876,5.016901716121066,0.20842105263157892,0.0,-0.28205128205128177,0.5202882645874345,1.7323912125222833,-1.186857123775241,0.22041457930902386,2.1624065045980356e-05,-0.2802694930637767,-0.28006266856926965,-0.06575417538689331,-0.06359005670243628,7.888031099903069,5.441873383311745,0.4794431952544978,1.7418073338608655,-1.1011567165340888,0.06909493528658744,0.023573111238055056,0.054415967722132974,0.15734481173352186,0.24639103847731936,-0.0019197771922557058,-0.04689345421623275,0.00870720269660829,0.0,0.0,0.5202882645874345,1.7323912125222833,-1.186857123775241,0.10209136299999955,0.02810981900000087,0.02791478999999697,0.005015679000003104,0.027909450000002778,0.296956631999997,0.09519660800000196,0.02793077999999838,0.011993526677444938,0.001781788987505084,2.4461577165913235,42.92566648929778,0.00020682449450704077,1,lidar_dropout,lidar_dropout_001
35.2,0.6711651086807251,1.3812567965364009,0.8861111111111111,0.1998505270000024,5.003739619860938,0.20842105263157892,0.0,-0.28205128205128177,0.5356435366458281,1.6909783760646049,-1.2441421316569277,0.22051878435498656,-5.3166132497201035e-05,-0.2801795340675407,-0.2816821767283921,-0.044332222037896385,-0.0466588335237626,7.890214541190935,5.444811371120441,0.4794431952544978,1.7418073338608655,-1.1011567165340888,0.06909493528658744,0.023573111238055056,0.054415967722132974,0.15734481173352186,0.24639103847731936,-0.0019197771922557058,-0.04689345421623275,0.00870720269660829,0.0,0.0,0.5356435366458281,1.6909783760646049,-1.2441421316569277,0.102240836,0.027928460000005373,0.023275608000005832,0.0037854770000009808,0.02307984900000548,0.49695663199999984,0.09117067300000059,0.023284235000005538,0.01209773172340764,0.0018717479837410678,2.4454031700704943,42.960729854456254,0.001502642660851372,1,lidar_dropout,lidar_dropout_001
35.4,0.6602364182472229,1.4076593726223503,0.8916666666666667,0.20152514099999763,4.962160031437525,0.21999999999999997,0.0,-0.28205128205128177,0.5478223433222214,1.6513699030135192,-1.3015133918092723,0.19734322991330913,8.229185311500742e-06,-0.28029364496836884,-0.28198963631284013,-0.09242124567291947,-0.07830939972050367,7.188214353778634,4.741773557542633,0.4794431952544978,1.7418073338608655,-1.1011567165340888,0.06909493528658744,0.023573111238055056,0.054415967722132974,0.15734481173352186,0.24639103847731936,-0.0019197771922557058,-0.04689345421623275,0.00870720269660829,0.0,0.0,0.5478223433222214,1.6513699030135192,-1.3015133918092723,0.1007156949999981,0.028281894999999224,0.018891295999999613,0.0037704519999977038,0.018854751999995756,0.6969566319999956,0.08623033099999589,0.018860916999997812,0.02265677008669084,0.0017576370829129329,2.4464407962360015,34.084884748695934,0.0016959913444712926,1,lidar_dropout,lidar_dropout_001
35.6,0.6329672932624817,1.4289126940555985,0.8972222222222223,0.2004848629999998,4.987907740446225,0.21999999999999997,0.0,-0.17948717948717924,0.5582862082030319,1.608881938015667,-1.3557713496134838,0.20889663622835494,-6.006098385981373e-05,-0.2342038315188889,-0.22271197214946506,-0.08585989404724348,0.0018943544950502014,7.339206133851645,5.2938411555261595,0.5374781056255727,1.5934379155288634,-1.343330416581399,0.051806368112900514,0.022822875587315217,0.052936700384631136,0.1593158344859523,0.2421737000473103,-0.03149462653855601,-0.028071600910928994,-0.009084694034998673,0.03505615317890332,0.01779189673160696,0.5582862082030319,1.608881938015667,-1.3557713496134838,0.10023083200000116,0.028158582000003207,0.013971293000004437,0.002951690999999812,0.013924377999998683,0.07945100100000246,0.07941578599999843,0.013933419000004221,0.01110336377164503,0.05471665203170967,2.0453649783254857,38.85259148027387,0.011491859369423846,1,lidar_dropout,lidar_dropout_001
35.800000000000004,0.6087234616279602,1.4408141167982955,0.9055555555555556,0.20059652700000186,4.985131173282929,0.21999999999999997,0.0,-0.17948717948717924,0.5667703469406918,1.5659693936384198,-1.3944285763793958,0.20878569291324695,-4.5374306938940345e-05,-0.17810925390773089,-0.1779727374745771,0.5617821744463346,0.030678525704325693,7.093598466643849,5.53907341658982,0.5374781056255727,1.5934379155288634,-1.343330416581399,0.051806368112900514,0.022822875587315217,0.052936700384631136,0.1593158344859523,0.2421737000473103,-0.03149462653855601,-0.028071600910928994,-0.009084694034998673,0.0,0.0,0.5667703469406918,1.5659693936384198,-1.3944285763793958,0.09963430500000214,0.028307601000001625,0.009968090000000984,0.0026246840000041516,0.009955733000005296,0.2794510010000053,0.07719654200000292,0.009998502000001963,0.011214307086753028,0.0013779255794483525,1.5545250500540293,39.29196269454925,0.0001365164331537938,1,lidar_dropout,lidar_dropout_001
36.0,0.5674626231193542,1.4627132966248633,0.9083333333333333,0.19986156999999594,5.003463147017309,0.21999999999999997,0.0,-0.12820512820512797,0.5736740377782572,1.5227795406300513,-1.4306760058592964,0.20879187308563094,-3.5209685286460846e-05,-0.17787773526444012,-0.17492921960195082,1.86444664900549,-0.0662633882698104,7.092515442828596,5.540082371075396,0.5374781056255727,1.5934379155288634,-1.343330416581399,0.051806368112900514,0.022822875587315217,0.052936700384631136,0.1593158344859523,0.2421737000473103,-0.03149462653855601,-0.028071600910928994,-0.009084694034998673,0.0,0.0,0.5736740377782572,1.5227795406300513,-1.4306760058592964,0.09977273500000194,0.028350557999999637,0.005466943000001834,0.0027332310000005577,0.005454860999996924,0.47945100100000104,0.07324214500000181,0.005503603999997608,0.011208126914369038,0.049672607059312146,1.5524330717531996,39.29311977139471,0.0029485156624892983,1,lidar_dropout,lidar_dropout_001
36.2,0.5477434992790222,1.4729799926280975,0.9111111111111111,0.19971278100000234,5.007190801674272,0.20842105263157892,0.0,-0.12820512820512797,0.579300559554815,1.478219619649342,-1.458791223288766,0.22027042782398865,5.2547566146386726e-05,-0.12851181557754127,-0.12820364942040935,-0.05154227635150041,-0.041694495233646156,7.2269869389527965,6.105341766529102,0.5374781056255727,1.5934379155288634,-1.343330416581399,0.051806368112900514,0.022822875587315217,0.052936700384631136,0.1593158344859523,0.2421737000473103,-0.03149462653855601,-0.028071600910928994,-0.009084694034998673,0.0,0.0,0.579300559554815,1.478219619649342,-1.458791223288766,0.10005995400000245,0.02850390600000452,0.001626248000000885,0.0026274560000061342,0.0016177980000051662,0.6794510010000039,0.06904551700000638,0.0016461149999997815,0.011849375192409722,0.0003066873724132946,1.1216451724236949,44.12322520454881,0.0003081661571319172,1,lidar_dropout,lidar_dropout_001
36.4,0.5098748803138733,1.4744942022390686,0.9083333333333333,0.200121756999998,4.99695792696848,0.20842105263157892,0.0,-0.17948717948717924,0.5829497401712327,1.4421676319650993,-1.4823721911173071,0.22035352401888572,5.706198402001192e-05,-0.16954571732248377,-0.1745280955504045,-0.07729725766002811,-0.022192893427555614,7.405541121359315,5.928345097084251,0.5374781056255727,1.5934379155288634,-1.343330416581399,0.051806368112900514,0.022822875587315217,0.052936700384631136,0.1593158344859523,0.2421737000473103,-0.03149462653855601,-0.028071600910928994,-0.009084694034998673,0.0,0.0,0.5829497401712327,1.4421676319650993,-1.4823721911173071,0.09993819700000017,0.028283033999997542,0.03122882999999632,0.001865107000000421,0.03121841000000103,0.8794510009999996,0.099451344000002,0.03126254200000034,0.011932471387306798,0.009941462164695464,1.477196024275064,43.902603398066304,0.00498237822792072,1,lidar_dropout,lidar_dropout_001
36.6,0.47325360774993896,1.4866797512787815,0.9138888888888889,0.2014629740000018,4.963691243831192,0.20842105263157892,0.0,-0.12820512820512797,0.5860415825145463,1.398541070557848,-1.5169102334571052,0.22025041171977863,5.833441838510971e-05,-0.13828470337110907,-0.13018064709861904,-0.0630744217342286,-0.04358065431371841,7.270290470987037,6.06069808617553,0.5374781056255727,1.5934379155288634,-1.343330416581399,0.051806368112900514,0.022822875587315217,0.052936700384631136,0.1593158344859523,0.2421737000473103,-0.03149462653855601,-0.028071600910928994,-0.009084694034998673,0.0,0.0,0.5860415825145463,1.398541070557848,-1.5169102334571052,0.09847522300000122,0.028423095000000842,0.026806958000001657,0.0018798810000006938,0.02680435100000267,1.0794510010000025,0.09459523600000352,0.02681313000000074,0.011829359088199709,0.010079575165981097,1.2095923848115069,44.06303554345133,0.008104056272490029,1,lidar_dropout,lidar_dropout_001
36.800000000000004,0.4524487555027008,1.4952150571526903,0.9166666666666666,0.19963170399999797,5.009224386523346,0.21999999999999997,0.0,-0.12820512820512797,0.5878214411021028,1.3548542413295044,-1.5429086285809304,0.22025964943360757,3.0246314192267955e-05,-0.126786582353207,-0.12698502326610925,-0.0562050115194183,-0.011456090056534097,7.22016941609955,6.113810727018123,0.574637462688191,1.3405235210083744,-1.540304905099437,0.04049570940619868,0.03399514293776318,0.06899609555423875,0.2556296320323071,0.196974488518038,-0.022302617275693798,-0.02711249433286538,-0.007065729965560865,0.009241911042453806,0.0020189640694378078,0.5878214411021028,1.3548542413295044,-1.5429086285809304,0.0988435190000061,0.028329414000005215,0.02276880800000214,0.0018638430000024186,0.022760836000003337,0.08819094700000107,0.08817332100000641,0.022783770000003756,0.00025964943360759496,0.0014185458519209715,1.1063586890814268,44.142749227037605,0.00019844091290224797,1,lidar_dropout,lidar_dropout_001
37.0,0.42784154415130615,1.4867862364260258,0.9138888888888889,0.20001701300000008,4.999574711177192,0.21999999999999997,0.0,-0.12820512820512797,0.5885551224749428,1.3099529087711053,-1.562097712750928,0.220075813633115,5.29128042431673e-06,-0.03312834842649504,-0.059149439863397615,-0.07983987249901978,-0.0058761997140401555,6.811764956644711,6.520680102759719,0.574637462688191,1.3405235210083744,-1.540304905099437,0.04049570940619868,0.03399514293776318,0.06899609555423875,0.2556296320323071,0.196974488518038,-0.022302617275693798,-0.02711249433286538,-0.007065729965560865,0.0,0.0,0.5885551224749428,1.3099529087711053,-1.562097712750928,0.09882650600000176,0.02857117199999948,0.01869754900000231,0.001525592999996661,0.018689729000001876,0.2881909469999968,0.08649582099999975,0.018713986999998156,7.581363311501277e-05,0.09507677977863294,0.2910848538849917,44.41734021746909,0.026021091436902573,1,lidar_dropout,lidar_dropout_001
37.2,0.399559885263443,1.5006024951978427,0.9111111111111111,0.20023944300000096,4.9940210830490335,0.21999999999999997,0.0,-0.12820512820512797,0.588530317461307,1.266226863355533,-1.5836091726414336,0.20869350205557582,2.21049474612477e-05,-0.1258910805334962,-0.12550060695009874,-0.13939951814746548,-0.02016024358518217,6.865318607349954,5.766897078829833,0.574637462688191,1.3405235210083744,-1.540304905099437,0.04049570940619868,0.03399514293776318,0.06899609555423875,0.2556296320323071,0.196974488518038,-0.022302617275693798,-0.02711249433286538,-0.007065729965560865,0.0,0.0,0.588530317461307,1.266226863355533,-1.5836091726414336,0.09858706300000364,0.028445324999999855,0.0148022940000061,0.001633426000005045,0.014793772000004424,0.48819094699999965,0.08239211800000135,0.014817680000000166,0.011306497944424149,0.0023140476716317637,1.098421528520121,39.59158582196254,0.0003904735833974715,1,lidar_dropout,lidar_dropout_001
37.4,0.3895326852798462,1.5052924464268187,0.9055555555555556,0.20048313899999926,4.9879506325966085,0.21999999999999997,0.0,-0.02564102564102541,0.5873815159342644,1.2213347800261714,-1.6093771877859666,0.22026196218480215,2.5135943729845053e-05,-0.12682696595248705,-0.10791047538609481,-0.07327333865529455,-0.042523998434163865,7.22049496772024,6.113576389500665,0.574637462688191,1.3405235210083744,-1.540304905099437,0.04049570940619868,0.03399514293776318,0.06899609555423875,0.2556296320323071,0.196974488518038,-0.022302617275693798,-0.02711249433286538,-0.007065729965560865,0.0,0.0,0.5873815159342644,1.2213347800261714,-1.6093771877859666,0.09810392400000012,0.028416938999995978,0.009342128000000116,0.00027864399999799616,0.009332162999996285,0.6881909469999954,0.07797977899999609,0.0093597759999966,0.00026196218480217803,0.10118594031146164,1.1069185782195756,44.14304755516282,0.018916490566392233,1,lidar_dropout,lidar_dropout_001
37.6,0.374411016702652,1.5117134535829349,0.8972222222222223,0.20068617100000097,4.982904377601559,0.20842105263157892,0.0,-0.07692307692307669,0.5853608016376629,1.1764855645440047,-1.6218037865695227,0.22017317179745824,1.331783525928415e-05,-0.07234111839310016,-0.07224920126271563,-0.07134502056682239,-0.020030977240493818,6.981993314024002,6.35150798149792,0.574637462688191,1.3405235210083744,-1.540304905099437,0.04049570940619868,0.03399514293776318,0.06899609555423875,0.2556296320323071,0.196974488518038,-0.022302617275693798,-0.02711249433286538,-0.007065729965560865,0.0,0.0,0.5853608016376629,1.1764855645440047,-1.6218037865695227,0.097417753000002,0.028560771999998735,0.004995126000004291,0.004908665999998618,0.004928315000000794,0.8881909469999982,0.07250970300000148,0.004942146000004755,0.011752119165879316,0.004581958529976532,0.6304853325260815,44.346186260788556,9.191713038453342e-05,1,lidar_dropout,lidar_dropout_001
37.800000000000004,0.3600863516330719,1.5085845198482275,0.8888888888888888,0.20062644000000063,4.984387900218919,0.20842105263157892,0.0,-0.07692307692307669,0.5828650154331052,1.1328611684706482,-1.634247781303952,0.22016371142160152,5.139935171424165e-06,-0.07078398616905954,-0.07033400263749132,-0.07775895379499292,-0.02455422083868118,6.974839542354605,6.358322616515107,0.574637462688191,1.3405235210083744,-1.540304905099437,0.04049570940619868,0.03399514293776318,0.06899609555423875,0.2556296320323071,0.196974488518038,-0.022302617275693798,-0.02711249433286538,-0.007065729965560865,0.0,0.0,0.5828650154331052,1.1328611684706482,-1.634247781303952,0.09679131300000421,0.028616202000002033,0.0007415940000043975,0.0049306630000032214,0.0007307280000077299,1.088190947000001,0.06805025500000284,0.0007747970000053783,0.011742658790022592,0.006139090754017154,0.6165169258394982,44.34828000871716,0.000449983531568221,1,lidar_dropout,lidar_dropout_001
38.0,0.358470618724823,1.4974487089208248,0.8805555555555555,0.19980252700000278,5.004941704265763,0.20842105263157892,0.0,-0.07692307692307669,0.5803749151152117,1.0967353830549142,-1.6449872533864878,0.22015874394332097,1.466292142319331e-06,-0.0671691592223468,-0.07096869992151873,-0.022232281405122963,-0.04194061125459751,6.958935990982728,6.374772243779842,0.5633804019545604,1.072256407094049,-1.661028438944782,0.03746555272563329,0.034151300201394896,0.07361226174507197,0.2685031951844936,0.12072353384534495,-0.0404410370710656,-0.027188871816438552,-0.02025036674096071,0.01813858060028768,0.013184636775399843,0.5803749151152117,1.0967353830549142,-1.6449872533864878,0.09698878599999716,0.02853196200000241,0.030351561999999888,0.004441280999998298,0.030345361999998488,0.06047939799999824,0.060450234999997576,0.03037462000000346,0.011737691311742043,0.009753917700729892,0.5841637472028864,44.36163200155726,0.0037995406991719327,1,lidar_dropout,lidar_dropout_001
38.2,0.35264721512794495,1.5092523755535248,0.875,0.2012062109999988,4.970025502840993,0.20842105263157892,0.0,0.07692307692307715,0.5768567641401954,1.0531861572715555,-1.6551091106276608,0.21999711978654096,-1.714220605299882e-05,0.013449591901632,0.05380087144084015,-0.06765373280965137,0.014527904538152775,6.609999124946502,6.7237963030109995,0.5633804019545604,1.072256407094049,-1.661028438944782,0.03746555272563329,0.034151300201394896,0.07361226174507197,0.2685031951844936,0.12072353384534495,-0.0404410370710656,-0.027188871816438552,-0.02025036674096071,0.0,0.0,0.5768567641401954,1.0531861572715555,-1.6551091106276608,0.0957825750000012,0.02863543000000135,0.02569668600000341,0.0037394550000016125,0.025643412000000865,0.2604793980000011,0.0938665400000005,0.025649131000001546,0.011576067154962039,0.06347348502144515,0.1137971780644973,44.44428767922123,0.04035127953920815,1,lidar_dropout,lidar_dropout_001
38.400000000000006,0.3490004539489746,1.514272226589669,0.8638888888888889,0.1996281519999954,5.0093135160617175,0.21999999999999997,0.0,0.02564102564102587,0.5734865501521957,1.0096765720838963,-1.6397114662538985,0.21983732231185352,-3.483558734908819e-05,0.080748316397075,0.06187297659645921,-0.046782854228381965,-0.035726105013100154,6.3130662454566036,7.018716257764043,0.5633804019545604,1.072256407094049,-1.661028438944782,0.03746555272563329,0.034151300201394896,0.07361226174507197,0.2685031951844936,0.12072353384534495,-0.0404410370710656,-0.027188871816438552,-0.02025036674096071,0.0,0.0,0.5734865501521957,1.0096765720838963,-1.6397114662538985,0.09615442300000865,0.028646584000007635,0.02196131200000906,0.003924052000009226,0.021910267000002648,0.4604793980000039,0.08960213300000675,0.02191908600000403,0.00016267768814645645,0.05510729075604913,0.7056500123074398,44.30962069332767,0.018875339800615787,1,lidar_dropout,lidar_dropout_001
38.6,0.351932555437088,1.5338289865151862,0.8638888888888889,0.20021554800000274,4.994617101365106,0.21999999999999997,0.0,0.02564102564102587,0.5706968366170063,0.9660852242104632,-1.629785311915359,0.2083543251735715,-3.7450344898350835e-05,0.035090208488698746,0.051942836651781156,-0.04652298679736071,-0.011932413699658658,6.161172693939253,6.469769180719297,0.5633804019545604,1.072256407094049,-1.661028438944782,0.03746555272563329,0.034151300201394896,0.07361226174507197,0.2685031951844936,0.12072353384534495,-0.0404410370710656,-0.027188871816438552,-0.02025036674096071,0.0,0.0,0.5706968366170063,0.9660852242104632,-1.629785311915359,0.09593887500000164,0.028746378000001016,0.01780980699999901,0.0038402899999994133,0.017785375999999076,0.6604793979999997,0.085665505999998,0.01779002300000343,0.011645674826428476,0.009449182847672877,0.3085964867800435,39.86136521233747,0.01685262816308241,1,lidar_dropout,lidar_dropout_001
38.800000000000004,0.37725117802619934,1.5597905985360008,0.8583333333333333,0.20026042599999982,4.9934978166879604,0.21999999999999997,0.0,0.02564102564102587,0.5683458156206757,0.9224972888128631,-1.619884892787136,0.20837313142482092,-2.9271874092032246e-05,0.03333259456861959,0.0425244752347024,-0.0009543687595216085,0.011218405492377364,6.168781155395211,6.461553586643562,0.5633804019545604,1.072256407094049,-1.661028438944782,0.03746555272563329,0.034151300201394896,0.07361226174507197,0.2685031951844936,0.12072353384534495,-0.0404410370710656,-0.027188871816438552,-0.02025036674096071,0.0,0.0,0.5683458156206757,0.9224972888128631,-1.619884892787136,0.09567844900000466,0.02873076200000213,0.013922676000007073,0.0038178220000020247,0.01386259300000603,0.8604793980000025,0.08129878600000495,0.013880645000007519,0.011626868575179056,0.00769156892759372,0.2927724312483502,39.85990999986314,0.009191880666082813,1,lidar_dropout,lidar_dropout_001
39.0,0.3847675621509552,1.5941066712141037,0.8611111111111112,0.19985571099999788,5.003609829293348,0.19684210526315787,0.0,0.02564102564102587,0.5663999132393912,0.8788848156231752,-1.6110874265839645,0.20838404441260272,-1.7306043018229522e-05,0.03147046921460797,0.03585527582040241,-1.2363164365828287,-0.040395537296753964,6.177840944923739,6.453949546176395,0.5633804019545604,1.072256407094049,-1.661028438944782,0.03746555272563329,0.034151300201394896,0.07361226174507197,0.2685031951844936,0.12072353384534495,-0.0404410370710656,-0.027188871816438552,-0.02025036674096071,0.0,0.0,0.5663999132393912,0.8788848156231752,-1.6110874265839645,0.09582273800000252,0.02867583100000104,0.009799166000000525,0.003716216000000827,0.009729018000001588,1.0604793979999982,0.07746146800000275,0.009822857000003182,0.011541939149444846,0.005829443573582102,0.27610860125265635,39.871473762840516,0.00438480660579444,1,lidar_dropout,lidar_dropout_001
39.2,0.40491750836372375,1.7103311458438364,0.9138888888888889,0.20012276599999979,4.9969327327806425,0.20842105263157892,0.0,0.02564102564102587,0.5648670891233222,0.8364472575012947,-1.6031553524930588,0.21997210671477224,-1.4513450801219123e-05,0.030047773623598797,0.031215524851928883,-1.8079938919801946,0.012428801148903122,6.53489183049395,6.798209811300802,0.5370849714317418,0.8351755341770036,-1.6239118721329786,0.03302360665047516,0.03797321415771826,0.07484822635719736,0.2385346724681521,0.03711656681180342,-0.04322290616394019,-0.01135117457076735,-0.01733306573994419,0.016080157017126177,0.0029173010010165173,0.5648670891233222,0.8364472575012947,-1.6031553524930588,0.09569997200000557,0.028794049000005373,0.005904836000006242,0.003776154000000531,0.005897335000000226,0.06938143600000046,0.06939806500000145,0.005924698000001172,0.011551054083193318,0.004406747982572928,0.26331798080685154,44.42556575785343,0.0011677512283300856,1,lidar_dropout,lidar_dropout_001
39.400000000000006,0.41153621673583984,1.7567074276750094,0.9361111111111111,0.19974581299999983,5.00636276165649,0.20842105263157892,0.0,0.02564102564102587,0.5636190900428494,0.7928028434765799,-1.5958810193682686,0.2199552408939205,-1.7351814445119504e-05,0.0289466887081579,0.029152681051291915,-0.06222707735882277,0.01581402679911714,6.540067354780865,6.793526733883976,0.5370849714317418,0.8351755341770036,-1.6239118721329786,0.03302360665047516,0.03797321415771826,0.07484822635719736,0.2385346724681521,0.03711656681180342,-0.04322290616394019,-0.01135117457076735,-0.01733306573994419,0.0,0.0,0.5636190900428494,0.7928028434765799,-1.5958810193682686,0.09595415900000859,0.028813731000006726,0.0015604840000023046,0.003538789000003817,0.001551886000008551,0.2693814360000033,0.06901353100000307,0.0015869740000056254,0.011534188262341566,0.0033056630671320295,0.253459379103111,44.43012241610566,0.00020599234313401632,1,lidar_dropout,lidar_dropout_001
39.6,0.4278150796890259,1.7916881172013772,0.9472222222222222,0.2006750510000046,4.9831804951178365,0.20842105263157892,0.0,0.0,0.5628119684808126,0.7566269412584868,-1.5909963859700391,0.22000799525678397,-1.1564348926599785e-05,0.01072887539752214,0.005194644702756876,-0.08169675273886366,-0.0027026720869424655,6.618419578267124,6.714674917265412,0.5370849714317418,0.8351755341770036,-1.6239118721329786,0.03302360665047516,0.03797321415771826,0.07484822635719736,0.2385346724681521,0.03711656681180342,-0.04322290616394019,-0.01135117457076735,-0.01733306573994419,0.0,0.0,0.5628119684808126,0.7566269412584868,-1.5909963859700391,0.09527910799999972,0.028905557999998166,0.03086125300000475,0.0029380460000041353,0.030857418000003634,0.46938143599999904,0.06438319800000158,0.0308810390000005,0.011586942625205043,0.01072887539752214,0.09625533899828742,44.44053593412858,0.005534230694765265,1,lidar_dropout,lidar_dropout_001
39.800000000000004,0.4678272008895874,1.8105891229108322,0.9555555555555556,0.20044957399999674,4.988785857933608,0.21999999999999997,0.0,0.16,0.5619899438864207,0.7145108697305222,-1.5896914904671484,0.196858902888016,-1.0129485923776257e-05,0.003956470251275993,0.057909686270985423,-0.054269362623514186,0.026522131633374767,5.9473475254308745,5.982775836362657,0.5370849714317418,0.8351755341770036,-1.6239118721329786,0.03302360665047516,0.03797321415771826,0.07484822635719736,0.2385346724681521,0.03711656681180342,-0.04322290616394019,-0.01135117457076735,-0.01733306573994419,0.0,0.0,0.5619899438864207,0.7145108697305222,-1.5896914904671484,0.09482953400000582,0.02873063400000575,0.026844395000004795,0.002522674000005054,0.026817151000003037,0.6693814360000019,0.09444337000000758,0.02682095100000481,0.023141097111983977,0.156043529748724,0.035428310931782114,35.58164706559908,0.05395321601970943,1,lidar_dropout,lidar_dropout_001
40.0,0.4603565037250519,1.8447165071279152,0.9666666666666667,0.1997737029999982,5.005663833542742,0.21999999999999997,0.0,0.17948717948717968,0.5616932018208848,0.6710858506725058,-1.5593841869483933,0.20808036155991372,-7.680537718040203e-05,0.18247518675799598,0.19715618061120255,-0.09480883530740206,0.04745703526279105,5.5183975532815746,7.112106230185797,0.5370849714317418,0.8351755341770036,-1.6239118721329786,0.03302360665047516,0.03797321415771826,0.07484822635719736,0.2385346724681521,0.03711656681180342,-0.04322290616394019,-0.01135117457076735,-0.01733306573994419,0.0,0.0,0.5616932018208848,0.6710858506725058,-1.5593841869483933,0.09505583100000337,0.028599882999998272,0.022866286999999375,0.0026081299999987095,0.022801329000003534,0.8693814359999976,0.0905416009999982,0.022817680000002838,0.011919638440086255,0.002988007270816301,1.5937086769042228,39.247429619335946,0.014680993853206564,1,lidar_dropout,lidar_dropout_001
40.2,0.5065209269523621,1.8418202088482079,0.9666666666666667,0.20146559500000194,4.963626667868478,0.21999999999999997,0.0,0.17948717948717968,0.5629741430661176,0.6274577961747322,-1.5275068950884685,0.20828436293409122,-4.0833335973069346e-05,0.0815730509974086,0.10088310218054,-0.13762525813141574,0.02427888509739446,5.958582726208964,6.672057301955995,0.5370849714317418,0.8351755341770036,-1.6239118721329786,0.03302360665047516,0.03797321415771826,0.07484822635719736,0.2385346724681521,0.03711656681180342,-0.04322290616394019,-0.01135117457076735,-0.01733306573994419,0.0,0.0,0.5629741430661176,0.6274577961747322,-1.5275068950884685,0.09359023600000427,0.02890268200000179,0.01765121300000061,0.0017318619999997509,0.017647961000001544,1.0693814360000005,0.08536352400000169,0.017665990000004683,0.011715637065908752,0.09791412848977109,0.7134745757470311,39.756005387711376,0.019310051183131408,1,lidar_dropout,lidar_dropout_001
40.400000000000006,0.5309572815895081,1.8487245455853918,0.9694444444444444,0.1996324879999989,5.00920471421468,0.20842105263157892,0.0,0.025641025641025883,0.5655384569866201,0.5827178914563785,-1.4963206596189338,0.21966768214464774,-8.356824716707068e-05,0.17639084392163284,0.1319288342173646,-0.04933262816925919,0.02423481812501675,5.89684267039465,7.436082919854913,0.5376397640833235,0.5845594261391927,-1.5148587782955527,0.03763684930342637,0.034267645631613164,0.08932930877354645,0.25061672211348146,0.1090530938374259,-0.02935992993856332,-0.013449364546045279,-0.004425005393444742,0.014020859852295835,0.012908060346499448,0.5655384569866201,0.5827178914563785,-1.4963206596189338,0.09395774800000822,0.028740904000002843,0.013784358000002328,0.0016233040000059873,0.013776106000008781,0.07832180300000857,0.07829130300000742,0.013810859000003006,0.011246629513068818,0.15074981828060696,1.5392402494602626,43.849411062393294,0.04446200970426825,1,lidar_dropout,lidar_dropout_001
40.6,0.5551490783691406,1.8758062982762402,0.9777777777777777,0.20060945100000538,4.984810012764419,0.18526315789473682,0.0,0.02564102564102587,0.5688713350538929,0.5415010288836206,-1.4875015407406875,0.1968259702856305,-1.176335681886062e-05,0.02093772347842376,0.01590272806304001,-0.3788153956636493,0.050556169809898036,5.873767852411762,6.055571904321203,0.5376397640833235,0.5845594261391927,-1.5148587782955527,0.03763684930342637,0.034267645631613164,0.08932930877354645,0.25061672211348146,0.1090530938374259,-0.02935992993856332,-0.013449364546045279,-0.004425005393444742,0.0,0.0,0.5688713350538929,0.5415010288836206,-1.4875015407406875,0.09334829699999858,0.028966109999998935,0.010017247000000395,0.0017003120000040894,0.009971886000002428,0.2783218030000043,0.07751662200000453,0.010044978000003368,0.011562812390893684,0.004703302162602108,0.1818040519094417,35.56902357956976,0.005034995415383752,1,lidar_dropout,lidar_dropout_001
40.800000000000004,0.5716621279716492,1.8866546553625188,0.9861111111111112,0.20082292699999726,4.97951112922487,0.16210526315789472,0.0,0.02564102564102587,0.5719644355340838,0.5049918943285026,-1.4847029089309487,0.17365206540469816,-5.37863193147102e-06,0.020990380414571158,0.0211314543722359,-0.08249537142970512,-0.00544713262274946,5.171869769920986,5.354139148483849,0.5376397640833235,0.5845594261391927,-1.5148587782955527,0.03763684930342637,0.034267645631613164,0.08932930877354645,0.25061672211348146,0.1090530938374259,-0.02935992993856332,-0.013449364546045279,-0.004425005393444742,0.0,0.0,0.5719644355340838,0.5049918943285026,-1.4847029089309487,0.09252537000000416,0.028922625000006974,0.003968634000003135,0.004840225000002363,0.003924864000005357,0.47832180300000715,0.07197995200000662,0.003933779000007576,0.011546802246803434,0.004650645226454711,0.18226937856286352,27.690910405994106,0.00014107395766474115,1,lidar_dropout,lidar_dropout_001
41.0,0.5984218120574951,1.8935145076071278,0.9888888888888889,0.2002644370000013,4.993397804324058,0.15052631578947367,0.0,0.0,0.5748559260271418,0.4720335475527118,-1.4823489703554933,0.1621161880451748,-1.2292631758762176e-05,0.0007447254061527653,0.0006496230233522961,-0.11803987934344902,0.01675752170695143,4.9082769444920125,4.915232085725998,0.5376397640833235,0.5845594261391927,-1.5148587782955527,0.03763684930342637,0.034267645631613164,0.08932930877354645,0.25061672211348146,0.1090530938374259,-0.02935992993856332,-0.013449364546045279,-0.004425005393444742,0.0,0.0,0.5748559260271418,0.4720335475527118,-1.4823489703554933,0.0922609329999986,0.02892235299999868,0.0004417410000030486,0.00046379300000154444,0.0004336510000015892,0.6783218030000029,0.06779568200000341,0.0004890239999966184,0.011589872255701128,0.0007447254061527653,0.006955141233985884,24.125320323196306,9.510238280046918e-05,1,lidar_dropout,lidar_dropout_001
41.2,0.5794169902801514,1.8988756665996476,0.9916666666666667,0.20057921899999798,4.985561340728972,0.12736842105263158,0.0,0.02564102564102587,0.5770520550827629,0.44729654853529605,-1.481553778932969,0.13893174408188141,-1.658096343312883e-05,0.019892735060962233,0.021891770390365876,-0.0544639649727526,0.022946726872077626,4.12449713284776,4.296894343379714,0.5376397640833235,0.5845594261391927,-1.5148587782955527,0.03763684930342637,0.034267645631613164,0.08932930877354645,0.25061672211348146,0.1090530938374259,-0.02935992993856332,-0.013449364546045279,-0.004425005393444742,0.0,0.0,0.5770520550827629,0.44729654853529605,-1.481553778932969,0.09168171400000347,0.028987080000000276,0.029639570000000504,0.004999555000004818,0.029628483000003314,0.8783218030000057,0.06289762800000176,0.029681154000002152,0.011563323029249839,0.005748290580063636,0.17239721053195378,17.72252839941939,0.001999035329403643,1,lidar_dropout,lidar_dropout_001
41.400000000000006,0.5564441680908203,1.9034666149309893,0.9944444444444445,0.19952797300000213,5.011828592074101,0.11578947368421051,0.0,0.0,0.5794572130134631,0.4210157903896998,-1.478283694274607,0.1273747706103688,-5.561440664365522e-06,0.0009746177552895115,0.011312150648978296,-0.06354134761238811,-0.020417379490522906,3.854656838664457,3.8636940730358598,0.5376397640833235,0.5845594261391927,-1.5148587782955527,0.03763684930342637,0.034267645631613164,0.08932930877354645,0.25061672211348146,0.1090530938374259,-0.02935992993856332,-0.013449364546045279,-0.004425005393444742,0.0,0.0,0.5794572130134631,0.4210157903896998,-1.478283694274607,0.09215374100000417,0.029014086000003658,0.02573725000000593,0.004474358000003065,0.025730639000002498,1.0783218030000086,0.05920134500000529,0.025755342000003623,0.011585296926158298,0.0009746177552895115,0.009037234371402914,14.893214781135006,0.010337532893688784,1,lidar_dropout,lidar_dropout_001
41.6,0.5337799191474915,1.8987067173175116,0.9916666666666667,0.20034076399999634,4.9914953903241495,0.10421052631578946,0.0,0.0,0.5816557317236916,0.3974776530446056,-1.4774718188882174,0.11579356765002159,-6.778802231308112e-06,-0.0008168125320426633,0.008798855992974886,-0.031707648040515644,-0.015184964875565065,3.5120074071412706,3.5049374885751945,0.5376397640833235,0.5845594261391927,-1.5148587782955527,0.03763684930342637,0.034267645631613164,0.08932930877354645,0.25061672211348146,0.1090530938374259,-0.02935992993856332,-0.013449364546045279,-0.004425005393444742,0.0,0.0,0.5816557317236916,0.3974776530446056,-1.4774718188882174,0.09181297700000357,0.029069585999998537,0.021714592999998672,0.004669374000002335,0.02164361399999848,1.2783218030000043,0.08926740999999794,0.021659019000004776,0.01158304133423213,0.0008168125320426633,0.007069918566076083,12.309366421443205,0.00961566852501755,1,lidar_dropout,lidar_dropout_001
41.800000000000004,0.5363380312919617,1.905720669464026,0.9944444444444445,0.1998678420000033,5.00330613466064,0.09263157894736841,0.0,0.02564102564102587,0.5836514349136294,0.37629253422132186,-1.4767024042953674,0.10421615730737828,-1.0943380906604239e-05,-0.0008203851110991023,0.013740345729226007,-0.037637808062132634,-0.006982698339147381,3.161048958869725,3.153946370992483,0.5376397640833235,0.5845594261391927,-1.5148587782955527,0.03763684930342637,0.034267645631613164,0.08932930877354645,0.25061672211348146,0.1090530938374259,-0.02935992993856332,-0.013449364546045279,-0.004425005393444742,0.0,0.0,0.5836514349136294,0.37629253422132186,-1.4767024042953674,0.09194513500000312,0.02901379500000445,0.01789674000000474,0.004765517000002717,0.01788784300000401,1.4783218030000072,0.08511151500000125,0.017923663000004808,0.011584578360009867,0.02646141075212497,0.007102587877242161,9.969778892356736,0.014560730840325109,1,lidar_dropout,lidar_dropout_001
42.0,0.5067324638366699,1.8985678506832497,0.9916666666666667,0.20022907999999973,4.994279552200916,0.09263157894736841,0.0,0.0,0.5854667134835092,0.35746787236183236,-1.47338551651192,0.09265783096933404,-1.1147988427582384e-05,0.0009844196649414151,0.0005076721212070023,-0.06208077269997955,0.012219642687201392,2.8025955379036875,2.811739588307548,0.5376397640833235,0.5845594261391927,-1.5148587782955527,0.03763684930342637,0.034267645631613164,0.08932930877354645,0.25061672211348146,0.1090530938374259,-0.02935992993856332,-0.013449364546045279,-0.004425005393444742,0.0,0.0,0.5854667134835092,0.35746787236183236,-1.47338551651192,0.09171605499999913,0.02902467700000244,0.01376625099999984,0.004845170999999482,0.013761907999999323,1.6783218030000029,0.08118298899999843,0.01377979800000162,2.6252021965628147e-05,0.0009844196649414151,0.009144050403860682,7.880168823937886,0.0004767475437344129,1,lidar_dropout,lidar_dropout_001
42.2,0.493958979845047,1.8921121090817052,0.9944444444444445,0.20063792199999853,4.9841026563263915,0.08105263157894736,0.0,0.16,0.5871980195953178,0.3398173057373791,-1.4718478015260479,0.08106694633335931,-4.7037773061430616e-06,0.004840663416584121,0.02620488352561249,-0.05472815086861736,0.032725782658661405,2.4343621098292667,2.478210086654748,0.54834671069179,0.34165722709155677,-1.4848831597046297,0.037316603707868046,0.03369774521062534,0.06949580733210621,0.243138061619019,0.029975618590923014,-0.0422308292849538,0.002031701021766505,-0.011788423039809589,0.02013264615245106,0.007363417646364847,0.5871980195953178,0.3398173057373791,-1.4718478015260479,0.09107813300000345,0.02918436000000213,0.008844422000002794,0.0038552910000007046,0.008781775000002767,0.07098079300000393,0.07101597400000514,0.00879294100000294,1.4314754411950958e-05,0.15515933658341588,0.04384797682548136,6.032860735149022,0.02136422010902837,1,lidar_dropout,lidar_dropout_001
42.400000000000006,0.4879681468009949,1.9000433640107097,0.9944444444444445,0.1998117329999971,5.004711109732552,0.06947368421052631,0.0,0.12820512820512842,0.5890899838122817,0.3234546727665958,-1.4357434465359789,0.0807933156931589,-1.858417414917629e-05,0.1444148284668175,0.14359812858483728,-1.184565991216999,0.03624300192359643,1.8236513897523043,3.0884383047105914,0.54834671069179,0.34165722709155677,-1.4848831597046297,0.037316603707868046,0.03369774521062534,0.06949580733210621,0.243138061619019,0.029975618590923014,-0.0422308292849538,0.002031701021766505,-0.011788423039809589,0.0,0.0,0.5890899838122817,0.3234546727665958,-1.4357434465359789,0.09126640000000918,0.02906216700000641,0.005025789000008274,0.004043000000002905,0.005016231000006144,0.27098079300000677,0.07255527300000608,0.005042013000007728,0.011319631482632583,0.01620970026168908,1.264786914958287,5.632234806549721,0.0008166998819802151,1,lidar_dropout,lidar_dropout_001
42.6,0.46865251660346985,1.8913681353104181,0.9944444444444445,0.2013312980000066,4.9669376293395135,0.06947368421052631,0.0,0.23076923076923095,0.5908073805009681,0.3117947262575695,-1.4123452735178719,0.06918763888099123,-9.653587511949079e-05,0.1682051418098775,0.17352057662117104,-0.071918792309282,-0.004168863395034452,1.3725637641894672,2.837984072411617,0.54834671069179,0.34165722709155677,-1.4848831597046297,0.037316603707868046,0.03369774521062534,0.06949580733210621,0.243138061619019,0.029975618590923014,-0.0422308292849538,0.002031701021766505,-0.011788423039809589,0.0,0.0,0.5908073805009681,0.3117947262575695,-1.4123452735178719,0.08993510199999832,0.029166066000001933,0.0339940900000002,0.0029881459999998583,0.033967283000002624,0.4709807930000025,0.06748367299999813,0.03397121400000458,0.00028604532953507844,0.06256408895935345,1.46542030822215,3.895314101139043,0.00531543481129354,1,lidar_dropout,lidar_dropout_001
42.800000000000004,0.47616055607795715,1.897968543391654,0.9944444444444445,0.19986605299999383,5.003350919228043,0.05789473684210526,0.0,0.12820512820512842,0.5931548385491888,0.2986660372183378,-1.376066051468271,0.05771417011155873,-0.00010708050827085147,0.11720392387339772,0.1223392352610942,-0.044049772989251154,0.0037078774737964648,1.2436985860994183,2.264441193657351,0.54834671069179,0.34165722709155677,-1.4848831597046297,0.037316603707868046,0.03369774521062534,0.06949580733210621,0.243138061619019,0.029975618590923014,-0.0422308292849538,0.002031701021766505,-0.011788423039809589,0.0,0.0,0.5931548385491888,0.2986660372183378,-1.376066051468271,0.09006904900000734,0.02933627000000172,0.02980542200000258,0.0027959620000075347,0.02973947500000662,0.6709807930000053,0.06318959100000399,0.029750101000004747,0.00018056673054653305,0.011001204331730699,1.020742607557933,2.8162823108569266,0.0051353113876964895,1,lidar_dropout,lidar_dropout_001
43.0,0.46178963780403137,1.8899127608737467,0.9944444444444445,0.20035062500000578,4.991249715342645,0.05789473684210526,0.0,0.3333333333333335,0.5955856397884476,0.2871553364147798,-1.3472321469576134,0.05761030679062204,-5.313838459826588e-05,0.17381288237210737,0.17145884358503902,-0.06864493087069856,0.021804615643292516,0.9964122306476905,2.5122075162914963,0.54834671069179,0.34165722709155677,-1.4848831597046297,0.037316603707868046,0.03369774521062534,0.06949580733210621,0.243138061619019,0.029975618590923014,-0.0422308292849538,0.002031701021766505,-0.011788423039809589,0.0,0.0,0.5955856397884476,0.2871553364147798,-1.3472321469576134,0.0897184239999973,0.029121396999997273,0.025929134000001852,0.002766784000002076,0.025921377000003076,0.8709807930000011,0.05935480200000143,0.025944420000001855,0.00028443005148322265,0.1595204509612261,1.5157952856438057,2.503194295157904,0.0023540387870683577,1,lidar_dropout,lidar_dropout_001
43.2,0.44397491216659546,1.8908309687615772,0.9944444444444445,0.20000246899999752,4.999938275762048,0.04631578947368421,0.0,0.12820512820512842,0.5981624922062772,0.27689083171942597,-1.300077427836398,0.04616487510117378,0.00015569246758646502,0.09388997730580155,0.10375371875490906,-0.058568646482983246,0.0043108127746857485,0.9828402971984589,1.8239288335359278,0.54834671069179,0.34165722709155677,-1.4848831597046297,0.037316603707868046,0.03369774521062534,0.06949580733210621,0.243138061619019,0.029975618590923014,-0.0422308292849538,0.002031701021766505,-0.011788423039809589,0.0,0.0,0.5981624922062772,0.27689083171942597,-1.300077427836398,0.08971595500000262,0.02904066300000352,0.02187927900000375,0.0028886150000033695,0.021866465000002222,1.070980793000004,0.08920676299999997,0.02190184900000247,0.00015091437251043421,0.034315150899326866,0.8410885363374689,1.7926307568212898,0.00986374144910751,1,lidar_dropout,lidar_dropout_001
43.400000000000006,0.45803895592689514,1.8851995050241162,0.9944444444444445,0.2002501179999996,4.993754860109506,0.04631578947368421,0.0,0.12820512820512842,0.6007896917218221,0.26785372787876377,-1.2755485904401527,0.046124701386127384,-4.9048114372455404e-05,0.12739582703625643,0.12729434131911246,-0.04539731517665097,0.005583344598178317,0.8473745542872739,1.9591290283165474,0.54834671069179,0.34165722709155677,-1.4848831597046297,0.037316603707868046,0.03369774521062534,0.06949580733210621,0.243138061619019,0.029975618590923014,-0.0422308292849538,0.002031701021766505,-0.011788423039809589,0.0,0.0,0.6007896917218221,0.26785372787876377,-1.2755485904401527,0.08946583700000588,0.0292407410000024,0.01687072100000364,0.001925107000005255,0.016663706000002776,1.2709807930000068,0.08488900600000449,0.016687075000007212,0.00019108808755682882,0.0008093011688719842,1.1117544740292735,1.6601160871609946,0.00010148571714396759,1,lidar_dropout,lidar_dropout_001
43.6,0.45284172892570496,1.8871717560922203,0.9972222222222222,0.20089256899999697,4.977784917470069,0.04631578947368421,0.0,-0.02564102564102541,0.6032727857094198,0.25997409906582686,-1.2610808209322233,0.03476746459391401,-3.5506038219513744e-05,-0.0015301801129522063,-0.031972044236658934,-0.11106943843941292,0.013991203092545526,1.0596705462448184,1.0457730759228239,0.5794596127710183,0.24897128798505277,-1.2643415016296107,0.031045007209545616,0.026572363983944178,0.05683319793272993,0.09776858382858072,0.22054165807501902,-0.023790106407532687,-0.011735740468553404,-0.003091405742508663,0.02301309856214987,0.008697017297300927,0.6032727857094198,0.25997409906582686,-1.2610808209322233,0.08857326800000465,0.029301897999999937,0.01271091299999938,0.0015313040000037859,0.012704409000001249,0.07608979599999799,0.0758758119999996,0.01273398200000031,0.0115483248797702,0.024110845528073205,0.01389747032199451,1.1081749266112626,0.030441864123706728,1,lidar_dropout,lidar_dropout_001
43.800000000000004,0.4462774693965912,1.8851361390109846,0.9972222222222222,0.19938292200000518,5.015474695470528,0.03473684210526316,0.0,0.0,0.6057594370743856,0.25206500908670226,-1.271823216772352,0.03481934365232571,-0.00010509031286763323,-0.025411799644247095,-0.021422842052634096,-0.08084463742774733,0.0324512066789455,1.1669685458922463,0.9391520739797693,0.5794596127710183,0.24897128798505277,-1.2643415016296107,0.031045007209545616,0.026572363983944178,0.05683319793272993,0.09776858382858072,0.22054165807501902,-0.023790106407532687,-0.011735740468553404,-0.003091405742508663,0.0,0.0,0.6057594370743856,0.25206500908670226,-1.271823216772352,0.08919034600000231,0.02930666300000695,0.008687124000005042,0.001834820000006232,0.00867271300000283,0.27608979600000083,0.07660710800000459,0.008726759000005302,8.250154706254675e-05,0.025411799644247095,0.227816471912477,1.0959609301438586,0.0039889575916129995,1,lidar_dropout,lidar_dropout_001
44.0,0.4315151274204254,1.8897406574245283,0.9972222222222222,0.2002798639999952,4.993013176801558,0.03473684210526316,0.0,-0.02564102564102541,0.6078434111553692,0.24528247424615304,-1.2728164469906966,0.034749853852325215,-5.341125998692235e-05,0.0002836101677038635,-0.0010175070598883603,-0.039880741909877976,-0.018578860238250526,1.0516661925452664,1.0540578080305905,0.5794596127710183,0.24897128798505277,-1.2643415016296107,0.031045007209545616,0.026572363983944178,0.05683319793272993,0.09776858382858072,0.22054165807501902,-0.023790106407532687,-0.011735740468553404,-0.003091405742508663,0.0,0.0,0.6078434111553692,0.24528247424615304,-1.2728164469906966,0.08891048200000284,0.029389645000001963,0.0043442440000021065,0.0012729150000012623,0.00434117900000075,0.47608979599999657,0.07241441899999757,0.004351114999998629,1.3011747062051382e-05,0.025924635808729276,0.0023916154853240723,1.1085169616941404,0.0013011172275922238,1,lidar_dropout,lidar_dropout_001
44.2,0.42331448197364807,1.8891231169441616,0.9972222222222222,0.20130578700000257,4.96756707744317,0.03473684210526316,0.0,-0.02564102564102541,0.6099164017711961,0.23849145163082291,-1.2768090652446449,0.034794358855779826,-5.2604455525590704e-05,-0.024693765692788864,-0.02435078604610984,-0.06779846114297468,-0.025837236075137056,1.1598486786424278,0.9443574260094967,0.5794596127710183,0.24897128798505277,-1.2643415016296107,0.031045007209545616,0.026572363983944178,0.05683319793272993,0.09776858382858072,0.22054165807501902,-0.023790106407532687,-0.011735740468553404,-0.003091405742508663,0.0,0.0,0.6099164017711961,0.23849145163082291,-1.2768090652446449,0.08760469500000312,0.02933212800000007,5.5974000005676317e-05,0.0007960960000019668,1.534000006131464e-06,0.6760897959999994,0.0672662110000033,7.551900000635214e-05,5.751675051666322e-05,0.0009472599482365472,0.21549125263293112,1.095311712723279,0.00034297964667902303,1,lidar_dropout,lidar_dropout_001
44.400000000000006,0.4286092221736908,1.8837124493626831,0.9972222222222222,0.20039898600000328,4.990045209110907,0.023157894736842106,0.0,0.0,0.6113964965657543,0.23356859850693937,-1.2804621177070654,0.02319505940796178,-6.715480207607292e-05,-0.007911178259731942,-0.0036693982431343,-0.08825521468904625,-0.02559688751668178,0.7375487505144426,0.6665124609484615,0.5794596127710183,0.24897128798505277,-1.2643415016296107,0.031045007209545616,0.026572363983944178,0.05683319793272993,0.09776858382858072,0.22054165807501902,-0.023790106407532687,-0.011735740468553404,-0.003091405742508663,0.0,0.0,0.6113964965657543,0.23356859850693937,-1.2804621177070654,0.08720570900000268,0.0293948210000039,0.029709049000004484,0.0008897570000030441,0.029700088000005564,0.8760897960000023,0.06285423100000287,0.029736560000003465,3.7164671119672976e-05,0.007911178259731942,0.07103628956598107,0.491585432774844,0.004241780016597642,1,lidar_dropout,lidar_dropout_001
44.6,0.4212208688259125,1.8812898584229036,0.9972222222222222,0.19954131599999414,5.0114934593296425,0.023157894736842106,0.0,0.0,0.6127499119650202,0.22903446866446578,-1.2807143011102395,0.023177590971415054,-5.3871770971060905e-05,0.0004273070463049283,0.00029352571312267733,-0.05768903636490515,0.04435771451990901,0.6994977556159835,0.703180444472848,0.5794596127710183,0.24897128798505277,-1.2643415016296107,0.031045007209545616,0.026572363983944178,0.05683319793272993,0.09776858382858072,0.22054165807501902,-0.023790106407532687,-0.011735740468553404,-0.003091405742508663,0.0,0.0,0.6127499119650202,0.22903446866446578,-1.2807143011102395,0.08766439300000428,0.029389647999998658,0.025234615000002236,0.0003116090000006011,0.02522660500000029,1.076089795999998,0.058910392000001366,0.025283917000002987,1.9696234572947474e-05,0.0004273070463049283,0.0036826888568645133,0.4918731427018069,0.00013378133318225097,1,lidar_dropout,lidar_dropout_001
44.800000000000004,0.42058536410331726,1.8838301872144503,0.9972222222222222,0.19991854300000256,5.002037254743234,0.023157894736842106,0.0,0.16,0.6141036759892291,0.22450072164253349,-1.2806139926354214,0.023184627786397332,-4.930001374457097e-05,0.0005001806475284937,0.043300931946094794,-0.0414617976072345,-0.017711143909323365,0.6997970177508545,0.7041357625070774,0.5794596127710183,0.24897128798505277,-1.2643415016296107,0.031045007209545616,0.026572363983944178,0.05683319793272993,0.09776858382858072,0.22054165807501902,-0.023790106407532687,-0.011735740468553404,-0.003091405742508663,0.0,0.0,0.6141036759892291,0.22450072164253349,-1.2806139926354214,0.08774585000000457,0.029502018000002295,0.02103201200000626,0.005153996000004213,0.021023172000006696,1.2760897960000008,0.055422474000003774,0.021053104000003486,2.6733049555225513e-05,0.1594998193524715,0.004338744756222979,0.4927521066941767,0.0428007512985663,1,lidar_dropout,lidar_dropout_001
45.0,0.4150621294975281,1.8855661202772083,0.9972222222222222,0.20120434900000106,4.9700714968143895,0.0,0.0,-0.13435897435897415,0.614838081770439,0.22208813261067967,-1.2586539942968242,-6.036563359579937e-05,3.0124237506218866e-06,0.04471357401068704,-0.005170132352303348,-0.040539944867082026,0.04760822299127875,-0.19729474625042567,0.19747762535151533,0.5794596127710183,0.24897128798505277,-1.2643415016296107,0.031045007209545616,0.026572363983944178,0.05683319793272993,0.09776858382858072,0.22054165807501902,-0.023790106407532687,-0.011735740468553404,-0.003091405742508663,0.0,0.0,0.614838081770439,0.22208813261067967,-1.2586539942968242,0.08654150099999924,0.02944277999999656,0.015836122999999702,0.0035648510000001465,0.01577963300000107,1.4760897959999966,0.08448567100000304,0.015786810999998124,6.036563359579937e-05,0.1790725483696612,0.394772371601941,-0.03896129798386384,0.04988370636299039,1,lidar_dropout,lidar_dropout_001
45.2,0.4180760085582733,1.8861065585799204,0.9972222222222222,0.2007055340000008,4.982423653550061,0.0,0.0,-0.43589743589743557,0.6148595238755911,0.2220033232021361,-1.3091672258329266,0.0007463456540286312,-9.753696783277354e-05,-0.42830569864946155,-0.429429364056276,-0.04083933366688056,0.021232598887735654,1.8683737088850867,-1.8689157215497587,0.5794596127710183,0.24897128798505277,-1.2643415016296107,0.031045007209545616,0.026572363983944178,0.05683319793272993,0.09776858382858072,0.22054165807501902,-0.023790106407532687,-0.011735740468553404,-0.003091405742508663,0.0,0.0,0.6148595238755911,0.2220033232021361,-1.3091672258329266,0.08583596700000129,0.029581614000001366,0.011650966000004814,0.003957997000000546,0.011642503000004467,1.6760897959999994,0.07917647200000033,0.011675746000001652,0.0007463456540286312,0.0075917372479740175,3.7372894304348456,-3.4918329982655707,0.001123665406814467,1,lidar_dropout,lidar_dropout_001
45.400000000000006,0.40941596031188965,1.8911529363529929,0.9972222222222222,0.19975301699999903,5.006182209503273,0.0,0.0,-0.3846153846153843,0.6148908228310296,0.22184641545247513,-1.3938823296946425,0.0007445007507737988,-6.551505470834431e-05,-0.38549425499077994,-0.38520999311080023,-0.062011396564233046,-0.00247049638811924,1.6833285029352467,-1.6822670975024299,0.5794596127710183,0.24897128798505277,-1.2643415016296107,0.031045007209545616,0.026572363983944178,0.05683319793272993,0.09776858382858072,0.22054165807501902,-0.023790106407532687,-0.011735740468553404,-0.003091405742508663,0.0,0.0,0.6148908228310296,0.22184641545247513,-1.3938823296946425,0.0860829500000051,0.029428489000004276,0.004988968000006366,0.0006696510000026024,0.0049450590000077455,1.8760897960000023,0.07552656900000443,0.004954189000002884,0.0007445007507737988,0.0008788703753956351,3.3655956004376764,-2.831808154775988,0.0002842618799797081,1,lidar_dropout,lidar_dropout_001
45.6,0.40658867359161377,1.8955556435671357,0.9972222222222222,0.20209445900000134,4.948181186897328,0.0,0.0,-0.33333333333333304,0.6149194312607318,0.22169044055216353,-1.4718926000501704,0.0007883391394333583,9.170100976938878e-05,-0.3831475033580373,-0.38293722920551565,-0.056053829557911106,0.003374516356437442,1.6725768153706944,-1.6713178088011111,0.5794596127710183,0.24897128798505277,-1.2643415016296107,0.031045007209545616,0.026572363983944178,0.05683319793272993,0.09776858382858072,0.22054165807501902,-0.023790106407532687,-0.011735740468553404,-0.003091405742508663,0.0,0.0,0.6149194312607318,0.22169044055216353,-1.4718926000501704,0.0839884909999995,0.029496317000003103,0.003323522999998829,0.0032986129999983405,0.003295954999998685,2.076089795999998,0.06974746200000226,0.0033017109999988747,0.0007883391394333583,0.049814170024704285,3.3438946241718055,-2.7954074181168895,0.00021027415252167225,1,lidar_dropout,lidar_dropout_001
45.800000000000004,0.4039323925971985,1.8922359687704229,0.9972222222222222,0.1982661519999951,5.043725264814867,0.0,0.0,-0.33333333333333304,0.6149442627038341,0.22154949336476637,-1.5416597659218245,0.0006591909274578679,4.9977402389620396e-05,-0.33183073108832967,-0.33221815640141256,-0.05209487362839931,0.004872994423665969,1.4486868519104512,-1.4475962703343308,0.5939318601851677,0.2079626657531445,-1.5123107379656877,0.030095030248634802,0.029302459606706327,0.05804159259108356,0.04348738946609368,0.247969236336077,-0.020843760949857102,-0.014129437034455739,0.0007124355566652562,0.0037961473635224146,0.003803841299173919,0.6149442627038341,0.22154949336476637,-1.5416597659218245,0.08572233900000725,0.0295390440000034,2.2400000005973197e-05,0.003841508000000715,1.1127000007604693e-05,0.06524085800000279,0.06524533700000745,4.496200000403405e-05,0.0006591909274578679,0.0015026022450033705,2.896283122244782,-2.0971136837079523,0.00038742531308288974,1,lidar_dropout,lidar_dropout_001
46.0,0.3952692449092865,1.8788618387123726,0.9944444444444445,0.2002502100000001,4.993752565852488,0.0,0.0,-0.28205128205128177,0.614953105412428,0.221439590844019,-1.59614944982687,0.0005716523401668623,2.4850426858524277e-05,-0.28901065508264606,-0.2845038171827727,-0.03661364041891908,-0.015126069369767733,1.2630710517874169,-1.2619778763291403,0.5939318601851677,0.2079626657531445,-1.5123107379656877,0.030095030248634802,0.029302459606706327,0.05804159259108356,0.04348738946609368,0.247969236336077,-0.020843760949857102,-0.014129437034455739,0.0007124355566652562,0.0,0.0,0.614953105412428,0.221439590844019,-1.59614944982687,0.0854721290000029,0.029636732999996696,0.029917441999998573,0.003949147999996683,0.029887631999997666,0.2652408579999985,0.06357657299999886,0.029892058000001498,0.0005716523401668623,0.006959373031364291,2.525048928116557,-1.5939677235874978,0.004506837899873384,1,lidar_dropout,lidar_dropout_001
46.2,0.39536505937576294,1.8954372323821183,0.9972222222222222,0.19955661100000555,5.01110935382628,0.0,0.0,-0.2307692307692305,0.6149518389037366,0.22132190277574107,-1.6533831854604626,0.0005796545307246647,7.678534052996376e-06,-0.2780802472966418,-0.25703334921523774,-0.041924793079146414,-0.016100127536285966,1.213829029434554,-1.2133166309650647,0.5939318601851677,0.2079626657531445,-1.5123107379656877,0.030095030248634802,0.029302459606706327,0.05804159259108356,0.04348738946609368,0.247969236336077,-0.020843760949857102,-0.014129437034455739,0.0007124355566652562,0.0,0.0,0.6149518389037366,0.22132190277574107,-1.6533831854604626,0.08591551800000019,0.02971816100000524,0.02587245400000171,0.0035873560000041493,0.025637102000004575,0.46524085800000137,0.05923518800000238,0.025849831000002155,0.0005796545307246647,0.04731101652741132,2.427145660399619,-1.4727589485611274,0.021046898081404086,1,lidar_dropout,lidar_dropout_001
46.400000000000006,0.3963826298713684,1.8832859861451154,0.9944444444444445,0.20070594199999903,4.982413525156145,0.0,0.0,-0.2307692307692305,0.6149434220698431,0.22121634331540413,-1.7016279554168636,0.0004970063220459511,3.370634257703313e-05,-0.22684345545222098,-0.2279216886472594,-0.055661351857301804,0.0006754805195231916,0.9907360396048712,-0.9889937612563203,0.5939318601851677,0.2079626657531445,-1.5123107379656877,0.030095030248634802,0.029302459606706327,0.05804159259108356,0.04348738946609368,0.247969236336077,-0.020843760949857102,-0.014129437034455739,0.0007124355566652562,0.0,0.0,0.6149434220698431,0.22121634331540413,-1.7016279554168636,0.085209576000004,0.029426306000004843,0.020764982000002874,0.0024993490000042584,0.02075160000000409,0.6652408580000042,0.054353297000005796,0.020785005000007573,0.0004970063220459511,0.003925775317009522,1.9797298008611914,-0.9798317622210123,0.0010782331950384139,1,lidar_dropout,lidar_dropout_001
46.6,0.3901863992214203,1.8841860935341712,0.9944444444444445,0.19993555799999996,5.0016115692637335,0.0,0.0,-0.17948717948717924,0.6149429785900945,0.22112067165252572,-1.7483163494181302,0.0004299839954938748,3.1404247955781016e-05,-0.2294101346670573,-0.21580414182179183,-0.05665201820883613,0.0027740259803845316,1.0013531170219203,-1.0008976658057003,0.6085173584111901,0.19127512592328713,-1.7406869477672595,0.017816564009638436,0.027262307110237333,0.04607633954486498,0.022163274669470188,0.2283762098015718,-0.008225447062495183,-0.024874501514109675,-0.008199539615985584,0.01657342016699967,0.00891197517265084,0.6149429785900945,0.22112067165252572,-1.7483163494181302,0.08527401799999978,0.029600207999997963,0.016801290000003632,0.002583292000004178,0.016792700999999965,0.08151416300000136,0.08144875800000051,0.016823026000004404,0.0004299839954938748,0.049922955179878076,2.0022507828276206,-1.0022519974745023,0.01360599284526548,1,lidar_dropout,lidar_dropout_001
46.800000000000004,0.39490658044815063,1.8795607010079496,0.9944444444444445,0.2007893480000007,4.9803438776044855,0.0,0.0,-0.17948717948717924,0.614940222274573,0.22104165043858756,-1.7868691624103004,0.0003402160487043919,1.4082475190226975e-05,-0.1790821649194499,-0.17907060966139549,-0.05055819439175783,-0.003256852432859813,0.7819477074411244,-0.7811505200767761,0.6085173584111901,0.19127512592328713,-1.7406869477672595,0.017816564009638436,0.027262307110237333,0.04607633954486498,0.022163274669470188,0.2283762098015718,-0.008225447062495183,-0.024874501514109675,-0.008199539615985584,0.0,0.0,0.614940222274573,0.22104165043858756,-1.7868691624103004,0.08448467000000193,0.029641669000007198,0.012858573000002593,0.0028558010000026,0.012808201000005681,0.2815141630000042,0.07979954900000763,0.012816007000004959,0.0003402160487043919,0.00040501456772934485,1.5630982275179006,-0.6108188583404771,1.1555258054407602e-05,1,lidar_dropout,lidar_dropout_001
47.0,0.38247475028038025,1.8740087605221978,0.9944444444444445,0.20004822299999603,4.998794715612244,0.0,0.0,-0.17948717948717924,0.6149360141178545,0.22096719662174336,-1.823348726811988,0.00033329336457180067,1.8634744006267237e-05,-0.1788027339918286,-0.17841410562340915,-0.0958091816322346,0.015547776249898433,0.780675763674546,-0.7798864625273494,0.6085173584111901,0.19127512592328713,-1.7406869477672595,0.017816564009638436,0.027262307110237333,0.04607633954486498,0.022163274669470188,0.2283762098015718,-0.008225447062495183,-0.024874501514109675,-0.008199539615985584,0.0,0.0,0.6149360141178545,0.22096719662174336,-1.823348726811988,0.08443644700000164,0.029626393000000917,0.007670247000000074,0.0018794409999998152,0.007660485000002382,0.48151416299999994,0.0760300330000021,0.007697921999998414,0.00033329336457180067,0.0006844454953506274,1.5605622262018954,-0.6088384597129787,0.0003886283684194636,1,lidar_dropout,lidar_dropout_001
47.2,0.3781130313873291,1.8782564530658987,0.9944444444444445,0.20065753000000086,4.983615616119643,0.0,0.0,-0.12820512820512797,0.6149301977052827,0.22089989862337622,-1.8566388372875997,0.0002570244031317845,-1.3560977299925867e-05,-0.13284716589229975,-0.13247549317436957,-0.06130370820272821,0.023228853010080257,0.5806726423228542,-0.5799553238469691,0.6085173584111901,0.19127512592328713,-1.7406869477672595,0.017816564009638436,0.027262307110237333,0.04607633954486498,0.022163274669470188,0.2283762098015718,-0.008225447062495183,-0.024874501514109675,-0.008199539615985584,0.0,0.0,0.6149301977052827,0.22089989862337622,-1.8566388372875997,0.08377891700000362,0.029825937000005354,0.004117879000006042,0.0020330780000037407,0.0040831760000017425,0.6815141630000028,0.07137735900000308,0.004095599000002892,0.0002570244031317845,0.0046420376871717794,1.1606279661698233,-0.33676419032742616,0.0003716727179301771,1,lidar_dropout,lidar_dropout_001
47.400000000000006,0.379955917596817,1.8942369006802444,0.9972222222222222,0.1998037030000006,5.0049122462960405,0.0,0.0,-0.12820512820512797,0.6149251888066655,0.22085452015277815,-1.8786083431287413,0.00022278221446749848,5.383188994336429e-06,-0.12816591627596524,-0.12785988535881587,-0.04547897867686637,0.013192400855209337,0.5590354000789315,-0.5595988623332702,0.6085173584111901,0.19127512592328713,-1.7406869477672595,0.017816564009638436,0.027262307110237333,0.04607633954486498,0.022163274669470188,0.2283762098015718,-0.008225447062495183,-0.024874501514109675,-0.008199539615985584,0.0,0.0,0.6149251888066655,0.22085452015277815,-1.8786083431287413,0.08397521400000585,0.029957330000009108,0.03404693500000633,0.0019833440000027736,0.0340060800000046,0.8815141630000056,0.06715772000000442,0.03400975200000289,0.00022278221446749848,3.92119291627302e-05,1.1186342624122017,-0.3128355738881946,0.00030603091714936914,1,lidar_dropout,lidar_dropout_001
47.6,0.3836509585380554,1.8770046966701912,0.9944444444444445,0.199805419999997,5.004869237281025,0.0,0.0,0.0,0.614917954158001,0.22080117267075228,-1.9047431046121222,0.00023445413011858663,1.2095309775950034e-06,-0.12812252246483666,-0.1279152739939321,-0.0979680271212448,-0.015095112382765598,0.5594609319553486,-0.5587695286164196,0.6085173584111901,0.19127512592328713,-1.7406869477672595,0.017816564009638436,0.027262307110237333,0.04607633954486498,0.022163274669470188,0.2283762098015718,-0.008225447062495183,-0.024874501514109675,-0.008199539615985584,0.0,0.0,0.614917954158001,0.22080117267075228,-1.9047431046121222,0.08416979400000457,0.02995689200000129,0.03002922200000313,0.0018712310000026378,0.02999273300000027,1.0815141630000014,0.06323100000000181,0.029996134000001007,0.00023445413011858663,0.12812252246483666,1.1182304605717683,-0.31260972122799296,0.00020724847090455856,0,lidar_dropout,lidar_dropout_001
47.800000000000004,0.372511625289917,1.8733430210938,0.9944444444444445,0.20059947700000436,4.9850578623391835,0.0,0.0,0.0,0.614907859453641,0.22074291462566917,-1.9309053399776688,-2.6874219055460275e-05,2.8510698440514113e-05,0.013856497373297333,0.007845215129493125,-0.060756901751616,-0.007828777068050926,-0.06251037442350955,0.061278072263031384,0.6085173584111901,0.19127512592328713,-1.7406869477672595,0.017816564009638436,0.027262307110237333,0.04607633954486498,0.022163274669470188,0.2283762098015718,-0.008225447062495183,-0.024874501514109675,-0.008199539615985584,0.0,0.0,0.614907859453641,0.22074291462566917,-1.9309053399776688,0.08357031700000306,0.02990782100000189,0.025732696000005717,0.0014676710000074422,0.02572902800000776,1.2815141630000042,0.05917293600000306,0.025746911000005923,2.6874219055460275e-05,0.013856497373297333,0.12378844668654093,-0.0038305152411129673,0.0060112822438042075,0,lidar_dropout,lidar_dropout_001
48.0,0.3759320378303528,1.8753368285115204,0.9944444444444445,0.200515922000001,4.987135136330944,0.0,0.0,0.0,0.6149049023817101,0.22073610003807634,-1.9304673509962864,3.42392386550985e-05,-4.3375679290387934e-05,-0.0008418475816056796,-0.0007738041593870787,-0.06239772217687443,0.007916210700066265,0.0038184501573077616,-0.0034874656137697238,0.6085173584111901,0.19127512592328713,-1.7406869477672595,0.017816564009638436,0.027262307110237333,0.04607633954486498,0.022163274669470188,0.2283762098015718,-0.008225447062495183,-0.024874501514109675,-0.008199539615985584,0.0,0.0,0.6149049023817101,0.22073610003807634,-1.9304673509962864,0.08305439499999778,0.0299467660000019,0.020929993000002867,0.0008272020000035241,0.020870414000000892,1.481514163,0.05435975099999979,0.020885577000001376,3.42392386550985e-05,0.0008418475816056796,0.007305915771077485,-1.331671362150441e-05,6.804342221860085e-05,0,lidar_dropout,lidar_dropout_001
48.2,0.3776140809059143,1.8773381069885287,0.9944444444444445,0.20014285799999953,4.996431099230143,0.0,0.0,0.0,0.6149018728112469,0.22072803689008438,-1.9306616346116516,2.6772018635314446e-05,-4.805730596896679e-05,-0.0009859305878756942,-0.0005970308817498512,-0.06603474822911706,-0.023818768222364853,0.004521503137668647,-0.004076263451872368,0.6085173584111901,0.19127512592328713,-1.7406869477672595,0.017816564009638436,0.027262307110237333,0.04607633954486498,0.022163274669470188,0.2283762098015718,-0.008225447062495183,-0.024874501514109675,-0.008199539615985584,0.0,0.0,0.6149018728112469,0.22072803689008438,-1.9306616346116516,0.08291153700000109,0.029833161000006214,0.01661272500000166,0.000718703000003984,0.01660477900000501,1.6815141630000028,0.050174013999999545,0.016637685000006286,2.6772018635314446e-05,0.0009859305878756942,0.008597766589541015,-1.843083798760494e-05,0.00038889970612584297,0,lidar_dropout,lidar_dropout_001
48.400000000000006,0.37625113129615784,1.8761805052031353,0.9944444444444445,0.2003923549999982,4.990210330129655,0.0,0.0,0.0,0.6148990956314165,0.22071996018125606,-1.9308616610504141,3.0711789956466016e-05,-4.604452898605386e-05,-0.0009835458018692374,-0.0007540524647189409,-0.06413527078298481,0.0041867564233550114,0.004494930349717285,-0.004081972630072733,0.6085173584111901,0.19127512592328713,-1.7406869477672595,0.017816564009638436,0.027262307110237333,0.04607633954486498,0.022163274669470188,0.2283762098015718,-0.008225447062495183,-0.024874501514109675,-0.008199539615985584,0.0,0.0,0.6148990956314165,0.22071996018125606,-1.9308616610504141,0.08251918200000574,0.02989025700000525,0.012639356000008206,0.0005035410000076013,0.012632269000008023,1.8815141630000056,0.08038072100000448,0.01266479500000628,3.0711789956466016e-05,0.0009835458018692374,0.008576902979790017,-1.8348182661629215e-05,0.0002294933371502965,0,lidar_dropout,lidar_dropout_001
48.6,0.37505659461021423,1.8765370715097343,0.9944444444444445,0.20072676400000233,4.981896684190995,0.0,0.0,0.0,0.6148961162802716,0.2207120766121385,-1.9310607958724666,3.3121266364399914e-05,-4.4607050832576844e-05,-0.0009797355623198459,-0.0008985496951284388,-0.024726053098613605,0.012056555882240867,0.004206278872119258,-0.0043380821421138615,0.6085173584111901,0.19127512592328713,-1.7406869477672595,0.017816564009638436,0.027262307110237333,0.04607633954486498,0.022163274669470188,0.2283762098015718,-0.008225447062495183,-0.024874501514109675,-0.008199539615985584,0.0,0.0,0.6148961162802716,0.2207120766121385,-1.9310607958724666,0.08179241799999915,0.07978710500000119,0.007788042000001383,0.004749451000002125,0.0077782230000025265,2.0815141630000014,0.07570069399999824,0.007810190000000716,3.3121266364399914e-05,0.0009797355623198459,0.008544361014233118,-1.8247183259891386e-05,8.118586719140712e-05,0,lidar_dropout,lidar_dropout_001
48.800000000000004,0.3731140196323395,1.8731854825212968,0.9944444444444445,0.19966225399999615,5.008457933165571,0.0,0.0,0.0,0.6148930439392573,0.2207041397541679,-1.9312590341182239,9.593363320747381e-06,-4.2349574826860343e-05,-0.0009749878987204085,-0.0012927511418377028,-0.06115355592501207,0.034887200757845835,0.003747908040178261,-0.004757647060871338,0.6085173584111901,0.19127512592328713,-1.7406869477672595,0.017816564009638436,0.027262307110237333,0.04607633954486498,0.022163274669470188,0.2283762098015718,-0.008225447062495183,-0.024874501514109675,-0.008199539615985584,0.0,0.0,0.6148930439392573,0.2207041397541679,-1.9312590341182239,0.08213016400000583,0.27978710500000403,0.004078661000001205,6.756000000507356e-05,0.004040049000003876,2.281514163000004,0.07131294300000235,0.004043519000006768,9.593363320747381e-06,0.0009749878987204085,0.008505555101049599,-1.783122367177016e-05,0.0003177632431172943,0,lidar_dropout,lidar_dropout_001
49.0,0.36481568217277527,1.8746740349344702,0.9944444444444445,0.20044004400000404,4.989023051701086,0.0,0.0,0.0,0.6148907843852145,0.22069738322382668,-1.931423819384691,1.3989086789097308e-05,-4.574570355770878e-05,-0.0009726137564596888,-0.001098553512989608,-0.07254162942506232,-0.0032751438087542358,0.0036672517141753142,-0.004816989189205222,0.6085173584111901,0.19127512592328713,-1.7406869477672595,0.017816564009638436,0.027262307110237333,0.04607633954486498,0.022163274669470188,0.2283762098015718,-0.008225447062495183,-0.024874501514109675,-0.008199539615985584,0.0,0.0,0.6148907843852145,0.22069738322382668,-1.931423819384691,0.08169011999999753,0.47978710499999977,0.034108473999999944,0.004771402000002922,0.03406923099999659,2.481514163,0.06740163799999976,0.034074400000001503,1.3989086789097308e-05,0.0009726137564596888,0.008484240903380536,-1.7665111861276807e-05,0.00012593975652991916,0,lidar_dropout,lidar_dropout_001
49.2,0.3713419735431671,1.8734524313298018,0.9944444444444445,0.20042676199999931,4.9893536672513,0.0,0.0,0.0,0.6148877713062973,0.22068939409856533,-1.9316205925841052,7.503027096159819e-06,-4.0402844902142184e-05,-0.0009674246733110833,-0.0012785112846119624,-0.05153838094427479,-0.01888991761995696,0.003714176644807052,-0.004725275259686747,0.6085173584111901,0.19127512592328713,-1.7406869477672595,0.017816564009638436,0.027262307110237333,0.04607633954486498,0.022163274669470188,0.2283762098015718,-0.008225447062495183,-0.024874501514109675,-0.008199539615985584,0.0,0.0,0.6148877713062973,0.22068939409856533,-1.9316205925841052,0.08126335800000106,0.6797871050000026,0.02863595500000571,0.003908572000000277,0.028627689000003897,2.681514163000003,0.06252350000000462,0.02868373500000132,7.503027096159819e-06,0.0009674246733110833,0.0084394519044938,-1.7550507009813093e-05,0.0003110866113008792,0,lidar_dropout,lidar_dropout_001
49.400000000000006,0.37808454036712646,1.8701179513718162,0.9944444444444445,0.20087286100000057,4.978273296958703,0.0,0.0,0.0,0.6148846956365459,0.22068152672446373,-1.9318165263827245,7.029729075770938e-06,-4.708943768324999e-05,-0.0009639531684507959,-0.0007429699119603069,-0.07493422835080267,0.0027469367144284463,0.0036981406846208673,-0.004711465356478797,0.6085173584111901,0.19127512592328713,-1.7406869477672595,0.017816564009638436,0.027262307110237333,0.04607633954486498,0.022163274669470188,0.2283762098015718,-0.008225447062495183,-0.024874501514109675,-0.008199539615985584,0.0,0.0,0.6148846956365459,0.22068152672446373,-1.9318165263827245,0.08039049700000334,0.8797871050000055,0.02429492600000316,0.003019103000006851,0.024280984000007777,2.8815141630000056,0.05826635400000413,0.024305537000003596,7.029729075770938e-06,0.0009639531684507959,0.008409606041099664,-1.7423661718975996e-05,0.000220983256490489,0,lidar_dropout,lidar_dropout_001
49.6,0.363482266664505,1.8706972966147535,0.9944444444444445,0.2006958849999947,4.982663197105543,0.0,0.0,0.0,0.6148820370258385,0.2206734054772669,-1.9320118825653154,3.030429740278343e-05,-4.659829173793737e-05,-0.0009605940129487794,-0.0010711988236870354,-0.08807181254069212,0.012289197459658284,0.004019022696718794,-0.004359009624719936,0.6085173584111901,0.19127512592328713,-1.7406869477672595,0.017816564009638436,0.027262307110237333,0.04607633954486498,0.022163274669470188,0.2283762098015718,-0.008225447062495183,-0.024874501514109675,-0.008199539615985584,0.0,0.0,0.6148820370258385,0.2206734054772669,-1.9320118825653154,0.07969461200000438,1.0797871050000012,0.01991390799999948,0.0027891260000032503,0.019849221000001194,3.0815141630000014,0.05355194599999891,0.01985837899999865,3.030429740278343e-05,0.0009605940129487794,0.00837803232143873,-1.75189586169651e-05,0.00011060481073825608,0,lidar_dropout,lidar_dropout_001
49.800000000000004,0.37487179040908813,1.870646229835862,0.9944444444444445,0.19925302000000045,5.018744508866153,0.0,0.0,0.0,0.6148789557919044,0.22066545337819682,-1.9322061816234912,1.8628352539971572e-05,-4.723297920845063e-05,-0.0009555570704570862,-0.0005404708435873854,-0.03742218079479715,0.009927785481052411,0.004397613057213317,-0.0039361998988244285,0.6085173584111901,0.19127512592328713,-1.7406869477672595,0.017816564009638436,0.027262307110237333,0.04607633954486498,0.022163274669470188,0.2283762098015718,-0.008225447062495183,-0.024874501514109675,-0.008199539615985584,0.0,0.0,0.6148789557919044,0.22066545337819682,-1.9322061816234912,0.08044159200000678,1.279787105000004,0.015949679000001993,0.0030577400000026955,0.01591215300000215,3.281514163000004,0.04937349200000085,0.01592613400000431,1.8628352539971572e-05,0.0009555570704570862,0.008333812956037745,-1.7309884070872044e-05,0.0004150862268697008,0,lidar_dropout,lidar_dropout_001
50.0,0.3606788218021393,1.869618357060342,0.9944444444444445,0.20064984900000127,4.983806391999795,0.0,0.0,0.0,0.6148759661760873,0.2206573614307363,-1.9323997457469264,2.284395432113019e-05,-4.4060765960854335e-05,-0.0009514046518019787,-0.000846956885712265,-0.051226823248245526,-0.003251828460057801,0.0043747270249336456,-0.0039228659405547185,0.6085173584111901,0.19127512592328713,-1.7406869477672595,0.017816564009638436,0.027262307110237333,0.04607633954486498,0.022163274669470188,0.2283762098015718,-0.008225447062495183,-0.024874501514109675,-0.008199539615985584,0.0,0.0,0.6148759661760873,0.2206573614307363,-1.9323997457469264,0.07979174300000125,1.4797871049999998,0.011859588000000088,0.0030278320000007852,0.011855056999998226,3.481514163,0.07927011000000306,0.011873035999997228,2.284395432113019e-05,0.0009514046518019787,0.008297592965488364,-1.716146764533647e-05,0.00010444776608971372,0,lidar_dropout,lidar_dropout_001
50.2,0.389608234167099,1.871149765629342,0.9944444444444445,0.1999861080000045,5.000347324125022,0.0,0.0,0.0,0.6148730407269782,0.2206493551175762,-1.932592534734908,3.1070055271755406e-05,-4.76264157491147e-05,-0.0009481538561979197,-0.0008822980022976355,-0.06726935462990531,0.004408824920305876,0.004341456331558991,-0.003927502414216083,0.6103241744648495,0.17860174310976185,-1.9560404912338107,0.017173555988366618,0.028924055673208555,0.04697848697905703,0.012801531790763142,0.21535354346655122,-0.009584547257823609,-0.027570248487056113,-0.02352404135375874,0.003018974177281357,0.015324501737773156,0.6148730407269782,0.2206493551175762,-1.932592534734908,0.0798056349999996,1.6797871050000026,0.007857791000006387,0.0030026579999997693,0.007832802000002914,0.07345646899999991,0.07347887000000242,0.007835947000003785,3.1070055271755406e-05,0.0009481538561979197,0.008268958745775074,-1.7051080223411633e-05,6.585585390028422e-05,0,lidar_dropout,lidar_dropout_001
50.400000000000006,0.3761087656021118,1.8710741791145762,0.9944444444444445,0.1999356539999937,5.001609167717688,0.0,0.0,0.0,0.6148701542033804,0.22064141454244446,-1.9327845163481185,3.0837868429309993e-05,-4.7436615637083885e-05,-0.0009442929442278218,-0.0008757903005379893,-0.03775867584231454,-0.017443370112661588,0.004324619385602663,-0.003910671887467319,0.6103241744648495,0.17860174310976185,-1.9560404912338107,0.017173555988366618,0.028924055673208555,0.04697848697905703,0.012801531790763142,0.21535354346655122,-0.009584547257823609,-0.027570248487056113,-0.02352404135375874,0.0,0.0,0.6148701542033804,0.22064141454244446,-1.9327845163481185,0.07986998100000875,1.8797871050000055,0.004003157000006752,0.0030402450000082126,0.003979958000002171,0.27345646900000276,0.07136207000000638,0.003985002000007398,3.0837868429309993e-05,0.0009442929442278218,0.008235291273069982,-1.6912167455272525e-05,6.850264368983246e-05,0,lidar_dropout,lidar_dropout_001
50.6,0.37913045287132263,1.8712476084851686,0.9944444444444445,0.20037847300000067,4.990556046407224,0.0,0.0,0.0,0.6148675774857956,0.22063479956174661,-1.9329437972720385,1.5602498664728058e-05,-4.881910835092154e-05,-0.0009404769169275365,-0.000844096314550169,-0.06546582098478847,-0.0075484365271908304,0.004335066141906594,-0.003867702783468633,0.6103241744648495,0.17860174310976185,-1.9560404912338107,0.017173555988366618,0.028924055673208555,0.04697848697905703,0.012801531790763142,0.21535354346655122,-0.009584547257823609,-0.027570248487056113,-0.02352404135375874,0.0,0.0,0.6148675774857956,0.22063479956174661,-1.9329437972720385,0.07949150800000382,2.079787105000001,0.033636016999999185,0.0027008160000008274,0.03363183799999803,0.4734564689999985,0.06701656999999983,0.03365197600000158,1.5602498664728058e-05,0.0009404769169275365,0.008202768925375227,-1.6766747383572763e-05,9.638060237736746e-05,0,lidar_dropout,lidar_dropout_001
50.800000000000004,0.3905591368675232,1.8707006873365222,0.9944444444444445,0.20039520299999936,4.990139409674408,0.0,0.0,0.0,0.6148646788165983,0.22062680749545985,-1.9331343050256442,1.5358331159005726e-05,-4.8405236930757127e-05,-0.0009366859769796658,-0.000886162848864179,-0.05621195175795164,-0.0059922392501720835,0.004318421518246048,-0.0038513152415152567,0.6103241744648495,0.17860174310976185,-1.9560404912338107,0.017173555988366618,0.028924055673208555,0.04697848697905703,0.012801531790763142,0.21535354346655122,-0.009584547257823609,-0.027570248487056113,-0.02352404135375874,0.0,0.0,0.6148646788165983,0.22062680749545985,-1.9331343050256442,0.0790963050000073,2.279787105000004,0.028782284000001823,0.0017703690000061556,0.02877868600000255,0.6734564690000013,0.0623465840000037,0.028797941000007654,1.5358331159005726e-05,0.0009366859769796658,0.008169736759761305,-1.663160261250846e-05,5.052312811548677e-05,0,lidar_dropout,lidar_dropout_001
51.0,0.36716610193252563,1.869721514302925,0.9944444444444445,0.20037521700000127,4.990637140520195,0.0,0.0,0.0,0.6148617071138089,0.22061882335136987,-1.9333239735880323,1.9765818561448094e-05,-4.579050834791776e-05,-0.0009326107951437791,-0.0007406609444904973,-0.07400686549601733,-0.01021557032626202,0.004297076869576724,-0.00383693365351292,0.6103241744648495,0.17860174310976185,-1.9560404912338107,0.017173555988366618,0.028924055673208555,0.04697848697905703,0.012801531790763142,0.21535354346655122,-0.009584547257823609,-0.027570248487056113,-0.02352404135375874,0.0,0.0,0.6148617071138089,0.22061882335136987,-1.9333239735880323,0.07872108800000177,2.4797871049999998,0.024127630000002398,0.0011225599999988845,0.024113161999999022,0.8734564689999971,0.05858409900000083,0.02417378199999831,1.9765818561448094e-05,0.0009326107951437791,0.008134010523089645,-1.6487598852610882e-05,0.00019194985065328182,0,lidar_dropout,lidar_dropout_001
51.2,0.3801068663597107,1.8706224800488136,0.9944444444444445,0.20096569900000105,4.9759735366580875,0.0,0.0,0.0,0.614858771076463,0.22061076314798764,-1.9335129041273287,1.4902195895568512e-05,-4.364943533733653e-05,-0.0009285754653778935,-0.0011514311093274699,-0.024569989780470834,-0.016776774476810207,0.004282534301916174,-0.003816500664007692,0.6103241744648495,0.17860174310976185,-1.9560404912338107,0.017173555988366618,0.028924055673208555,0.04697848697905703,0.012801531790763142,0.21535354346655122,-0.009584547257823609,-0.027570248487056113,-0.02352404135375874,0.0,0.0,0.614858771076463,0.22061076314798764,-1.9335129041273287,0.07775538900000356,2.6797871050000026,0.020107362000004514,0.0009757570000061833,0.020071698000002414,1.073456469,0.053343845000000556,0.020076050000000123,1.4902195895568512e-05,0.0009285754653778935,0.008099034965923867,-1.6344295006898794e-05,0.00022285564394957638,0,lidar_dropout,lidar_dropout_001
51.400000000000006,0.36782583594322205,1.8695695799822247,0.9944444444444445,0.19919793300000066,5.020132412719346,0.0,0.0,0.0,0.6148557837663049,0.22060282269037662,-1.933701009693136,1.4517487193753058e-05,-4.744400976168017e-05,-0.0009246861689284845,-0.0010714092766419185,-0.028590508797422955,-0.016749974791113308,0.004266346844978347,-0.0037988477597092306,0.6103241744648495,0.17860174310976185,-1.9560404912338107,0.017173555988366618,0.028924055673208555,0.04697848697905703,0.012801531790763142,0.21535354346655122,-0.009584547257823609,-0.027570248487056113,-0.02352404135375874,0.0,0.0,0.6148557837663049,0.22060282269037662,-1.933701009693136,0.07855745600000574,2.8797871050000055,0.01596972000000818,0.0011690870000080622,0.01596504300000845,1.2734564690000028,0.049975878000005025,0.01600846700000602,1.4517487193753058e-05,0.0009246861689284845,0.008065194604687577,-1.6207202154188536e-05,0.00014672310771343406,0,lidar_dropout,lidar_dropout_001
51.6,0.36287224292755127,1.871025508176015,0.9944444444444445,0.20049414999999726,4.987676697798982,0.0,0.0,0.0,0.614852792222672,0.22059486022821778,-1.9338883020073931,1.8907119108649532e-05,-4.4840340616355445e-05,-0.0009208121184838466,-0.0008098064737942874,-0.06688265579904534,-0.0042062679252019754,0.004246077791641486,-0.003785310455586553,0.6103241744648495,0.17860174310976185,-1.9560404912338107,0.017173555988366618,0.028924055673208555,0.04697848697905703,0.012801531790763142,0.21535354346655122,-0.009584547257823609,-0.027570248487056113,-0.02352404135375874,0.0,0.0,0.614852792222672,0.22059486022821778,-1.9338883020073931,0.07806330600000422,3.079787105000001,0.011988360000003695,0.0008703940000032162,0.011944542000001945,1.4734564689999985,0.04538200600000408,0.011948739000004593,1.8907119108649532e-05,0.0009208121184838466,0.008031388247228039,-1.6072722659934377e-05,0.00011100564468955918,0,lidar_dropout,lidar_dropout_001
51.800000000000004,0.37808167934417725,1.8718040933489133,0.9944444444444445,0.19990105600000163,5.002474824345059,0.0,0.0,0.0,0.6148497141561019,0.22058688513365107,-1.9340748056193002,1.1340426108815336e-05,-5.184359877016534e-05,-0.0009172073024398201,-0.0010480632579628656,-0.07141049571143393,0.0054762726794541595,0.004052576349923296,-0.003948536230963751,0.6103241744648495,0.17860174310976185,-1.9560404912338107,0.017173555988366618,0.028924055673208555,0.04697848697905703,0.012801531790763142,0.21535354346655122,-0.009584547257823609,-0.027570248487056113,-0.02352404135375874,0.0,0.0,0.6148497141561019,0.22058688513365107,-1.9340748056193002,0.07816225000000543,3.279787105000004,0.007899426000001597,0.000809398000001238,0.007892495000007216,1.6734564690000013,0.07563561900000337,0.007930562000005636,1.1340426108815336e-05,0.0009172073024398201,0.008001112580887046,-1.6001744546418962e-05,0.0001308559555230455,0,lidar_dropout,lidar_dropout_001
52.0,0.3772263824939728,1.8705581457421767,0.9944444444444445,0.20041578800000082,4.989626865124997,0.21999999999999997,0.0,0.17948717948717968,0.612452616872161,0.21420984447980151,-1.92584860724484,0.10176227940822456,-0.00010586882189673325,0.12147895408342539,0.12251577158670822,5.7702266841135526,0.10565632298433651,2.5601440570393055,3.6171985704659004,0.6103241744648495,0.17860174310976185,-1.9560404912338107,0.017173555988366618,0.028924055673208555,0.04697848697905703,0.012801531790763142,0.21535354346655122,-0.009584547257823609,-0.027570248487056113,-0.02352404135375874,0.0,0.0,0.612452616872161,0.21420984447980151,-1.92584860724484,0.07774646200000035,0.030448630999998727,0.0034972520000025042,0.0004023549999985221,0.0034877249999993865,1.873456468999997,0.07121269999999669,0.0035138599999982034,0.11823772059177541,0.05800822540375429,1.057054513426595,9.260549423309346,0.0010368175032828275,1,lidar_dropout,lidar_dropout_001
52.2,0.3627704083919525,1.8771421622100979,0.9972222222222222,0.20086833500000267,4.9783854682719735,0.20842105263157892,0.0,0.12820512820512842,0.6016459542684889,0.18394997722147607,-1.9019578471184955,0.21978099307173096,-0.0001448392119555164,0.16867680930727882,0.17273149751342193,-0.08615356488280816,0.07229843422666221,5.931718288098236,7.401889383510876,0.6103241744648495,0.17860174310976185,-1.9560404912338107,0.017173555988366618,0.028924055673208555,0.04697848697905703,0.012801531790763142,0.21535354346655122,-0.009584547257823609,-0.027570248487056113,-0.02352404135375874,0.0,0.0,0.6016459542684889,0.18394997722147607,-1.9019578471184955,0.07687812700000052,0.03037918900000136,0.032905181000003836,0.0043277360000004705,0.03284670400000067,2.073456469,0.06588973100000572,0.03293333300000256,0.011359940440152039,0.04047168110215041,1.4701710954126401,43.905922622651644,0.004054688206143103,1,lidar_dropout,lidar_dropout_001
52.400000000000006,0.3759091794490814,1.8906058002677228,1.0,0.2009425930000006,4.976545714227928,0.20842105263157892,0.0,0.23076923076923095,0.588024832447243,0.14207222210331186,-1.8660600636525317,0.21964131468406817,-0.00016560019084158745,0.21913890933711908,0.2266224989392312,-0.054410690511175856,0.03231354859191959,5.711436571595315,7.621900710497619,0.6103241744648495,0.17860174310976185,-1.9560404912338107,0.017173555988366618,0.028924055673208555,0.04697848697905703,0.012801531790763142,0.21535354346655122,-0.009584547257823609,-0.027570248487056113,-0.02352404135375874,0.0,0.0,0.588024832447243,0.14207222210331186,-1.8660600636525317,0.07593553400000275,0.030197172000008266,0.02790578500000862,0.003735332000005087,0.027902418000003593,2.2734564690000028,0.061386127000005786,0.027917450000003896,0.011220262052489244,0.011630321432111873,1.910464138902304,43.53200246300442,0.007483589602112123,1,lidar_dropout,lidar_dropout_001
52.6,0.37817153334617615,1.9039006228248279,1.0,0.20040507499999904,4.989893594261546,0.21999999999999997,0.0,0.23076923076923095,0.5769004687037729,0.10231264292288045,-1.81930621765679,0.19645649073836102,-0.00014746154623962449,0.22938887267185487,0.23295842486586082,-0.07320315814452735,0.03810413698059473,4.963893953375122,6.966243275885911,0.6103241744648495,0.17860174310976185,-1.9560404912338107,0.017173555988366618,0.028924055673208555,0.04697848697905703,0.012801531790763142,0.21535354346655122,-0.009584547257823609,-0.027570248487056113,-0.02352404135375874,0.0,0.0,0.5769004687037729,0.10231264292288045,-1.81930621765679,0.07553045899999944,0.030463678000003824,0.023737691000000893,0.0038348320000025637,0.02367403299999893,2.4734564689999985,0.05751573700000279,0.023694941999998775,0.02354350926163895,0.0013803580973760776,2.0023493225107893,34.57969287491017,0.003569552194005954,1,lidar_dropout,lidar_dropout_001
52.800000000000004,0.3658842146396637,1.915933529370361,1.0,0.1996831999999955,5.007932565183363,0.21999999999999997,0.0,0.23076923076923095,0.5671212388072823,0.059812233429609035,-1.77524034725893,0.20812926993512082,-0.00015880528935008353,0.18336986287435406,0.19900401589514277,-0.1244285629802446,0.03177708495993735,5.5148483377006015,7.116689013919703,0.6103241744648495,0.17860174310976185,-1.9560404912338107,0.017173555988366618,0.028924055673208555,0.04697848697905703,0.012801531790763142,0.21535354346655122,-0.009584547257823609,-0.027570248487056113,-0.02352404135375874,0.0,0.0,0.5671212388072823,0.059812233429609035,-1.77524034725893,0.07584725900000677,0.03038870100000679,0.01987507900000196,0.003951147000002209,0.019863954000001627,2.6734564690000013,0.053529760000003535,0.01989344500000101,0.011870730064879154,0.04739936789487689,1.6018406762191013,39.24746057834721,0.015634153020788716,1,lidar_dropout,lidar_dropout_001
53.0,0.37008512020111084,1.9027731772098275,1.0,0.200077720000003,4.998057754756426,0.21999999999999997,0.0,0.17948717948717968,0.5591526768337395,0.01691910690794927,-1.7332383876028787,0.20810150837910876,-0.00010466951888938453,0.1829157906826654,0.18311942437199297,0.01707049401344051,0.03519352130093592,5.516946307842,7.11477314437927,0.6103241744648495,0.17860174310976185,-1.9560404912338107,0.017173555988366618,0.028924055673208555,0.04697848697905703,0.012801531790763142,0.21535354346655122,-0.009584547257823609,-0.027570248487056113,-0.02352404135375874,0.0,0.0,0.5591526768337395,0.01691910690794927,-1.7332383876028787,0.0757695389999995,0.030394207999997036,0.01599970400000217,0.0037895290000022896,0.01594271900000166,2.873456468999997,0.04888701499999826,0.015969603000002053,0.01189849162089121,0.003428611195485709,1.59782683653727,39.251821430016626,0.00020363368932757586,1,lidar_dropout,lidar_dropout_001
53.2,0.3759855031967163,1.905811709910631,1.0,0.1997661569999991,5.005852918319916,0.19684210526315787,0.0,0.17948717948717968,0.5528712913282963,-0.026262643539503184,-1.6963467076199263,0.20799502106634038,-0.0001666945812347012,0.17918956003192021,0.1805182919026928,-0.4623184262688379,-0.00843164574804764,5.527248774360971,7.090760103507123,0.5477884067601941,-0.042978218947967516,-1.72749799289017,0.014191718800921016,0.031635168891179566,0.05135675328593976,0.2302355355454831,0.22854249834364082,-0.006513360985737149,-0.01938511919642651,-0.01946434386507428,0.008742341026417065,0.0040596974886844585,0.5528712913282963,-0.026262643539503184,-1.6963467076199263,0.07600338200000323,0.030430487000003836,0.011584499000001358,0.0035039660000037998,0.011577340000002323,0.04192623800000206,0.04188347300000572,0.011593143000006023,0.011152915803182506,0.000297619455259468,1.5635113291461522,39.19239509139742,0.0013287318707725926,1,lidar_dropout,lidar_dropout_001
53.400000000000006,0.3749633729457855,1.8946429774992997,1.0,0.20085700199999934,4.978666364840013,0.20842105263157892,0.0,0.02564102564102587,0.5482958144196995,-0.06828559323737446,-1.6691429464517813,0.21996484415243864,-1.4130398532929966e-05,0.031880181359268026,0.02687151453928576,-2.2112370177634073,-0.008449348690120598,6.526933151009116,6.806332495654917,0.5477884067601941,-0.042978218947967516,-1.72749799289017,0.014191718800921016,0.031635168891179566,0.05135675328593976,0.2302355355454831,0.22854249834364082,-0.006513360985737149,-0.01938511919642651,-0.01946434386507428,0.0,0.0,0.5482958144196995,-0.06828559323737446,-1.6691429464517813,0.07514638000000673,0.030583386000003543,0.006720207000007861,0.002750373000004913,0.006695983000007288,0.2419262380000049,0.07448411700000435,0.006758167000008086,0.011543791520859714,0.006239155718242156,0.2793993446458014,44.42447720268069,0.0050086668199822645,1,lidar_dropout,lidar_dropout_001
53.6,0.36903586983680725,1.8987702036069498,1.0,0.20027475100000203,4.9931406480689615,0.20842105263157892,0.0,0.12820512820512842,0.5441155812906212,-0.11177862774917183,-1.659668932207642,0.21976002802310118,-3.639229369313546e-05,0.1210609789356721,0.12114725664153904,-0.06575489785007706,0.02696952157469374,6.139243916498984,7.193369958362197,0.5477884067601941,-0.042978218947967516,-1.72749799289017,0.014191718800921016,0.031635168891179566,0.05135675328593976,0.2302355355454831,0.22854249834364082,-0.006513360985737149,-0.01938511919642651,-0.01946434386507428,0.0,0.0,0.5441155812906212,-0.11177862774917183,-1.659668932207642,0.07487162900000044,0.030487438000001532,0.0028059290000044257,0.002503719000003457,0.0027989499999989675,0.44192623800000064,0.07003335299999947,0.002818879000002994,0.01133897539152226,0.007144149269456321,1.0541260418632135,44.16185275600167,8.627770586694394e-05,1,lidar_dropout,lidar_dropout_001
53.800000000000004,0.3908317983150482,1.892756364411778,1.0,0.2005179049999981,4.987085816600814,0.20842105263157892,0.0,0.12820512820512842,0.5413218098901568,-0.14785752206315267,-1.6364535491579202,0.21974908259889006,-4.255950755907047e-05,0.13576143645381333,0.13205053817442436,-0.09305988726747369,-0.002619834770521138,6.0732863537098085,7.259811941119654,0.5477884067601941,-0.042978218947967516,-1.72749799289017,0.014191718800921016,0.031635168891179566,0.05135675328593976,0.2302355355454831,0.22854249834364082,-0.006513360985737149,-0.01938511919642651,-0.01946434386507428,0.0,0.0,0.5413218098901568,-0.14785752206315267,-1.6364535491579202,0.07435372400000517,0.03064180900000224,0.032313422000001424,0.002093603000005828,0.032305058000005715,0.6419262380000035,0.06590583900000269,0.03233264800000768,0.011328029967311137,0.007556308248684918,1.1865255874098457,44.09091679250151,0.0037108982793889744,1,lidar_dropout,lidar_dropout_001
54.0,0.3977682888507843,1.9079316048158539,1.0,0.20044771700000297,4.988832075348532,0.21999999999999997,0.0,0.0,0.539040465571616,-0.19185213419386293,-1.6088394947264597,0.21974604834119363,-5.3035837644184805e-05,0.13036046974773796,0.07557076522318648,-0.07231452828477267,0.023627394714510627,6.0965849267662025,7.234818149434399,0.5477884067601941,-0.042978218947967516,-1.72749799289017,0.014191718800921016,0.031635168891179566,0.05135675328593976,0.2302355355454831,0.22854249834364082,-0.006513360985737149,-0.01938511919642651,-0.01946434386507428,0.0,0.0,0.539040465571616,-0.19185213419386293,-1.6088394947264597,0.07390600699999794,0.030557434000002104,0.027896368999996923,0.001619710999996471,0.027843582999999228,0.8419262379999992,0.06142645199999919,0.02785295500000018,0.00025395165880634507,0.13036046974773796,1.1382332226681964,44.10768327773631,0.05478970452455148,1,lidar_dropout,lidar_dropout_001
54.2,0.40042582154273987,1.9111693666213088,1.0,0.2002748449999956,4.9931383045135895,0.21999999999999997,0.0,-0.02564102564102541,0.5375615496774457,-0.23554800928707126,-1.6047688137600982,0.20849274024931883,-2.270520928738043e-06,-0.021725736605795385,-0.025400758324782835,-0.05570384213946715,0.019921015336678453,6.410263830291682,6.221328775928936,0.5477884067601941,-0.042978218947967516,-1.72749799289017,0.014191718800921016,0.031635168891179566,0.05135675328593976,0.2302355355454831,0.22854249834364082,-0.006513360985737149,-0.01938511919642651,-0.01946434386507428,0.0,0.0,0.5375615496774457,-0.23554800928707126,-1.6047688137600982,0.07363116200000519,0.03061426100000375,0.023943131000002893,0.0018400850000048763,0.023916199000005633,1.041926238000002,0.05736516000000336,0.02395853400000192,0.011507259750681148,0.003915289035230026,0.18893505436274616,39.880358828690085,0.00367502171898745,1,lidar_dropout,lidar_dropout_001
54.400000000000006,0.41439753770828247,1.9060758249627219,1.0,0.1999700940000011,5.0007477618127965,0.21999999999999997,0.0,-0.02564102564102541,0.5359642944422166,-0.2792470973301317,-1.6100444045417397,0.20848786668501443,-9.551974954464387e-06,-0.025114155985057604,-0.02737382335447799,-0.09369448196905654,-0.017669460082285163,6.425703885890376,6.206270509326635,0.5227038242044524,-0.29845635119848396,-1.6410065296438208,0.019752379732804526,0.03228568970555305,0.060016852422084786,0.25670666594424113,0.08649146324634915,-0.0047496914610633085,-0.013490754009610643,-0.03239988230598945,0.006152566224577359,0.012935538440915165,0.5359642944422166,-0.2792470973301317,-1.6100444045417397,0.07366106800000694,0.03051688800000818,0.019808841000006794,0.0013982240000061097,0.01978122800000648,0.05085326700000792,0.05087817200000444,0.01978431100000222,0.011512133314985545,0.0005268696559678071,0.21943337656374062,39.879656528667,0.0022596673694203866,1,lidar_dropout,lidar_dropout_001
54.6,0.4269697368144989,1.9005434350834953,1.0,0.20098633399999954,4.975462660063257,0.20842105263157892,0.0,0.12820512820512842,0.5341765814008693,-0.32408883379448045,-1.6040552967059085,0.21974714102288953,-4.005147880320036e-05,0.13143811739197456,0.1474069541704258,-0.06494831823176121,0.017887319889888093,6.092151527998764,7.239860849110611,0.5227038242044524,-0.29845635119848396,-1.6410065296438208,0.019752379732804526,0.03228568970555305,0.060016852422084786,0.25670666594424113,0.08649146324634915,-0.0047496914610633085,-0.013490754009610643,-0.03239988230598945,0.0,0.0,0.5341765814008693,-0.32408883379448045,-1.6040552967059085,0.07267473400000313,0.030614486000004604,0.01465766999999829,0.0008470520000045667,0.01464838300000082,0.25085326700000365,0.04822582300000278,0.01468778200000287,0.011326088391310607,0.0032329891868461413,1.1477093211118472,44.10632933440764,0.015968836778451234,1,lidar_dropout,lidar_dropout_001
54.800000000000004,0.4426857829093933,1.892743689732419,1.0,0.19948191000000293,5.012985889296855,0.20842105263157892,0.0,0.07692307692307715,0.5333594425009549,-0.36773529018812323,-1.5774444150390237,0.21984034354943685,-4.849669567640914e-05,0.08723101169970372,0.09021010832789154,-2.3053855277609685,0.017722219892134235,6.283768740616772,7.047808423664422,0.5227038242044524,-0.29845635119848396,-1.6410065296438208,0.019752379732804526,0.03228568970555305,0.060016852422084786,0.25670666594424113,0.08649146324634915,-0.0047496914610633085,-0.013490754009610643,-0.03239988230598945,0.0,0.0,0.5333594425009549,-0.36773529018812323,-1.5774444150390237,0.07319282400000304,0.03072688000000312,0.010845272000004513,0.0048732750000013425,0.010783207000002903,0.4508532670000065,0.044475349000002495,0.010790752000005455,0.011419290917857927,0.010307934776626573,0.7640396830476499,44.28679826247806,0.0029790966281878217,1,lidar_dropout,lidar_dropout_001
55.0,0.46729776263237,1.9053633081416288,1.0,0.20106568399999958,4.9734991078835815,0.20842105263157892,0.0,0.07692307692307715,0.5334863772668924,-0.41140858824069027,-1.5588580655226363,0.21986267535699774,-3.266396629724626e-05,0.08062611377174886,0.0812586115417185,-1.1849226021613402,0.004275731661456265,6.314250005284632,7.019153056365196,0.5227038242044524,-0.29845635119848396,-1.6410065296438208,0.019752379732804526,0.03228568970555305,0.060016852422084786,0.25670666594424113,0.08649146324634915,-0.0047496914610633085,-0.013490754009610643,-0.03239988230598945,0.0,0.0,0.5334863772668924,-0.41140858824069027,-1.5588580655226363,0.0721271399999992,0.030860556999996902,0.005677777999999023,0.004848510000002193,0.005611526000002698,0.6508532670000022,0.03957502699999793,0.005622082999998668,0.01144162272541882,0.003703036848671709,0.7049030510805645,44.32068722324758,0.0006324977699696394,1,lidar_dropout,lidar_dropout_001
55.2,0.4930337965488434,1.9019633702105947,1.0,0.20005128799999738,4.9987181287231355,0.20842105263157892,0.0,0.02564102564102587,0.5343727370002251,-0.45508120625572,-1.5444425657689942,0.21995289188746997,-1.842012915202404e-05,0.03251478574755564,0.03306029472942688,-0.04770962727355417,-0.014463202981474195,6.5232400169085345,6.809020743031427,0.5227038242044524,-0.29845635119848396,-1.6410065296438208,0.019752379732804526,0.03228568970555305,0.060016852422084786,0.25670666594424113,0.08649146324634915,-0.0047496914610633085,-0.013490754009610643,-0.03239988230598945,0.0,0.0,0.5343727370002251,-0.45508120625572,-1.5444425657689942,0.07207585200000466,0.03072184000000533,0.001649064000005751,0.004899270999999317,0.0016454390000006924,0.8508532670000051,0.06921429400000534,0.001672060000004194,0.011531839255891047,0.006873760106529771,0.2857807261228924,44.41687658690289,0.0005455089818712372,1,lidar_dropout,lidar_dropout_001
55.400000000000006,0.5068051815032959,1.9108122514353858,1.0,0.20038618200000258,4.990364056140294,0.21999999999999997,0.0,0.02564102564102587,0.5354340830607188,-0.4912844683878043,-1.538660882302399,0.2199673176523721,-2.196101935119949e-05,0.03044969264886187,0.02756313634563916,-0.07635583379423733,0.009583974260284676,6.533138740496914,6.800352796037394,0.5227038242044524,-0.29845635119848396,-1.6410065296438208,0.019752379732804526,0.03228568970555305,0.060016852422084786,0.25670666594424113,0.08649146324634915,-0.0047496914610633085,-0.013490754009610643,-0.03239988230598945,0.0,0.0,0.5354340830607188,-0.4912844683878043,-1.538660882302399,0.07168967000000492,0.030927537000003724,0.03200192300000282,0.004644690000006335,0.031780639000004385,1.050853267000008,0.06532949900000773,0.03198521500000595,3.268234762787703e-05,0.004808667007836002,0.2672140555404807,44.427648300838406,0.0028865563032227093,1,lidar_dropout,lidar_dropout_001
55.6,0.5357982516288757,1.9220969850818317,1.0,0.20013552700000048,4.996614119391194,0.21999999999999997,0.0,0.0,0.5369474958045507,-0.5349703698716681,-1.5344302437937953,0.20844064287024444,-1.4430649377551036e-05,0.003429259482649933,0.009176494604845336,-0.05202271068106671,-0.00796240935583819,6.300029579836992,6.33110413633939,0.5104883354687678,-0.5487900211131503,-1.5801246087976306,0.03898761202394724,0.037179190218558866,0.07860531171956774,0.25063153125254767,0.06088192084619015,-0.0017424909491221914,0.0007344312203279767,-0.045343175212707774,0.014539571855631884,0.012943292906718327,0.5369474958045507,-0.5349703698716681,-1.5344302437937953,0.07155414300000018,0.030782766000001516,0.027936691000000735,0.0048370129999995015,0.0279329319999988,0.05675421899999833,0.056765007000002754,0.02795535700000329,0.011559357129755532,0.003429259482649933,0.03107455650239821,39.886143331966494,0.005747235122195403,1,lidar_dropout,lidar_dropout_001
55.800000000000004,0.5689795613288879,1.9220143559915441,0.9972222222222222,0.20014006499999937,4.996500825559356,0.21999999999999997,0.0,0.0,0.5385628734687572,-0.5786501604095855,-1.5333539935355598,0.20843340032888194,-1.1504422379154944e-05,0.0009394134541425798,0.005772440696445036,-0.08973503892101473,-0.006919749359535633,6.31158201850797,6.320306268535909,0.5104883354687678,-0.5487900211131503,-1.5801246087976306,0.03898761202394724,0.037179190218558866,0.07860531171956774,0.25063153125254767,0.06088192084619015,-0.0017424909491221914,0.0007344312203279767,-0.045343175212707774,0.0,0.0,0.5385628734687572,-0.5786501604095855,-1.5333539935355598,0.07141407800000366,0.030934190000003525,0.023599167000007526,0.004381288000004702,0.023590094000006445,0.25675421900000117,0.05673177200000623,0.02361535000000714,0.011566599671118033,0.0009394134541425798,0.008724250027938751,39.891131395954446,0.004833027242302457,1,lidar_dropout,lidar_dropout_001
56.0,0.6084840893745422,1.9091551846780486,0.9972222222222222,0.20031711099999683,4.992084775024615,0.19684210526315787,0.0,0.0,0.5402188492193893,-0.6223290684050458,-1.5325123744931368,0.2084504064837771,-8.63039198076461e-06,0.0006917486819462133,0.004311515390471838,-0.01708339210031647,0.01465961151078055,6.312405321161464,6.318897829378357,0.5104883354687678,-0.5487900211131503,-1.5801246087976306,0.03898761202394724,0.037179190218558866,0.07860531171956774,0.25063153125254767,0.06088192084619015,-0.0017424909491221914,0.0007344312203279767,-0.045343175212707774,0.0,0.0,0.5402188492193893,-0.6223290684050458,-1.5325123744931368,0.07109696700000256,0.030830180999998902,0.019018911000003413,0.0038181870000002505,0.019011867999999765,0.4567542189999969,0.0526663580000033,0.0190396070000034,0.011608301220619233,0.0006917486819462133,0.006492508216893178,39.88744428204356,0.003619766708525625,1,lidar_dropout,lidar_dropout_001
56.2,0.578567624092102,1.8980511854342719,0.9916666666666667,0.20059840300000076,4.985084552243401,0.20842105263157892,0.0,0.0,0.541863393410236,-0.6648141962470543,-1.5317797012548569,0.22003239443424372,-1.255485234371266e-05,0.0005015381547968558,0.0031980041066383778,-0.04746691861789191,0.0016364949256606367,6.664311826500465,6.669102337616275,0.5104883354687678,-0.5487900211131503,-1.5801246087976306,0.03898761202394724,0.037179190218558866,0.07860531171956774,0.25063153125254767,0.06088192084619015,-0.0017424909491221914,0.0007344312203279767,-0.045343175212707774,0.0,0.0,0.541863393410236,-0.6648141962470543,-1.5317797012548569,0.07049856400000465,0.03091386800000606,0.01444421500000459,0.0032066650000004415,0.014421125000005475,0.6567542189999998,0.04793746200000015,0.014423644000004288,0.011611341802664793,0.0005015381547968558,0.00479051111580997,44.44497758071804,0.0026964659518415217,1,lidar_dropout,lidar_dropout_001
56.400000000000006,0.5472971200942993,1.8722043907911765,0.9833333333333333,0.200754749000005,4.981202213054372,0.20842105263157892,0.0,0.0,0.5435844253322755,-0.7084914228036031,-1.5311256129972928,0.22000891651463733,-1.0563304273236707e-05,0.00036709123461490227,0.0018485191357968597,-0.6663507352976998,-0.0074770635610898264,6.665031347674121,6.668622171275223,0.5104883354687678,-0.5487900211131503,-1.5801246087976306,0.03898761202394724,0.037179190218558866,0.07860531171956774,0.25063153125254767,0.06088192084619015,-0.0017424909491221914,0.0007344312203279767,-0.045343175212707774,0.0,0.0,0.5435844253322755,-0.7084914228036031,-1.5311256129972928,0.06974381500000248,0.03081205100000517,0.009704950000006818,0.002591447000007463,0.009694963000008272,0.8567542190000026,0.04304278800000816,0.009728225000003476,0.011587863883058408,0.00036709123461490227,0.0035908236011019667,44.446575817344026,0.0014814279011819574,1,lidar_dropout,lidar_dropout_001
56.6,0.5229300856590271,1.8725759888237172,0.9777777777777777,0.19993500699999345,5.001625353183061,0.20842105263157892,0.0,-0.02564102564102541,0.5453181316959056,-0.7521706608157557,-1.5321760473808324,0.22005258561070637,1.7947439907156637e-06,-0.02310066965571675,-0.02309078953642318,-2.029898513589762,-0.035330671696406996,6.767062293626776,6.566343072312547,0.5104883354687678,-0.5487900211131503,-1.5801246087976306,0.03898761202394724,0.037179190218558866,0.07860531171956774,0.25063153125254767,0.06088192084619015,-0.0017424909491221914,0.0007344312203279767,-0.045343175212707774,0.0,0.0,0.5453181316959056,-0.7521706608157557,-1.5321760473808324,0.06980880800000477,0.030916097000002196,0.005025887999998702,0.002075210000000993,0.0050177590000046735,1.0567542189999983,0.038962859999998045,0.005048084999998537,0.011631532979127446,0.002540355985308662,0.20071922131422948,44.434852611663636,9.880119293568385e-06,1,lidar_dropout,lidar_dropout_001
56.800000000000004,0.49734464287757874,1.8538121287311826,0.9722222222222222,0.20016038199999997,4.9959936627219275,0.21999999999999997,0.0,-0.02564102564102541,0.5468235237974677,-0.7935264410836135,-1.5368592291571472,0.19690060845633894,1.6870369077496422e-06,-0.025349563511933137,-0.02522224960660831,-0.07692022510563054,-0.006588548457477275,6.075098019415023,5.85411555628462,0.4978372748630541,-0.7942356205898717,-1.5910366134796121,0.06008053069343894,0.03687859088446144,0.09041947792173001,0.24577142152198367,0.010912004681981502,-0.004157605770750592,0.014903136677839476,-0.055810071754587784,0.01437306487647521,0.01046689654188001,0.5468235237974677,-0.7935264410836135,-1.5368592291571472,0.06964842600000765,0.030736908000001506,0.0007523560000066709,0.001680602000007525,0.0007456110000063632,0.06672077500000739,0.06673904900000593,0.0007726920000052928,0.02309939154366103,0.00029146212909227434,0.2209824631304027,35.56432582141137,0.00012731390532482595,1,lidar_dropout,lidar_dropout_001
57.0,0.47110918164253235,1.8466230258345604,0.9666666666666667,0.20005159500000502,4.998710457669557,0.21999999999999997,0.0,0.0,0.5479996766891256,-0.8301270403639106,-1.5399222902504852,0.2084540984297634,-1.445138847132061e-05,-0.0033471969124884513,-0.002150285473113798,-0.04860820678718305,-0.014512460201398897,6.330926424594627,6.300999649805836,0.4978372748630541,-0.7942356205898717,-1.5910366134796121,0.06008053069343894,0.03687859088446144,0.09041947792173001,0.24577142152198367,0.010912004681981502,-0.004157605770750592,0.014903136677839476,-0.055810071754587784,0.0,0.0,0.5479996766891256,-0.8301270403639106,-1.5399222902504852,0.06959683099999836,0.031076169000002096,0.03104553499999696,0.0017472380000000953,0.03080117999999743,0.26672077500000313,0.0647265329999982,0.030813825999999267,0.011545901570236577,0.0033471969124884513,0.029926774788791022,39.89116518431726,0.0011969114393746531,1,lidar_dropout,lidar_dropout_001
57.2,0.46002548933029175,1.816930725612283,0.9638888888888889,0.2005144680000015,4.98717129977869,0.19684210526315787,0.0,-0.02564102564102541,0.5493411572197855,-0.873425082042962,-1.5395898812252147,0.20842437374255204,-1.053084261790245e-05,0.0002751884944438009,-0.007979535451269178,-0.08319680389699494,0.008326938934997025,6.314245094424596,6.316937485228291,0.4978372748630541,-0.7942356205898717,-1.5910366134796121,0.06008053069343894,0.03687859088446144,0.09041947792173001,0.24577142152198367,0.010912004681981502,-0.004157605770750592,0.014903136677839476,-0.055810071754587784,0.0,0.0,0.5493411572197855,-0.873425082042962,-1.5395898812252147,0.0690823629999997,0.030953277000001833,0.02690210800000159,0.0017339370000044596,0.02689628899999974,0.46672077500000597,0.06040241600000229,0.026925817000005736,0.01158226847939417,0.025916214135469212,0.0026923908036948774,39.886691527889575,0.008254723945712979,1,lidar_dropout,lidar_dropout_001
57.400000000000006,0.42171531915664673,1.7915426590873618,0.9527777777777777,0.20018870799999888,4.995286747142629,0.20842105263157892,0.0,-0.02564102564102541,0.5505998071519317,-0.9159339352201407,-1.543415642187436,0.22004717647103011,3.0538654907531076e-06,-0.025332063621987703,-0.023326075935079488,-0.05191327781380006,0.01795539287455441,6.776707743299773,6.555829060386175,0.4978372748630541,-0.7942356205898717,-1.5910366134796121,0.06008053069343894,0.03687859088446144,0.09041947792173001,0.24577142152198367,0.010912004681981502,-0.004157605770750592,0.014903136677839476,-0.055810071754587784,0.0,0.0,0.5505998071519317,-0.9159339352201407,-1.543415642187436,0.06889365500000366,0.031030905000008602,0.02292937700000408,0.0019717670000076737,0.02289419800000303,0.6667207750000088,0.05612218300000649,0.02289789100000661,0.011626123839451191,0.00030896201903770834,0.22087868291359758,44.426937557268666,0.002005987686908215,1,lidar_dropout,lidar_dropout_001
57.6,0.4248829483985901,1.770859294233069,0.9416666666666667,0.19984631599999858,5.003845054616904,0.20842105263157892,0.0,0.0,0.5517030536218913,-0.9596408233451217,-1.5467081873689437,0.2200303859511121,-9.265941735079296e-06,-0.002076755388278606,0.0005469804196265995,-0.020718543778496874,-0.01349674654101581,6.675721584580398,6.657221474520135,0.4978372748630541,-0.7942356205898717,-1.5910366134796121,0.06008053069343894,0.03687859088446144,0.09041947792173001,0.24577142152198367,0.010912004681981502,-0.004157605770750592,0.014903136677839476,-0.055810071754587784,0.0,0.0,0.5517030536218913,-0.9596408233451217,-1.5467081873689437,0.06904733900000082,0.030988960999998483,0.01892157700000041,0.0016196999999991135,0.018908350000003793,0.8667207750000046,0.05226917099999895,0.018947754999999233,0.011609333319533177,0.002076755388278606,0.018500110060262642,44.441757090786204,0.0026237358079052053,1,lidar_dropout,lidar_dropout_001
57.800000000000004,0.41080525517463684,1.700399857252202,0.9138888888888889,0.19992577200000028,5.001856388980199,0.20842105263157892,0.0,-0.02564102564102541,0.5527617320093126,-1.0033420503762565,-1.5464069494145163,0.2200124428837236,-1.2565690216055289e-05,0.00021708922967959607,-0.004806142474962732,-0.05074618404144422,0.0064912482968281235,6.665768575397827,6.667886559165225,0.4978372748630541,-0.7942356205898717,-1.5910366134796121,0.06008053069343894,0.03687859088446144,0.09041947792173001,0.24577142152198367,0.010912004681981502,-0.004157605770750592,0.014903136677839476,-0.055810071754587784,0.0,0.0,0.5527617320093126,-1.0033420503762565,-1.5464069494145163,0.06912156700000338,0.03098240600000679,0.014799605000007432,0.001762632000001929,0.014789533000005406,1.0667207750000074,0.0481636060000028,0.014824477000004777,0.011591390252144673,0.025858114870705006,0.002117983767398357,44.44658869040111,0.0050232317046423275,1,lidar_dropout,lidar_dropout_001
58.0,0.4002746641635895,1.58950959585416,0.8666666666666667,0.20066915299999977,4.98332695907677,0.21999999999999997,0.0,-0.02564102564102541,0.5537586297543676,-1.04705229868959,-1.5502654408900804,0.22006207604684147,-3.4727428369933297e-06,-0.02526269486898795,-0.025506574993184438,-0.038871946062844026,0.000622789033381632,6.776226770514986,6.555919379115533,0.5034269823657399,-1.0307132850235015,-1.5846327170582328,0.07841521131601742,0.04083340182609785,0.0961492162178844,0.23654371817055292,0.006403896421379284,-0.012695376585922786,0.0224277673011447,-0.03579399937561307,0.011380404057395715,0.020016072378974716,0.5537586297543676,-1.04705229868959,-1.5502654408900804,0.06845241399999935,0.031021002000002795,0.00984657299999725,0.0008451280000016936,0.009836731999996573,0.04091064899999708,0.04093466700000192,0.009880529000000138,6.207604684149715e-05,0.0003783307720374614,0.22030739139945332,44.42439640210066,0.0002438801241964883,1,lidar_dropout,lidar_dropout_001
58.2,0.3870002031326294,1.555517499853177,0.8638888888888889,0.20034186200000192,4.991468033775139,0.21999999999999997,0.0,0.0,0.5545591522641485,-1.0907744340144234,-1.5537269558487583,0.20844413314957097,-5.40273732130064e-06,-0.0019563128892098034,-0.0010635423091009885,2.1913179103262177,-0.010132024534297094,6.324699251708299,6.307217499239239,0.5034269823657399,-1.0307132850235015,-1.5846327170582328,0.07841521131601742,0.04083340182609785,0.0961492162178844,0.23654371817055292,0.006403896421379284,-0.012695376585922786,0.0224277673011447,-0.03579399937561307,0.0,0.0,0.5545591522641485,-1.0907744340144234,-1.5537269558487583,0.06811055200000027,0.03110275400000262,0.005539863000002754,0.00016834000000187643,0.005526376000005939,0.24091064899999992,0.039058735000004674,0.005563843000004454,0.011555866850429003,0.0019563128892098034,0.017481752469060474,39.891253797799905,0.0008927705801088149,1,lidar_dropout,lidar_dropout_001
58.400000000000006,0.3832091987133026,1.5373886992725043,0.8666666666666667,0.20124881799999628,4.968973283609638,0.21999999999999997,0.0,-0.02564102564102541,0.555310840336836,-1.1344823976472898,-1.5534228353006043,0.20843896969779652,-5.056702120015584e-06,0.00035439416828179606,0.0004621419770610334,-0.06644594509642712,0.0032879415825959254,6.314298293791341,6.317595536483882,0.5034269823657399,-1.0307132850235015,-1.5846327170582328,0.07841521131601742,0.04083340182609785,0.0961492162178844,0.23654371817055292,0.006403896421379284,-0.012695376585922786,0.0224277673011447,-0.03579399937561307,0.0,0.0,0.555310840336836,-1.1344823976472898,-1.5534228353006043,0.06686173400000683,0.031031142000003342,0.00047720500000281163,0.004423929000004989,0.0004636940000040113,0.44091064900000276,0.03478093000000371,0.0005035170000056155,0.011561030302203457,0.025995419809307207,0.003297242692540614,39.89118271688397,0.00010774780877923732,1,lidar_dropout,lidar_dropout_001
58.6,0.3799835741519928,1.5115483420399518,0.8666666666666667,0.20042567699999836,4.989380677007808,0.21999999999999997,0.0,-0.02564102564102541,0.5559040522773935,-1.1711106994483271,-1.556450092374923,0.2085050581233955,-1.8280359969664178e-06,-0.024274314540773945,-0.023647765228314337,-0.056575595572874934,-0.0018641093729712043,6.421570002319781,6.210081931657639,0.5034269823657399,-1.0307132850235015,-1.5846327170582328,0.07841521131601742,0.04083340182609785,0.0961492162178844,0.23654371817055292,0.006403896421379284,-0.012695376585922786,0.0224277673011447,-0.03579399937561307,0.0,0.0,0.5559040522773935,-1.1711106994483271,-1.556450092374923,0.06643605700000421,0.031171815000000436,0.031038063000004,0.004659807000003013,0.03097805600000214,0.6409106489999985,0.06411609700000298,0.031012412999999128,0.011494941876604464,0.0013667111002514665,0.21148807066214204,39.87847584428077,0.0006265493124596073,1,lidar_dropout,lidar_dropout_001
58.800000000000004,0.3707245886325836,1.5118935858446454,0.875,0.1993446080000041,5.016438668860205,0.20842105263157892,0.0,-0.12820512820512797,0.5563808133351855,-1.216014160386877,-1.568046140009573,0.22024736702230438,2.753254217116661e-05,-0.11879594075051189,-0.12491007148968679,-0.05643730434970851,-0.03537501352416063,7.18423383663986,6.149628421321116,0.5034269823657399,-1.0307132850235015,-1.5846327170582328,0.07841521131601742,0.04083340182609785,0.0961492162178844,0.23654371817055292,0.006403896421379284,-0.012695376585922786,0.0224277673011447,-0.03579399937561307,0.0,0.0,0.5563808133351855,-1.216014160386877,-1.568046140009573,0.06709144900000297,0.031169910000002687,0.02695636200000706,0.004659592000002988,0.026927786000001674,0.8409106490000013,0.060377182000003415,0.026930862000007494,0.011826314390725456,0.00940918745461608,1.0346054153187447,44.18036858721732,0.006114130739174897,1,lidar_dropout,lidar_dropout_001
59.0,0.3882097005844116,1.5206223072303127,0.8861111111111111,0.2005794089999995,4.985556618127251,0.21999999999999997,0.0,-0.2307692307692305,0.5559328670251172,-1.2597756274395366,-1.5940609486832906,0.2202482805404239,2.1667793038616934e-05,-0.1275252950769346,-0.16517362069136804,-0.09871287883264514,-0.056659438875171456,7.222811802809224,6.109542071732791,0.5034269823657399,-1.0307132850235015,-1.5846327170582328,0.07841521131601742,0.04083340182609785,0.0961492162178844,0.23654371817055292,0.006403896421379284,-0.012695376585922786,0.0224277673011447,-0.03579399937561307,0.0,0.0,0.5559328670251172,-1.2597756274395366,-1.5940609486832906,0.06651203999999922,0.03127206799999982,0.021910042000001795,0.003964078999999288,0.021879046000002234,1.040910648999997,0.05562083400000262,0.021885079000000474,0.00024828054042391745,0.1032439356922959,1.113269731076433,44.128072585471116,0.03764832561443343,1,lidar_dropout,lidar_dropout_001
59.2,0.4019309878349304,1.5193953638275464,0.9,0.20058370799999636,4.9854497654416585,0.21999999999999997,0.0,-0.17948717948717924,0.5540375589654505,-1.3047022257407699,-1.6306679717527761,0.22028625993187356,3.0817527732986474e-05,-0.13521610570053647,-0.14661348337559812,-0.08380051163447357,-0.02584986978470901,7.257709796074151,6.0750807317926805,0.4985136795609395,-1.2831111174808236,-1.6531896394537993,0.0855008526291425,0.0412702863120451,0.0877710130497023,0.2524456503360795,0.06855692239556643,-0.01746606148016903,0.026631876553141493,-0.02970035437494949,0.006358771026142893,0.0060936450006635785,0.5540375589654505,-1.3047022257407699,-1.6306679717527761,0.0659283320000057,0.03108787400000068,0.017772155000002954,0.003509311000001958,0.01776934200000113,0.04869613900000047,0.048620665000001395,0.017781881000004773,0.0002862599318735892,0.04427107378664277,1.1826290642814703,44.09117293907306,0.01139737767506166,1,lidar_dropout,lidar_dropout_001
59.400000000000006,0.40306055545806885,1.5248544485014877,0.9083333333333333,0.20033548300000348,4.991626970045954,0.21999999999999997,0.0,-0.2307692307692305,0.550556422217178,-1.3495342722417831,-1.6707232127999794,0.22056382397421878,4.5729422040008405e-05,-0.266289909866014,-0.2580107486089495,-0.061184859722059504,-0.07187055275811975,7.827779410535835,5.506507698128394,0.4985136795609395,-1.2831111174808236,-1.6531896394537993,0.0855008526291425,0.0412702863120451,0.0877710130497023,0.2524456503360795,0.06855692239556643,-0.01746606148016903,0.026631876553141493,-0.02970035437494949,0.0,0.0,0.550556422217178,-1.3495342722417831,-1.6707232127999794,0.06559284900000506,0.031133610000004808,0.01402241200000276,0.003497798000005048,0.01401869400000777,0.2486961390000033,0.046981315000003576,0.014031851000005702,0.0005638239742188078,0.03552067909678347,2.321271712407441,43.10372758336652,0.00827916125706446,1,lidar_dropout,lidar_dropout_001
59.6,0.4294750988483429,1.515259459660046,0.9138888888888889,0.1996951189999976,5.007633661792265,0.21999999999999997,0.0,-0.28205128205128177,0.5451678700714226,-1.393012603618457,-1.7160195919879038,0.20876262699796633,0.00012094793224668582,-0.1852840567271225,-0.19868539628819354,1.1276405810252446,-0.1362778884057362,7.124785679496723,5.50596685645565,0.4985136795609395,-1.2831111174808236,-1.6531896394537993,0.0855008526291425,0.0412702863120451,0.0877710130497023,0.2524456503360795,0.06855692239556643,-0.01746606148016903,0.026631876553141493,-0.02970035437494949,0.0,0.0,0.5451678700714226,-1.393012603618457,-1.7160195919879038,0.06589773000000321,0.03117183100000176,0.00987348800000376,0.003914768999997875,0.009870454999997946,0.44869613899999905,0.04298845600000334,0.009884929999998349,0.011237373002033646,0.09676722532415927,1.6188188230410727,39.228833810658806,0.013401339561071035,1,lidar_dropout,lidar_dropout_001
59.800000000000004,0.441656231880188,1.5134970646932584,0.9083333333333333,0.20008310800000118,4.997923163008814,0.20842105263157892,0.0,-0.2307692307692305,0.5375575403159029,-1.4373304169280048,-1.7666455199956816,0.22045955006126827,2.0819866943161403e-05,-0.23363762941635371,-0.23569529366740546,-1.7053792628961812,-0.1163719207968211,7.686900261248697,5.646756839963191,0.4985136795609395,-1.2831111174808236,-1.6531896394537993,0.0855008526291425,0.0412702863120451,0.0877710130497023,0.2524456503360795,0.06855692239556643,-0.01746606148016903,0.026631876553141493,-0.02970035437494949,0.0,0.0,0.5375575403159029,-1.4373304169280048,-1.7666455199956816,0.06581462200000487,0.031134845000003963,0.005946198000003733,0.0038051450000011755,0.005909790000004023,0.6486961390000019,0.03928802400000109,0.005914273000001913,0.012038497429689349,0.0028683986471232104,2.0401434212855056,43.406056628320925,0.0020576642510517495,1,lidar_dropout,lidar_dropout_001
60.0,0.45429685711860657,1.4940916640547717,0.9111111111111111,0.1999328690000013,5.001678838510508,0.21999999999999997,0.0,-0.2307692307692305,0.527942161594651,-1.4800636838601302,-1.8175084090905569,0.22044252295107744,3.069213936403997e-05,-0.23698463063382927,-0.23747966012406255,-0.08171382156998738,-0.07036449515516122,7.701906597818545,5.631777201426041,0.4985136795609395,-1.2831111174808236,-1.6531896394537993,0.0855008526291425,0.0412702863120451,0.0877710130497023,0.2524456503360795,0.06855692239556643,-0.01746606148016903,0.026631876553141493,-0.02970035437494949,0.0,0.0,0.527942161594651,-1.4800636838601302,-1.8175084090905569,0.06588175299999932,0.03107886400000126,0.0017465589999972053,0.003896652000001666,0.001741696000003401,0.8486961389999976,0.03517057399999857,0.001767878000002554,0.00044252295107746753,0.006215399864598764,2.0701293963925043,43.37542198510729,0.0004950294902332786,1,lidar_dropout,lidar_dropout_001
60.2,0.45429685711860657,1.4940916640547717,0.9111111111111111,0.1999328690000013,5.001678838510508,0.19684210526315787,0.0,-0.2307692307692305,0.5182924338989515,-1.5154781561395791,-1.858194017464228,0.20887147232821499,4.152066973397983e-05,-0.24437057741840454,-0.237587202988303,-0.10531218294410596,-0.037051959909912606,7.3839072958574,5.247880907817363,0.45760522507655493,-1.5018841516295836,-1.8929451092018703,0.09872540013865341,0.039051243157044446,0.09204710351262259,0.22256491663996697,0.23975546974807105,0.0034114718994846457,0.027716702398301398,-0.043553352840221604,0.020905698915197272,0.013852998465272114,0.5182924338989515,-1.5154781561395791,-1.858194017464228,0.26588175300000216,0.03148448200000331,0.031867478000002336,0.00383264900000313,0.03182464300000021,0.0615896090000021,0.0615490180000009,0.03183333400000521,0.012029367065057112,0.013601346649174034,2.1360263880400367,38.74986612302338,0.006783374430101546,1,lidar_dropout,lidar_dropout_001
60.400000000000006,0.45429685711860657,1.4940916640547717,0.9111111111111111,0.1999328690000013,5.001678838510508,0.20842105263157892,0.0,-0.17948717948717924,0.5054991166846675,-1.555295610387293,-1.9011379653764828,0.20863778701253527,0.00013724615799989848,-0.13397093071057475,-0.1523599886204156,-0.02742141986938357,-0.03393028159079915,6.900052423998503,5.729369970041201,0.45760522507655493,-1.5018841516295836,-1.8929451092018703,0.09872540013865341,0.039051243157044446,0.09204710351262259,0.22256491663996697,0.23975546974807105,0.0034114718994846457,0.027716702398301398,-0.043553352840221604,0.0,0.0,0.5054991166846675,-1.555295610387293,-1.9011379653764828,0.465881753000005,0.031353696000003595,0.028003266000006022,0.003964474000007101,0.027973967000008315,0.26158960900000494,0.06152506300000482,0.027978709000002766,0.000216734380956346,0.045516248776604484,1.1706824539573013,39.53295314976702,0.018389057909840856,1,lidar_dropout,lidar_dropout_001
60.6,0.45429685711860657,1.4940916640547717,0.9111111111111111,0.1999328690000013,5.001678838510508,0.18526315789473682,0.0,-0.12820512820512797,0.49146000161661674,-1.5942594079585655,-1.9332375341466281,0.19714558206877691,5.766990154200402e-05,-0.16869033243120682,-0.1286359431781411,-0.09604236004710032,-0.013569082959331402,6.699993900468866,5.230112595620801,0.45760522507655493,-1.5018841516295836,-1.8929451092018703,0.09872540013865341,0.039051243157044446,0.09204710351262259,0.22256491663996697,0.23975546974807105,0.0034114718994846457,0.027716702398301398,-0.043553352840221604,0.0,0.0,0.49146000161661674,-1.5942594079585655,-1.9332375341466281,0.6658817530000007,0.03128577300000046,0.023752876000003198,0.0036856729999996674,0.023709807000003025,0.4615896090000007,0.057665032000002725,0.023790508000004706,0.01188242417404009,0.04048520422607885,1.469881304848065,35.04172248942475,0.04005438925306573,1,lidar_dropout,lidar_dropout_001
60.800000000000004,0.45429685711860657,1.4940916640547717,0.9111111111111111,0.1999328690000013,5.001678838510508,0.16210526315789472,0.0,-0.12820512820512797,0.47804745031655316,-1.6284166010988288,-1.9566625518950695,0.1739064818302153,2.9111816090270082e-05,-0.11942984630662207,-0.10452466154665464,-0.10774887198825911,-0.048992460181137475,5.783506287662501,4.743159176700168,0.45760522507655493,-1.5018841516295836,-1.8929451092018703,0.09872540013865341,0.039051243157044446,0.09204710351262259,0.22256491663996697,0.23975546974807105,0.0034114718994846457,0.027716702398301398,-0.043553352840221604,0.0,0.0,0.47804745031655316,-1.6284166010988288,-1.9566625518950695,0.8658817530000036,0.03131773000000493,0.018801428000003284,0.0029769900000076177,0.01879243200000502,0.6615896090000035,0.05256133500000715,0.018823829000005787,0.011801218672320563,0.008775281898505904,1.0403471109623332,27.432090921829513,0.014905184759967424,1,lidar_dropout,lidar_dropout_001
61.0,0.45429685711860657,1.4940916640547717,0.9111111111111111,0.1999328690000013,5.001678838510508,0.15052631578947367,0.0,-0.12820512820512797,0.46572550787886774,-1.6579124571996953,-1.9756849433638857,0.15065725193018709,-8.919464363203733e-06,-0.07554750304652105,-0.0870875605875909,-0.03568875867809501,-0.046929420980410044,4.891080689683715,4.232160987053033,0.45760522507655493,-1.5018841516295836,-1.8929451092018703,0.09872540013865341,0.039051243157044446,0.09204710351262259,0.22256491663996697,0.23975546974807105,0.0034114718994846457,0.027716702398301398,-0.043553352840221604,0.0,0.0,0.46572550787886774,-1.6579124571996953,-1.9756849433638857,1.0658817529999993,0.031396581000002755,0.01491344699999786,0.00245602599999728,0.014872502000002896,0.8615896089999993,0.04814633899999876,0.014877472999998531,0.0001309361407134113,0.05265762515860692,0.6589197026306826,20.69984087940786,0.011540057541069848,1,lidar_dropout,lidar_dropout_001
61.2,0.45429685711860657,1.4940916640547717,0.9111111111111111,0.1999328690000013,5.001678838510508,0.12736842105263158,0.0,-0.07692307692307669,0.453800161827933,-1.6849901522705084,-1.9966200151915192,0.13916333894332744,3.2846556781075675e-05,-0.11565341876125941,-0.09772552576706295,-0.4861258760731747,0.011335240291246999,4.714028523406932,3.7074210156246026,0.45760522507655493,-1.5018841516295836,-1.8929451092018703,0.09872540013865341,0.039051243157044446,0.09204710351262259,0.22256491663996697,0.23975546974807105,0.0034114718994846457,0.027716702398301398,-0.043553352840221604,0.0,0.0,0.453800161827933,-1.6849901522705084,-1.9966200151915192,1.2658817530000022,0.031485055000004536,0.009955163000000766,0.0019752840000037963,0.009952596000005087,1.061589609000002,0.04322889000000174,0.009960239000001536,0.011794917890695866,0.03873034183818272,1.0066075077823293,17.476888415932674,0.017927892994196462,1,lidar_dropout,lidar_dropout_001
61.400000000000006,0.45429685711860657,1.4940916640547717,0.9111111111111111,0.1999328690000013,5.001678838510508,0.11578947368421051,0.0,-0.07692307692307669,0.44286601334337067,-1.7086216548961586,-2.014335391790282,0.1275720059979901,1.3209484765804025e-05,-0.12205369930042727,-0.1093344272806972,-2.1047143179465873,-0.030725378145147544,4.3918032900147725,3.327926722192512,0.45760522507655493,-1.5018841516295836,-1.8929451092018703,0.09872540013865341,0.039051243157044446,0.09204710351262259,0.22256491663996697,0.23975546974807105,0.0034114718994846457,0.027716702398301398,-0.043553352840221604,0.0,0.0,0.44286601334337067,-1.7086216548961586,-2.014335391790282,1.465881753000005,0.03145644700000361,0.005702809000005971,0.001703552000002162,0.005692331000005879,1.261589609000005,0.03914281000000841,0.005724534000002279,0.011782532313779584,0.04513062237735058,1.0638765678222604,14.615599527453153,0.012719272019730068,1,lidar_dropout,lidar_dropout_001
61.6,0.45429685711860657,1.4940916640547717,0.9111111111111111,0.1999328690000013,5.001678838510508,0.10421052631578946,0.0,-0.07692307692307669,0.4325628136699716,-1.7299368246991054,-2.030837888794205,0.11600681093362977,1.1517655718260023e-06,-0.12139081729922456,-0.12123989929541018,-0.0339691567238099,-0.01875918953886191,4.037666912555292,2.979669762181789,0.45760522507655493,-1.5018841516295836,-1.8929451092018703,0.09872540013865341,0.039051243157044446,0.09204710351262259,0.22256491663996697,0.23975546974807105,0.0034114718994846457,0.027716702398301398,-0.043553352840221604,0.0,0.0,0.4325628136699716,-1.7299368246991054,-2.030837888794205,1.6658817530000007,0.031458822000004716,0.0013173900000040817,0.0012477249999989226,0.0012433830000020407,1.4615896090000007,0.03495962899999938,0.0012529620000023556,0.01179628461784031,0.04446774037614787,1.0579971503735033,12.030914009102906,0.00015091800381437925,1,lidar_dropout,lidar_dropout_001
61.800000000000004,0.45429685711860657,1.4940916640547717,0.9111111111111111,0.1999328690000013,5.001678838510508,0.09263157894736841,0.0,-0.07692307692307669,0.4246093713324355,-1.7458162752141266,-2.041852672991432,0.10440633193871154,3.780324209817776e-05,-0.11240110900629463,0.0018300530325124516,-0.07424068007760952,-0.06395346154924185,3.646944514796437,2.6693317889169395,0.45760522507655493,-1.5018841516295836,-1.8929451092018703,0.09872540013865341,0.039051243157044446,0.09204710351262259,0.22256491663996697,0.23975546974807105,0.0034114718994846457,0.027716702398301398,-0.043553352840221604,0.0,0.0,0.4246093713324355,-1.7458162752141266,-2.041852672991432,1.8658817530000036,0.03156052000000642,0.030994205000006048,0.0005915160000071751,0.030957549000007134,1.6615896090000035,0.030392743000007272,0.030962536000004093,0.011774752991343132,0.03547803208321794,0.9776127258794975,9.734904925762393,0.11423116203880708,1,lidar_dropout,lidar_dropout_001
62.0,0.45429685711860657,1.4940916640547717,0.9111111111111111,0.1999328690000013,5.001678838510508,0.08105263157894736,0.0,0.0,0.4159721243235254,-1.7626731290721316,-2.051848498891119,0.09284608289162168,2.699176203361381e-05,-0.12079868164098335,-0.09736990994444107,-0.04033140525735089,0.00915186236353899,3.333631539537822,2.2809165262078217,0.3419975099412003,-1.7211946531439664,-2.114379195116007,0.1276117486501581,0.03922288768359117,0.10253351868417628,0.24791579189980498,0.2214340859141366,0.04285732612726494,0.06231732756719034,-0.06684769392888307,0.052470741159595255,0.023294341088661463,0.4159721243235254,-1.7626731290721316,-2.051848498891119,2.0658817529999993,0.031472792000002414,0.02570408399999735,0.004595403999999803,0.02569598899999903,0.05524985099999924,0.05491131899999857,0.02572330499999964,0.011793451312674313,0.12079868164098335,1.0527150133300003,7.603735270819442,0.023428771696542283,1,lidar_dropout,lidar_dropout_001
62.2,0.45429685711860657,1.4940916640547717,0.9111111111111111,0.1999328690000013,5.001678838510508,0.10421052631578946,0.0,-0.02564102564102541,0.4071555688235499,-1.7793839226784716,-2.055421228260282,0.1041692069015889,-6.498961633918943e-05,0.025859865227154572,0.010763592918268847,-0.055333814753251664,-0.004459723133710531,3.044350379059689,3.2704070218025434,0.3419975099412003,-1.7211946531439664,-2.114379195116007,0.1276117486501581,0.03922288768359117,0.10253351868417628,0.24791579189980498,0.2214340859141366,0.04285732612726494,0.06231732756719034,-0.06684769392888307,0.0,0.0,0.4071555688235499,-1.7793839226784716,-2.055421228260282,2.265881753000002,0.03155353200000377,0.021531037000002584,0.004588715000004129,0.02152359100000467,0.2552498510000021,0.05521549800000258,0.021545092000003763,4.1319414200560733e-05,0.05150089086817998,0.2260566427428543,9.956264856504042,0.015096272308885725,1,lidar_dropout,lidar_dropout_001
62.400000000000006,0.45429685711860657,1.4940916640547717,0.9111111111111111,0.1999328690000013,5.001678838510508,0.09263157894736841,0.0,-0.02564102564102541,0.39781133470614743,-1.7971715027116129,-2.049641658451377,0.09252886083009314,-6.361078390365593e-05,0.07550808762976675,0.07376847379113718,-0.04259143474408687,-0.008123239431412368,2.4771876923384757,3.136333678301032,0.3419975099412003,-1.7211946531439664,-2.114379195116007,0.1276117486501581,0.03922288768359117,0.10253351868417628,0.24791579189980498,0.2214340859141366,0.04285732612726494,0.06231732756719034,-0.06684769392888307,0.0,0.0,0.39781133470614743,-1.7971715027116129,-2.049641658451377,2.465881753000005,0.03129704900000263,0.017916098000007707,0.004762010000007422,0.017905519000002812,0.4552498510000049,0.051484818000005816,0.017937501000005796,0.00010271811727527447,0.10114911327079217,0.6591459859625561,7.769287186953976,0.0017396138386295695,1,lidar_dropout,lidar_dropout_001
62.6,0.45429685711860657,1.4940916640547717,0.9111111111111111,0.1999328690000013,5.001678838510508,0.08105263157894736,0.0,-0.02564102564102541,0.3897188961306941,-1.8129354434451252,-2.0375158230595254,0.08089047053572877,-5.906835038602121e-05,0.12188271686413661,0.10775048719388984,-0.04950521766336409,0.01869794184314691,1.9244189810096963,2.987180691264155,0.3419975099412003,-1.7211946531439664,-2.114379195116007,0.1276117486501581,0.03922288768359117,0.10253351868417628,0.24791579189980498,0.2214340859141366,0.04285732612726494,0.06231732756719034,-0.06684769392888307,0.0,0.0,0.3897188961306941,-1.8129354434451252,-2.0375158230595254,2.6658817530000007,0.03139961100000477,0.01394581600000322,0.004613454000001127,0.01391467900000265,0.6552498510000007,0.04731372100000186,0.01391758900000184,0.00016216104321858937,0.14752374250516204,1.0627617102544589,5.748587221974406,0.014132229670246771,1,lidar_dropout,lidar_dropout_001
62.800000000000004,0.45429685711860657,1.4940916640547717,0.9111111111111111,0.1999328690000013,5.001678838510508,0.06947368421052631,0.0,0.07692307692307715,0.3823247152964792,-1.8277311657279471,-2.035422422678039,0.08110885353342114,-4.0761839138959977e-05,-0.025085402786411266,-0.01997523124300415,-2.2784815672475447,-0.006100282895383894,2.565027960486083,2.3464207186513644,0.3419975099412003,-1.7211946531439664,-2.114379195116007,0.1276117486501581,0.03922288768359117,0.10253351868417628,0.24791579189980498,0.2214340859141366,0.04285732612726494,0.06231732756719034,-0.06684769392888307,0.0,0.0,0.3823247152964792,-1.8277311657279471,-2.035422422678039,2.8658817530000036,0.031468313000004855,0.009822390000003622,0.0046687830000067265,0.009815555000002973,0.8552498510000035,0.043059388000003196,0.009835678000001735,0.011635169322894823,0.10200847970948841,0.21860724183471847,6.018634750404598,0.005110171543407115,1,lidar_dropout,lidar_dropout_001
63.0,0.45429685711860657,1.4940916640547717,0.9111111111111111,0.1999328690000013,5.001678838510508,0.06947368421052631,0.0,-0.07692307692307669,0.37600201105311065,-1.8404250090942509,-2.030196945883952,0.06952122376169638,-4.462190429582041e-06,-0.011034039775655346,-0.012074089170439381,-0.05866825422860574,0.007626039008048656,2.1519918172207,2.05902528552814,0.3419975099412003,-1.7211946531439664,-2.114379195116007,0.1276117486501581,0.03922288768359117,0.10253351868417628,0.24791579189980498,0.2214340859141366,0.04285732612726494,0.06231732756719034,-0.06684769392888307,0.0,0.0,0.37600201105311065,-1.8404250090942509,-2.030196945883952,3.0658817529999993,0.03160963900000269,0.006028712000002656,0.004827247999998008,0.006004943999997181,1.0552498509999992,0.03919604499999707,0.006008698999998785,4.753955117006714e-05,0.06588903714742135,0.0929665316925603,4.431005565907073,0.0010400493947840348,1,lidar_dropout,lidar_dropout_001
63.2,0.45429685711860657,1.4940916640547717,0.9111111111111111,0.1999328690000013,5.001678838510508,0.05789473684210526,0.0,-0.02564102564102541,0.37020667310011696,-1.8520676747349225,-2.0268596278320814,0.057694722414192774,-0.0001426211672531999,0.13909846893116964,0.14023077652288582,-0.06272526990892187,-0.0004758306629847322,1.1463719590290946,2.362720904597875,0.3419975099412003,-1.7211946531439664,-2.114379195116007,0.1276117486501581,0.03922288768359117,0.10253351868417628,0.24791579189980498,0.2214340859141366,0.04285732612726494,0.06231732756719034,-0.06684769392888307,0.0,0.0,0.37020667310011696,-1.8520676747349225,-2.0268596278320814,3.265881753000002,0.03144066900000553,0.0017857660000046849,0.004598242000000141,0.0017769520000001648,1.255249851000002,0.034877180000002284,0.0018190930000017147,0.00020001442791248852,0.16473949457219506,1.2163489455687806,2.708556992042861,0.0011323075917161751,1,lidar_dropout,lidar_dropout_001
63.400000000000006,0.45429685711860657,1.4940916640547717,0.9111111111111111,0.1999328690000013,5.001678838510508,0.05789473684210526,0.0,-0.07692307692307669,0.3659132320310099,-1.8609255415706945,-2.023916120912022,0.05804952773355576,1.6659555421520006e-05,-0.07279963762218772,-0.07547069501024206,-0.05748311860114865,-0.00011246985734895444,2.0717448686777966,1.4375693128182316,0.3419975099412003,-1.7211946531439664,-2.114379195116007,0.1276117486501581,0.03922288768359117,0.10253351868417628,0.24791579189980498,0.2214340859141366,0.04285732612726494,0.06231732756719034,-0.06684769392888307,0.0,0.0,0.3659132320310099,-1.8609255415706945,-2.023916120912022,3.465881753000005,0.03172942900000919,0.030772687000002463,0.003775150000002725,0.030765343000005885,1.455249851000005,0.030261245000005488,0.03078860800000882,0.00015479089145049862,0.004123439300888973,0.634175555859565,2.9782768471998375,0.002671057388054343,1,lidar_dropout,lidar_dropout_001
63.6,0.45429685711860657,1.4940916640547717,0.9111111111111111,0.1999328690000013,5.001678838510508,0.04631578947368421,0.0,0.01948717948717968,0.36119218314619145,-1.870488689035619,-2.0285214558676574,0.04608263468918797,-0.0003065598538402915,0.1600786547752956,0.14602304269666105,-0.0772212938119476,0.023587618691212744,0.7145662171924037,2.0914383521978874,0.3419975099412003,-1.7211946531439664,-2.114379195116007,0.1276117486501581,0.03922288768359117,0.10253351868417628,0.24791579189980498,0.2214340859141366,0.04285732612726494,0.06231732756719034,-0.06684769392888307,0.0,0.0,0.36119218314619145,-1.870488689035619,-2.0285214558676574,3.6658817530000007,0.03176778800000335,0.02652185699999876,0.003317422000002068,0.026515424999999482,1.6552498510000007,0.06010807500000226,0.026543402999998023,0.00023315478449624505,0.1405914752881159,1.3768721350054838,1.4944711918211584,0.014055612078634538,1,lidar_dropout,lidar_dropout_001
63.800000000000004,0.45429685711860657,1.4940916640547717,0.9111111111111111,0.1999328690000013,5.001678838510508,0.04631578947368421,0.0,-0.07692307692307669,0.35706655322466535,-1.8789940914193517,-2.0259098702145457,0.04645127244402694,-1.0613671989002232e-05,-0.07753418488264018,-0.0774754973727294,-0.05510372287806882,0.005555608877509277,1.7421236611383049,1.065419054664283,0.3419975099412003,-1.7211946531439664,-2.114379195116007,0.1276117486501581,0.03922288768359117,0.10253351868417628,0.24791579189980498,0.2214340859141366,0.04285732612726494,0.06231732756719034,-0.06684769392888307,0.0,0.0,0.35706655322466535,-1.8789940914193517,-2.0259098702145457,3.8658817530000036,0.03181456500000479,0.02126491100000294,0.0025674390000034464,0.021259275000005573,1.8552498510000035,0.05532025700000531,0.02129040400000548,0.00013548297034272905,0.0006111079595634838,0.6767046064740219,1.8560917441582525,5.8687509910781976e-05,1,lidar_dropout,lidar_dropout_001
64.0,0.45429685711860657,1.4940916640547717,0.9111111111111111,0.1999328690000013,5.001678838510508,0.04631578947368421,0.0,-0.02564102564102541,0.35284298707629036,-1.8874773301902716,-2.0386569597166475,0.046372688455599706,-8.576914017031922e-07,-0.03249403192499623,-0.030822680999846776,-0.07544357092982247,0.005529521857385712,1.545268227878186,1.260460478820236,0.3419975099412003,-1.7211946531439664,-2.114379195116007,0.1276117486501581,0.03922288768359117,0.10253351868417628,0.24791579189980498,0.2214340859141366,0.04285732612726494,0.06231732756719034,-0.06684769392888307,0.0,0.0,0.35284298707629036,-1.8874773301902716,-2.0386569597166475,4.065881752999999,0.03192277699999835,0.018155706999998245,0.002805917999999963,0.01810351999999682,2.0552498509999992,0.05162369100000319,0.01812873699999784,5.689898191549303e-05,0.006853006283970821,0.2848077490579499,1.9477495304170358,0.0016713509251494556,1,lidar_dropout,lidar_dropout_001
64.2,0.45429685711860657,1.4940916640547717,0.9111111111111111,0.1999328690000013,5.001678838510508,0.04631578947368421,0.0,-0.02564102564102541,0.3485511341737006,-1.8959139853448275,-2.0443564143851,0.046382122924014425,-3.211525259413581e-05,-0.02670387089528045,-0.02662123057907954,-0.036735277346299416,0.003913663238521932,1.5197530592496873,1.2866852042817276,0.3419975099412003,-1.7211946531439664,-2.114379195116007,0.1276117486501581,0.03922288768359117,0.10253351868417628,0.24791579189980498,0.2214340859141366,0.04285732612726494,0.06231732756719034,-0.06684769392888307,0.0,0.0,0.3485511341737006,-1.8959139853448275,-2.0443564143851,4.265881753000002,0.03185802800000204,0.012888231000005135,0.0016458580000033862,0.012880246999998235,2.255249851000002,0.04707127800000421,0.012905963000008569,6.633345033021237e-05,0.0010628452542550404,0.23306785496795968,1.9554437754984644,8.264031620091108e-05,1,lidar_dropout,lidar_dropout_001
64.4,0.45429685711860657,1.4940916640547717,0.9111111111111111,0.1999328690000013,5.001678838510508,0.03473684210526316,0.0,0.0,0.34474681091086234,-1.9032913511290488,-2.0507832755540925,0.03477230693140351,-9.002058427478622e-05,-0.004566256544933847,-0.003735756250758227,-0.0561837832833498,0.01624664989129016,1.0755270746238441,1.029782918673003,0.3419975099412003,-1.7211946531439664,-2.114379195116007,0.1276117486501581,0.03922288768359117,0.10253351868417628,0.24791579189980498,0.2214340859141366,0.04285732612726494,0.06231732756719034,-0.06684769392888307,0.0,0.0,0.34474681091086234,-1.9032913511290488,-2.0507832755540925,4.465881753000005,0.03176505900000848,0.008927017000004867,0.0018206149999997479,0.008915741000009803,2.455249851000005,0.04237022400000967,0.008957459000001222,3.5464826140349515e-05,0.004566256544933847,0.04574415595084114,1.1075594100179789,0.0008305002941756197,1,lidar_dropout,lidar_dropout_001
64.60000000000001,0.45429685711860657,1.4940916640547717,0.9111111111111111,0.1999328690000013,5.001678838510508,0.03473684210526316,0.0,-0.02564102564102541,0.3414659780983493,-1.9095851379399533,-2.0526832586480794,0.0347931193579278,-3.316451172030374e-05,-0.023690314482343468,-0.02397667413529283,-0.09939486977962962,-0.02862645081177203,1.1559528303297208,0.9498216820672759,0.3419975099412003,-1.7211946531439664,-2.114379195116007,0.1276117486501581,0.03922288768359117,0.10253351868417628,0.24791579189980498,0.2214340859141366,0.04285732612726494,0.06231732756719034,-0.06684769392888307,0.0,0.0,0.3414659780983493,-1.9095851379399533,-2.0526832586480794,4.665881753000008,0.03160278200000732,0.004990680000005909,0.001780049000004169,0.004943638000014516,2.6552498510000078,0.038174461000011206,0.004946659000012232,5.627725266463962e-05,0.0019507111586819434,0.20613114826244494,1.0979490616942038,0.00028635965294936117,1,lidar_dropout,lidar_dropout_001
64.8,0.45429685711860657,1.4940916640547717,0.9111111111111111,0.1999328690000013,5.001678838510508,0.03473684210526316,0.0,-0.02564102564102541,0.338159370655796,-1.9158718083027566,-2.0579763796715014,0.034805740614506496,-4.182970634655607e-05,-0.026569873312941267,-0.026531552582216417,-0.05170848366226867,-0.015092152671029976,1.168794392375536,0.9369207009346308,0.3419975099412003,-1.7211946531439664,-2.114379195116007,0.1276117486501581,0.03922288768359117,0.10253351868417628,0.24791579189980498,0.2214340859141366,0.04285732612726494,0.06231732756719034,-0.06684769392888307,0.0,0.0,0.338159370655796,-1.9158718083027566,-2.0579763796715014,4.8658817529999965,0.03180771200000265,0.0009762589999979809,0.001794078999992621,0.0009411999999997533,2.8552498509999964,0.03438833699999577,0.0009595420000039212,6.88985092433328e-05,0.0009288476719158563,0.2318736914409052,1.095067661352953,3.8320730724850094e-05,1,lidar_dropout,lidar_dropout_001
65.0,0.45429685711860657,1.4940916640547717,0.9111111111111111,0.1999328690000013,5.001678838510508,0.03473684210526316,0.0,-0.02564102564102541,0.33537809943953256,-1.9210967139931536,-2.0624967614921337,0.034802478269511904,-3.6410835103800956e-05,-0.026602053159752042,-0.026559230110469567,-0.033250434178871774,0.012857655930128567,1.168437178086095,0.9362743138788873,0.3419975099412003,-1.7211946531439664,-2.114379195116007,0.1276117486501581,0.03922288768359117,0.10253351868417628,0.24791579189980498,0.2214340859141366,0.04285732612726494,0.06231732756719034,-0.06684769392888307,0.0,0.0,0.33537809943953256,-1.9210967139931536,-2.0624967614921337,5.065881752999999,0.031754253000002564,0.029822774999999524,0.0008696520000057717,0.029811311000003116,3.0552498509999992,0.029618658999993386,0.029851926999995726,6.563616424874047e-05,0.0009610275187266308,0.23216286420720766,1.0939777172231417,4.2823049282474795e-05,1,lidar_dropout,lidar_dropout_001
65.2,0.45429685711860657,1.4940916640547717,0.9111111111111111,0.1999328690000013,5.001678838510508,0.0,0.0,-0.16,0.3325664807694112,-1.92632210684082,-2.0658578766984617,0.023189707001973307,-4.186757278255501e-05,-0.0017910892524864116,-0.04031122446949702,-0.09785796541291131,-0.0027899259449785125,0.709642303517285,0.6939023408067523,0.3419975099412003,-1.7211946531439664,-2.114379195116007,0.1276117486501581,0.03922288768359117,0.10253351868417628,0.24791579189980498,0.2214340859141366,0.04285732612726494,0.06231732756719034,-0.06684769392888307,0.0,0.0,0.3325664807694112,-1.92632210684082,-2.0658578766984617,5.265881753000002,0.03178947600000015,0.025979218000003357,0.0005153369999959523,0.02597069000000829,3.255249851000002,0.025330315000005044,0.026012401000002683,0.023189707001973307,0.1582089107475136,0.015739962710532684,0.49242245554613984,0.03852013521701061,1,lidar_dropout,lidar_dropout_001
65.4,0.45429685711860657,1.4940916640547717,0.9111111111111111,0.1999328690000013,5.001678838510508,0.0,0.0,-0.7435897435897434,0.33242662621103625,-1.9266079984226228,-2.1236733318864793,0.0009321344723763888,0.0003729502534164392,-0.6239648993585966,-0.7230084608009821,-0.0231777201692681,0.0021290229736863177,2.707189113859749,-2.7067491757320945,0.3419975099412003,-1.7211946531439664,-2.114379195116007,0.1276117486501581,0.03922288768359117,0.10253351868417628,0.24791579189980498,0.2214340859141366,0.04285732612726494,0.06231732756719034,-0.06684769392888307,0.0,0.0,0.33242662621103625,-1.9266079984226228,-2.1236733318864793,5.465881753000005,0.03189595500001019,0.0217775429999989,0.000580937000009385,0.021770197999998686,3.455249851000005,0.05511084700000879,0.02180054200000825,0.0009321344723763888,0.11962484423114683,5.413938289591844,-7.327681902490775,0.09904356144238557,1,lidar_dropout,lidar_dropout_001
65.60000000000001,0.45429685711860657,1.4940916640547717,0.9111111111111111,0.1999328690000013,5.001678838510508,0.0,0.0,-0.6923076923076921,0.33227612474041995,-1.9268673510648116,-2.2744641767031117,0.0022784816090657984,0.00010396487659034047,-0.7343678095030689,-0.71272007514451,-0.08396258894782317,-0.002601505897934212,3.208048339470776,-3.203188618815785,0.3419975099412003,-1.7211946531439664,-2.114379195116007,0.1276117486501581,0.03922288768359117,0.10253351868417628,0.24791579189980498,0.2214340859141366,0.04285732612726494,0.06231732756719034,-0.06684769392888307,0.0,0.0,0.33227612474041995,-1.9268673510648116,-2.2744641767031117,5.665881753000008,0.03182833400001073,0.017926277000015034,0.0007136910000156149,0.017915501000004497,3.6552498510000078,0.05159499600000572,0.017953158000011626,0.0022784816090657984,0.042060117195376834,6.411236958286562,-10.275983929603669,0.021647734358558934,1,lidar_dropout,lidar_dropout_001
65.8,0.45429685711860657,1.4940916640547717,0.9111111111111111,0.1999328690000013,5.001678838510508,0.0,0.0,-0.6410256410256407,0.33199984159558416,-1.9271974571072235,-2.411886071313258,0.0019790176961974656,0.00017072346766150957,-0.6362877155287241,-0.635662580692559,-0.07905061962917637,-0.002556610743711926,2.779240382869159,-2.7748759978064146,0.2709589075521835,-1.8828012130372,-2.4442504702991354,0.15295144410096262,0.044321196970185994,0.10995378335504606,0.17653091295835455,0.32987127518312853,0.05719248971454401,0.060967745055100116,-0.06114055280885151,0.014398551594899799,0.00570714112003156,0.33199984159558416,-1.9271974571072235,-2.411886071313258,5.8658817529999965,0.031955365000001734,0.013209815999999819,0.004765421999991304,0.013145135999991453,0.04251146599999345,0.04248149100000376,0.013154017999994494,0.0019790176961974656,0.004737925496916651,5.554116380675573,-7.71204743055794,0.0006251348361651088,1,lidar_dropout,lidar_dropout_001
66.0,0.45429685711860657,1.4940916640547717,0.9111111111111111,0.1999328690000013,5.001678838510508,0.0,0.0,-0.5384615384615381,0.33176717515513143,-1.9274031971452814,-2.5382186916212923,0.0008444460445994014,-0.00016766953501331757,-0.5903459413837273,-0.5867063036033785,-0.08036035789738126,-0.023498790605872216,2.5765987227148015,-2.5768704598200114,0.2709589075521835,-1.8828012130372,-2.4442504702991354,0.15295144410096262,0.044321196970185994,0.10995378335504606,0.17653091295835455,0.32987127518312853,0.05719248971454401,0.060967745055100116,-0.06114055280885151,0.0,0.0,0.33176717515513143,-1.9274031971452814,-2.5382186916212923,6.065881752999999,0.03201291999999967,0.008874234999993291,0.0048292080000038595,0.008867455000000746,0.2425114659999963,0.0422241659999969,0.008889973999998801,0.0008444460445994014,0.05188440292218921,5.153469182534813,-6.639561135373745,0.0036396377803488145,1,lidar_dropout,lidar_dropout_001
66.2,0.45429685711860657,1.4940916640547717,0.9111111111111111,0.1999328690000013,5.001678838510508,0.0,0.0,-0.48717948717948684,0.3316073926495672,-1.9274711257590487,-2.6498683210672955,0.0008555313689576783,-0.00019551092926361685,-0.5346514477315275,-0.534585149043656,-0.04912521638130478,-8.879836619694561e-05,2.3336263494773153,-2.3329087259813406,0.26033023570381614,-1.8927814257375828,-2.670979831452563,0.14653554032025784,0.03695636087668763,0.10527153471814607,0.014579894060148643,0.22672936115342732,0.024384992411098354,0.048691769356037584,-0.04950303508352451,0.03502900881668747,0.011637517725327,0.3316073926495672,-1.9274711257590487,-2.6498683210672955,6.265881753000002,0.03191731500000117,0.005026166000007493,0.005042521999996552,0.004997070000001713,0.035336905999997725,0.03529679900000815,0.0050007429999965325,0.0008555313689576783,0.04747196055204067,4.666535075458656,-5.444137273875611,6.629868787155768e-05,1,lidar_dropout,lidar_dropout_001
66.4,0.45429685711860657,1.4940916640547717,0.9111111111111111,0.1999328690000013,5.001678838510508,0.0,0.0,-0.43589743589743557,0.3314450204174973,-1.9275176008194697,-2.7507715500909136,0.0008148971170596548,-0.0001798469142934404,-0.48338039908985686,-0.48320156600656067,-0.027006735141616025,-0.007405288265878656,2.110065637038839,-2.1089687248803957,0.26033023570381614,-1.8927814257375828,-2.670979831452563,0.14653554032025784,0.03695636087668763,0.10527153471814607,0.014579894060148643,0.22672936115342732,0.024384992411098354,0.048691769356037584,-0.04950303508352451,0.0,0.0,0.3314450204174973,-1.9275176008194697,-2.7507715500909136,6.465881753000005,0.03200873800000181,0.0008714720000000398,0.004898668999999245,0.0008639549999998053,0.23533690600000057,0.03450448000000961,0.0008955010000022412,0.0008148971170596548,0.04748296319242129,4.219034361919235,-4.45006243595974,0.00017883308329619263,1,lidar_dropout,lidar_dropout_001
66.60000000000001,0.45429685711860657,1.4940916640547717,0.9111111111111111,0.1999328690000013,5.001678838510508,0.0,0.0,-0.3846153846153843,0.3313135757928552,-1.9275447299802244,-2.82645342841279,0.0007348194358979366,-0.0001535665124529367,-0.43294196722033956,-0.4104215582244051,-0.0702365636431037,-0.02881816619585286,1.8893135226554039,-1.8896336657274078,0.26033023570381614,-1.8927814257375828,-2.670979831452563,0.14653554032025784,0.03695636087668763,0.10527153471814607,0.014579894060148643,0.22672936115342732,0.024384992411098354,0.048691769356037584,-0.04950303508352451,0.0,0.0,0.3313135757928552,-1.9275447299802244,-2.82645342841279,6.665881753000008,0.03195262100000207,0.029956794000014497,0.0038815590000069733,0.029953315000014413,0.4353369060000034,0.029315054000008445,0.029976326000010545,0.0007348194358979366,0.04832658260495526,3.7789471883828116,-3.5701104375236925,0.022520408995934438,1,lidar_dropout,lidar_dropout_001
66.8,0.45429685711860657,1.4940916640547717,0.9111111111111111,0.1999328690000013,5.001678838510508,0.0,0.0,-0.3846153846153843,0.3311667373533837,-1.9275680109023752,-2.9064125599328587,0.0007200476650402061,-0.00012096073699957414,-0.38140860398566095,-0.38138455711531116,-0.03327378116478849,-0.048618235907666014,1.6648497503253576,-1.664164670490194,0.27829919601886705,-1.906798020428113,-2.9164380673428534,0.11200611635614868,0.026171359868096822,0.07245672930225006,0.022789218098093523,0.2454582358902906,-0.01073858309434848,0.027532384881459416,-0.02186116323022987,0.041004696165559434,0.027641871853294638,0.3311667373533837,-1.9275680109023752,-2.9064125599328587,6.8658817529999965,0.03197018400000218,0.02559893999999474,0.0039140559999992774,0.025588996999999836,0.021354055000003314,0.021374585000003776,0.025626524000003315,0.0007200476650402061,0.003206780629723349,3.3290144208155517,-2.7705841361658807,2.4046870349792027e-05,1,lidar_dropout,lidar_dropout_001
67.0,0.45429685711860657,1.4940916640547717,0.9111111111111111,0.1999328690000013,5.001678838510508,0.0,0.0,-0.33333333333333304,0.33101884201818643,-1.9275865363548303,-2.9841512896569977,0.0007419146455291635,-8.175155930214125e-05,-0.38103505828019885,-0.36364067239427067,-0.04372194180587523,-0.017771482951209103,1.6632048885695252,-1.6624431242021669,0.27829919601886705,-1.906798020428113,-2.9164380673428534,0.11200611635614868,0.026171359868096822,0.07245672930225006,0.022789218098093523,0.2454582358902906,-0.01073858309434848,0.027532384881459416,-0.02186116323022987,0.0,0.0,0.33101884201818643,-1.9275865363548303,-2.9841512896569977,7.065881752999999,0.032128010999997514,0.021884791000005066,0.003759737999999402,0.02187637000000109,0.22135405500000616,0.05495243000000016,0.021906164000000672,0.0007419146455291635,0.04770172494686581,3.3256480127716923,-2.7649835311418385,0.017394385885928176,1,lidar_dropout,lidar_dropout_001
67.2,0.45429685711860657,1.4940916640547717,0.9111111111111111,0.1999328690000013,5.001678838510508,0.0,0.0,-0.33333333333333304,0.33087572505076956,-1.9276148814103493,-3.053779883787706,0.000663066842373495,9.604241839651032e-05,-0.3326420187243524,-0.33276276765683693,-0.06014844136261964,-0.01347792589470155,1.4512599616862367,-1.452094737196448,0.27829919601886705,-1.906798020428113,-2.9164380673428534,0.11200611635614868,0.026171359868096822,0.07245672930225006,0.022789218098093523,0.2454582358902906,-0.01073858309434848,0.027532384881459416,-0.02186116323022987,0.0,0.0,0.33087572505076956,-1.9276148814103493,-3.053779883787706,7.265881753000002,0.031993386999999984,0.01781802499999685,0.003958580000002598,0.017808482999996045,0.421354055000009,0.05172977400000889,0.017836763000005362,0.000663066842373495,0.0006913146089806421,2.903354698882685,-2.107366952668503,0.00012074893248453789,1,lidar_dropout,lidar_dropout_001
67.4,0.45429685711860657,1.4940916640547717,0.9111111111111111,0.1999328690000013,5.001678838510508,0.023157894736842106,0.0,-0.12205128205128177,0.3307447500212932,-1.9276383113448126,-3.118203625282028,0.0005483669825542729,5.375879192011309e-05,-0.2845521512629092,-0.38737238157465526,0.06077892268034368,0.0004599701258637904,1.242466962007877,-1.242236221449957,0.2824320321237091,-1.9113264852530325,-3.1372336251137174,0.11561521138444435,0.020885327993747538,0.06540009548873327,0.00613085050706829,0.22079555777086401,0.012385054806241257,0.02575499418858965,-0.03144623563122166,0.023191846572291095,0.009585072400991792,0.3307447500212932,-1.9276383113448126,-3.118203625282028,7.465881753000005,0.032149830000008706,0.014017297999998846,0.004021894000004522,0.01400845700000275,0.044236701000002654,0.04421175500000629,0.014045867000007206,0.022609527754287834,0.16250086921162746,2.484703183457834,-1.5434374641610722,0.10282023031174603,1,lidar_dropout,lidar_dropout_001
67.60000000000001,0.45429685711860657,1.4940916640547717,0.9111111111111111,0.1999328690000013,5.001678838510508,0.023157894736842106,0.0,0.12820512820512842,0.32699558748476193,-1.9275695331477556,3.1026310256355525,0.022871309184611215,-3.517529115781197e-05,0.16237610065900146,0.16026850222513986,-0.06271231806170427,0.037258130920415126,0.010465071102605172,1.3922198704718827,0.2824320321237091,-1.9113264852530325,-3.1372336251137174,0.11561521138444435,0.020885327993747538,0.06540009548873327,0.00613085050706829,0.22079555777086401,0.012385054806241257,0.02575499418858965,-0.03144623563122166,0.0,0.0,0.32699558748476193,-1.9275695331477556,3.1026310256355525,7.665881753000008,0.03224375900001064,0.009206522000013706,0.002623271000004479,0.009181638000015369,0.2442367010000055,0.043077262000011274,0.009184850000011124,0.0002865855522308919,0.034170972453873044,1.3817547993692776,0.014569679934948015,0.0021075984338616016,1,lidar_dropout,lidar_dropout_001
67.8,0.45429685711860657,1.4940916640547717,0.9111111111111111,0.1999328690000013,5.001678838510508,0.023157894736842106,0.0,0.12820512820512842,0.32231865413969985,-1.9274499863148142,3.130196855346629,0.022916425974427536,-2.398982116956673e-05,0.12776999237486192,0.12765880081704248,-0.07387377368003738,0.006893720635346285,0.14351014809280413,1.2587415962877244,0.2824320321237091,-1.9113264852530325,-3.1372336251137174,0.11561521138444435,0.020885327993747538,0.06540009548873327,0.00613085050706829,0.22079555777086401,0.012385054806241257,0.02575499418858965,-0.03144623563122166,0.0,0.0,0.32231865413969985,-1.9274499863148142,3.130196855346629,7.8658817529999965,0.032214332999998874,0.004762882999997942,0.002844701000000782,0.0047558389999977635,0.4442367009999941,0.03826903499999901,0.004780519999997068,0.0002414687624145706,0.0004351358302664976,1.1152314481949204,0.180642192893824,0.00011119155781944001,1,lidar_dropout,lidar_dropout_001
68.0,0.45429685711860657,1.4940916640547717,0.9111111111111111,0.1999328690000013,5.001678838510508,0.011578947368421053,0.0,0.12820512820512842,0.31841713399588883,-1.9274441500627126,-3.131340279031516,0.02294673111587428,-3.438455703353821e-05,0.1270377576463853,0.12672395157899702,-0.0777473772018001,0.025558004243702494,0.14725067031376735,1.2560414088549778,0.2824320321237091,-1.9113264852530325,-3.1372336251137174,0.11561521138444435,0.020885327993747538,0.06540009548873327,0.00613085050706829,0.22079555777086401,0.012385054806241257,0.02575499418858965,-0.03144623563122166,0.0,0.0,0.31841713399588883,-1.9274441500627126,-3.131340279031516,8.065881753,0.032045793999998295,0.034285609999997746,0.002077159999998912,0.0342744539999984,0.644236700999997,0.03389045999999496,0.03432155800000203,0.011367783747453227,0.0011673705587431082,1.1087907385412106,0.1849529393957442,0.0003138060673882892,1,lidar_dropout,lidar_dropout_001
68.2,0.6017001867294312,1.3543936554689584,0.8944444444444445,8.211933083999995,0.12177400738303443,0.0,0.0,-0.28205128205128177,0.31663370266282176,-1.9274732291113388,-3.1114346260975663,0.00034506337077099556,-3.89860656711435e-05,-0.17628045592468822,-0.28596717586096665,-0.040987467560956364,0.03450589501594935,0.7548145861010723,-0.7544543863946476,0.2824320321237091,-1.9113264852530325,-3.1372336251137174,0.11561521138444435,0.020885327993747538,0.06540009548873327,0.00613085050706829,0.22079555777086401,0.012385054806241257,0.02575499418858965,-0.03144623563122166,0.0,0.0,0.31663370266282176,-1.9274732291113388,-3.1114346260975663,0.0539486690000075,0.032224720000002094,0.029907424000001015,0.002095464999996466,0.02989657400000567,0.8442367009999998,0.029639732000006802,0.029928517000001875,0.00034506337077099556,0.10577082612659355,1.50926897249572,-0.5694731753986144,0.10968671993627843,1,lidar_dropout,lidar_dropout_001
68.4,0.5864697098731995,1.3534593720984014,0.8944444444444445,0.19988548500001002,5.002864515149511,0.0,0.0,-0.2307692307692305,0.31651998735315184,-1.9274827363122973,3.1148110247511887,0.0005458146215810572,1.683659790103697e-05,-0.2796733467211196,-0.2571095687928534,-0.03447180372429266,-0.019008111686168346,1.2201844320221638,-1.2209942755718692,0.2824320321237091,-1.9113264852530325,-3.1372336251137174,0.11561521138444435,0.020885327993747538,0.06540009548873327,0.00613085050706829,0.22079555777086401,0.012385054806241257,0.02575499418858965,-0.03144623563122166,0.0,0.0,0.31651998735315184,-1.9274827363122973,3.1148110247511887,0.05406318400000032,0.03217082400000493,0.02570796100000905,0.0018033650000006674,0.0257043300000106,1.0442367010000027,0.025203713000010453,0.025721553000011,0.0005458146215810572,0.04890411595188909,2.441178707594033,-1.4898382066409745,0.022563777928266193,1,lidar_dropout,lidar_dropout_001
68.60000000000001,0.5947834849357605,1.353439773937497,0.8972222222222223,0.20063168899999084,4.984257496830651,0.0,0.0,-0.2307692307692305,0.31641822111155654,-1.927480398979997,3.066270284132445,0.00048044493104996787,-3.4028953131715e-06,-0.22759381787904603,-0.22740107897149187,-0.07867000417156252,0.0020616959150051876,0.9936293758086332,-0.993003530037054,0.2824320321237091,-1.9113264852530325,-3.1372336251137174,0.11561521138444435,0.020885327993747538,0.06540009548873327,0.00613085050706829,0.22079555777086401,0.012385054806241257,0.02575499418858965,-0.03144623563122166,0.0,0.0,0.31641822111155654,-1.927480398979997,3.066270284132445,0.05343149500001232,0.032354693000002044,0.021143659000003368,0.001315584000010972,0.021061013000007733,1.2442367010000055,0.020771665000012263,0.021093273000005297,0.00048044493104996787,0.0031754128901844703,1.986632905845687,-0.9866774777264873,0.00019273890755416856,1,lidar_dropout,lidar_dropout_001
68.8,0.5946668982505798,1.3534700608699122,0.8916666666666667,0.20021382600000948,4.994660059090788,0.0,0.0,-0.17948717948717924,0.3163193609749734,-1.9274700212089138,3.02000063940908,0.0004906489507267035,-2.5518197786664273e-05,-0.2262779461865152,-0.2100918111690008,-0.06317618075908446,0.01942486377123336,0.9879619568276811,-0.9871279501277993,0.2824320321237091,-1.9113264852530325,-3.1372336251137174,0.11561521138444435,0.020885327993747538,0.06540009548873327,0.00613085050706829,0.22079555777086401,0.012385054806241257,0.02575499418858965,-0.03144623563122166,0.0,0.0,0.3163193609749734,-1.9274700212089138,3.02000063940908,0.053217668999991474,0.03232018100000289,0.017125769999992713,0.0010565829999933385,0.017087965999991184,1.4442367009999941,0.050783944000002634,0.017095569999995064,0.0004906489507267035,0.04679076669933596,1.9750899069554804,-0.9752448612475582,0.016186135017514397,1,lidar_dropout,lidar_dropout_001
69.0,0.5876544117927551,1.3491145998146674,0.8916666666666667,0.20012708999999518,4.996824767701485,0.0,0.0,-0.17948717948717924,0.3162352489380363,-1.9274703034115646,2.981780283815096,0.00036555119033434815,2.8268162274534357e-05,-0.17879465833521893,-0.178485641366205,-0.0764603990537826,0.008015887259845169,0.7805201949313485,-0.7800975676204018,0.2824320321237091,-1.9113264852530325,-3.1372336251137174,0.11561521138444435,0.020885327993747538,0.06540009548873327,0.00613085050706829,0.22079555777086401,0.012385054806241257,0.02575499418858965,-0.03144623563122166,0.0,0.0,0.3162352489380363,-1.9274703034115646,2.981780283815096,0.05309057899999914,0.03241016299999444,0.012895833000001744,0.000750991999993289,0.012887789999993515,1.644236700999997,0.04652354099999911,0.012910124000001133,0.00036555119033434815,0.000692521151960307,1.5606177625517503,-0.6088819055445469,0.00030901696901391995,1,lidar_dropout,lidar_dropout_001
69.2,0.5811511874198914,1.3482762170357867,0.8916666666666667,0.20021310900000344,4.994677945888062,0.0,0.0,-0.17948717948717924,0.31615883330541283,-1.9274722719242423,2.9453461923204234,0.00035443778381842524,3.319141325412898e-05,-0.17859626192455488,-0.17854227974389958,-0.04758794296252589,0.009937975301884703,0.7798168204948829,-0.7789918479418801,0.2470912237862629,-1.916502216529609,2.9099746200752943,0.11511511416271816,0.01704794402420351,0.05730438265273236,0.035717795679345056,0.2359770619905748,0.014818270934330314,0.022882801176292742,-0.04340355280583595,0.003764310484787339,0.01195731717461429,0.31615883330541283,-1.9274722719242423,2.9453461923204234,0.05287746999999854,0.03228993100000821,0.008246776999996541,8.91800000601961e-06,0.008213968000006844,0.03898797499999773,0.03893068600000049,0.008261554000000615,0.00035443778381842524,0.0008909175626243548,1.558808668436763,-0.6074709460534703,5.3982180655304246e-05,1,lidar_dropout,lidar_dropout_001
69.4,0.5830287933349609,1.3439513563738434,0.8916666666666667,0.20041058399999656,4.989756429231388,0.0,0.0,-0.12820512820512797,0.31608882568910585,-1.9274730037173238,2.912130050063084,0.00027063677450613695,-4.8448753719646355e-08,-0.13240347426889737,-0.1325823449942337,-0.04601874509165243,-0.019606374705316267,0.5787523749454427,-0.5780154902223711,0.2470912237862629,-1.916502216529609,2.9099746200752943,0.11511511416271816,0.01704794402420351,0.05730438265273236,0.035717795679345056,0.2359770619905748,0.014818270934330314,0.022882801176292742,-0.04340355280583595,0.0,0.0,0.31608882568910585,-1.9274730037173238,2.912130050063084,0.05246688600000482,0.032365806000001385,0.004022274000007542,0.00470480100000259,0.00398460700000669,0.23898797500000057,0.037509531000011975,0.00403883600000654,0.00027063677450613695,0.004198346063769398,1.1567678651678137,-0.3345278377214516,0.00017887072533631643,1,lidar_dropout,lidar_dropout_001
69.60000000000001,0.5828379392623901,1.3625268630729699,0.8944444444444445,0.2000883019999975,4.997793424225333,0.0,0.0,-0.12820512820512797,0.31604181756289795,-1.927472545942256,2.8902100321389272,0.0002442143810610911,1.8726553813910513e-05,-0.12794429444473254,-0.12813810354555843,-0.07809506639072446,-0.026661808454514345,0.5587440475854756,-0.5579889775541284,0.2470912237862629,-1.916502216529609,2.9099746200752943,0.11511511416271816,0.01704794402420351,0.05730438265273236,0.035717795679345056,0.2359770619905748,0.014818270934330314,0.022882801176292742,-0.04340355280583595,0.0,0.0,0.31604181756289795,-1.927472545942256,2.8902100321389272,0.052378584000010164,0.03226383200001237,0.0339823690000145,0.004885268000009546,0.03397827500000972,0.4389879750000034,0.03342562200000998,0.033993943000012905,0.0002442143810610911,0.00026083376039542916,1.116733025139604,-0.31177301982667477,0.00019380910082589242,1,lidar_dropout,lidar_dropout_001
69.8,0.5688572525978088,1.3499750339466592,0.8944444444444445,0.20045680300000868,4.988605949182761,0.0,0.0,0.0,0.3159859823374451,-1.9274727416163837,2.863340587872162,7.35018814892819e-05,0.00036028813264586565,-0.025650576476867592,-0.013898629112440272,-0.08335987142768898,-0.02980447856961353,0.12266587189556008,-0.12224526884756094,0.2470912237862629,-1.916502216529609,2.9099746200752943,0.11511511416271816,0.01704794402420351,0.05730438265273236,0.035717795679345056,0.2359770619905748,0.014818270934330314,0.022882801176292742,-0.04340355280583595,0.0,0.0,0.3159859823374451,-1.9274727416163837,2.863340587872162,0.05192178099999012,0.03239972999999452,0.02967476599999941,0.0043760189999915156,0.029640954999990754,0.638987974999992,0.02923370499999578,0.02964721899999745,7.35018814892819e-05,0.025650576476867592,0.24491114074312104,-0.014995322488293212,0.01175194736442732,0,lidar_dropout,lidar_dropout_001
70.0,0.5803898572921753,1.3537067665446618,0.8944444444444445,0.20071478599999182,4.982193987442663,0.0,0.0,0.0,0.31597649516105697,-1.9274693714727298,2.86219551549792,5.28920497874048e-06,-4.3848059549630266e-05,-0.0009540466130171787,-0.0009137962992749723,-0.07376081250892753,0.025509449625172775,0.003812188598463521,-0.004570192730523344,0.2470912237862629,-1.916502216529609,2.9099746200752943,0.11511511416271816,0.01704794402420351,0.05730438265273236,0.035717795679345056,0.2359770619905748,0.014818270934330314,0.022882801176292742,-0.04340355280583595,0.0,0.0,0.31597649516105697,-1.9274693714727298,2.86219551549792,0.05120699500000114,0.032545209999994995,0.024837137000005782,0.003945006999998668,0.02478550700000426,0.8389879749999949,0.024322204000000625,0.024790314000000535,5.28920497874048e-06,0.0009540466130171787,0.008382381328986865,-1.7422436620081958e-05,4.02503137422064e-05,0,lidar_dropout,lidar_dropout_001
70.2,0.5686427354812622,1.358035428789747,0.8972222222222223,0.2001552750000002,4.996121136452682,0.0,0.0,0.0,0.31596842989244167,-1.9274673660597197,2.8620355636907506,1.550409323547841e-05,-4.5173743282333654e-05,-0.0007459959531618181,-0.0008364179238729362,-0.050788134164198376,-0.008518216013384223,0.003504350453329418,-0.0030110225983523316,0.2470912237862629,-1.916502216529609,2.9099746200752943,0.11511511416271816,0.01704794402420351,0.05730438265273236,0.035717795679345056,0.2359770619905748,0.014818270934330314,0.022882801176292742,-0.04340355280583595,0.0,0.0,0.31596842989244167,-1.9274673660597197,2.8620355636907506,0.0510517200000038,0.032451070000007576,0.021005148000000418,0.003944469000003892,0.02100033899999687,1.0389879749999977,0.020321746999997004,0.021021857000008026,1.550409323547841e-05,0.0007459959531618181,0.00651537305168175,-1.0551678407521116e-05,9.042197071111807e-05,0,lidar_dropout,lidar_dropout_001
70.4,0.5766740441322327,1.3578704082559876,0.8972222222222223,0.19996240199999704,5.000940126734498,0.0,0.0,0.0,0.3159605919938409,-1.9274650302590233,2.8618850581390687,1.5165747423762613e-05,-4.786493792700274e-05,-0.0007410693509787862,-0.0005522315614516316,-0.03879357913605036,-0.006500344962348798,0.0034827095066788903,-0.0029893468088244167,0.2470912237862629,-1.916502216529609,2.9099746200752943,0.11511511416271816,0.01704794402420351,0.05730438265273236,0.035717795679345056,0.2359770619905748,0.014818270934330314,0.022882801176292742,-0.04340355280583595,0.0,0.0,0.3159605919938409,-1.9274650302590233,2.8618850581390687,0.0510893180000096,0.03253888800000482,0.016717295000006516,0.0039350039999987985,0.01671009300000037,1.2389879750000006,0.05065783999999951,0.016733444999999847,1.5165747423762613e-05,0.0007410693509787862,0.006472056315503307,-1.0411026549853e-05,0.00018883778952715456,0,lidar_dropout,lidar_dropout_001
70.60000000000001,0.5828850269317627,1.3496470334737196,0.8944444444444445,0.20030435400001068,4.9924027113257194,0.21999999999999997,0.0,0.23076923076923095,0.304988638270516,-1.924348369130267,2.867905434246396,0.13586886826654776,-7.934190643463235e-05,0.061816625437746665,0.06211952410642096,0.4954321756073166,-0.20773351182366676,3.8495971000902416,4.38844146758052,0.2470912237862629,-1.916502216529609,2.9099746200752943,0.11511511416271816,0.01704794402420351,0.05730438265273236,0.035717795679345056,0.2359770619905748,0.014818270934330314,0.022882801176292742,-0.04340355280583595,0.0,0.0,0.304988638270516,-1.924348369130267,2.867905434246396,0.050784964000001764,0.032519630000010125,0.011940831000003982,0.0028609130000063487,0.011932122000004597,1.4389879750000034,0.046086835000011206,0.01196136200000808,0.08413113173345221,0.1689526053314843,0.5388443674902788,16.893731547513735,0.0003028986686742924,1,lidar_dropout,lidar_dropout_001
70.8,0.5844728350639343,1.3538870576033397,0.8861111111111111,0.20129895399999498,4.967735699212947,0.20842105263157892,0.0,0.23076923076923095,0.26576235434094986,-1.913857556231765,2.899776918310077,0.20805122620937286,-0.00019102611146180198,0.22471237871682256,0.22470145605578815,-0.08779395445313315,0.05863367313077173,5.335684677192265,7.296105087765536,0.2470912237862629,-1.916502216529609,2.9099746200752943,0.11511511416271816,0.01704794402420351,0.05730438265273236,0.035717795679345056,0.2359770619905748,0.014818270934330314,0.022882801176292742,-0.04340355280583595,0.0,0.0,0.26576235434094986,-1.913857556231765,2.899776918310077,0.04948600999999542,0.03266762799999867,0.00796509399999934,0.003097620999994888,0.007943417999996427,1.638987974999992,0.04104124900000272,0.007946451999998771,0.00036982642220606543,0.006056852052408385,1.9604204105732714,38.92971611997509,1.092266103441819e-05,1,lidar_dropout,lidar_dropout_001
71.0,0.6071406006813049,1.3506810342586493,0.8777777777777778,0.19984656200000472,5.003838895161861,0.20842105263157892,0.0,0.23076923076923095,0.22317869562421164,-1.9044020845701286,2.9482553209238387,0.2080090835208038,-0.00016316630179281227,0.23792766891065043,0.23795374495239052,-0.04251297526818662,0.09231645232888089,5.276324124155809,7.355221452302624,0.2470912237862629,-1.916502216529609,2.9099746200752943,0.11511511416271816,0.01704794402420351,0.05730438265273236,0.035717795679345056,0.2359770619905748,0.014818270934330314,0.022882801176292742,-0.04340355280583595,0.0,0.0,0.22317869562421164,-1.9044020845701286,2.9482553209238387,0.049639447999993536,0.032604337999998734,0.0038002000000005864,0.002756142999999156,0.0037415660000021944,1.838987974999995,0.03731624200000283,0.0037494139999978415,0.0004119691107751233,0.007158438141419476,2.078897328146815,38.80853238729266,2.6076041740097367e-05,1,lidar_dropout,lidar_dropout_001
71.2,0.6084008812904358,1.3374678962908613,0.8694444444444445,0.2008233749999988,4.9795000208516855,0.21999999999999997,0.0,0.23076923076923095,0.18680608275321856,-1.8979739939523983,2.984160453526129,0.21962815289753423,-0.0001416476367270339,0.2092878807877542,0.2195018167102948,-0.06369442941496542,0.051501608538227064,5.754908277576822,7.576938092903224,0.2470912237862629,-1.916502216529609,2.9099746200752943,0.11511511416271816,0.01704794402420351,0.05730438265273236,0.035717795679345056,0.2359770619905748,0.014818270934330314,0.022882801176292742,-0.04340355280583595,0.0,0.0,0.18680608275321856,-1.8979739939523983,2.984160453526129,0.04881607299999757,0.03264235599999665,0.0329827080000058,0.0017604250000005095,0.03293392500000891,2.0389879749999977,0.03255998699999907,0.03296008700000641,0.0003718471024657388,0.021481349981476744,1.8220298153264016,43.604583749535905,0.010213935922540607,1,lidar_dropout,lidar_dropout_001
71.4,0.6001645922660828,1.3487907981565912,0.8638888888888889,0.20003297099999884,4.999175860863486,0.21999999999999997,0.0,0.17948717948717968,0.14357853459867348,-1.8920279566372316,3.024572105494275,0.2198549286490491,-2.6262808654600733e-05,0.17170982878070895,0.1760424857873767,-0.07058354646974906,0.06474188841790374,5.921439730795092,7.421966458751998,0.2470912237862629,-1.916502216529609,2.9099746200752943,0.11511511416271816,0.01704794402420351,0.05730438265273236,0.035717795679345056,0.2359770619905748,0.014818270934330314,0.022882801176292742,-0.04340355280583595,0.0,0.0,0.14357853459867348,-1.8920279566372316,3.024572105494275,0.04878310200000158,0.032639069000012455,0.028968582000004517,0.0016492150000004813,0.028960617000009847,2.2389879750000006,0.028573671000003742,0.02898662900000204,0.0001450713509508761,0.0077773507064707315,1.5005267279569052,43.948727069482636,0.0043326570066677395,1,lidar_dropout,lidar_dropout_001
71.60000000000001,0.6291989088058472,1.3614824762740456,0.8694444444444445,0.19994568999999274,5.001358118797341,0.21999999999999997,0.0,0.07692307692307715,0.10014161964878848,-1.8876436129811913,3.0547747707167927,0.22004421076582256,-2.304679114046443e-05,0.08989209432943991,0.08436875910821363,-0.06867540892987903,0.021748128466955802,6.2764707756484,7.069255622545353,0.2470912237862629,-1.916502216529609,2.9099746200752943,0.11511511416271816,0.01704794402420351,0.05730438265273236,0.035717795679345056,0.2359770619905748,0.014818270934330314,0.022882801176292742,-0.04340355280583595,0.0,0.0,0.10014161964878848,-1.8876436129811913,3.0547747707167927,0.04883741200001168,0.03256652500000712,0.02460375000001136,0.0018386590000147862,0.024596621000014807,2.4389879750000034,0.024467612000009353,0.024636624000009988,4.421076582258876e-05,0.012969017406362762,0.7927848468969527,44.36997632049405,0.005523335221226278,1,lidar_dropout,lidar_dropout_001
71.8,0.6391859650611877,1.3735371300807366,0.8666666666666667,0.19986952700000415,5.003263954289436,0.21999999999999997,0.0,0.02564102564102587,0.05658280931971267,-1.884142598311332,3.0651538536559704,0.22006567107683783,-3.29362635820285e-05,0.0123449289894308,0.017403443647770116,-0.10633875842279554,0.006322086338985029,6.613628596251169,6.724545452265543,0.0027239153256914637,-1.8701127512571867,3.0312997999117286,0.10601008776575532,0.015729210067772392,0.05903480280871174,0.2487315097299201,0.12132517983643432,0.002501034738250201,0.015574733956161482,-0.033289017218617795,0.014322086230852791,0.010114535587218157,0.05658280931971267,-1.884142598311332,3.0651538536559704,0.04896788499999616,0.03254838299999108,0.02058186399999329,0.0014895789999940234,0.020572395000002075,0.016174073000001954,0.015961570000001757,0.020608495999994147,6.567107683785878e-05,0.01329609665159507,0.11091685601437451,44.47364609989415,0.005058514658339317,1,lidar_dropout,lidar_dropout_001
72.0,0.6321284770965576,1.370439516088833,0.8694444444444445,0.1997579399999978,5.006058833005642,0.19684210526315787,0.0,0.02564102564102587,0.013752278622508208,-1.8809428030050652,3.0689806023500927,0.1970558137474928,-1.909512362875676e-05,0.01177234463667269,0.016243269236260585,-0.07065992365953787,0.003914772224150255,5.919039869147682,6.024213113618817,0.0027239153256914637,-1.8701127512571867,3.0312997999117286,0.10601008776575532,0.015729210067772392,0.05903480280871174,0.2487315097299201,0.12132517983643432,0.002501034738250201,0.015574733956161482,-0.033289017218617795,0.0,0.0,0.013752278622508208,-1.8809428030050652,3.0689806023500927,0.0492099450000012,0.03244265700000426,0.016913156000001095,0.0006347549999929925,0.01690584899999692,0.2161740730000048,0.01636551500000394,0.016942650999993702,0.0002137084843349124,0.013868681004353178,0.10517324447113463,35.657557599752074,0.004470924599587894,1,lidar_dropout,lidar_dropout_001
72.2,0.6185914874076843,1.3663146348717885,0.8666666666666667,0.20061627100000123,4.9846405529090605,0.20842105263157892,0.0,0.02564102564102587,-0.028663664331309797,-1.877938250070398,3.072678585913694,0.20840162361294615,-1.4892004319030233e-05,0.021274922730919448,0.022645372714131917,-0.08762002379257311,0.023481686298721847,6.2239544301183845,6.408118652041522,0.0027239153256914637,-1.8701127512571867,3.0312997999117286,0.10601008776575532,0.015729210067772392,0.05903480280871174,0.2487315097299201,0.12132517983643432,0.002501034738250201,0.015574733956161482,-0.033289017218617795,0.0,0.0,-0.028663664331309797,-1.877938250070398,3.072678585913694,0.04859367400000281,0.03264057100000173,0.012866553000009162,0.0007662470000013855,0.012844811000007894,0.41617407300000764,0.04633826100000249,0.012885183999998162,1.942901863277724e-05,0.004366102910106421,0.18416422192313764,39.88383847309808,0.001370449983212469,1,lidar_dropout,lidar_dropout_001
72.4,0.6129238605499268,1.3814466538520667,0.8694444444444445,0.19978955099999496,5.005266766929294,0.20842105263157892,0.0,0.02564102564102587,-0.0722804198946062,-1.8750219968082045,3.076974275681605,0.20841658466807106,-8.908058969366028e-06,0.02236595401968177,0.023279862418267516,-0.05364748653823746,0.004495846218685802,6.219010558588541,6.413028322859521,0.0027239153256914637,-1.8701127512571867,3.0312997999117286,0.10601008776575532,0.015729210067772392,0.05903480280871174,0.2487315097299201,0.12132517983643432,0.002501034738250201,0.015574733956161482,-0.033289017218617795,0.0,0.0,-0.0722804198946062,-1.8750219968082045,3.076974275681605,0.04880412300001069,0.03269753600000058,0.008980821000008632,0.0006928860000101622,0.008953214000001708,0.6161740730000105,0.042003542000003335,0.008999450000004572,4.467963507864825e-06,0.0032750716213440986,0.1940177642709804,39.88269085239072,0.0009139083985857457,1,lidar_dropout,lidar_dropout_001
72.60000000000001,0.6134738326072693,1.38343605513026,0.8722222222222222,0.200235111000012,4.994129126534357,0.20842105263157892,0.0,0.02564102564102587,-0.11590913653229246,-1.8722954293385174,3.081363372084122,0.20840858695320494,-1.5857597524709596e-05,0.022587202404780602,0.022891920434946544,-0.05665083498942213,-0.0016718031635371564,6.218015400843278,6.414037883718684,0.0027239153256914637,-1.8701127512571867,3.0312997999117286,0.10601008776575532,0.015729210067772392,0.05903480280871174,0.2487315097299201,0.12132517983643432,0.002501034738250201,0.015574733956161482,-0.033289017218617795,0.0,0.0,-0.11590913653229246,-1.8722954293385174,3.081363372084122,0.04856901200000152,0.03274538800000926,0.0048212420000055545,0.0009660020000126224,0.004811877000008735,0.8161740730000133,0.03839022600000419,0.004847353000002386,1.2465678373985156e-05,0.003053823236245267,0.19602248287540647,39.88258634255501,0.0003047180301659416,1,lidar_dropout,lidar_dropout_001
72.8,0.6161470413208008,1.384119769949822,0.8722222222222222,0.1995784779999923,5.0105603070088485,0.21999999999999997,0.0,0.02564102564102587,-0.1579650498851127,-1.8698557069745825,3.0858049301135755,0.21991306793447699,-2.0119569955579994e-05,0.022733061322515492,0.02273313657303364,-0.07645934827799811,0.013180553012930887,6.5662791149959805,6.763639081835947,0.0027239153256914637,-1.8701127512571867,3.0312997999117286,0.10601008776575532,0.015729210067772392,0.05903480280871174,0.2487315097299201,0.12132517983643432,0.002501034738250201,0.015574733956161482,-0.033289017218617795,0.0,0.0,-0.1579650498851127,-1.8698557069745825,3.0858049301135755,0.048990533999997865,0.032855744999992,0.0007903030000022682,0.0007363870000034467,0.0007335389999951758,1.016174073000002,0.03458123299999727,0.0007400979999943047,8.693206552298771e-05,0.002907964318510377,0.19735996683996682,44.41194204442997,7.525051814658013e-08,1,lidar_dropout,lidar_dropout_001
73.0,0.6145747303962708,1.388588904009925,0.875,0.2002899379999974,4.992762042794246,0.21999999999999997,0.0,0.02564102564102587,-0.19414859288661807,-1.8679041475230984,3.089588064325813,0.22015728176846175,-2.43959756754189e-05,0.018230342173100267,0.02252831074971567,-0.09428179117972754,0.013576309872993257,6.592280106623497,6.752689376416364,-0.2525034005566904,-1.8589654055523976,3.0683510249170913,0.10501740483560708,0.01784646193952888,0.06394490454946465,0.25547063645121176,0.03705122500536273,-0.023702966437637963,0.004798153307051837,-0.02083371610740391,0.02833344963312291,0.012455301111213886,-0.19414859288661807,-1.8679041475230984,3.089588064325813,0.048700596000003316,0.03267398399999877,0.03067921800000306,0.0005793699999969704,0.03067692000000477,0.02885769099999891,0.02886535800000445,0.03069761400000459,0.00015728176846177555,0.007410683467925602,0.16040926979286674,44.515619842357424,0.004297968576615404,1,lidar_dropout,lidar_dropout_001
73.2,0.6240493655204773,1.384811510895468,0.8722222222222222,0.19997605199999668,5.000598771697006,0.19684210526315787,0.0,-0.02564102564102541,-0.23704644534408673,-1.8657643329673528,3.0935675459425167,0.19718604248263058,-3.8684133783356556e-06,-0.009683146699254677,-0.016827458821604687,-0.0873000847059369,-0.010444882358578805,6.012477072652664,5.934768907490956,-0.2525034005566904,-1.8589654055523976,3.0683510249170913,0.10501740483560708,0.01784646193952888,0.06394490454946465,0.25547063645121176,0.03705122500536273,-0.023702966437637963,0.004798153307051837,-0.02083371610740391,0.0,0.0,-0.23704644534408673,-1.8657643329673528,3.0935675459425167,0.04872454400000947,0.03270756899999583,0.02668261899999891,0.00044395400000496466,0.02659104299999626,0.22885769100000175,0.025965173000003006,0.02660084100000404,0.0003439372194727064,0.015957878941770733,0.07770816516170775,35.68266198778127,0.00714431212235001,1,lidar_dropout,lidar_dropout_001
73.4,0.6142630577087402,1.39656588925591,0.8777777777777778,0.20066298600001176,4.9834801122711365,0.21999999999999997,0.0,-0.17948717948717924,-0.2803097712774343,-1.8635801533927046,3.0867972109080233,0.2204880080344601,1.6414698757447055e-05,-0.11984024391201645,-0.13997587934604871,-0.031927509874801134,-0.017949940223194176,7.1877078988551615,6.1603903583301,-0.2525034005566904,-1.8589654055523976,3.0683510249170913,0.10501740483560708,0.01784646193952888,0.06394490454946465,0.25547063645121176,0.03705122500536273,-0.023702966437637963,0.004798153307051837,-0.02083371610740391,0.0,0.0,-0.2803097712774343,-1.8635801533927046,3.0867972109080233,0.04806155800000056,0.03277775700000518,0.02201121000000228,0.004744780000009996,0.02200777200000914,0.4288576910000046,0.021344698000007156,0.022031624000007355,0.0004880080344601134,0.05964693557516279,1.0273175405250612,44.27908643860044,0.020135635434032267,1,lidar_dropout,lidar_dropout_001
73.60000000000001,0.6428970098495483,1.3837640767560857,0.8861111111111111,0.20003221899999346,4.999194654737258,0.21999999999999997,0.0,-0.17948717948717924,-0.32515699245509705,-1.8604903213920574,3.0605980007901814,0.22051480041741361,-3.0093991274814103e-05,-0.14790277075825475,-0.15617896679979928,-0.06807078701709929,-0.032486754446217604,7.312542885918699,6.03393246609847,-0.2525034005566904,-1.8589654055523976,3.0683510249170913,0.10501740483560708,0.01784646193952888,0.06394490454946465,0.25547063645121176,0.03705122500536273,-0.023702966437637963,0.004798153307051837,-0.02083371610740391,0.0,0.0,-0.32515699245509705,-1.8604903213920574,3.0605980007901814,0.04802933900000994,0.03291852900001402,0.017791730000013217,0.004886556000002429,0.01778359000000762,0.6288576910000074,0.017078202000007536,0.017813144000001557,0.0005148004174136411,0.031584408728924485,1.2786104198202288,44.12338992908224,0.008276196041544531,1,lidar_dropout,lidar_dropout_001
73.8,0.6586008667945862,1.399705555394431,0.8916666666666667,0.20002870300000097,4.999282527967974,0.21999999999999997,0.0,-0.17948717948717924,-0.36912853451430266,-1.8561433791735884,3.0242619346406316,0.22040321048006747,4.373632239460662e-06,-0.18298856036351285,-0.18074433822677982,-0.08391802329187423,-0.026265935021014496,7.46678950515104,5.8676689070701125,-0.2525034005566904,-1.8589654055523976,3.0683510249170913,0.10501740483560708,0.01784646193952888,0.06394490454946465,0.25547063645121176,0.03705122500536273,-0.023702966437637963,0.004798153307051837,-0.02083371610740391,0.0,0.0,-0.36912853451430266,-1.8561433791735884,3.0242619346406316,0.0480006359999976,0.032828542999993715,0.013916948999991519,9.720799999968222e-05,0.01386204799999291,0.8288576909999961,0.04705262999999604,0.013871184999999286,0.0004032104800675007,0.003501380876333615,1.599120598080927,43.812648615012186,0.0022442221367330317,1,lidar_dropout,lidar_dropout_001
74.0,0.6565819382667542,1.3963177253802617,0.9,0.19972389299999804,5.006912217558316,0.21999999999999997,0.0,-0.17948717948717924,-0.413670966917456,-1.8499912677197827,2.983029874103467,0.22037656384184556,4.9626211054698555e-06,-0.18766918979432123,-0.18666071831980743,-0.08485315636699034,-0.027729087722555758,7.4871634637407345,5.846838852204062,-0.2525034005566904,-1.8589654055523976,3.0683510249170913,0.10501740483560708,0.01784646193952888,0.06394490454946465,0.25547063645121176,0.03705122500536273,-0.023702966437637963,0.004798153307051837,-0.02083371610740391,0.0,0.0,-0.413670966917456,-1.8499912677197827,2.983029874103467,0.0482767430000024,0.03282250399999498,0.009869125999998118,0.0049665100000027,0.00986117099999717,1.028857690999999,0.04332741999999712,0.00989604299999769,0.00037656384184558966,0.008182010307141996,1.6403246115366725,43.77623823260207,0.0010084714745138001,1,lidar_dropout,lidar_dropout_001
74.2,0.6661199331283569,1.4007851213862652,0.8972222222222223,0.20031324100000347,4.9921812208109735,0.21999999999999997,0.0,-0.2307692307692305,-0.4579127263582554,-1.841881957971804,2.9341296881763705,0.22045682066437547,5.0731887819392696e-05,-0.23858156054427843,-0.2385127883764161,-0.05514398264111316,-0.05064175504721712,7.709335633683371,5.624708010301311,-0.47397586251033585,-1.8265247023732833,2.9088532119049217,0.11092693679027726,0.023041276250438614,0.08557372487911787,0.22383576708507585,0.1594978130121696,0.04047005921126643,-2.347460749173184e-05,-0.03588835786988029,0.06435390677092766,0.015054641762476378,-0.4579127263582554,-1.841881957971804,2.9341296881763705,0.04796350200000177,0.032813081000000466,0.005792479999996658,0.004868631000007895,0.005784469000005288,0.03629048199999829,0.036033584000009,0.005814665000002606,0.00045682066437549573,0.0078123297750479215,2.08462762338206,43.36276189288019,6.877216786232987e-05,1,lidar_dropout,lidar_dropout_001
74.4,0.676476240158081,1.398558726620748,0.8972222222222223,0.2005292860000054,4.9868027755306175,0.21999999999999997,0.0,-0.17948717948717924,-0.501701595336295,-1.8316991426598288,2.8934388372048425,0.22034612771367754,5.082023820059817e-05,-0.17982676882943685,-0.17954359807936068,-0.04990692163969504,-0.06289197645728238,7.451855403791912,5.882058434122738,-0.47397586251033585,-1.8265247023732833,2.9088532119049217,0.11092693679027726,0.023041276250438614,0.08557372487911787,0.22383576708507585,0.1594978130121696,0.04047005921126643,-2.347460749173184e-05,-0.03588835786988029,0.0,0.0,-0.501701595336295,-1.8316991426598288,2.8934388372048425,0.047434215999999196,0.03284454200000653,0.0008701340000101254,0.0037743339999991576,0.0008658190000119248,0.23629048200000113,0.03449946700000339,0.0008894630000071402,0.0003461277136775631,0.0003395893422576124,1.5697969696691736,43.83224892773732,0.0002831707500761671,1,lidar_dropout,lidar_dropout_001
74.60000000000001,0.6850364208221436,1.3983593914449586,0.8944444444444445,0.20051205599999378,4.987231291469232,0.21999999999999997,0.0,-0.17948717948717924,-0.5378794398571146,-1.82201628753065,2.867289705740371,0.22029667555101745,8.112851807314664e-05,-0.15751745406015233,-0.167663712523467,-0.0615561843629496,-0.04922893875914738,7.3518329700228655,5.981939922202546,-0.47397586251033585,-1.8265247023732833,2.9088532119049217,0.11092693679027726,0.023041276250438614,0.08557372487911787,0.22383576708507585,0.1594978130121696,0.04047005921126643,-2.347460749173184e-05,-0.03588835786988029,0.0,0.0,-0.5378794398571146,-1.82201628753065,2.867289705740371,0.04692216000000826,0.03314620300001536,0.030966759000008892,0.0037756670000135273,0.030927011000002835,0.436290482000004,0.030466306000008103,0.03093244200000811,0.0002966755510174779,0.02196972542702691,1.3698930478203195,43.978223144744696,0.010146258463314684,1,lidar_dropout,lidar_dropout_001
74.8,0.6853890419006348,1.3906361823901534,0.8888888888888888,0.19991458699999498,5.002136237312313,0.21999999999999997,0.0,-0.43589743589743557,-0.5798104927835781,-1.8091727043903498,2.808551731561784,0.2215744613306774,0.00038335340855998046,-0.45239589173818157,-0.4461894667527703,-0.07534700883412487,-0.09824164252517495,8.657231097753044,4.724731096596415,-0.47397586251033585,-1.8265247023732833,2.9088532119049217,0.11092693679027726,0.023041276250438614,0.08557372487911787,0.22383576708507585,0.1594978130121696,0.04047005921126643,-2.347460749173184e-05,-0.03588835786988029,0.0,0.0,-0.5798104927835781,-1.8091727043903498,2.808551731561784,0.04700757300000191,0.03299289599999611,0.026809130000003734,0.0038269559999974945,0.02680075399999282,0.6362904819999926,0.026577642999995987,0.026831968999999845,0.001574461330677429,0.016498455840745996,3.9325000011566296,40.90308897797532,0.006206424985411241,1,lidar_dropout,lidar_dropout_001
75.0,0.692486047744751,1.4002761578781318,0.8972222222222223,0.20034023499999876,4.991508570407768,0.19684210526315787,0.0,-0.3846153846153843,-0.618810765633419,-1.7937965521939336,2.720726663448624,0.19744904029969151,0.0003673862392050281,-0.3924430259987134,-0.3889538636471497,-0.08714076984674635,-0.06395756276123594,7.677250478837097,4.249872610603696,-0.588230097805839,-1.7890830432012694,2.729997238583798,0.10237996916274938,0.02572366321760189,0.08228436775935488,0.12023272484857629,0.17885597332112366,0.027186027480086052,0.006313127679096641,-0.0006448053782841287,0.014717949163297316,0.03524355249159616,-0.618810765633419,-1.7937965521939336,2.720726663448624,0.046667338000006,0.033073426000001405,0.02215807999999697,0.0027090570000041225,0.022147673000006307,0.018310475999996356,0.018331826999997247,0.022181098999993765,0.0006069350365336401,0.007827641383329087,3.4273778682334006,32.627336534753894,0.0034891623515637127,1,lidar_dropout,lidar_dropout_001
75.2,0.714358389377594,1.415839417897738,0.9027777777777778,0.20093679800000075,4.976689237378991,0.19684210526315787,0.0,-0.33333333333333304,-0.6538584384998736,-1.776475851753774,2.642131912544139,0.1974393675168845,0.00014420924943388258,-0.36464706639844685,-0.355753675090046,-0.05324261518616079,-0.10156148079692881,7.558995603880811,4.372278511871888,-0.588230097805839,-1.7890830432012694,2.729997238583798,0.10237996916274938,0.02572366321760189,0.08228436775935488,0.12023272484857629,0.17885597332112366,0.027186027480086052,0.006313127679096641,-0.0006448053782841287,0.0,0.0,-0.6538584384998736,-1.776475851753774,2.642131912544139,0.04573054000000809,0.03300833299999795,0.017763688000002276,0.0028165720000004058,0.01751390799999797,0.2183104759999992,0.017039972000006287,0.017532576999997218,0.0005972622537266381,0.031313733065113813,3.186717092008923,33.050034050182134,0.008893391308400833,1,lidar_dropout,lidar_dropout_001
75.4,0.6857328414916992,1.4207004234194756,0.9111111111111111,0.19970710400001224,5.007333139235441,0.17368421052631577,0.0,-0.28205128205128177,-0.6865502679445946,-1.7572563474065344,2.577600766089364,0.17411538405583726,0.00010932036918488708,-0.2818476710354271,-0.2815384179858688,-0.06343919859698485,-0.10473403495217115,6.493661751921388,4.033295133482474,-0.588230097805839,-1.7890830432012694,2.729997238583798,0.10237996916274938,0.02572366321760189,0.08228436775935488,0.12023272484857629,0.17885597332112366,0.027186027480086052,0.006313127679096641,-0.0006448053782841287,0.0,0.0,-0.6865502679445946,-1.7572563474065344,2.577600766089364,0.046023435999998696,0.03311558100000411,0.013892240000004108,0.002941939000010052,0.013834604999999556,0.41831047600000204,0.013561773000006383,0.013845828000000893,0.00043117352952148913,0.00020361101585464336,2.460366618438914,26.19085434250581,0.00030925304955831123,1,lidar_dropout,lidar_dropout_001
75.60000000000001,0.6435193419456482,1.4313291390978458,0.9138888888888889,0.20018251099999418,4.9954413849870685,0.15052631578947367,0.0,-0.2307692307692305,-0.7147663067799337,-1.7383342342368846,2.522110561853343,0.15089905983185362,4.72655365754554e-05,-0.2400037468855431,-0.23854609685133255,-0.05679749959956627,-0.037354967074204236,5.61027904065461,3.513317232381896,-0.588230097805839,-1.7890830432012694,2.729997238583798,0.10237996916274938,0.02572366321760189,0.08228436775935488,0.12023272484857629,0.17885597332112366,0.027186027480086052,0.006313127679096641,-0.0006448053782841287,0.0,0.0,-0.7147663067799337,-1.7383342342368846,2.522110561853343,0.04584092500000736,0.03316400100000294,0.009569997000014041,0.0026873950000094737,0.009529204000003233,0.6183104760000049,0.04347072200000923,0.009532920000012268,0.0003727440423799411,0.009234516116312597,2.0969618082727135,19.710690032002812,0.0014576500342105558,1,lidar_dropout,lidar_dropout_001
75.8,0.6192812323570251,1.4237070734015351,0.9138888888888889,0.20102640499999325,4.974470891025652,0.13894736842105262,0.0,-0.17948717948717924,-0.7388143718392308,-1.7203564063776606,2.476701690796825,0.13956412428059406,2.2384454045648594e-05,-0.1845232444235078,-0.18405148305647173,-0.12236339619020484,-0.029684504459820307,5.018192719756518,3.404850405808204,-0.6863876328043448,-1.736169366448119,2.512771134076373,0.10106977487630087,0.03126611822969538,0.08155205659845512,0.11151124994600219,0.21722610450742508,-0.0008541596184273405,0.007673706086464387,0.028107947528360266,0.02807317698662252,0.028752752906644394,-0.7388143718392308,-1.7203564063776606,2.476701690796825,0.044814520000002744,0.033166022999992606,0.005117587999990292,0.002043280999998842,0.005108397000000764,0.032687952000003406,0.032705848999995624,0.005137365999999588,0.0006167558595414346,0.005036064936328549,1.6133423139483143,17.086195518286758,0.0004717613670360554,1,lidar_dropout,lidar_dropout_001
76.0,0.5898364186286926,1.403931411512104,0.9,0.2000147090000013,4.999632302042314,0.13894736842105262,0.0,-0.2307692307692305,-0.7608579048106905,-1.7023201064794549,2.433111941540685,0.13968346115855718,-5.572344285442732e-06,-0.22869246944662902,-0.2285034077117632,-0.1029882960757314,-0.017598221589740892,5.209080001676914,3.2132766181143437,-0.6863876328043448,-1.736169366448119,2.512771134076373,0.10106977487630087,0.03126611822969538,0.08155205659845512,0.11151124994600219,0.21722610450742508,-0.0008541596184273405,0.007673706086464387,0.028107947528360266,0.0,0.0,-0.7608579048106905,-1.7023201064794549,2.433111941540685,0.0447998110000043,0.03310331400000166,0.0006942960000060339,0.0015563110000016422,0.0006860640000070362,0.23268795200000625,0.034631106000006184,0.0007190679999951044,0.0007360927375045512,0.0020767613226014836,1.9958033835625701,16.738214971275454,0.00018906173486582523,1,lidar_dropout,lidar_dropout_001
76.2,0.5703100562095642,1.4010870344822224,0.9027777777777778,0.20042141700000116,4.989486727359054,0.12736842105263158,0.0,-0.2307692307692305,-0.7783176876616414,-1.6868240932306637,2.3990631546478602,0.12807165500594925,3.190524156676533e-07,-0.20530608636853065,-0.21994574069249023,-0.09615478909896027,-0.0033425675678899133,4.7549208384632555,2.967895608482786,-0.6863876328043448,-1.736169366448119,2.512771134076373,0.10106977487630087,0.03126611822969538,0.08155205659845512,0.11151124994600219,0.21722610450742508,-0.0008541596184273405,0.007673706086464387,0.028107947528360266,0.0,0.0,-0.7783176876616414,-1.6868240932306637,2.3990631546478602,0.04437839400000598,0.03312688399999786,0.03041429799999662,0.0012978070000002617,0.030404586000003064,0.4326879520000091,0.029787433000009855,0.030434118000002286,0.0007032339533176724,0.025463144400699855,1.7870252299804696,14.112108675158382,0.014639654323959583,1,lidar_dropout,lidar_dropout_001
76.4,0.5453559160232544,1.4001493686896105,0.9027777777777778,0.20081950400000892,4.979596005774198,0.10421052631578946,0.0,-0.17948717948717924,-0.7966305649065281,-1.6693075087695097,2.3579485860269416,0.10503988401931569,-1.577024665451454e-05,-0.20464274243484662,-0.18970947788161938,-0.06977012065121176,-0.020774717674250327,4.053871861521897,2.2725798354414573,-0.6863876328043448,-1.736169366448119,2.512771134076373,0.10106977487630087,0.03126611822969538,0.08155205659845512,0.11151124994600219,0.21722610450742508,-0.0008541596184273405,0.007673706086464387,0.028107947528360266,0.0,0.0,-0.7966305649065281,-1.6693075087695097,2.3579485860269416,0.043558889999999906,0.033212701000010725,0.025925862000008237,0.0007146960000028457,0.025918326999999408,0.6326879520000119,0.02541844900000001,0.02595233400001007,0.0008293577035262262,0.02515556294766738,1.7812920260804401,9.212747447958188,0.014933264553227243,1,lidar_dropout,lidar_dropout_001
76.60000000000001,0.5217196345329285,1.3997012289023838,0.9055555555555556,0.2000135799999896,4.999660523050745,0.08105263157894736,0.0,-0.12820512820512797,-0.8101467206624476,-1.6553720988844516,2.3245519853286654,0.0815563276965658,3.021913727155323e-06,-0.15062111624276453,-0.13932201004636732,-0.07665313873289656,-0.01057585499604355,3.1123400076881826,1.801358182526482,-0.6863876328043448,-1.736169366448119,2.512771134076373,0.10106977487630087,0.03126611822969538,0.08155205659845512,0.11151124994600219,0.21722610450742508,-0.0008541596184273405,0.007673706086464387,0.028107947528360266,0.0,0.0,-0.8101467206624476,-1.6553720988844516,2.3245519853286654,0.04354531000001316,0.03331151800000498,0.021437676000005013,0.0005870330000021795,0.021428445000012175,0.8326879520000148,0.021020419000009838,0.021482237000014948,0.0005036961176184407,0.02241598803763656,1.3109818251617007,5.6064391396536415,0.011299106196397207,1,lidar_dropout,lidar_dropout_001
76.80000000000001,0.5023012161254883,1.3992902282171134,0.9111111111111111,0.19946084400000075,5.013515334368064,0.19684210526315787,0.0,0.4871794871794873,-0.8269088446237339,-1.6370070255005718,2.307861829023803,0.1657568955176007,-7.310373741351017e-05,0.13133353045179963,0.23556939460786405,-0.07237765778121838,0.020340786583217942,4.472378744677661,5.595585985897875,-0.6863876328043448,-1.736169366448119,2.512771134076373,0.10106977487630087,0.03126611822969538,0.08155205659845512,0.11151124994600219,0.21722610450742508,-0.0008541596184273405,0.007673706086464387,0.028107947528360266,0.0,0.0,-0.8269088446237339,-1.6370070255005718,2.307861829023803,0.044084466000015254,0.033116945000017495,0.017413793000017108,0.0006665680000139673,0.017406152000006614,1.0326879520000176,0.01706179300001054,0.01743956600000729,0.031085209745557174,0.35584595672768765,1.1232072412202143,25.02557982734585,0.10423586415606442,1,lidar_dropout,lidar_dropout_001
77.0,0.4708980321884155,1.40751581012837,0.9055555555555556,0.2000265490000004,4.999336363094471,0.17368421052631577,0.0,0.4871794871794873,-0.8524435097828394,-1.6109219313352954,2.3941290961671653,0.17219696768653528,-0.00015191434444596086,0.4898443323360399,0.4874712771543119,-0.03576417939175447,0.07284846696615245,3.1228292000897873,7.4005758143728455,-0.6863876328043448,-1.736169366448119,2.512771134076373,0.10106977487630087,0.03126611822969538,0.08155205659845512,0.11151124994600219,0.21722610450742508,-0.0008541596184273405,0.007673706086464387,0.028107947528360266,0.0,0.0,-0.8524435097828394,-1.6109219313352954,2.3941290961671653,0.0440579170000035,0.033278655999993134,0.013771421000001283,0.0006628210000059198,0.01372646500000485,1.2326879520000062,0.013282044999996856,0.013733056000006627,0.0014872428397804949,0.002664845156552631,4.277746614283059,23.11073425060178,0.0023730551817280343,1,lidar_dropout,lidar_dropout_001
77.2,0.4408213794231415,1.394440356471123,0.9083333333333333,0.20032263000000228,4.991947240309238,0.16210526315789472,0.0,0.435897435897436,-0.8787735765319856,-1.5886978344174036,2.488476654008247,0.16114512580072632,-0.0007787759696575025,0.47275246903710516,0.4695403782617431,-0.004496107871438825,0.13133774825610867,2.844347288412581,6.974870233644432,-0.6863876328043448,-1.736169366448119,2.512771134076373,0.10106977487630087,0.03126611822969538,0.08155205659845512,0.11151124994600219,0.21722610450742508,-0.0008541596184273405,0.007673706086464387,0.028107947528360266,0.0,0.0,-0.8787735765319856,-1.5886978344174036,2.488476654008247,0.043735287000004064,0.033291216999998596,0.00890893700000106,0.0048652509999982385,0.008898072000008028,1.432687952000009,0.04304004499999792,0.008933389000006287,0.0009601373571684058,0.03685503313966915,4.130522945231851,19.838953236096163,0.003212090775362053,1,lidar_dropout,lidar_dropout_001
77.4,0.4068285822868347,1.3958158878558273,0.9083333333333333,0.20082573899999545,4.979441405167804,0.11578947368421051,0.0,0.2820512820512822,-0.9024592782742287,-1.572020598157134,2.5708315897011462,0.11526263653366572,-0.000156882379983396,0.3113801147415244,0.3113764507896456,-0.025490528972171834,0.03338049697397702,2.142075627454525,4.870675409175955,-0.6863876328043448,-1.736169366448119,2.512771134076373,0.10106977487630087,0.03126611822969538,0.08155205659845512,0.11151124994600219,0.21722610450742508,-0.0008541596184273405,0.007673706086464387,0.028107947528360266,0.0,0.0,-0.9024592782742287,-1.572020598157134,2.5708315897011462,0.042909548000011455,0.03329446500001154,0.004763275000001954,0.004772040000005973,0.004753984000004152,1.632687952000012,0.03813564900001154,0.004809614999999212,0.0005268371505447872,0.029328832690242168,2.72859978172143,10.433355083237908,3.663951878785099e-06,1,lidar_dropout,lidar_dropout_001
77.60000000000001,0.3710709512233734,1.393694844267784,0.9083333333333333,0.19993709999999965,5.001572994706844,0.10421052631578946,0.0,0.23076923076923095,-0.9241759707604256,-1.5589357578951257,2.6312048733973947,0.10387993243296055,-0.00010750497319423485,0.2382170268869735,0.24181817223251728,-0.08723334124299224,0.06814340887128159,2.1138101429392324,4.2021056879012635,-0.6863876328043448,-1.736169366448119,2.512771134076373,0.10106977487630087,0.03126611822969538,0.08155205659845512,0.11151124994600219,0.21722610450742508,-0.0008541596184273405,0.007673706086464387,0.028107947528360266,0.0,0.0,-0.9241759707604256,-1.5589357578951257,2.6312048733973947,0.04297244800001465,0.03332054700000242,0.0005208910000078504,0.004869965000011689,0.0004995580000155542,1.8326879520000148,0.034329547000012894,0.0005407440000055885,0.0003305938828289112,0.0074477961177425445,2.088295544962031,8.882453624788331,0.003601145345543788,1,lidar_dropout,lidar_dropout_001
77.80000000000001,0.3696749806404114,1.3927571961610783,0.9111111111111111,0.20135342600001138,4.966391781185504,0.06947368421052631,0.0,0.23076923076923095,-0.9357338848041238,-1.5526957714215053,2.6660502020121033,0.06914292000162844,-0.00016479261386231903,0.2061146409860338,0.21553342869983297,-0.1051803821712024,-0.03603506456858141,1.2078691770268652,3.002195261547741,-0.6863876328043448,-1.736169366448119,2.512771134076373,0.10106977487630087,0.03126611822969538,0.08155205659845512,0.11151124994600219,0.21722610450742508,-0.0008541596184273405,0.007673706086464387,0.028107947528360266,0.0,0.0,-0.9357338848041238,-1.5526957714215053,2.6660502020121033,0.04161902200000611,0.03338202800000545,0.02993116500000781,0.003556065000012154,0.02989293100000623,2.0326879520000176,0.02936603700001683,0.029897255000008727,0.0003307642088978685,0.02465458978319715,1.794326084520876,3.6262591198396246,0.00941878771379917,1,lidar_dropout,lidar_dropout_001
78.0,0.36227089166641235,1.3983001830367694,0.9138888888888889,0.19953512299998977,5.011649001765225,0.05789473684210526,0.0,0.17948717948717968,-0.948190097283236,-1.546595821103597,2.7105943222001603,0.06194575488504241,-0.00010073351522833437,0.1721321819008104,0.17347813239264812,-0.05453041811006809,0.02940297636357362,1.1276868117024634,2.6410750800933416,-0.8996455676954109,-1.5716449255427074,2.729486269871973,0.09542608058703139,0.051431420943249595,0.09830270779805429,0.2693459456706941,0.21671513579559987,0.012906779667912814,-0.0039026855527890046,0.022242617755566806,0.017982666471569663,0.005865329772793461,-0.948190097283236,-1.546595821103597,2.7105943222001603,0.042083899000004976,0.03350953400000378,0.026085730999994894,0.003941280000006486,0.02605293999999958,0.02215890499999773,0.022131064999996397,0.02605814899999359,0.00405101804293715,0.0073549975863692885,1.5133882683908781,2.9783055365372886,0.0013459504918377219,1,lidar_dropout,lidar_dropout_001
78.2,0.34821316599845886,1.389273283691754,0.9138888888888889,0.2005353389999982,4.986652252848107,0.05789473684210526,0.0,0.17948717948717968,-0.9590997534750546,-1.5417363140754554,2.728433052419937,0.0578620462632917,-0.00011422206724244835,0.05218708880687302,0.10499728495328124,-0.0421806479905136,-0.03748229024240837,1.5322501741728396,1.9790630274204972,-0.8996455676954109,-1.5716449255427074,2.729486269871973,0.09542608058703139,0.051431420943249595,0.09830270779805429,0.2693459456706941,0.21671513579559987,0.012906779667912814,-0.0039026855527890046,0.022242617755566806,0.0,0.0,-0.9590997534750546,-1.5417363140754554,2.728433052419937,0.041548560000009616,0.03352136700000585,0.021631093999999962,0.00380718200000274,0.021624893000009138,0.22215890500000057,0.021387095999997996,0.021657133000005047,3.2690578813561466e-05,0.12730009068030668,0.4468128532476576,3.032419668464084,0.05281019614640822,1,lidar_dropout,lidar_dropout_001
78.4,0.3391110897064209,1.3903628360355516,0.9138888888888889,0.19981032000001164,5.004746501581809,0.04631578947368421,0.0,0.07692307692307715,-0.96958418818139,-1.537294478556158,2.759864431534277,0.04610852820973109,-0.00011530954887445377,0.14732979565183288,0.12229071223373837,-0.09759266107526099,-0.018837807227732803,0.7579572744921845,2.0494593748626833,-0.8996455676954109,-1.5716449255427074,2.729486269871973,0.09542608058703139,0.051431420943249595,0.09830270779805429,0.2693459456706941,0.21671513579559987,0.012906779667912814,-0.0039026855527890046,0.022242617755566806,0.0,0.0,-0.96958418818139,-1.537294478556158,2.759864431534277,0.041738240000000815,0.03350260500000957,0.017516484000012156,0.0034149340000055872,0.017513544999999908,0.4221589050000034,0.01707715400000609,0.017528617000010627,0.0002072612639531235,0.07040671872875573,1.2915021003704987,1.5534026419533757,0.025039083418094507,1,lidar_dropout,lidar_dropout_001
78.60000000000001,0.33004412055015564,1.3796669630656488,0.9138888888888889,0.20100336499999116,4.9750410894864565,0.04631578947368421,0.0,-0.02564102564102541,-0.9783697984149614,-1.5338320368287819,2.767091121124971,0.04636755094564329,-3.4718279003101427e-05,-0.022311189367244372,-0.022859031156353755,-0.04582725992630683,-0.03135836605519621,1.500719086213583,1.3067829599342995,-0.8996455676954109,-1.5716449255427074,2.729486269871973,0.09542608058703139,0.051431420943249595,0.09830270779805429,0.2693459456706941,0.21671513579559987,0.012906779667912814,-0.0039026855527890046,0.022242617755566806,0.0,0.0,-0.9783697984149614,-1.5338320368287819,2.767091121124971,0.040734875000012494,0.0335284130000133,0.012812275000001705,0.003142117000010103,0.012802000000007752,0.6221589050000063,0.012399187000013967,0.012845069000007925,5.176147195908032e-05,0.0033298362737810387,0.19393612627928358,1.9611141295120833,0.0005478417891093823,1,lidar_dropout,lidar_dropout_001
78.80000000000001,0.3238515257835388,1.3871462866890394,0.9138888888888889,0.20059080500000448,4.985273377810003,0.04631578947368421,0.0,0.17948717948717968,-0.987163021053649,-1.5303663005561836,2.7695935369424105,0.04612049737175109,-0.00025579454859750266,0.13462705704340225,0.14062228336165875,-0.07221792065544648,0.023740707047985136,0.8241119858493391,1.9825249324468803,-0.8996455676954109,-1.5716449255427074,2.729486269871973,0.09542608058703139,0.051431420943249595,0.09830270779805429,0.2693459456706941,0.21671513579559987,0.012906779667912814,-0.0039026855527890046,0.022242617755566806,0.0,0.0,-0.987163021053649,-1.5303663005561836,2.7695935369424105,0.040144070000010856,0.03349891200001309,0.007575740000007158,0.0019490950000147222,0.007564991000009513,0.8221589050000091,0.006880139000017493,0.007620305000017424,0.00019529210193312135,0.044860122443777434,1.1584129465975412,1.6338225590746254,0.005995226318256497,1,lidar_dropout,lidar_dropout_001
79.0,0.3098019063472748,1.3841679924164862,0.9138888888888889,0.2003425040000053,4.991452038554802,0.03473684210526316,0.0,-0.07692307692307669,-0.9941560197442632,-1.527703663035397,2.77979462637677,0.034848989328992906,-0.0001259998923826642,-0.06602108912854852,-0.06646171558211265,-0.09641538158114216,0.018358887709821404,1.3388079213606061,0.7650872339193999,-0.8996455676954109,-1.5716449255427074,2.729486269871973,0.09542608058703139,0.051431420943249595,0.09830270779805429,0.2693459456706941,0.21671513579559987,0.012906779667912814,-0.0039026855527890046,0.022242617755566806,0.0,0.0,-0.9941560197442632,-1.527703663035397,2.77979462637677,0.03980156599999418,0.03351467699999944,0.003720995999998422,0.001379636999999434,0.003647560000004546,1.0221589049999977,0.037498127999995745,0.0036519439999977976,0.000112147223729743,0.010901987794528167,0.5737206874412062,1.0243048493031677,0.0004406264535641302,1,lidar_dropout,lidar_dropout_001
79.2,0.3080235421657562,1.387497402637838,0.9222222222222223,0.20000671199998976,4.999832205631435,0.03473684210526316,0.0,-0.02564102564102541,-0.999689413480551,-1.5255850730023996,2.771959867374286,0.03480079706595818,-3.826322701185221e-05,-0.028041791878153643,-0.026589212828847752,-0.05793191395309243,0.020915596482801953,1.1755417983946352,0.9302816905644894,-0.8996455676954109,-1.5716449255427074,2.729486269871973,0.09542608058703139,0.051431420943249595,0.09830270779805429,0.2693459456706941,0.21671513579559987,0.012906779667912814,-0.0039026855527890046,0.022242617755566806,0.0,0.0,-0.999689413480551,-1.5255850730023996,2.771959867374286,0.03979485400000726,0.033470571000009386,0.033882645000005596,0.0018291060000024117,0.03387075999999922,1.2221589050000006,0.03348413599999844,0.033917987000009475,6.39549606950146e-05,0.0024007662371282323,0.24526010783014585,1.0935850115397814,0.0014525790493058917,1,lidar_dropout,lidar_dropout_001
79.4,0.3141629993915558,1.3857473931823971,0.9194444444444444,0.20015760300000807,4.996063027393268,0.011578947368421053,0.0,-0.12820512820512797,-1.0057073980855011,-1.5232405307883878,2.766790498754767,0.015358594985854975,6.208747971887373e-05,-0.11487165762477677,-0.12203839001172048,-0.07529675432513745,-0.0004346839499265575,0.9492528762480825,-0.031166305261747095,-0.8996455676954109,-1.5716449255427074,2.729486269871973,0.09542608058703139,0.051431420943249595,0.09830270779805429,0.2693459456706941,0.21671513579559987,0.012906779667912814,-0.0039026855527890046,0.022242617755566806,0.0,0.0,-1.0057073980855011,-1.5232405307883878,2.766790498754767,0.03963725100000204,0.03343139800000472,0.029848151000010148,0.0019532830000059676,0.029845217000001867,1.4221589050000034,0.029553839000001858,0.029858932999999865,0.0037796476174339223,0.013333470580351198,0.9804191815098297,-0.029584704911739177,0.007166732386943708,1,lidar_dropout,lidar_dropout_001
79.60000000000001,0.30557969212532043,1.385363945482712,0.9138888888888889,0.19962501099999486,5.009392335111885,0.011578947368421053,0.0,-0.12820512820512797,-1.0079511773742607,-1.5223429908699906,2.7412453363239146,0.011807683105611116,2.774116829418541e-05,-0.12745060754628948,-0.1275282307390582,-0.09292267837999066,0.0031709175084249914,0.9073882454151225,-0.20494546570098476,-0.8996455676954109,-1.5716449255427074,2.729486269871973,0.09542608058703139,0.051431420943249595,0.09830270779805429,0.2693459456706941,0.21671513579559987,0.012906779667912814,-0.0039026855527890046,0.022242617755566806,0.0,0.0,-1.0079511773742607,-1.5223429908699906,2.7412453363239146,0.040012240000010024,0.03367309900001203,0.02568128500000455,0.0019107340000061868,0.02567754900000807,1.6221589050000063,0.02523528600001157,0.02569414000001302,0.0002287357371900632,0.0007545206588384923,1.1123337111161073,-0.18596510652820175,7.762319276871654e-05,1,lidar_dropout,lidar_dropout_001
79.80000000000001,0.3032657504081726,1.3829221767259807,0.9111111111111111,0.2013324210000036,4.96690992455697,0.023157894736842106,0.0,0.12820512820512842,-1.0116924303702506,-1.5207152333315814,2.7237282539661076,0.023115595949382412,0.00027417158004690127,0.05676093486446844,0.11622231099730271,-0.07196764229475958,-0.07452399086957402,0.46442106229659,0.9395620053311726,-0.8996455676954109,-1.5716449255427074,2.729486269871973,0.09542608058703139,0.051431420943249595,0.09830270779805429,0.2693459456706941,0.21671513579559987,0.012906779667912814,-0.0039026855527890046,0.022242617755566806,0.0,0.0,-1.0116924303702506,-1.5207152333315814,2.7237282539661076,0.038679819000009275,0.03354706900000792,0.020513553000014895,0.0008449870000077908,0.02050759100001187,1.822158905000009,0.020057675000018094,0.020539891000012744,4.2298787459694315e-05,0.07144419334065998,0.4751409430345826,0.43635238460941755,0.05946137613283427,1,lidar_dropout,lidar_dropout_001
80.0,0.29776686429977417,1.3890048104705233,0.9166666666666666,0.2002022869999962,4.994947934835625,0.023157894736842106,0.0,0.07692307692307715,-1.0160026014067025,-1.518845390690586,2.745130886841225,0.023058770251575343,-7.903545789377832e-05,0.07902244817318584,0.07792064977972604,-0.06243291139004337,0.012777308846019898,0.3566691315116579,1.0470240238503299,-0.8996455676954109,-1.5716449255427074,2.729486269871973,0.09542608058703139,0.051431420943249595,0.09830270779805429,0.2693459456706941,0.21671513579559987,0.012906779667912814,-0.0039026855527890046,0.022242617755566806,0.0,0.0,-1.0160026014067025,-1.518845390690586,2.745130886841225,0.0384775320000017,0.0335815359999998,0.01679106100000638,0.0008250679999974864,0.0167829490000031,2.0221589049999977,0.01633582899999908,0.01681610200000705,9.912448526676332e-05,0.0020993712501086864,0.690354892338672,0.37344114925853855,0.0011017983934597936,1,lidar_dropout,lidar_dropout_001
80.2,0.29344090819358826,1.3848651553929032,0.9194444444444444,0.20020624100000362,4.994849286441485,0.023157894736842106,0.0,0.0,-1.0203641838498794,-1.5170510494085434,2.756141358103967,0.02318498904303627,-3.540825443914576e-05,0.00288033290832416,0.0022357886794814553,-0.04767432210698142,-0.018663569865934992,0.6890395981387154,0.7148952852587787,-0.8996455676954109,-1.5716449255427074,2.729486269871973,0.09542608058703139,0.051431420943249595,0.09830270779805429,0.2693459456706941,0.21671513579559987,0.012906779667912814,-0.0039026855527890046,0.022242617755566806,0.0,0.0,-1.0203641838498794,-1.5170510494085434,2.756141358103967,0.03827129100000093,0.033587292000007096,0.012669883000000937,0.0007325530000059643,0.012656182000000626,2.2221589050000006,0.012078537999997252,0.012699097999998799,2.7094306194162115e-05,0.00288033290832416,0.025855687120063253,0.49259116006597115,0.0006445442288427047,1,lidar_dropout,lidar_dropout_001
80.4,0.3015727400779724,1.384584593501958,0.9166666666666666,0.1992330749999951,5.019246929758147,0.023157894736842106,0.0,0.07692307692307715,-1.0247430977017087,-1.5152786324275649,2.761069863223636,0.02305777074552123,-3.4742742235549864e-05,0.06394843084140316,0.06585587593274886,-0.052510822292421606,-0.03522318835538933,0.4236564012564994,0.9790761230230695,-0.8996455676954109,-1.5716449255427074,2.729486269871973,0.09542608058703139,0.051431420943249595,0.09830270779805429,0.2693459456706941,0.21671513579559987,0.012906779667912814,-0.0039026855527890046,0.022242617755566806,0.0,0.0,-1.0247430977017087,-1.5152786324275649,2.761069863223636,0.039038216000008674,0.03370720400000948,0.008521833000003198,0.000625056000004065,0.00851021800001206,2.4221589050000034,0.007687043000004223,0.008565764000010745,0.00010012399132087665,0.012974646081673993,0.5554197217665701,0.4147918668361193,0.0019074450913457025,1,lidar_dropout,lidar_dropout_001
80.60000000000001,0.2797408103942871,1.3809798444505905,0.9194444444444444,0.20102204799999868,4.974578708898671,0.023157894736842106,0.0,0.07692307692307715,-1.0291232142813918,-1.5135540961644356,2.776036453371536,0.023062546194563358,-8.967102980882678e-05,0.0758154365171063,0.07572447252955394,-0.03680485969618725,-0.01243726273772,0.3709176185258959,1.032571529649095,-0.8996455676954109,-1.5716449255427074,2.729486269871973,0.09542608058703139,0.051431420943249595,0.09830270779805429,0.2693459456706941,0.21671513579559987,0.012906779667912814,-0.0039026855527890046,0.022242617755566806,0.0,0.0,-1.0291232142813918,-1.5135540961644356,2.776036453371536,0.03801616800001284,0.03364624700000718,0.0037488360000139664,0.004679265000007149,0.0037383050000130424,2.6221589050000063,0.03758544600000846,0.003776652000013314,9.534854227874826e-05,0.0011076404059708472,0.661653911123199,0.38299897273508376,9.09639875523588e-05,1,lidar_dropout,lidar_dropout_001
80.80000000000001,0.29096052050590515,1.3830285661191826,0.9222222222222223,0.20022826299999963,4.994299930574745,0.011578947368421053,0.0,0.07692307692307715,-1.0313293357479465,-1.5127146255688144,2.78870907863541,0.011434493102875065,-0.00010681732144131491,0.0878436831345009,0.08215650879756857,-0.0546374285874317,0.008903818179547489,-0.033922350210884314,0.7352464006646324,-0.8996455676954109,-1.5716449255427074,2.729486269871973,0.09542608058703139,0.051431420943249595,0.09830270779805429,0.2693459456706941,0.21671513579559987,0.012906779667912814,-0.0039026855527890046,0.022242617755566806,0.0,0.0,-1.0313293357479465,-1.5127146255688144,2.78870907863541,0.03778790500001605,0.03363234900001544,0.03390347500001667,0.004965852000012205,0.03390128000000914,2.822158905000009,0.0335464500000171,0.03390834200001791,0.00014445426554598843,0.010920606211423753,0.7691687508755167,-0.024941285894637826,0.005687174336932332,1,lidar_dropout,lidar_dropout_001
81.0,0.28338295221328735,1.3838681819209133,0.9222222222222223,0.1996638620000084,5.0084175973715155,0.011578947368421053,0.0,0.07692307692307715,-1.0335312758152058,-1.5119144500643773,2.804716538408094,0.011480662883927491,-8.529486836269173e-05,0.07605772706271237,0.07581990303521795,-0.06408393691979267,-0.015035580702901528,0.01883438042240028,0.6826561477719136,-0.8996455676954109,-1.5716449255427074,2.729486269871973,0.09542608058703139,0.051431420943249595,0.09830270779805429,0.2693459456706941,0.21671513579559987,0.012906779667912814,-0.0039026855527890046,0.022242617755566806,0.0,0.0,-1.0335312758152058,-1.5119144500643773,2.804716538408094,0.03812404299999628,0.03385358600000643,0.029830607999997483,0.004752300000006926,0.029824520999994775,3.0221589049999977,0.029385583999996356,0.029843244999995022,9.828448449356215e-05,0.0008653498603647808,0.6638217673495134,0.012857405584826523,0.000237824027494421,1,lidar_dropout,lidar_dropout_001
81.2,0.2890682518482208,1.3720851102984564,0.9194444444444444,0.20008049399999095,4.997988459584897,0.011578947368421053,0.0,0.0,-1.0357543395614766,-1.5111454477099107,2.815185772412637,0.011589460274541248,-2.576573702504307e-05,0.013955505433900173,0.00845796020191981,-0.034230968573124604,-0.006707107657864534,0.28851817094365717,0.41352399073744217,-0.8996455676954109,-1.5716449255427074,2.729486269871973,0.09542608058703139,0.051431420943249595,0.09830270779805429,0.2693459456706941,0.21671513579559987,0.012906779667912814,-0.0039026855527890046,0.022242617755566806,0.0,0.0,-1.0357543395614766,-1.5111454477099107,2.815185772412637,0.03804354900000817,0.03358162300000345,0.025647590000005493,0.005048993000002611,0.025625554000001216,3.2221589050000006,0.025291015999997057,0.025666197999996143,1.0512906120195217e-05,0.013955505433900173,0.125005819793785,0.11930918544888865,0.005497545231980363,0,lidar_dropout,lidar_dropout_001
81.4,0.28298115730285645,1.3741336474785992,0.9194444444444444,0.2007978370000103,4.980133326834336,0.011578947368421053,0.0,-0.02564102564102541,-1.038002459490666,-1.510385298792139,2.8133395938354226,0.01163132770378416,-3.732056736543499e-05,-0.02449436756961879,-0.02513540447664064,-0.07246370425949099,0.007843866346896643,0.45710732397530596,0.24361372460022687,-0.8996455676954109,-1.5716449255427074,2.729486269871973,0.09542608058703139,0.051431420943249595,0.09830270779805429,0.2693459456706941,0.21671513579559987,0.012906779667912814,-0.0039026855527890046,0.022242617755566806,0.0,0.0,-1.038002459490666,-1.510385298792139,2.8133395938354226,0.03724571200000071,0.03369324600001278,0.020673053999999524,0.0035711550000030456,0.02066434500000014,3.4221589050000034,0.020064513000008333,0.020690130000005524,5.238033536310652e-05,0.001146658071406622,0.21349359937507909,0.11135761773566687,0.0006410369070218511,1,lidar_dropout,lidar_dropout_001
81.60000000000001,0.2736751437187195,1.3895435766414836,0.925,0.20037057300000072,4.990752808796911,0.011578947368421053,0.0,-0.02564102564102541,-1.0402534388899418,-1.5096153110129835,2.8081330091690107,0.01162691723098015,-2.758047438377589e-05,-0.025790105600658045,-0.025483733371188613,-0.07437237046776753,0.008567163188150243,0.46321556684328213,0.23811897082441907,-0.8996455676954109,-1.5716449255427074,2.729486269871973,0.09542608058703139,0.051431420943249595,0.09830270779805429,0.2693459456706941,0.21671513579559987,0.012906779667912814,-0.0039026855527890046,0.022242617755566806,0.0,0.0,-1.0402534388899418,-1.5096153110129835,2.8081330091690107,0.03687513900000283,0.033735252000013816,0.016843029000014553,0.0037721190000041815,0.01683351800001276,3.6221589050000063,0.016231889000010824,0.016877617000005785,4.79698625590972e-05,0.00014907995963263365,0.22509659601886306,0.11030041404657225,0.00030637222946943224,1,lidar_dropout,lidar_dropout_001
81.80000000000001,0.27842462062835693,1.383747023272227,0.9222222222222223,0.1999277899999896,5.001805902021185,0.011578947368421053,0.0,-0.07692307692307669,-1.0425032952098696,-1.5088327992214954,2.8011868577134402,0.011701475709013419,6.025897240798366e-06,-0.06560610199750593,-0.06734356542876944,-0.060511123329001215,0.02638386158444028,0.6361464551105684,0.06613685600559045,-0.8996455676954109,-1.5716449255427074,2.729486269871973,0.09542608058703139,0.051431420943249595,0.09830270779805429,0.2693459456706941,0.21671513579559987,0.012906779667912814,-0.0039026855527890046,0.022242617755566806,0.0,0.0,-1.0425032952098696,-1.5088327992214954,2.8011868577134402,0.03694734900001606,0.033777556000018194,0.012772116000007827,0.0035267300000043633,0.012768358000016633,3.822158905000009,0.01253123700000458,0.012786859000016193,0.0001225283405923653,0.011316974925570766,0.570009599104978,0.042072726500114475,0.0017374634312635195,1,lidar_dropout,lidar_dropout_001
82.0,0.2636030316352844,1.3842278682254814,0.925,0.20118426999999883,4.970567529956521,0.011578947368421053,0.0,-0.02564102564102541,-1.0447487196157599,-1.5080295213310408,2.792456756293151,0.011646330774109679,-3.567230562713736e-05,-0.02680626947106842,-0.02694669935877415,-0.08665173558990696,0.0003947776626471908,0.4682395643227584,0.23404148148036616,-0.8996455676954109,-1.5716449255427074,2.729486269871973,0.09542608058703139,0.051431420943249595,0.09830270779805429,0.2693459456706941,0.21671513579559987,0.012906779667912814,-0.0039026855527890046,0.022242617755566806,0.0,0.0,-1.0447487196157599,-1.5080295213310408,2.792456756293151,0.03576307900000586,0.0337215939999993,0.007927280000004089,0.0031208590000062486,0.007920697000002974,4.022158904999998,0.007433063999997103,0.007955785999996579,6.738340568862577e-05,0.0011652438300430099,0.2341980828423922,0.10958748132181957,0.0001404298877057293,1,lidar_dropout,lidar_dropout_001
82.2,0.2831641733646393,1.3778822981158771,0.9194444444444444,0.19975560700000017,5.006117300126645,0.0,0.0,0.32,-1.0462527917928681,-1.507477192137814,2.7978130370360668,-0.00022367987656009408,-0.00022110098273770386,0.1475165216761854,0.15237561867254895,-0.01074289485467115,-0.024014199214171028,-0.6421912562349614,0.6423354464326453,-0.8996455676954109,-1.5716449255427074,2.729486269871973,0.09542608058703139,0.051431420943249595,0.09830270779805429,0.2693459456706941,0.21671513579559987,0.012906779667912814,-0.0039026855527890046,0.022242617755566806,0.0,0.0,-1.0462527917928681,-1.507477192137814,2.7978130370360668,0.036007472000008534,0.033921806999998694,0.003892995000001065,0.0030247159999987616,0.003854817000004118,4.222158905000001,0.003083402000001456,0.0038604020000008177,0.00022367987656009408,0.1724834783238146,1.2845267026676068,-0.41250220726882525,0.004859096996363554,1,lidar_dropout,lidar_dropout_001
82.4,0.2801112234592438,1.380870591681283,0.925,0.19984110100000407,5.003975633620931,0.0,0.0,0.9487179487179491,-1.0461286293119245,-1.5074712286268084,2.8789444249232385,-0.0013845044271856776,0.0002943520554968044,0.8017826624036039,0.7988416381606778,-0.05011462753924552,-0.011170264277163843,-3.4830166092881356,3.4818852856593008,-0.8996455676954109,-1.5716449255427074,2.729486269871973,0.09542608058703139,0.051431420943249595,0.09830270779805429,0.2693459456706941,0.21671513579559987,0.012906779667912814,-0.0039026855527890046,0.022242617755566806,0.0,0.0,-1.0461286293119245,-1.5074712286268084,2.8789444249232385,0.0361663710000073,0.033748888000005195,0.03372736800000098,0.0028323290000003,0.03368450600000017,4.422158905000003,0.03337833200001228,0.033691735000004996,0.0013845044271856776,0.14693528631434527,6.964901894947436,-12.12746428158731,0.0029410242429260824,1,lidar_dropout,lidar_dropout_001
82.60000000000001,0.2693941593170166,1.3662653896743797,0.9194444444444444,0.20117719899999997,4.970742236052308,0.0,0.0,0.8461538461538465,-1.045789182920231,-1.5074669224971966,3.0596551092593254,-0.0016897150534986086,-1.7697618858505406e-05,0.865099878493291,0.8532455372929001,-0.12814577092854504,-0.027427765986146053,-3.780028292356227,3.7767036379187715,-1.0024991366697324,-1.5216064172787929,3.0583581099955293,0.08667668849362642,0.05791730515231919,0.1074629941573276,0.11437967022173721,0.3288718401235564,0.035904091896205526,-0.009077607451369277,0.004854292171572223,0.023572360645085742,0.017388325583994585,-1.045789182920231,-1.5074669224971966,3.0596551092593254,0.03498917200001017,0.033722573000005696,0.028799569000014458,0.001937179000009337,0.02868619300001285,0.025022848000006093,0.02497875500000646,0.028768643000006477,0.0016897150534986086,0.018946032339444474,7.5567319302749985,-14.276046603177644,0.011854341200390861,1,lidar_dropout,lidar_dropout_001
82.80000000000001,0.25472211837768555,1.369679317913747,0.9194444444444444,0.19976208100000292,5.005955059108467,0.0,0.0,0.7948717948717952,-1.0454673486395538,-1.5074413865305822,-3.0562247959166107,-0.0015477393355555463,-0.00024361446539062175,0.7885805693632602,0.7873024981598109,-0.025941510096290712,0.013194965156966639,-3.4437635416717565,3.4398713134337116,-1.0024991366697324,-1.5216064172787929,3.0583581099955293,0.08667668849362642,0.05791730515231919,0.1074629941573276,0.11437967022173721,0.3288718401235564,0.035904091896205526,-0.009077607451369277,0.004854292171572223,0.0,0.0,-1.0454673486395538,-1.5074413865305822,-3.0562247959166107,0.03522709100001009,0.03387957100001415,0.025011267000010662,0.0019733620000152996,0.024976669000011498,0.22502284800000893,0.0244074920000088,0.02498238800001218,0.0015477393355555463,0.006291225508535003,6.883634855105468,-11.846103417245555,0.0012780712034492492,1,lidar_dropout,lidar_dropout_001
83.0,0.25540152192115784,1.3666154191213071,0.9194444444444444,0.2001672130000003,4.995823167103788,0.0,0.0,0.6923076923076925,-1.0451754241021358,-1.507393737430023,-2.9009280082589823,-0.0013768420793614131,-3.872812570845794e-05,0.7126394866588098,0.7036180015364146,-0.12229785704781797,-0.04475105834870988,-3.1170517468531163,3.109042281004805,-0.9892805518911415,-1.4975813401098355,-2.9059170750698016,0.08725887122497178,0.04283237280050756,0.08997492688783279,0.027421438994391867,0.3189101221142557,0.04693440128455402,0.01592925126099692,0.005888068372049996,0.02733149662683941,0.0010337762004777725,-1.0451754241021358,-1.507393737430023,-2.9009280082589823,0.035059877999998434,0.033659530999997855,0.02097608500000092,0.0016713779999975031,0.0209534140000045,0.01768517300000383,0.01767044300000009,0.020957586999998057,0.0013768420793614131,0.020331794351117316,6.226094027857921,-9.691045673046224,0.0090214851223952,1,lidar_dropout,lidar_dropout_001
83.2,0.23660768568515778,1.3592341086629665,0.9166666666666666,0.20054077499999323,4.9865170811274355,0.0,0.0,0.6410256410256412,-1.0449420207037714,-1.5073538632004937,-2.764353297777893,-0.0010465153032038804,0.00013015947711436936,0.6396954875334561,0.6392562407217152,-0.09796177492491037,-0.01861684081257534,-2.7932422402167747,2.7909406027807875,-0.9892805518911415,-1.4975813401098355,-2.9059170750698016,0.08725887122497178,0.04283237280050756,0.08997492688783279,0.027421438994391867,0.3189101221142557,0.04693440128455402,0.01592925126099692,0.005888068372049996,0.0,0.0,-1.0449420207037714,-1.5073538632004937,-2.764353297777893,0.034519103000008045,0.03396879599999636,0.016002331000009917,0.0008266970000079255,0.01599794000000543,0.21768517300000667,0.015498958999998536,0.016017961000002856,0.0010465153032038804,0.0013301534921851266,5.584182842997562,-7.795773181623362,0.00043924681174090097,1,lidar_dropout,lidar_dropout_001
83.4,0.22810626029968262,1.3478971210844588,0.9166666666666666,0.20064803100000006,4.983851548485914,0.0,0.0,0.5384615384615385,-1.0447542044263,-1.507302334653337,-2.6422422551213636,-0.0008236817484855257,0.00011769454967726855,0.5489111035856773,0.5460722085881837,-0.0937160702433125,-0.012451602277285059,-2.3978359059010654,2.3962215143172823,-0.9901451619724557,-1.49223979171495,-2.654801866069992,0.08433511757766643,0.03629148807002469,0.08464957708115381,0.0054110710444065045,0.25111520899980944,0.054239909894047145,0.01524322974896246,0.00019684418221772786,0.007337648230758423,0.005691224189832268,-1.0447542044263,-1.507302334653337,-2.6422422551213636,0.03387107200001083,0.03391085000001226,0.012050758000000883,0.0005321600000058879,0.012047076000001766,0.007928849000009563,0.00794799300000193,0.0120599390000109,0.0008236817484855257,0.010449565124138749,4.794057420218348,-5.745745985522603,0.0028388949974935684,1,lidar_dropout,lidar_dropout_001
83.60000000000001,0.22419637441635132,1.3473009905632,0.9222222222222223,0.19991617800000938,5.00209642863397,0.0,0.0,0.4871794871794873,-1.0446075249983373,-1.5072408893738871,-2.534016925561571,-0.0007049729634414527,6.086368192733462e-05,0.4971656349647333,0.4966540201744545,-0.04925997838867753,-0.009598897801996149,-2.1714620478114552,2.1707785163081414,-0.9901451619724557,-1.49223979171495,-2.654801866069992,0.08433511757766643,0.03629148807002469,0.08464957708115381,0.0054110710444065045,0.25111520899980944,0.054239909894047145,0.01524322974896246,0.00019684418221772786,0.0,0.0,-1.0446075249983373,-1.5072408893738871,-2.534016925561571,0.03395489400000429,0.03398650000001169,0.007067964000015081,0.005131429000002186,0.007054537000001915,0.2079288490000124,0.006670864000014376,0.007099681000013902,0.0007049729634414527,0.009986147785246036,4.342240564119597,-4.71376316236759,0.0005116147902788359,1,lidar_dropout,lidar_dropout_001
83.80000000000001,0.21627064049243927,1.3417504741346007,0.9194444444444444,0.20159050600000228,4.96055106880871,0.0,0.0,0.435897435897436,-1.0444413840945233,-1.507101477167517,-2.4368750425243717,-0.0013407144035142045,-0.00015859410955959888,0.43760213593452624,0.4380509548682519,-0.03250457001978544,0.012013088478888871,-1.9121531403819707,1.9092157571701454,-0.9901451619724557,-1.49223979171495,-2.654801866069992,0.08433511757766643,0.03629148807002469,0.08464957708115381,0.0054110710444065045,0.25111520899980944,0.054239909894047145,0.01524322974896246,0.00019684418221772786,0.0,0.0,-1.0444413840945233,-1.507101477167517,-2.4368750425243717,0.03236438800000485,0.03395531100001392,0.002871783000017558,0.004598183000013023,0.002866732000015304,0.40792884900001525,0.20667086400001722,0.002888071000015202,0.0013407144035142045,0.0017047000370902232,3.821368897552116,-3.6507129057396353,0.00044881893372566983,1,lidar_dropout,lidar_dropout_001
84.0,0.20912419259548187,1.3369151133011623,0.9222222222222223,0.19996789199998943,5.000802828886414,0.0,0.0,0.38461538461538475,-1.0442914745907301,-1.5069357215168038,-2.3638653008321615,-0.001215958637885458,-0.00010394582525268274,0.39875058453473594,0.3886117529911756,-0.030266998070446652,0.011997312395040292,-1.7447348124901556,1.7413278308834135,-0.9955004552328629,-1.505290648128824,-2.4365501419877837,0.06810124114916338,0.028702423339812544,0.06531161583797188,0.014106878430060985,0.2182517240822084,0.02832697718961515,0.01583323646146988,0.013576322142034105,0.0,0.0,-1.0442914745907301,-1.5069357215168038,-2.3638653008321615,0.03239649600000405,0.033928400999997166,0.0324768779999971,0.004167374999994422,0.03246024099999545,0.1997356340000067,0.031724272999994696,0.032506697000002305,0.001215958637885458,0.014135199919351193,3.486062643373569,-3.038155286500262,0.010138831543560323,1,lidar_dropout,lidar_dropout_001
84.2,0.21234600245952606,1.3402650637659062,0.9194444444444444,0.20030007700000851,4.992509313912833,0.0,0.0,0.3333333333333335,-1.0441420493723501,-1.5067521766220908,-2.2861512129723884,-0.0010532307632103366,-7.441348489765161e-05,0.3478281073994411,0.3387350626769721,-0.06047821398315212,-0.018552045256622348,-1.5220958473001904,1.5195868242184831,-0.9955004552328629,-1.505290648128824,-2.4365501419877837,0.06810124114916338,0.028702423339812544,0.06531161583797188,0.014106878430060985,0.2182517240822084,0.02832697718961515,0.01583323646146988,0.013576322142034105,0.0,0.0,-1.0441420493723501,-1.5067521766220908,-2.2861512129723884,0.03209641899999838,0.033845432999996206,0.02797275100000718,0.0036454030000072635,0.027927407000007065,0.39973563400000955,0.027618463999999676,0.027935365000004708,0.0010532307632103366,0.014494774066107607,3.0416826715186733,-2.3129567947550376,0.009093044722468968,1,lidar_dropout,lidar_dropout_001
84.4,0.20375093817710876,1.3368618890014758,0.9222222222222223,0.20034991199999297,4.991267478071241,0.0,0.0,0.3333333333333335,-1.044027743300823,-1.5065943786270641,-2.218166155491594,-0.00045349822345524995,-0.00011077045167773284,0.330393344830317,0.33043531774245677,-0.06742763619975475,0.019297595787097728,-1.442316308104981,1.441212161235944,-1.0039425485103108,-1.4982004868557175,-2.2218110521795906,0.05778955625775861,0.024549681902227505,0.0517416060864232,0.011024487551981287,0.21473908980819312,0.04104256045795359,0.0076261211496445065,-0.0006810331116707994,0.015134160022797665,0.014257355253704904,-1.044027743300823,-1.5065943786270641,-2.218166155491594,0.03174650700000825,0.03399335000000292,0.02393957499999999,0.004031319000006306,0.02387831100000426,0.021533860000005234,0.021500879000001305,0.023895430000010265,0.00045349822345524995,0.0029399885030164663,2.8835284693409253,-2.0786838035898274,4.197291213975385e-05,1,lidar_dropout,lidar_dropout_001
84.60000000000001,0.20017538964748383,1.3332286377897464,0.9222222222222223,0.200103581999997,4.997411790459678,0.0,0.0,0.2820512820512822,-1.0439909710753523,-1.5065182575444738,-2.155305006118774,-0.0003835837413172699,-0.00011191715614810995,0.2828200756095843,0.28201898441306755,-0.05755680784794508,0.027926880976049014,-1.2345349226465876,1.2344274989151403,-1.0039425485103108,-1.4982004868557175,-2.2218110521795906,0.05778955625775861,0.024549681902227505,0.0517416060864232,0.011024487551981287,0.21473908980819312,0.04104256045795359,0.0076261211496445065,-0.0006810331116707994,0.0,0.0,-1.0439909710753523,-1.5065182575444738,-2.155305006118774,0.03164292500001409,0.03406935400001032,0.019814976000006368,0.003675175000012132,0.01979437800001449,0.22153386000000808,0.0194313450000152,0.019835516000014763,0.0003835837413172699,0.0007687935583020611,2.468962421561728,-1.5239438568860233,0.0008010911965167233,1,lidar_dropout,lidar_dropout_001
84.80000000000001,0.19339121878147125,1.3333646856002264,0.925,0.20013003600000445,4.996751212296678,0.0,0.0,0.2820512820512822,-1.0439639627744544,-1.5064438562006879,-2.098131838723973,-0.0003952862539315958,-0.0001352335265706033,0.27949639698591394,0.27953117427410745,-0.048059573324071514,-0.00893774956006209,-1.2196966001342533,1.2196216392517965,-1.0039425485103108,-1.4982004868557175,-2.2218110521795906,0.05778955625775861,0.024549681902227505,0.0517416060864232,0.011024487551981287,0.21473908980819312,0.04104256045795359,0.0076261211496445065,-0.0006810331116707994,0.0,0.0,-1.0439639627744544,-1.5064438562006879,-2.098131838723973,0.03151288900001248,0.033898680000007175,0.01583300700001189,0.0038732820000149104,0.015753316000015616,0.4215338600000109,0.015168347000013682,0.01576262100000747,0.0003952862539315958,0.002554885065368273,2.4393182393860497,-1.4875683668455808,3.477728819351045e-05,1,lidar_dropout,lidar_dropout_001
85.0,0.19496867060661316,1.3370770893678694,0.9277777777777778,0.1998791470000043,5.0030231517847055,0.0,0.0,0.23076923076923095,-1.0439450443194467,-1.5063745286593073,-2.0474063313767186,-0.00032596276489633665,-0.00012397085783345682,0.22995044027292702,0.22989261205274072,-0.07327734174221491,-0.01088790106817435,-1.0037082963278328,1.0034857375558184,-1.0039425485103108,-1.4982004868557175,-2.2218110521795906,0.05778955625775861,0.024549681902227505,0.0517416060864232,0.011024487551981287,0.21473908980819312,0.04104256045795359,0.0076261211496445065,-0.0006810331116707994,0.0,0.0,-1.0439450443194467,-1.5063745286593073,-2.0474063313767186,0.0316337419999968,0.034120982999994,0.011871818000003032,0.003834186000005957,0.011850452000004452,0.6215338599999995,0.011525277999993477,0.011853134999995518,0.00032596276489633665,0.0008187904963039283,2.007194033883651,-1.007206960031429,5.782822018629563e-05,1,lidar_dropout,lidar_dropout_001
85.2,0.19584670662879944,1.3338851370253004,0.925,0.20000150500000302,4.999962375283051,0.0,0.0,0.23076923076923095,-1.043930980737139,-1.5063080025793334,-2.0007273785242328,-0.00034700384235202323,-0.00012791977010378236,0.22848994910882559,0.22855937282388875,-0.038561119949658045,-0.0023200361904803807,-0.9977163922290204,0.9964335421453908,-0.997562902626565,-1.50341589895515,-2.0040754199857935,0.05210460424873409,0.0233642506209919,0.0429248308691451,0.008240170202665884,0.2177356321937971,0.0427660555536414,0.005281877353181269,0.00235626452142649,0.0029096244297359595,0.0030372976330972894,-1.043930980737139,-1.5063080025793334,-2.0007273785242328,0.03163223699999662,0.03399758900000904,0.0076761110000092,0.003788948999996933,0.007673022000005858,0.005375581999999213,0.005331460000007837,0.00768694500000322,0.00034700384235202323,0.0022792816604053634,1.9941499343744113,-0.994158078765283,6.942371506316047e-05,1,lidar_dropout,lidar_dropout_001
85.4,0.19308075308799744,1.33478205026807,0.925,0.20085719799999424,4.978661506569601,0.0,0.0,0.17948717948717968,-1.0439220836808778,-1.5062493293981691,-1.9604851651067499,-0.000271339403508692,-0.00011595637409081406,0.1788176422861319,0.17888491299515138,-0.07085270943376222,-0.005083421351291143,-0.7809552611808163,0.7799452714247557,-0.997562902626565,-1.50341589895515,-2.0040754199857935,0.05210460424873409,0.0233642506209919,0.0429248308691451,0.008240170202665884,0.2177356321937971,0.0427660555536414,0.005281877353181269,0.00235626452142649,0.0,0.0,-1.0439220836808778,-1.5062493293981691,-1.9604851651067499,0.030775039000005222,0.03384351800001184,0.0026962730000121837,0.00270033700000738,0.002692450000012059,0.20537558200000205,0.002286029000003964,0.002715418000008185,0.000271339403508692,0.0006695372010477874,1.5609005326055718,-0.6091023631522627,6.727070901949017e-05,1,lidar_dropout,lidar_dropout_001
85.60000000000001,0.1945875585079193,1.3293960257293935,0.9277777777777778,0.19982521699999722,5.004373396977289,0.0,0.0,0.0,-1.0439102799431181,-1.5061979666826786,-1.9226558658124469,-0.0008414284778191254,-0.00013156692824049226,0.5725141934232543,0.6368062341478831,-0.09589229123328699,0.16265830709020596,-2.4573133398731044,2.461124846559247,-0.997562902626565,-1.50341589895515,-2.0040754199857935,0.05210460424873409,0.0233642506209919,0.0429248308691451,0.008240170202665884,0.2177356321937971,0.0427660555536414,0.005281877353181269,0.00235626452142649,0.0,0.0,-1.0439102799431181,-1.5061979666826786,-1.9226558658124469,0.03094982200001084,0.034157025000013164,0.03291236300000833,0.0028303900000139492,0.03290404200001262,0.4053755820000049,0.2022860290000068,0.03294248900000696,0.0008414284778191254,0.5725141934232543,4.918438186432351,-6.047754916543185,0.0642920407246288,0,lidar_dropout,lidar_dropout_001
85.80000000000001,0.1848728507757187,1.332217489008431,0.925,0.2000860340000088,4.99785007483309,0.011578947368421053,0.0,-0.64,-1.0439230331335283,-1.5061378446472111,-1.8627475412133097,0.0007529218580634332,2.947656315042973e-05,-0.2839181862050957,-0.47512233118648883,-0.037177536008224175,0.30908089282599155,1.2240510302416683,-1.20817069425812,-0.997562902626565,-1.50341589895515,-2.0040754199857935,0.05210460424873409,0.0233642506209919,0.0429248308691451,0.008240170202665884,0.2177356321937971,0.0427660555536414,0.005281877353181269,0.00235626452142649,0.0,0.0,-1.0439230331335283,-1.5061378446472111,-1.8627475412133097,0.030863788000004888,0.03416304300000661,0.028891309000016463,0.0028047950000171795,0.02883823700001642,0.6053755820000077,0.02876656500001218,0.028847527000010587,0.01082602551035762,0.35608181379490433,2.4322217244997884,-1.4788625830144435,0.19120414498139315,1,lidar_dropout,lidar_dropout_001
86.0,0.191984623670578,1.3371001176848383,0.9277777777777778,0.1999477909999996,5.001305565811437,0.023157894736842106,0.0,-1.0,-1.0448263600708851,-1.508573016200666,-2.014289646093604,0.024608024544752423,0.00022528485909148986,-0.9765940783146958,-0.9840723930604506,-0.032199873575776396,0.009228069960834442,4.950781933355469,-3.5536581803096943,-0.997562902626565,-1.50341589895515,-2.0040754199857935,0.05210460424873409,0.0233642506209919,0.0429248308691451,0.008240170202665884,0.2177356321937971,0.0427660555536414,0.005281877353181269,0.00235626452142649,0.0,0.0,-1.0448263600708851,-1.508573016200666,-2.014289646093604,0.030915996999993922,0.03427239500000212,0.02512313600000482,0.002950169000001779,0.02506423699999516,0.8053755819999964,0.024578211999994437,0.025089105000006384,0.0014501298079103164,0.0234059216853042,8.504440113665163,-17.593386716398104,0.007478314745754777,1,lidar_dropout,lidar_dropout_001
86.2,0.19984020292758942,1.3369697747101266,0.9222222222222223,0.20036426799998708,4.990909856242753,0.023157894736842106,0.0,-0.8974358974358974,-1.047362208480351,-1.5128930307052346,-2.2112054155675733,0.02433477034326651,0.00024555716787820654,-0.9209948436693061,-0.9120272942846533,-0.11361333086584985,-0.0016405072560035298,4.719326169705782,-3.3246866758610834,-0.997562902626565,-1.50341589895515,-2.0040754199857935,0.05210460424873409,0.0233642506209919,0.0429248308691451,0.008240170202665884,0.2177356321937971,0.0427660555536414,0.005281877353181269,0.00235626452142649,0.0,0.0,-1.047362208480351,-1.5128930307052346,-2.2112054155675733,0.030551729000009686,0.03409974000000204,0.020830481000004397,0.0027652870000025587,0.02082724999999641,1.0053755819999992,0.020539604999996186,0.020848536000002582,0.0011768756064244046,0.023558946233408706,8.044012845566865,-15.690280835463334,0.008967549384652718,1,lidar_dropout,lidar_dropout_001
86.4,0.20563460886478424,1.343772518975907,0.9222222222222223,0.19958836800000768,5.010312023794701,0.023157894736842106,0.0,-0.846153846153846,-1.0508458534683807,-1.5168264998642575,-2.3926477558890267,0.02583852026860365,0.0002250557364606512,-0.8539099582102484,-0.8477973631959576,-0.08965676626786505,-0.010990298133980695,4.434380743531667,-3.0250375862583394,-0.9997555584684932,-1.5225995093598377,-2.3757454700621348,0.053022973667338213,0.030662815159599788,0.05165985319689984,0.019308512314520285,0.37167005007634124,0.04483985674640349,-0.0020321213194059847,0.0038787175395725015,0.0076023172763118475,0.0015224530181460116,-1.0508458534683807,-1.5168264998642575,-2.3926477558890267,0.030963361000004852,0.034296183999998675,0.016985705000010398,0.0029816390000121373,0.01697503000001177,0.014450484000008146,0.0144694040000104,0.01701065700000015,0.0026806255317615435,0.0077561120564023645,7.459418329790006,-13.414168420963495,0.006112595014290845,1,lidar_dropout,lidar_dropout_001
86.60000000000001,0.22788062691688538,1.3530683932272163,0.925,0.20011199799999702,4.997201617066533,0.04631578947368421,0.0,-0.9487179487179487,-1.0560886220353196,-1.5208256900543375,-2.571971325188168,0.047759751640311515,-0.00020294503879655923,-0.9701242752056679,-0.9643002656107895,-0.1103366335391922,-0.07201341691664291,5.639447424575774,-2.8327200756315905,-0.9997555584684932,-1.5225995093598377,-2.3757454700621348,0.053022973667338213,0.030662815159599788,0.05165985319689984,0.019308512314520285,0.37167005007634124,0.04483985674640349,-0.0020321213194059847,0.0038787175395725015,0.0,0.0,-1.0560886220353196,-1.5208256900543375,-2.571971325188168,0.03085136300001068,0.034033157000010306,0.012789720000014881,0.0024254900000073576,0.01278319300000419,0.214450484000011,0.012523802000004025,0.012812048000014897,0.0014439621666273023,0.02140632648771923,8.472167500207364,-15.974975935064665,0.005824009594878388,1,lidar_dropout,lidar_dropout_001
86.80000000000001,0.23682689666748047,1.3626369045482383,0.925,0.2002443679999999,4.9938982553556786,0.011578947368421053,0.0,-0.6410256410256407,-1.0631368451706722,-1.524517313034025,-2.762996363715378,0.01935623140596559,-0.00032963269189491533,-0.928880206118189,-0.8954059252634596,-0.07699696207330319,0.037189566009149015,4.5999936697048565,-3.5199071577579835,-1.027051904833094,-1.5222493650486968,-2.7456094185362994,0.05205050023092861,0.02812388723899728,0.0466991459436857,0.027298592013048545,0.3698639484741646,0.042609977897448185,-0.002852801763081387,-0.00462187978183052,0.002376105231602653,0.008500597321403021,-1.0631368451706722,-1.524517313034025,-2.762996363715378,0.030606995000013626,0.03420131500001844,0.008643745000014746,0.0027385860000066486,0.008579102000012995,0.006218229000012343,0.006229250000018283,0.008674755000015466,0.007777284037544536,0.28785456509254825,8.119900827462839,-16.191550643635537,0.033474280854729366,1,lidar_dropout,lidar_dropout_001
87.0,0.2528934180736542,1.3668467630674173,0.925,0.20036852600000543,4.9908037952027104,0.0,0.0,-0.9097435897435895,-1.0650862788982165,-1.5251497929463764,-2.896667702488487,0.0012025861334326203,-5.6086099590190374e-05,-0.6811037454821124,-0.6930191143928908,-0.03548039404623901,-0.015065818021414518,2.9634473360943185,-2.9642574283664533,-1.027051904833094,-1.5222493650486968,-2.7456094185362994,0.05205050023092861,0.02812388723899728,0.0466991459436857,0.027298592013048545,0.3698639484741646,0.042609977897448185,-0.002852801763081387,-0.00462187978183052,0.0,0.0,-1.0650862788982165,-1.5251497929463764,-2.896667702488487,0.030238468999996826,0.03412390799999798,0.003711006000003181,0.0015931890000047133,0.0037015799999977617,0.20621822900000097,0.0027993869999960452,0.003744233999995572,0.0012025861334326203,0.2286398442614771,5.927704764460772,-8.784420779590361,0.011915368910778379,1,lidar_dropout,lidar_dropout_001
87.2,0.27305909991264343,1.369229910162476,0.925,0.200656139000003,4.983650163825713,0.0,0.0,-1.0,-1.065384729392823,-1.5251994741096981,-3.056620754240295,0.001837546166890876,0.00030143021417423444,-0.9952121405169403,-0.9943487212737623,-0.04728206027486904,0.006438640031639766,4.34039369338245,-4.3463693451318335,-1.027051904833094,-1.5222493650486968,-2.7456094185362994,0.05205050023092861,0.02812388723899728,0.0466991459436857,0.027298592013048545,0.3698639484741646,0.042609977897448185,-0.002852801763081387,-0.00462187978183052,0.0,0.0,-1.065384729392823,-1.5251994741096981,-3.056620754240295,0.02958232999999666,0.03432844200000318,0.03378524200000754,0.0016745940000078008,0.03377536499999678,0.4062182290000038,0.2027993869999989,0.03380475699999863,0.001837546166890876,0.004787859483059709,8.686763038514282,-18.864954094721018,0.0008634192431780097,1,lidar_dropout,lidar_dropout_001
87.4,0.2788828909397125,1.3816189329125987,0.9305555555555556,0.1994044699999904,5.014932714397266,0.0,0.0,-1.0,-1.0657768888399735,-1.5252185730875967,3.024157146432497,0.002010955569555203,-4.810116818063003e-05,-0.9878662245339359,-0.9885800998831376,-0.09310401060717124,-0.022994811474008527,4.312904953519044,-4.3106102839280105,-1.040078428686263,-1.5166943904125871,-3.06796931812291,0.053112841483867745,0.02620610923868627,0.05667393560410056,0.014161499458214296,0.3223598995866106,0.037953318185565736,-0.00046278798966900456,-0.00836516090082505,0.0,0.0,-1.0657768888399735,-1.5252185730875967,3.024157146432497,0.030177860000009105,0.03404117000000895,0.030136644999998907,0.001659098000004633,0.030075594000010142,0.19735342500000286,0.029702761000010014,0.030093887000006703,0.002010955569555203,0.01213377546606409,8.623515237447055,-18.59125244624325,0.0007138753492016425,1,lidar_dropout,lidar_dropout_001
87.60000000000001,0.29025495052337646,1.3879567672067614,0.9305555555555556,0.19989095100000043,5.002727712271467,0.0,0.0,-1.0,-1.0661580753661304,-1.5252264758455805,2.8218857291471116,0.001712872910394756,0.0004992107234058309,-0.9934328588959563,-0.9932304372928286,-0.13926691909020772,0.02392643261375147,4.336679996662103,-4.335217766794619,-1.0751478487041228,-1.5055155011080597,2.819861020722082,0.05917855820238338,0.025438737259069644,0.061553719985578334,0.03680803969884769,0.39535496833459427,0.0015781464565416442,0.012240216049847484,-0.006984788100783324,0.03852946184342529,0.001380372800041726,-1.0661580753661304,-1.5252264758455805,2.8218857291471116,0.03028690900001152,0.034444736000011744,0.025926488000010295,0.0020093600000024026,0.025888632000004463,0.02289956900000334,0.022853971000003526,0.025892987000005974,0.001712872910394756,0.006567141104043661,8.671897763456723,-18.80045217043238,0.00020242160312777813,1,lidar_dropout,lidar_dropout_001
87.80000000000001,0.2931041121482849,1.3991077053582384,0.9333333333333333,0.20024205200000722,4.993956014793356,0.0,0.0,-1.0,-1.0665025101950063,-1.5251997472215193,2.619165306111291,0.001342193970775538,0.0005238022250300503,-0.9937030210533142,-0.9937011656900039,-0.07642250973864179,0.008567335304360359,4.332877918002504,-4.341813168324961,-1.0751478487041228,-1.5055155011080597,2.819861020722082,0.05917855820238338,0.025438737259069644,0.061553719985578334,0.03680803969884769,0.39535496833459427,0.0015781464565416442,0.012240216049847484,-0.006984788100783324,0.0,0.0,-1.0665025101950063,-1.5251997472215193,2.619165306111291,0.03004485700000714,0.03442096100000924,0.021933776000011562,0.0013552520000104096,0.02189306600001828,0.22289956900000618,0.021458896000012828,0.021956892000005723,0.001342193970775538,0.006296978946685794,8.674691086327465,-18.812546401127715,1.855363310321323e-06,1,lidar_dropout,lidar_dropout_001
88.0,0.3045092821121216,1.3903950192257315,0.9277777777777778,0.20013111599999434,4.996724247517954,0.0,0.0,-0.6799999999999999,-1.0668640921638648,-1.5250152813023496,2.416767459690515,0.002980411940898135,-2.123648429763563e-05,-0.9854248292020453,-0.8919728908555226,-0.06403202513755428,-0.04042139517431753,4.301760491170857,-4.300619083428054,-1.0893626291042162,-1.4867781417084631,2.4094298091864395,0.06487967549050078,0.026002678861705153,0.06500520636393993,0.02351911178366495,0.4104312115356423,0.007992215866324712,0.016457006799211416,-0.020168655950896956,0.007676041337658112,0.013183867850113629,-1.0668640921638648,-1.5250152813023496,2.416767459690515,0.029913741000001437,0.03451153800000384,0.017382869000002188,0.0012902499999967176,0.017334165999997708,0.014688649999996528,0.014697115000004146,0.017338989999998944,0.002980411940898135,0.3054248292020454,8.60237957459891,-18.500233260666224,0.09345193834652277,1,lidar_dropout,lidar_dropout_001
88.2,0.3082699775695801,1.4046736018240276,0.9361111111111111,0.20070204499999988,4.982510267894882,0.0,0.0,-0.03999999999999987,-1.0670935795439913,-1.5247983125372004,2.3148912136117072,0.0006593970351038098,-2.6968329146481707e-05,-0.20185942550416633,-0.13155754550120588,-0.053644090537683986,0.04352687017835579,0.8815760941310264,-0.8799996080177884,-1.0893626291042162,-1.4867781417084631,2.4094298091864395,0.06487967549050078,0.026002678861705153,0.06500520636393993,0.02351911178366495,0.4104312115356423,0.007992215866324712,0.016457006799211416,-0.020168655950896956,0.0,0.0,-1.0670935795439913,-1.5247983125372004,2.3148912136117072,0.029211696000004395,0.03452674599999739,0.012925766000009276,0.0008403100000009545,0.012915274000008026,0.21468864999999937,0.012663664000001518,0.01294509299999902,0.0006593970351038098,0.16185942550416646,1.7615757021488148,-0.7757866172731562,0.07030188000296045,1,lidar_dropout,lidar_dropout_001
88.4,0.30577242374420166,1.395301859892771,0.9277777777777778,0.19984359500000437,5.003913185208553,0.0,0.0,0.6000000000000002,-1.0670187620272573,-1.5248731133037148,2.351815452126203,-0.0013720447822921761,-3.275130571616541e-05,0.43806680080325194,0.489366252340211,-0.03794892670471296,-0.019955698684351035,-1.9143354445680725,1.9101282165711009,-1.0893626291042162,-1.4867781417084631,2.4094298091864395,0.06487967549050078,0.026002678861705153,0.06500520636393993,0.02351911178366495,0.4104312115356423,0.007992215866324712,0.016457006799211416,-0.020168655950896956,0.0,0.0,-1.0670187620272573,-1.5248731133037148,2.351815452126203,0.029368101000002866,0.03442056300001184,0.00896180600000207,0.0007908030000010058,0.008938151999998922,0.4146886500000022,0.008538142000006133,0.008941895000006639,0.0013720447822921761,0.16193319919674826,3.8244636611391734,-3.656626148651658,0.051299451536959084,1,lidar_dropout,lidar_dropout_001
88.60000000000001,0.3020177185535431,1.4015510831737803,0.9333333333333333,0.20021910999999193,4.99452824458185,0.0,0.0,1.0000000000000004,-1.066676093892784,-1.5251505168879962,2.516496863247004,-0.0014484011944940493,-0.0005736370283959523,1.0097439021787795,1.0081740493138707,-0.07112322439089311,0.03135852115157109,-4.409631014565667,4.406732746086296,-1.0893626291042162,-1.4867781417084631,2.4094298091864395,0.06487967549050078,0.026002678861705153,0.06500520636393993,0.02351911178366495,0.4104312115356423,0.007992215866324712,0.016457006799211416,-0.020168655950896956,0.0,0.0,-1.066676093892784,-1.5251505168879962,2.516496863247004,0.02914899100001378,0.03448315100000343,0.00489008600000318,0.0006437600000026578,0.004879949000013539,0.614688650000005,0.00452975200001049,0.004912458000006836,0.0014484011944940493,0.009743902178779074,8.816363760651964,-19.43206539004426,0.0015698528649088495,1,lidar_dropout,lidar_dropout_001
88.80000000000001,0.2839840054512024,1.3831490377287665,0.9277777777777778,0.19986777300000824,5.0033078619430995,0.0,0.0,1.0000000000000004,-1.0663522944305441,-1.5252102598593194,2.7196027368774285,-0.0017208271478067676,-0.0006234655712962009,0.9912592580606232,0.99124918974879,-0.08748958334601477,0.004316769133343064,-4.330575277682803,4.321591554197356,-1.0893626291042162,-1.4867781417084631,2.4094298091864395,0.06487967549050078,0.026002678861705153,0.06500520636393993,0.02351911178366495,0.4104312115356423,0.007992215866324712,0.016457006799211416,-0.020168655950896956,0.0,0.0,-1.0663522944305441,-1.5252102598593194,2.7196027368774285,0.02928121800000838,0.034664748000011514,0.00040128900000979684,0.0004141340000103355,0.0003941250000139007,0.8146886500000079,0.20452975200001333,0.00043835300000694133,0.0017208271478067676,0.008740741939377239,8.652166831880159,-18.71497754484987,1.0068311833255628e-05,1,lidar_dropout,lidar_dropout_001
89.0,0.2853020131587982,1.384542538069967,0.9305555555555556,0.20037915899999348,4.990538961190233,0.0,0.0,0.9487179487179491,-1.0660504603025245,-1.5252162883592126,2.8875158491776496,-0.0017734141016278995,-0.0005647576713952947,0.9632716075738381,0.9514632781868336,-0.09034300057852165,-0.019246056807905018,-4.210193132838794,4.203195604096966,-1.0971953510159216,-1.4854498468158701,2.664048601106823,0.05667091533967228,0.025741336839287587,0.061393166575082925,0.007944551583808744,0.2546187919203837,0.009645190084748964,0.010656373363046706,-0.02679354936969072,0.006031556352014568,0.006624893418793763,-1.0660504603025245,-1.5252162883592126,2.8875158491776496,0.028902059000003533,0.034638667999999484,0.030915716999999177,0.00030649699999685254,0.03088173199999744,0.19673012100000165,0.19674656499999799,0.030896456999997213,0.0017734141016278995,0.014553658855888996,8.41338873693576,-17.69626526834725,0.01180832938700449,1,lidar_dropout,lidar_dropout_001
89.2,0.27691927552223206,1.3799178700849235,0.9222222222222223,0.20037095300000374,4.990743343921618,0.0,0.0,0.8461538461538465,-1.065690033769292,-1.525220148914149,3.0749549721119376,-0.0016809976651624922,-4.478486901849395e-05,0.8661803506466165,0.8556465055189236,-0.07232933475237435,0.01625894444620979,-3.7847573984126783,3.7819792407987873,-1.0940594747253953,-1.477543145973737,3.044608974016216,0.06881928869845377,0.026484513154013012,0.08098207981330288,0.00850585905811249,0.3805603729093927,0.013409489897120286,0.01757430487547983,-0.027706191082744566,0.007875768501431084,0.0009126417130538474,-1.065690033769292,-1.525220148914149,3.0749549721119376,0.028531106000002637,0.03458887700000446,0.02602521299999694,0.00495790700000498,0.026019634999997265,0.02227759299999832,0.0222396209999971,0.02606004900000869,0.0016809976651624922,0.020026504492769992,7.566736639211466,-14.313873912256375,0.010533845127692842,1,lidar_dropout,lidar_dropout_001
89.4,0.2642958462238312,1.3772454517990795,0.9305555555555556,0.20041357899999923,4.989681861826358,0.0,0.0,0.7948717948717952,-1.065368701517568,-1.525185129381412,-3.0409822934077795,-0.0016270667401716518,-0.00025965823814199783,0.7865490976300563,0.7849567112446244,-0.07506049194528062,0.017228363360676156,-3.4370451707520204,3.429597805859947,-1.0940594747253953,-1.477543145973737,3.044608974016216,0.06881928869845377,0.026484513154013012,0.08098207981330288,0.00850585905811249,0.3805603729093927,0.013409489897120286,0.01757430487547983,-0.027706191082744566,0.0,0.0,-1.065368701517568,-1.525185129381412,-3.0409822934077795,0.02811752700000625,0.034465602000011586,0.021867808000010314,0.0047095950000084486,0.021864007000004904,0.22227759300000116,0.0214431380000093,0.021881423000010614,0.0016270667401716518,0.008322697241738841,6.866642976611967,-11.787682576252656,0.0015923863854319098,1,lidar_dropout,lidar_dropout_001
89.60000000000001,0.25570186972618103,1.3678085146371477,0.9277777777777778,0.1998250329999962,5.004378005032127,0.0,0.0,0.6923076923076925,-1.0650807844362502,-1.525141713852077,-2.885710791746097,-0.001255408227861166,0.00015440020615152197,0.7133396213820451,0.7065955387759039,-0.08263629799128357,-0.04601704161053477,-3.117578265403701,3.115162938437107,-1.107409845065392,-1.4730845449731507,-2.9260168455028617,0.07040173974206398,0.024892502688218077,0.06706108680515142,0.014075209096048657,0.31255948766050895,0.0063301540799119834,0.016828684347962468,-0.03232384099234987,0.007118493210214056,0.004617649909605302,-1.0650807844362502,-1.525141713852077,-2.885710791746097,0.02829249400001288,0.034657950000010374,0.018103834000001484,0.004642375000003085,0.01808361900000932,0.013571054000010463,0.013469505000003323,0.018086796000005734,0.001255408227861166,0.021031929074352584,6.232741203840808,-9.711764270062652,0.006744082606141233,1,lidar_dropout,lidar_dropout_001
89.80000000000001,0.24193395674228668,1.3690573722571582,0.925,0.2004536150000007,4.988685287616272,0.0,0.0,0.6410256410256412,-1.0648520251125393,-1.5251009702110445,-2.750673679101028,-0.0011168146500825835,0.0001183149530407938,0.6391074064117133,0.639002824282205,-0.041120182016727166,-0.017075538449637464,-2.792445453073274,2.7867600638564736,-1.107409845065392,-1.4730845449731507,-2.9260168455028617,0.07040173974206398,0.024892502688218077,0.06706108680515142,0.014075209096048657,0.31255948766050895,0.0063301540799119834,0.016828684347962468,-0.03232384099234987,0.0,0.0,-1.0648520251125393,-1.5251009702110445,-2.750673679101028,0.027838879000015027,0.03458768500000531,0.013820719000008808,0.004543282000014415,0.013812935000018456,0.2135710540000133,0.013411852000004387,0.01384065100000953,0.0011168146500825835,0.0019182346139279272,5.579205516929747,-7.781875469122196,0.00010458212950825718,1,lidar_dropout,lidar_dropout_001
90.0,0.2387881577014923,1.357283992904746,0.9277777777777778,0.20063350600000263,4.9842123578301365,0.0,0.0,0.5897435897435899,-1.0646643131176154,-1.525046575920427,-2.626859461611006,-0.0009299303708816392,7.907005503439798e-05,0.5880934307069872,0.5876927581430013,-0.03943068777226255,0.022979131414346855,-2.569261638844894,2.5647150233795437,-1.1106966583390072,-1.4742674970647456,-2.670824309194812,0.05411843189664567,0.01864150810210452,0.05715152748694537,0.003493210149221217,0.25519253630804956,0.003312822251787563,0.015033522663452573,-0.0327876659300329,0.00351096807654884,0.00046382493768303,-1.0646643131176154,-1.525046575920427,-2.626859461611006,0.027205373000001032,0.03462195800000245,0.008845953000005125,0.003870220999999674,0.008791548000004923,0.005136665999998513,0.005158907999998519,0.008885935999998651,0.0009299303708816392,0.0016501590366027052,5.133976662224438,-6.589423924138247,0.00040067256398590434,1,lidar_dropout,lidar_dropout_001
90.2,0.2261277586221695,1.3588021856225179,0.9277777777777778,0.20132787900000437,4.967021979106919,0.023157894736842106,0.0,0.8974358974358978,-1.0674417209483777,-1.5270263260844092,-2.4515503880824183,0.020389623861131856,-0.000324568956390504,0.9061614149033473,0.9059382802905043,-0.04433547011992946,0.029746468390693212,-3.2599319323372566,4.6560727728552616,-1.1106966583390072,-1.4742674970647456,-2.670824309194812,0.05411843189664567,0.01864150810210452,0.05715152748694537,0.003493210149221217,0.25519253630804956,0.003312822251787563,0.015033522663452573,-0.0327876659300329,0.0,0.0,-1.0674417209483777,-1.5270263260844092,-2.4515503880824183,0.0258774939999995,0.03447238500000083,0.0037255200000032573,0.002555909999998107,0.0036043820000060123,0.20513666600000136,0.002778665000008118,0.003615054999997369,0.0027682708757102506,0.00872551746744954,7.916004705192519,-15.17848031151694,0.0002231346128430678,1,lidar_dropout,lidar_dropout_001
90.4,0.21928554773330688,1.3538278632644396,0.9305555555555556,0.20061374399999465,4.98470334116304,0.023157894736842106,0.0,0.8461538461538465,-1.0699813802037652,-1.5294070170580467,-2.3049826573129497,0.020552849287745076,-0.00020358708481736307,0.8421298664779532,0.8418485768326053,-0.07454793120552165,0.0035892347697267877,-2.975863194805944,4.373241333589015,-1.1106966583390072,-1.4742674970647456,-2.670824309194812,0.05411843189664567,0.01864150810210452,0.05715152748694537,0.003493210149221217,0.25519253630804956,0.003312822251787563,0.015033522663452573,-0.0327876659300329,0.0,0.0,-1.0699813802037652,-1.5294070170580467,-2.3049826573129497,0.02526375000000769,0.03444243900000288,0.03355066500000703,0.0021495550000025787,0.03353863400000989,0.4051366660000042,0.20277866500001096,0.03356475800001135,0.0026050454490970307,0.004023979675893297,7.349104528394959,-13.014167926631615,0.0002812896453479041,1,lidar_dropout,lidar_dropout_001
90.60000000000001,0.21374575793743134,1.3523186159630616,0.9333333333333333,0.20026291400000673,4.9934357791276645,0.0,0.0,0.7435897435897438,-1.0722946115199947,-1.5323563374428235,-2.116591046114154,0.004124480071274453,-0.00029859169840666883,0.9617595572578667,0.8635130870619394,-0.08863452541742617,-0.009400675544366832,-4.0326893662573,4.366820441564213,-1.120312749847892,-1.4868629620584093,-2.350624390830621,0.05405311756600173,0.020374456514481665,0.06963288163052549,0.01584660702844156,0.32019991836419104,0.028322305082075637,-0.015519723253645574,-0.05238875559534411,0.03948385831588839,0.01960108966531121,-1.0722946115199947,-1.5323563374428235,-2.116591046114154,0.0250008360000038,0.03454961500000309,0.028845647000011354,0.0016181480000057036,0.02884251200001131,0.19386380000000258,0.19366013000001203,0.028857921000010833,0.004124480071274453,0.21816981366812283,8.399509807821513,-17.61003035905101,0.09824647019592725,1,lidar_dropout,lidar_dropout_001
90.80000000000001,0.2085198014974594,1.3611958916987894,0.9388888888888889,0.20005215399999088,4.9986964899165525,0.03473684210526316,0.0,1.0000000000000004,-1.0739002281341186,-1.5357204700137757,-1.9453061119596542,0.032950111385973535,-0.00028860023638847473,0.9759513667192268,0.9811283711964527,-0.011494174076370073,0.02694683157240823,-3.2109589774521408,5.304404641510765,-1.1063894153946223,-1.483822160122919,-2.005283055179645,0.05662256504196983,0.029055629915556214,0.06818908119487606,0.014251516365232433,0.34534133565097624,0.05615588808074106,-0.014217640224257982,-0.059014985022420696,0.02786402273109567,0.006626229427076588,-1.0739002281341186,-1.5357204700137757,-1.9453061119596542,0.024948682000015765,0.034646066000007636,0.024608115000006592,0.0015259770000142225,0.02457278400001428,0.021200804000017115,0.021176939000014272,0.02457730500000821,0.0017867307192896281,0.024048633280773668,8.515363618962907,-17.032225703697797,0.0051770044772259105,1,lidar_dropout,lidar_dropout_001
91.0,0.20513814687728882,1.3558643802253194,0.9416666666666667,0.1997715950000014,5.005716653561248,0.011578947368421053,0.0,0.9487179487179491,-1.0750421332502904,-1.539116900486217,-1.7410812455349403,0.009785452133036426,-0.00029971841133176794,0.9671588760450819,0.9569584163970267,-0.05710528633418233,0.017018628959230654,-3.8751752381282487,4.5739243647158885,-1.0908245206352551,-1.479137874166213,-1.7978217170217932,0.05140976230164496,0.025724082106163948,0.05011449149874489,0.016254491188418322,0.20746133815785162,0.06247760427317382,0.0020824649225734196,-0.05183443420592336,0.017483063902400696,0.007180550816497336,-1.0750421332502904,-1.539116900486217,-1.7410812455349403,0.025177087000002984,0.034605581999997526,0.020697119000004705,0.001849304999993251,0.020692143999994528,0.01712169699999322,0.017126138999998375,0.020703393999994546,0.0017934952353846276,0.01844092732713276,8.449099602844138,-17.72475843921849,0.01020045964805516,1,lidar_dropout,lidar_dropout_001
91.2,0.2141169160604477,1.3567647367277567,0.9444444444444444,0.20008307100000877,4.997924087240525,0.0,0.0,0.308717948717949,-1.075145354600385,-1.5395855023538574,-1.571207985815046,-0.0008876790984966082,-6.918180332047913e-05,0.4698791927118559,0.37776995413476466,-0.041874673991445524,0.013545652647867423,-2.0688006265004253,2.0683660884857216,-1.0908245206352551,-1.479137874166213,-1.7978217170217932,0.05140976230164496,0.025724082106163948,0.05011449149874489,0.016254491188418322,0.20746133815785162,0.06247760427317382,0.0020824649225734196,-0.05183443420592336,0.0,0.0,-1.075145354600385,-1.5395855023538574,-1.571207985815046,0.025094015999997055,0.0346187829999991,0.016649031000000036,0.0016559350000022732,0.016620586000001936,0.21712169699999606,0.016390405999999302,0.016625951000008854,0.0008876790984966082,0.1611612439939069,4.137166714986147,-4.279037059691495,0.09210923857709125,1,lidar_dropout,lidar_dropout_001
91.4,0.20925024151802063,1.358966159557595,0.9444444444444444,0.20003240199999084,4.999190081215171,0.0,0.0,0.0,-1.0751491316670285,-1.5395428441552652,-1.5455830418572751,3.202189545631645e-05,-7.500311085223789e-06,-0.004074118807981236,-0.003933360061741026,-0.0580273456838332,0.018613271692916298,0.017685599114531624,-0.01841896494960274,-1.0887531027219346,-1.4839460939028386,-1.5718373715091611,0.04109752022473656,0.029602279381028662,0.04587899969813573,0.005235432093657815,0.22598434551263202,0.02654313333404658,0.026680779809760673,-0.026321796517374985,0.04354725360989139,0.025512637688548376,-1.0751491316670285,-1.5395428441552652,-1.5455830418572751,0.025061614000009058,0.034773590000000354,0.01276129800000092,0.0015293520000057015,0.012753441000000976,0.01077830300000926,0.010797592000002965,0.01277892200000963,3.202189545631645e-05,0.004074118807981236,0.03610456406413436,-0.00032575043020328324,0.00014075874624020976,0,lidar_dropout,lidar_dropout_001
91.60000000000001,0.2132250815629959,1.3580031714895193,0.9444444444444444,0.20128933200000176,4.967973166108928,0.0,0.0,0.0,-1.075149163039134,-1.5395502156750969,-1.5460827207737735,1.2993130362782151e-05,-8.416944957950373e-06,-0.0020675182108452314,-0.00200797673561862,-0.04689408313483632,0.017198979248705056,0.00841529023244943,-0.009631098585676229,-1.0887531027219346,-1.4839460939028386,-1.5718373715091611,0.04109752022473656,0.029602279381028662,0.04587899969813573,0.005235432093657815,0.22598434551263202,0.02654313333404658,0.026680779809760673,-0.026321796517374985,0.0,0.0,-1.075149163039134,-1.5395502156750969,-1.5460827207737735,0.023772282000010136,0.034758665000012456,0.0077991240000017115,0.0008886930000073789,0.007784983000007628,0.2107783030000121,0.007545715000006226,0.007830674000004478,1.2993130362782151e-05,0.0020675182108452314,0.01804638881812566,-8.104848985579869e-05,5.9541475226611296e-05,0,lidar_dropout,lidar_dropout_001
91.80000000000001,0.20941080152988434,1.3576471962034702,0.9444444444444444,0.19971054699999513,5.007246813059024,0.0,0.0,0.0,-1.0751486535433028,-1.5395574890674064,-1.546497317390073,9.45971141298376e-06,-6.845190575791045e-06,-0.0020136685290983113,-0.0022171500051012703,-0.05126409815235961,-0.0028972943331640934,0.008214343658841527,-0.009358997299001654,-1.0887531027219346,-1.4839460939028386,-1.5718373715091611,0.04109752022473656,0.029602279381028662,0.04587899969813573,0.005235432093657815,0.22598434551263202,0.02654313333404658,0.026680779809760673,-0.026321796517374985,0.0,0.0,-1.0751486535433028,-1.5395574890674064,-1.546497317390073,0.024061735000017848,0.0348070060000083,0.003713763000007475,0.0007656830000115633,0.00370456500000671,0.41077830300001494,0.0031774180000070373,0.0037525370000111025,9.45971141298376e-06,0.0020136685290983113,0.01757334095784318,-7.687802011616922e-05,0.00020348147600295899,0,lidar_dropout,lidar_dropout_001
92.0,0.20303241908550262,1.3576227888464927,0.9444444444444444,0.20031473000000233,4.992144112417436,0.0,0.0,0.0,-1.075148671613505,-1.5395634873785324,-1.5468357515144313,3.446028568202973e-05,-7.81923287487866e-06,-0.0019796079713875715,-0.0019422165125304932,-0.062157150478233045,-0.013619720828008955,0.00859524801518903,-0.008678671527353332,-1.0887531027219346,-1.4839460939028386,-1.5718373715091611,0.04109752022473656,0.029602279381028662,0.04587899969813573,0.005235432093657815,0.22598434551263202,0.02654313333404658,0.026680779809760673,-0.026321796517374985,0.0,0.0,-1.075148671613505,-1.5395634873785324,-1.5468357515144313,0.02374700500000415,0.034696834000001786,0.03385659200000646,0.0007623550000062096,0.03365565299999673,0.6107783030000036,0.20317741799999567,0.03388937699999417,3.446028568202973e-05,0.0019796079713875715,0.017273919542542364,-7.459533421996128e-05,3.739145885707832e-05,0,lidar_dropout,lidar_dropout_001
92.2,0.20782624185085297,1.359698663827251,0.9444444444444444,0.19960548400000278,5.009882393812317,0.0,0.0,0.0,-1.0751482031721376,-1.5395707843864093,-1.547234640291944,2.9630898788563397e-05,-8.508836414384062e-06,-0.0019398633931757775,-0.0019254200876523007,-0.07785861980322038,0.005775962714250446,0.008541868347188787,-0.00838542713268034,-1.0887531027219346,-1.4839460939028386,-1.5718373715091611,0.04109752022473656,0.029602279381028662,0.04587899969813573,0.005235432093657815,0.22598434551263202,0.02654313333404658,0.026680779809760673,-0.026321796517374985,0.0,0.0,-1.0751482031721376,-1.5395707843864093,-1.547234640291944,0.024141521000004218,0.23469683400000463,0.029979789000009305,0.0007650900000015781,0.02997148299999708,0.8107783030000064,0.1993899490000075,0.029995146000004524,2.9630898788563397e-05,0.0019398633931757775,0.016927295479869126,-7.162721460230023e-05,1.4443305523476795e-05,0,lidar_dropout,lidar_dropout_001
92.4,0.21642817556858063,1.3586371205747128,0.9444444444444444,0.2012828120000023,4.9681340898595385,0.0,0.0,0.0,-1.0751481120334931,-1.5395779662466478,-1.5476252786980158,2.8785120771078217e-05,-7.721920932911427e-06,-0.0019006376560446704,-0.0017449830515800274,-0.07275633951757948,0.012751330563319061,0.008351961922905186,-0.008233704266603501,-1.0887531027219346,-1.4839460939028386,-1.5718373715091611,0.04109752022473656,0.029602279381028662,0.04587899969813573,0.005235432093657815,0.22598434551263202,0.02654313333404658,0.026680779809760673,-0.026321796517374985,0.0,0.0,-1.0751481120334931,-1.5395779662466478,-1.5476252786980158,0.02285870900000475,0.43469683400000747,0.024489127000009603,0.004849827000001028,0.024478741000010018,1.0107783030000093,0.19548806800000307,0.024535491000008847,2.8785120771078217e-05,0.0019006376560446704,0.016585666189508685,-6.876758451913442e-05,0.00015565460446464291,0,lidar_dropout,lidar_dropout_001
92.60000000000001,0.2078118622303009,1.3590638558654224,0.9444444444444444,0.200319554999993,4.992023869062783,0.0,0.0,0.0,-1.075147781103375,-1.5395851929625157,-1.5480082229573158,2.0109004270587475e-05,-8.255748624494116e-06,-0.001862527666502554,-0.002139113338227292,-0.040449899385419166,0.007629591251575538,0.008219609328231358,-0.008034219894211636,-1.0887531027219346,-1.4839460939028386,-1.5718373715091611,0.04109752022473656,0.029602279381028662,0.04587899969813573,0.005235432093657815,0.22598434551263202,0.02654313333404658,0.026680779809760673,-0.026321796517374985,0.0,0.0,-1.075147781103375,-1.5395851929625157,-1.5480082229573158,0.022539154000014605,0.6346968340000103,0.020830238000002055,0.004474575000003256,0.02082002800000282,1.210778303000012,0.020411557000002745,0.020852017000009937,2.0109004270587475e-05,0.001862527666502554,0.016253829222442992,-6.603814878752392e-05,0.0002765856717247379,0,lidar_dropout,lidar_dropout_001
92.80000000000001,0.20616191625595093,1.3583365225178354,0.9444444444444444,0.19951427300000546,5.0121727381377505,0.0,0.0,0.0,-1.0751476839979461,-1.5395921997154474,-1.548383384785038,1.0986036712214482e-05,-1.1887402716308384e-05,-0.0018262312837113578,-0.0020395072606063996,-0.076745806738897,0.0001055724840378324,0.007375677157800655,-0.008564027262323049,-1.0887531027219346,-1.4839460939028386,-1.5718373715091611,0.04109752022473656,0.029602279381028662,0.04587899969813573,0.005235432093657815,0.22598434551263202,0.02654313333404658,0.026680779809760673,-0.026321796517374985,0.0,0.0,-1.0751476839979461,-1.5395921997154474,-1.548383384785038,0.023024881000011987,0.8346968340000132,0.01674996400001305,0.005040101000005848,0.01674581700001454,1.410778303000015,0.016345300000011775,0.01677366200000563,1.0986036712214482e-05,0.0018262312837113578,0.015939704420123706,-6.31655002574982e-05,0.00021327597689504182,0,lidar_dropout,lidar_dropout_001
93.0,0.21099233627319336,1.3606072781809613,0.9472222222222222,0.19970970200000693,5.007267999428317,0.0,0.0,0.0,-1.075147378933259,-1.5395994541433242,-1.548751161297397,2.993065652545754e-05,-8.261229721672892e-06,-0.0017898577290371704,-0.0019653195846673632,-0.057833946395502676,0.011955852709765777,0.0076701867549179075,-0.007950021534277155,-1.0887531027219346,-1.4839460939028386,-1.5718373715091611,0.04109752022473656,0.029602279381028662,0.04587899969813573,0.005235432093657815,0.22598434551263202,0.02654313333404658,0.026680779809760673,-0.026321796517374985,0.0,0.0,-1.075147378933259,-1.5395994541433242,-1.548751161297397,0.02331517899999369,1.0346968340000018,0.012821752999997216,0.004806049999999118,0.012786317000006875,1.6107783030000036,0.012497429999996257,0.012790543999997794,2.993065652545754e-05,0.0017898577290371704,0.015620208289195064,-6.0978149873524776e-05,0.0001754618556301928,0,lidar_dropout,lidar_dropout_001
93.2,0.22061586380004883,1.3595784969431215,0.9472222222222222,0.20029604699999481,4.992609764285692,0.0,0.0,0.0,-1.0751471437828553,-1.53960664200657,-1.5491115971677594,2.9425790760205414e-05,-4.205942469199003e-06,-0.0017536821870967653,-0.0018611090199631046,-0.0574150863549491,0.0019426859259223173,0.0077316397375117325,-0.0075729217777933365,-1.0887531027219346,-1.4839460939028386,-1.5718373715091611,0.04109752022473656,0.029602279381028662,0.04587899969813573,0.005235432093657815,0.22598434551263202,0.02654313333404658,0.026680779809760673,-0.026321796517374985,0.0,0.0,-1.0751471437828553,-1.53960664200657,-1.5491115971677594,0.02301913200000172,1.2346968340000046,0.008897469000004321,0.0048387800000000425,0.008888859000009575,1.8107783030000064,0.008388738999997258,0.008916886000008617,2.9425790760205414e-05,0.0017536821870967653,0.015304561515305069,-5.855110294625496e-05,0.00010742683286633936,0,lidar_dropout,lidar_dropout_001
93.4,0.21056823432445526,1.3597155982448208,0.9472222222222222,0.1999586120000032,5.001034914165057,0.0,0.0,0.0,-1.0751471428702537,-1.5396138174732066,-1.5494647938971147,3.135913294577643e-05,-7.807219699572298e-06,-0.0017192684778263364,-0.0015696397192909962,-0.06442047937317295,-0.020857303344489667,0.007412401958755522,-0.007593260543045812,-1.0887531027219346,-1.4839460939028386,-1.5718373715091611,0.04109752022473656,0.029602279381028662,0.04587899969813573,0.005235432093657815,0.22598434551263202,0.02654313333404658,0.026680779809760673,-0.026321796517374985,0.0,0.0,-1.0751471428702537,-1.5396138174732066,-1.5494647938971147,0.02306052000000136,1.4346968340000075,0.004695849000000862,0.004704943000007233,0.004687904000007848,2.0107783030000093,0.00417851200000996,0.004723272000006773,3.135913294577643e-05,0.0017192684778263364,0.015005662501801334,-5.62842993226138e-05,0.00014962875853534018,0,lidar_dropout,lidar_dropout_001
93.60000000000001,0.2154446840286255,1.3594681678716738,0.9472222222222222,0.19986243399999637,5.003441517178852,0.0,0.0,0.0,-1.0751468197759626,-1.5396209183094733,-1.5498111917667783,1.9701992391496606e-05,-1.170563891586737e-05,-0.0016855956133880795,-0.0017388209807665722,-0.032436310977950605,-0.003971161822336902,0.007449570937360766,-0.0072623054241457465,-1.0887531027219346,-1.4839460939028386,-1.5718373715091611,0.04109752022473656,0.029602279381028662,0.04587899969813573,0.005235432093657815,0.22598434551263202,0.02654313333404658,0.026680779809760673,-0.026321796517374985,0.0,0.0,-1.0751468197759626,-1.5396209183094733,-1.5498111917667783,0.023198086000007834,1.6346968340000103,0.000819455000012681,0.004826062000006459,0.000723542000002908,2.210778303000012,5.68470000104071e-05,0.0007349390000115363,1.9701992391496606e-05,0.0016855956133880795,0.014711876361506513,-5.410105942595361e-05,5.3225367378492705e-05,0,lidar_dropout,lidar_dropout_001
93.80000000000001,0.22038055956363678,1.3603771196519874,0.9472222222222222,0.20001540900000236,4.999614804677314,0.0,0.0,0.0,-1.0751465571762342,-1.5396268416170833,-1.5500946131952804,3.929194507253816e-06,-4.54575618923929e-06,-0.0016575968354011477,-0.0015380842828819567,-0.050895528535191525,-0.0077798113560587565,0.006741978663022957,-0.007728155632181154,-1.0887531027219346,-1.4839460939028386,-1.5718373715091611,0.04109752022473656,0.029602279381028662,0.04587899969813573,0.005235432093657815,0.22598434551263202,0.02654313333404658,0.026680779809760673,-0.026321796517374985,0.0,0.0,-1.0751465571762342,-1.5396268416170833,-1.5500946131952804,0.02318267700000831,1.8346968340000132,0.03067063000001724,0.004669172000006938,0.030662909000014338,2.410778303000015,0.20005684700001325,0.030696854000012763,3.929194507253816e-06,0.0016575968354011477,0.01447013429520411,-5.210306037668603e-05,0.000119512552519191,0,lidar_dropout,lidar_dropout_001
94.0,0.21005620062351227,1.3596653672607064,0.9472222222222222,0.20055116099999282,4.986258842949485,0.0,0.0,0.0,-1.0751466338024798,-1.5396339361733498,-1.5504284037009746,4.635503927406866e-06,-9.050623799685487e-06,-0.0016250780001938587,-0.0019553012545078415,-0.09044667495345103,-0.012015507460701222,0.006748744190358643,-0.007437742887515187,-1.0887531027219346,-1.4839460939028386,-1.5718373715091611,0.04109752022473656,0.029602279381028662,0.04587899969813573,0.005235432093657815,0.22598434551263202,0.02654313333404658,0.026680779809760673,-0.026321796517374985,0.0,0.0,-1.0751466338024798,-1.5396339361733498,-1.5504284037009746,0.022631516000004126,2.034696834000002,0.02616891600000315,0.004446083000004819,0.026161114000004204,2.6107783030000036,0.19615380199999777,0.026207734999999843,4.635503927406866e-06,0.0016250780001938587,0.01418648707787383,-5.019542410149944e-05,0.0003302232543139828,0,lidar_dropout,lidar_dropout_001
94.2,0.20727944374084473,1.3588123042737283,0.9472222222222222,0.20050082699999905,4.987510600143334,0.0,0.0,0.0,-1.0751461726260834,-1.5396410657138149,-1.5507559545534613,1.2554623437975581e-05,-8.758883370358558e-06,-0.0015935664874540932,-0.0017127219808208672,-0.03816146546029241,-0.007707121379012379,0.007051480122078458,-0.006858319527745446,-1.0887531027219346,-1.4839460939028386,-1.5718373715091611,0.04109752022473656,0.029602279381028662,0.04587899969813573,0.005235432093657815,0.22598434551263202,0.02654313333404658,0.026680779809760673,-0.026321796517374985,0.0,0.0,-1.0751461726260834,-1.5396410657138149,-1.5507559545534613,0.02213068900000792,2.2346968340000046,0.02203310900000588,0.003746180000007371,0.021990856000002168,2.8107783030000064,0.021522791000009533,0.021999718000003554,1.2554623437975581e-05,0.0015935664874540932,0.013909799649823903,-4.836130382075953e-05,0.000119155493366774,0,lidar_dropout,lidar_dropout_001
94.4,0.21446026861667633,1.3627016462429224,0.95,0.20004749000000288,4.998813031845517,0.0,0.0,0.0,-1.0751460531998385,-1.539648174010685,-1.5510769415544576,2.5856463563646695e-05,-9.497408289239556e-06,-0.0015630238350820864,-0.0014148526724028305,-0.05354431493799686,0.0029523921081939,0.00690847485899978,-0.006734707903680496,-1.0887531027219346,-1.4839460939028386,-1.5718373715091611,0.04109752022473656,0.029602279381028662,0.04587899969813573,0.005235432093657815,0.22598434551263202,0.02654313333404658,0.026680779809760673,-0.026321796517374985,0.0,0.0,-1.0751460531998385,-1.539648174010685,-1.5510769415544576,0.02208319900000788,2.4346968340000075,0.01798384200000669,0.003988022000001479,0.017975937000002773,3.0107783030000093,0.017228866000010612,0.018010783000008246,2.5856463563646695e-05,0.0015630238350820864,0.013643182762680277,-4.652656023528382e-05,0.0001481711626792558,0,lidar_dropout,lidar_dropout_001
94.60000000000001,0.21090933680534363,1.3636598329533611,0.95,0.20018950899999766,4.995266759957994,0.0,0.0,0.0,-1.0751460016825063,-1.539655220170924,-1.5513916176080769,3.2297242544319135e-05,-6.244164264483046e-06,-0.0015326405041261057,-0.0016963017802241905,-0.06990705990953062,-0.03606300119235712,0.006600451937737472,-0.0067786414381729426,-1.0887531027219346,-1.4839460939028386,-1.5718373715091611,0.04109752022473656,0.029602279381028662,0.04587899969813573,0.005235432093657815,0.22598434551263202,0.02654313333404658,0.026680779809760673,-0.026321796517374985,0.0,0.0,-1.0751460016825063,-1.539655220170924,-1.5513916176080769,0.021893690000013066,2.6346968340000103,0.013977224000015553,0.0038572060000063857,0.013954650000002289,3.210778303000012,0.013629888000011192,0.01395958400000552,3.2297242544319135e-05,0.0015326405041261057,0.013379093375910416,-4.474209701581612e-05,0.00016366127609808477,0,lidar_dropout,lidar_dropout_001
94.80000000000001,0.2071496993303299,1.3634355812393435,0.95,0.19958346700001073,5.010435057729237,0.0,0.0,0.0,-1.0751455612970802,-1.539662334231247,-1.5517004645750634,2.9801779176673345e-05,-1.0598470163585242e-05,-0.0015038174556523348,-0.0011985853233201977,-0.048135460208454724,-0.012024707313383592,0.006425472098087225,-0.0067016545813256955,-1.0887531027219346,-1.4839460939028386,-1.5718373715091611,0.04109752022473656,0.029602279381028662,0.04587899969813573,0.005235432093657815,0.22598434551263202,0.02654313333404658,0.026680779809760673,-0.026321796517374985,0.0,0.0,-1.0751455612970802,-1.539662334231247,-1.5517004645750634,0.02231022300000518,2.834696834000013,0.00987817600001506,0.004088589000005527,0.00983106400001077,3.410778303000015,0.009334646000013436,0.009838946000016335,2.9801779176673345e-05,0.0015038174556523348,0.013127126679412921,-4.306129452332668e-05,0.0003052321323321371,0,lidar_dropout,lidar_dropout_001
95.0,0.21634651720523834,1.3632348054333736,0.95,0.20042538099998808,4.98938804561913,0.0,0.0,0.0,-1.075145503122641,-1.5396693505416033,-1.5520031041123687,2.9257716101339266e-05,-1.0243666051656848e-05,-0.0014744672913067408,-0.0014185643017695902,-0.025096608644039446,-0.013206268447222794,0.006516977310451841,-0.0063543004026205534,-1.0887531027219346,-1.4839460939028386,-1.5718373715091611,0.04109752022473656,0.029602279381028662,0.04587899969813573,0.005235432093657815,0.22598434551263202,0.02654313333404658,0.026680779809760673,-0.026321796517374985,0.0,0.0,-1.075145503122641,-1.5396693505416033,-1.5520031041123687,0.021884842000005733,3.034696834000002,0.005354854000003684,0.003489094000002524,0.005273833000003947,3.6107783030000036,0.004806849000004831,0.0052815699999939625,2.9257716101339266e-05,0.0014744672913067408,0.012871277713072393,-4.1410831547673145e-05,5.5902989537150605e-05,0,lidar_dropout,lidar_dropout_001
95.2,0.21348223090171814,1.3632919306469242,0.95,0.20061249300000839,4.984734425288051,0.0,0.0,0.0,-1.0751452538989483,-1.539676423622614,-1.552300004619279,3.25595972985663e-05,-7.782795989536262e-06,-0.0014462456894485482,-0.00106558574698971,-0.06472645392865069,-0.025916149340343107,0.006364767642259818,-0.00626016107804828,-1.0887531027219346,-1.4839460939028386,-1.5718373715091611,0.04109752022473656,0.029602279381028662,0.04587899969813573,0.005235432093657815,0.22598434551263202,0.02654313333404658,0.026680779809760673,-0.026321796517374985,0.0,0.0,-1.0751452538989483,-1.539676423622614,-1.552300004619279,0.02127234900000019,3.2346968340000046,0.000916304000000423,0.0030624609999989616,0.0009084699999988288,3.8107783030000064,0.00041484900000909875,0.0009398500000088461,3.25595972985663e-05,0.0014462456894485482,0.012624928720308098,-3.984447066489603e-05,0.0003806599424588382,0,lidar_dropout,lidar_dropout_001
95.4,0.21272002160549164,1.3639351260679506,0.95,0.20021187099999338,4.99470883022732,0.0,0.0,0.0,-1.0751452221723028,-1.5396823431031392,-1.5525429733642573,2.2747948980774185e-05,-6.789867372891315e-06,-0.0014223986919010693,-0.0016044750837374403,-0.08369664352461766,-0.021189929202522717,0.006299099428035807,-0.006118564962584965,-1.0887531027219346,-1.4839460939028386,-1.5718373715091611,0.04109752022473656,0.029602279381028662,0.04587899969813573,0.005235432093657815,0.22598434551263202,0.02654313333404658,0.026680779809760673,-0.026321796517374985,0.0,0.0,-1.0751452221723028,-1.5396823431031392,-1.5525429733642573,0.021060478000009653,3.4346968340000075,0.031134757000003788,0.0028762440000065226,0.031120609000012678,4.010778303000009,0.20041484900001194,0.031143456999998875,2.2747948980774185e-05,0.0014223986919010693,0.012417664390620772,-3.854144905621888e-05,0.00018207639183637106,0,lidar_dropout,lidar_dropout_001
95.60000000000001,0.21869127452373505,1.3630202425676479,0.95,0.20006658900000218,4.998335829077333,0.0,0.0,0.0,-1.075145029733518,-1.5396893715515616,-1.5528295091268813,3.086093139192843e-05,-9.661436563831453e-06,-0.0013959630270461425,-0.001147076160774837,-0.053702687097057486,-0.01267847871693829,0.006164847022297325,-0.006022111742693133,-1.0887531027219346,-1.4839460939028386,-1.5718373715091611,0.04109752022473656,0.029602279381028662,0.04587899969813573,0.005235432093657815,0.22598434551263202,0.02654313333404658,0.026680779809760673,-0.026321796517374985,0.0,0.0,-1.075145029733518,-1.5396893715515616,-1.5528295091268813,0.020993889000010313,3.6346968340000103,0.02658214700001338,0.002750032000008673,0.026577703000015163,4.210778303000012,0.1962879330000078,0.026598029000012957,3.086093139192843e-05,0.0013959630270461425,0.012186958764990458,-3.7125397644883514e-05,0.0002488868662713056,0,lidar_dropout,lidar_dropout_001
95.80000000000001,0.21098189055919647,1.3627425138974747,0.95,0.20005699200000038,4.998575605895335,0.0,0.0,0.0,-1.0751448284803624,-1.5396963556019527,-1.553110569629322,2.6403054539800882e-05,-1.092782956277218e-05,-0.0013695524630927035,-0.0011750626083187805,-0.07650297077327223,0.03124615329940424,0.006061294173831224,-0.005895547930105696,-1.0887531027219346,-1.4839460939028386,-1.5718373715091611,0.04109752022473656,0.029602279381028662,0.04587899969813573,0.005235432093657815,0.22598434551263202,0.02654313333404658,0.026680779809760673,-0.026321796517374985,0.0,0.0,-1.0751448284803624,-1.5396963556019527,-1.553110569629322,0.020936897000012777,3.834696834000013,0.02265619700001764,0.0027881060000112257,0.02265217000001485,4.410778303000015,0.19238255300001583,0.0226913060000129,2.6403054539800882e-05,0.0013695524630927035,0.01195684210393692,-3.573465032029238e-05,0.00019448985477392303,0,lidar_dropout,lidar_dropout_001
96.0,0.21701504290103912,1.362524578097271,0.95,0.20020143800000767,4.994969117054802,0.0,0.0,0.0,-1.07514470624804,-1.539703458811749,-1.5533862303272765,2.609244421658606e-05,-7.744500000111144e-06,-0.0013430504248250056,-0.001520040262943948,-0.06405961172582633,-0.02018326319617969,0.005940865842061162,-0.0057851126464475745,-1.0887531027219346,-1.4839460939028386,-1.5718373715091611,0.04109752022473656,0.029602279381028662,0.04587899969813573,0.005235432093657815,0.22598434551263202,0.02654313333404658,0.026680779809760673,-0.026321796517374985,0.0,0.0,-1.07514470624804,-1.539703458811749,-1.5533862303272765,0.02073545899999374,4.034696834000002,0.018527332999994428,0.0023952559999997902,0.018513753999997107,4.610778303000004,0.018105469000005314,0.018533318999999437,2.609244421658606e-05,0.0013430504248250056,0.011725978488508737,-3.4368578113756445e-05,0.0001769898381189423,0,lidar_dropout,lidar_dropout_001
96.2,0.21985261142253876,1.3626088059523649,0.95,0.20087957899998798,4.978106808955727,0.0,0.0,0.0,-1.0751445691314134,-1.5397104127595493,-1.5536566833409142,2.5968162334986263e-05,-1.0619483423956906e-05,-0.0013179654753815312,-0.0011173913719991295,-0.09323504094813256,0.018488364258651187,0.005842686324180064,-0.005664719603918108,-1.0887531027219346,-1.4839460939028386,-1.5718373715091611,0.04109752022473656,0.029602279381028662,0.04587899969813573,0.005235432093657815,0.22598434551263202,0.02654313333404658,0.026680779809760673,-0.026321796517374985,0.0,0.0,-1.0751445691314134,-1.5397104127595493,-1.5536566833409142,0.019855880000008597,4.234696834000005,0.014004120999999259,0.0016751429999999345,0.014001296000003549,4.810778303000006,0.01359627400000818,0.014011980000006474,2.5968162334986263e-05,0.0013179654753815312,0.011507405928098171,-3.3097179760127036e-05,0.00020057410338240162,0,lidar_dropout,lidar_dropout_001
96.4,0.20272225141525269,1.362596590224414,0.95,0.19961532700000362,5.00963535730892,0.0,0.0,0.0,-1.075143899443178,-1.5397173437485348,-1.5539223153723214,4.098168291679654e-06,-1.0732985460810995e-05,-0.0012938897316706421,-0.001531827230920994,-0.04149545980508623,0.01693655376243519,0.005306809540063312,-0.005991728736823491,-1.0887531027219346,-1.4839460939028386,-1.5718373715091611,0.04109752022473656,0.029602279381028662,0.04587899969813573,0.005235432093657815,0.22598434551263202,0.02654313333404658,0.026680779809760673,-0.026321796517374985,0.0,0.0,-1.075143899443178,-1.5397173437485348,-1.5539223153723214,0.02024055300000782,4.4346968340000075,0.010002605000011044,0.0017403660000070431,0.009937448000002291,5.010778303000009,0.009147499000007997,0.009942378000005192,4.098168291679654e-06,0.0012938897316706421,0.011298538276886802,-3.17969632220464e-05,0.0002379374992503519,0,lidar_dropout,lidar_dropout_001
96.60000000000001,0.21097880601882935,1.3572812474543048,0.9472222222222222,0.20001979799999958,4.999505098990261,0.0,0.0,0.0,-1.0751440014756386,-1.5397244081160233,-1.5541824937738744,5.375983541525385e-06,-6.620524154480167e-06,-0.0012689056794835342,-0.00146971223952538,-0.08024783905733245,-0.009969233713146185,0.00500029941203989,-0.006081447145276789,-1.0887531027219346,-1.4839460939028386,-1.5718373715091611,0.04109752022473656,0.029602279381028662,0.04587899969813573,0.005235432093657815,0.22598434551263202,0.02654313333404658,0.026680779809760673,-0.026321796517374985,0.0,0.0,-1.0751440014756386,-1.5397244081160233,-1.5541824937738744,0.02022075500001108,4.63469683400001,0.005864481000003252,0.0018254330000075925,0.0058559750000029,5.210778303000012,0.005270499000005202,0.005886721000010198,5.375983541525385e-06,0.0012689056794835342,0.011081746557316679,-3.0409056584879194e-05,0.00020080656004184579,0,lidar_dropout,lidar_dropout_001
96.80000000000001,0.21204189956188202,1.3573168628027013,0.9472222222222222,0.20010667200000398,4.997334621606121,0.06947368421052631,0.0,-0.16,-1.0751439802966607,-1.539731457207138,-1.5544378782507644,8.599794513792707e-06,-7.606674922229621e-06,-0.0012449342813916889,-0.001459720367710625,-0.09686186925180446,0.014631627921653366,0.004871522974934969,-0.006001841928651609,-1.0887531027219346,-1.4839460939028386,-1.5718373715091611,0.04109752022473656,0.029602279381028662,0.04587899969813573,0.005235432093657815,0.22598434551263202,0.02654313333404658,0.026680779809760673,-0.026321796517374985,0.0,0.0,-1.0751439802966607,-1.539731457207138,-1.5544378782507644,0.02011408300000994,0.035508948000014584,0.0018483500000172626,0.0018568770000086943,0.0018409520000091106,5.410778303000015,0.0013508490000049278,0.0018830110000180866,0.06946508441601253,0.1587550657186083,0.010873364903586577,-2.923811084735432e-05,0.00021478608631893617,1,lidar_dropout,lidar_dropout_001
97.0,0.22722578048706055,1.3665872724358663,0.9416666666666667,0.20046476299999938,4.9884078629819,0.09263157894736841,0.0,-0.8,-1.075148221808709,-1.5491994199316699,-1.602542032962478,0.0706846543341888,-3.723005288955609e-05,-0.6345045428862615,-0.7591543791836338,-0.06482395353702036,-0.05844967966431636,4.859482627324916,-0.6484768683984801,-1.0887531027219346,-1.4839460939028386,-1.5718373715091611,0.04109752022473656,0.029602279381028662,0.04587899969813573,0.005235432093657815,0.22598434551263202,0.02654313333404658,0.026680779809760673,-0.026321796517374985,0.0,0.0,-1.075148221808709,-1.5491994199316699,-1.602542032962478,0.019649319999999193,0.03530563299999301,0.031412137999993206,0.0012267019999967488,0.031389021999999045,5.610778303000004,0.20135084899999356,0.03139420099999768,0.02194692461317961,0.1654954571137386,5.507959495723396,-3.15126207620448,0.12464983629737236,1,lidar_dropout,lidar_dropout_001
97.2,0.2450610101222992,1.3784388360731743,0.9444444444444444,0.20087317899999846,4.978265415912035,0.12736842105263158,0.0,-1.0,-1.077333510334115,-1.5680606310864034,-1.780989881396953,0.09435147895824623,0.0003090669890321307,-0.9426137049024482,-0.9894493953352185,-0.1653705417634218,-0.1378299415441697,6.921437285712558,-1.306695697731056,-1.0887531027219346,-1.4839460939028386,-1.5718373715091611,0.04109752022473656,0.029602279381028662,0.04587899969813573,0.005235432093657815,0.22598434551263202,0.02654313333404658,0.026680779809760673,-0.026321796517374985,0.0,0.0,-1.077333510334115,-1.5680606310864034,-1.780989881396953,0.018776141000003577,0.03529617099999882,0.026978216000003385,0.0008335670000008122,0.026946503000004896,5.810778303000006,0.19695569700000704,0.026949634000004608,0.03301694209438534,0.057386295097551776,8.228132983443613,-9.044212323355916,0.04683569043277025,1,lidar_dropout,lidar_dropout_001
97.4,0.27162981033325195,1.3924559284658993,0.9444444444444444,0.19974529700000687,5.006375694542463,0.16210526315789472,0.0,-1.0,-1.0856457679904996,-1.5938945515652314,-1.985141268357111,0.14036557791637622,0.0005696057930182977,-1.0027408568950928,-1.017477771686754,0.02805479018624682,-0.1723794088892104,8.582201420843647,-0.17262187793116418,-1.0937359516300813,-1.5310110848277392,-1.8159446954408607,0.035164713106293766,0.029974215300092588,0.043840376082684956,0.04732802715096407,0.24410732393169954,0.027468722242731097,0.0068818556716030155,-0.02813418532644822,0.01982054771837554,0.001812388809073237,-1.0856457679904996,-1.5938945515652314,-1.985141268357111,0.019030843999999547,0.03538966300000368,0.022447274000001016,0.0006859730000030595,0.02244153899999901,0.18909372800000313,0.18911181100000363,0.02247831900000108,0.021739685241518508,0.002740856895092847,8.754823298774811,-1.481475726049536,0.014736914791661171,1,lidar_dropout,lidar_dropout_001
97.60000000000001,0.31078770756721497,1.4024038424939353,0.9472222222222222,0.20013105900000028,4.996725670651643,0.21999999999999997,0.0,-1.0,-1.1025563865318124,-1.6235531969220687,-2.190736800576249,0.19325559321791352,0.0003806380868189435,-1.019751233112399,-1.020096401412988,-0.3277257712113925,-0.20552018476698758,10.262948702767645,1.3647556165261852,-1.1116211535915224,-1.5972234898281894,-2.208040482985576,0.030786474865749813,0.025562237876254557,0.03400209667172327,0.03149664289306085,0.20245078442483733,0.020315233891979454,0.005634145401149583,-0.018324291181164278,0.004434207430371084,0.0009100735350277174,-1.1025563865318124,-1.6235531969220687,-2.190736800576249,0.01889978500000211,0.035543177000008086,0.018572410000004425,0.0003516990000065334,0.018534002000009764,0.01637257100000511,0.01639352300000496,0.018545677000005867,0.02674440678208645,0.019751233112399014,8.89819308624146,14.006416884222268,0.00034516830058906045,1,lidar_dropout,lidar_dropout_001
97.80000000000001,0.35332009196281433,1.4079401326144545,0.9472222222222222,0.2009817940000005,4.97557505134021,0.20842105263157892,0.0,-1.0,-1.1316959188764915,-1.6567797860516007,-2.3948198747083884,0.21150512267544264,0.0004169433549778695,-0.9901241844556676,-0.9900233245006054,-0.04499454421276791,-0.22249950380721464,10.641295504785537,1.997217600528611,-1.1553094201210454,-1.6266441542130194,-2.425978029279375,0.030990249385247637,0.023406845299730694,0.029646820342184507,0.05267105585802749,0.21793754629379913,0.03460990262450594,-0.012574600050314712,-0.03612627115261827,0.02314942688467453,0.01780197997145399,-1.1316959188764915,-1.6567797860516007,-2.3948198747083884,0.017917991000004463,0.035421763000016426,0.013813218000009897,0.004658370000015566,0.013769824000007702,0.010878885000010996,0.010847007000009512,0.013780710000006025,0.0030840700438637125,0.009875815544332367,8.644077904256926,21.252982674583667,0.0001008599550622602,1,lidar_dropout,lidar_dropout_001
98.0,0.38656193017959595,1.4176157211597042,0.9527777777777777,0.20020744699999682,4.994819198708507,0.21999999999999997,0.0,-0.9487179487179487,-1.1649662665054346,-1.681973202282814,-2.595045008320578,0.1982187120789191,-6.908600388937092e-05,-0.9522619861727106,-0.9537474446911701,4.440633170249203,-0.23745754209851727,10.120367178321386,1.8061901325887402,-1.1553094201210454,-1.6266441542130194,-2.425978029279375,0.030990249385247637,0.023406845299730694,0.029646820342184507,0.05267105585802749,0.21793754629379913,0.03460990262450594,-0.012574600050314712,-0.03612627115261827,0.0,0.0,-1.1649662665054346,-1.681973202282814,-2.595045008320578,0.017710543999996275,0.035296074000001454,0.00980615100000648,0.0047412119999989955,0.009801019999997607,0.21087888499999963,0.009088129000005551,0.009830996999994568,0.02178128792108086,0.00354403745476195,8.314177045732645,18.279307335659038,0.0014854585184594926,1,lidar_dropout,lidar_dropout_001
98.2,0.40114617347717285,1.400577297956191,0.9416666666666667,0.20006862699999317,4.9982849135063745,0.21999999999999997,0.0,-1.0,-1.20559602094864,-1.701551908063624,-2.7853340650156486,0.22155696068304642,-0.0002493054406295936,-0.8952971748020674,-0.8985312634031274,-0.008440828024194741,-0.22339964509489887,10.576187625131228,2.7598294353913504,-1.236874513495189,-1.664634842910275,-2.7868777669300364,0.04042507234796733,0.02511014753702634,0.04137692573643614,0.08997864682703645,0.36089973765066125,-0.011670981581803406,0.019791545972718483,-0.013228005992059961,0.05647554914564463,0.022898265160558304,-1.20559602094864,-1.701551908063624,-2.7853340650156486,0.017641917000005947,0.03534585600000639,0.005570214000002238,0.004701824999997939,0.005559521999998651,0.0010268350000046667,0.0010441130000060639,0.005598328000004926,0.0015569606830464489,0.10470282519793261,7.816358189739877,29.188473922058904,0.0032340886010600034,1,lidar_dropout,lidar_dropout_001
98.4,0.3582133948802948,1.3658353338638942,0.9333333333333333,0.20037664600000937,4.990601549443807,0.21999999999999997,0.0,-0.846153846153846,-1.248168693115761,-1.7127488484726883,-2.9851880709984204,0.21021678524377133,-3.207011263160753e-05,-0.9539270334330453,-0.9546670131176498,-0.045965153837768946,-0.18953639173314082,10.482419461236768,2.1519469873113133,-1.236874513495189,-1.664634842910275,-2.7868777669300364,0.04042507234796733,0.02511014753702634,0.04137692573643614,0.08997864682703645,0.36089973765066125,-0.011670981581803406,0.019791545972718483,-0.013228005992059961,0.0,0.0,-1.248168693115761,-1.7127488484726883,-2.9851880709984204,0.017265270999999416,0.03538283500000716,0.0016453970000043228,0.004536524000002373,0.0016027680000121336,0.2010268350000075,0.0008195180000001301,0.0016110540000084939,0.009783214756228648,0.10777318727919927,8.330472473925454,22.55761097934194,0.0007399796846044859,1,lidar_dropout,lidar_dropout_001
98.60000000000001,0.3324022591114044,1.3162413579298229,0.9111111111111111,0.20027211699999725,4.9932063183813735,0.21999999999999997,0.0,-0.7948717948717947,-1.2845094629885554,-1.7157742079222378,-3.1301098165836105,0.20996465823108587,0.00023511244397754873,-0.7922826754511271,-0.7673088404773495,-0.1456573001241823,-0.18057357033283505,9.775206113052663,2.8584549420013197,-1.236874513495189,-1.664634842910275,-2.7868777669300364,0.04042507234796733,0.02511014753702634,0.04137692573643614,0.08997864682703645,0.36089973765066125,-0.011670981581803406,0.019791545972718483,-0.013228005992059961,0.0,0.0,-1.2845094629885554,-1.7157742079222378,-3.1301098165836105,0.016993154000005006,0.03549491600000465,0.03127289000001099,0.003702161000006754,0.03126619200000391,0.40102683500001035,0.20081951800000297,0.03128366900000401,0.010035341768914102,0.0025891194206676404,6.916751171051343,27.941986222936894,0.024973834973777587,1,lidar_dropout,lidar_dropout_001
98.80000000000001,0.2950842082500458,1.2910281457120854,0.9083333333333333,0.20081459299998983,4.979717783757133,0.21999999999999997,0.0,-0.7948717948717947,-1.3295403249281907,-1.7127436795959166,2.9942245481235914,0.22147938442329618,0.0003749514183702188,-0.7852134292948046,-0.7874469519904653,-0.06385999479524458,-0.16430682339033956,10.09327372625319,3.2400424610172007,-1.3270259305728735,-1.6798998475001445,3.126676165154356,0.04008845975598807,0.027769253197936994,0.0419084920858126,0.09143466720146881,0.36963137509519434,-0.011897982620946955,0.014637905968352145,-0.01631750577718199,0.005158636909725021,0.003089499785122027,-1.3295403249281907,-1.7127436795959166,2.9942245481235914,0.01617856100001802,0.03564260700001398,0.026318481000018323,0.003160716000010666,0.026059421000013572,0.1948416240000057,0.1947950840000061,0.026080812000017772,0.001479384423296204,0.009658365576990069,6.853231265235991,32.70263544372964,0.0022335226956606835,1,lidar_dropout,lidar_dropout_001
99.0,0.2847149670124054,1.27916350283406,0.9166666666666666,0.20006275000000073,4.998431742040917,0.20842105263157892,0.0,-0.6410256410256407,-1.3712332658820423,-1.7032783483155371,2.840495031805026,0.22122286277649356,0.00027956565674810974,-0.6885285411793214,-0.6557722589120394,-0.0500807805758801,-0.17285355056453125,9.677691495078774,3.6569276816537966,-1.3270259305728735,-1.6798998475001445,3.126676165154356,0.04008845975598807,0.027769253197936994,0.0419084920858126,0.09143466720146881,0.36963137509519434,-0.011897982620946955,0.014637905968352145,-0.01631750577718199,0.0,0.0,-1.3712332658820423,-1.7032783483155371,2.840495031805026,0.01611581100000592,0.035392517999994766,0.0217842509999997,0.002488060000004566,0.02177500099999463,0.39484162399999434,0.191474994999993,0.021801514000003408,0.012801810144914633,0.04750290015368064,6.020763813424978,35.390617922859086,0.032756282267282,1,lidar_dropout,lidar_dropout_001
99.2,0.27528101205825806,1.2680053298566998,0.9194444444444444,0.20028990200000862,4.9927629401903495,0.21999999999999997,0.0,-0.6410256410256407,-1.4111384905947042,-1.688029979594037,2.7100891909424623,0.2093242756670536,0.0006180849746653949,-0.6125102311923317,-0.6140711285657375,-0.11616202951632694,-0.09873714043718868,8.989532203652587,3.6373199613244913,-1.4045741905780782,-1.6617908100386414,2.819191920962156,0.04572349881211002,0.030830754122405768,0.04653279423775153,0.07963460220040625,0.30748424419220033,-0.0019667032367188804,0.016204905881960652,-0.018000287203567996,0.010054143371607678,0.0016827814263860076,-1.4111384905947042,-1.688029979594037,2.7100891909424623,0.015825909000000138,0.03554291599999715,0.017621101000003137,0.002997227999998131,0.01761310199999855,0.18503049400000293,0.18500161299999718,0.01765847600000825,0.010675724332946362,0.028515409833309024,5.352212242328095,32.6978049273149,0.0015608973734058118,1,lidar_dropout,lidar_dropout_001
99.4,0.29116129875183105,1.2632928283279201,0.9222222222222223,0.2005166499999973,4.987117029932494,0.21999999999999997,0.0,-0.5897435897435894,-1.4501418724726616,-1.6670975029007171,2.5836882007172033,0.20932997704176065,0.0002763948806362021,-0.5949880568431418,-0.5888410723716969,-0.09250078521559374,-0.12760079714893255,8.913836930272838,3.7179389633771533,-1.4824627400715402,-1.6179740598035226,2.5628181288465264,0.04527764923129629,0.03270369341921109,0.04507610572277778,0.08936740873138409,0.2563737921156295,0.004509652801067821,0.016201013294571385,-0.02265551450832533,0.006476357207598485,0.0046552273047573344,-1.4501418724726616,-1.6670975029007171,2.5836882007172033,0.015309259000005682,0.03547069100000044,0.01352760700000033,0.0022857980000026146,0.013475833000001103,0.01080229000000088,0.010821585000002187,0.013487152999999807,0.010670022958239322,0.005244467099552397,5.195897966895685,33.141101636251584,0.006146984471444905,1,lidar_dropout,lidar_dropout_001
99.60000000000001,0.29610684514045715,1.233748608317215,0.9083333333333333,0.20040600900000527,4.989870338668207,0.20842105263157892,0.0,-0.43589743589743557,-1.486926462305845,-1.6411121232110886,2.4710412614771267,0.2215929118612509,5.6013700015192236e-05,-0.4910524159819317,-0.4745351185389124,-0.46514018706726123,-0.2249338091047408,8.81164070537776,4.525743571150669,-1.4824627400715402,-1.6179740598035226,2.5628181288465264,0.04527764923129629,0.03270369341921109,0.04507610572277778,0.08936740873138409,0.2563737921156295,0.004509652801067821,0.016201013294571385,-0.02265551450832533,0.0,0.0,-1.486926462305845,-1.6411121232110886,2.4710412614771267,0.014903250000003254,0.03559090700001377,0.008638689000008526,0.0017195840000141516,0.008631500000007009,0.21080229000000372,0.008383863000005931,0.008659467000015297,0.013171859229671984,0.05515498008449615,4.285897134227091,39.87922627365295,0.01651729744301933,1,lidar_dropout,lidar_dropout_001
99.80000000000001,0.3327440917491913,1.2384402622505795,0.9083333333333333,0.19991193899998905,5.002202494769733,0.21999999999999997,0.0,-0.48717948717948684,-1.5197988213981082,-1.6125089319381094,2.3804987830562054,0.22146529191175318,7.244821660241929e-05,-0.47326244127951494,-0.47410303764450945,-0.07239956615033558,-0.11693459530253733,8.731037345483221,4.605181983061647,-1.4824627400715402,-1.6179740598035226,2.5628181288465264,0.04527764923129629,0.03270369341921109,0.04507610572277778,0.08936740873138409,0.2563737921156295,0.004509652801067821,0.016201013294571385,-0.02265551450832533,0.0,0.0,-1.5197988213981082,-1.6125089319381094,2.3804987830562054,0.014991311000017049,0.03563837000001513,0.004660530000009544,0.001800036000005889,0.0046513030000170374,0.41080229000000656,0.004409502000015664,0.004702989000008984,0.0014652919117532082,0.013917045899971892,4.125855362421574,40.20801587685772,0.0008405963649945059,1,lidar_dropout,lidar_dropout_001
100.0,0.35317349433898926,1.225676419453387,0.9055555555555556,0.19986691400001177,5.003329365459363,0.21999999999999997,0.0,-0.33333333333333304,-1.5507542827229734,-1.5802026924904857,2.2929761914509177,0.22084759931362596,0.00019958188764386542,-0.33036522935177187,-0.3311166568948442,-0.08731952910170553,-0.03813312121420759,8.108648033639028,5.216339377714211,-1.4824627400715402,-1.6179740598035226,2.5628181288465264,0.04527764923129629,0.03270369341921109,0.04507610572277778,0.08936740873138409,0.2563737921156295,0.004509652801067821,0.016201013294571385,-0.02265551450832533,0.0,0.0,-1.5507542827229734,-1.5802026924904857,2.2929761914509177,0.015124396999993905,0.035550822999994125,0.0005079449999954022,0.001614285000002269,0.00046808300000122927,0.6108022899999952,0.2044095020000043,0.0004775830000056658,0.0008475993136259907,0.0029681039815611654,2.8923086559248175,42.297460037896165,0.0007514275430723361,1,lidar_dropout,lidar_dropout_001
100.2,0.38151419162750244,1.2325611332323207,0.9083333333333333,0.20129144099999507,4.967921114937145,0.19684210526315787,0.0,-0.33333333333333304,-1.5740582952198579,-1.5522521230369928,2.2375010820780443,0.20943730774302297,8.220917837735431e-05,-0.32944688541425204,-0.3166839291735456,-0.019684327068208527,-0.02730968055029117,7.753809149454189,4.879560612689795,-1.5676274104768118,-1.5360651125157403,2.2754522401044266,0.042605285296402506,0.03372034521468503,0.050580755495570576,0.11816131655931747,0.2873658887420998,0.01655773584623821,0.010944381328963393,-0.022780927620930876,0.013144903372987338,0.00012541311260554422,-1.5740582952198579,-1.5522521230369928,2.2375010820780443,0.013832956000001673,0.035417476999995756,0.02989697499999977,0.0009123300000055679,0.029877702999996814,0.19673394400000177,0.19675265300000433,0.029909427999996296,0.012595202479865092,0.003886447919080993,2.8742485367643944,37.83518172399042,0.012762956240706447,1,lidar_dropout,lidar_dropout_001
100.4,0.3910267651081085,1.2382271190787233,0.9111111111111111,0.2003463690000018,4.991355745508875,0.20842105263157892,0.0,-0.33333333333333304,-1.5992706730455153,-1.5179111370906788,2.171618401655548,0.22046770305313,6.423880156344874e-05,-0.32792001113481145,-0.3243314732985086,-0.019953201950439748,-0.047354719880491246,8.096873556618908,5.235451071194238,-1.5676274104768118,-1.5360651125157403,2.2754522401044266,0.042605285296402506,0.03372034521468503,0.050580755495570576,0.11816131655931747,0.2873658887420998,0.01655773584623821,0.010944381328963393,-0.022780927620930876,0.0,0.0,-1.5992706730455153,-1.5179111370906788,2.171618401655548,0.013486587000002714,0.0354655300000104,0.024976705000000265,0.004893504000008875,0.024970045000003438,0.3967339440000046,0.19571244000000831,0.02498470900000882,0.012046650421551064,0.005413322198521586,2.8614224854246695,42.390785335324765,0.003588537836302863,1,lidar_dropout,lidar_dropout_001
100.60000000000001,0.38209620118141174,1.231137828269136,0.9083333333333333,0.20016796699999873,4.995804348654879,0.20842105263157892,0.0,-0.2307692307692305,-1.622384047090237,-1.481646220049627,2.1058047103875266,0.22017103162947224,0.00024138113923051485,-0.2744803596140052,-0.24603837480814864,-0.02512412354794698,-0.02231551247888043,7.862847468296276,5.456393708329604,-1.5676274104768118,-1.5360651125157403,2.2754522401044266,0.042605285296402506,0.03372034521468503,0.050580755495570576,0.11816131655931747,0.2873658887420998,0.01655773584623821,0.010944381328963393,-0.022780927620930876,0.0,0.0,-1.622384047090237,-1.481646220049627,2.1058047103875266,0.013318620000006831,0.0355738350000081,0.020955283000006375,0.004902563000001692,0.02094651500000566,0.5967339440000075,0.19073835400000405,0.020996204000013563,0.011749978997893318,0.04371112884477468,2.4064537599666718,42.902791455567154,0.02844198480585655,1,lidar_dropout,lidar_dropout_001
100.80000000000001,0.37890157103538513,1.2296218141225668,0.9027777777777778,0.20035788699999557,4.991068806789833,0.21999999999999997,0.0,-0.2307692307692305,-1.6428759304511444,-1.4451645256179662,2.0600964367954773,0.19721870539686012,-2.898038524137836e-05,-0.21461687089437143,-0.20992096344083697,-0.07587378503307547,-0.0002309787265085475,6.900613154788639,5.030201877190537,-1.5676274104768118,-1.5360651125157403,2.2754522401044266,0.042605285296402506,0.03372034521468503,0.050580755495570576,0.11816131655931747,0.2873658887420998,0.01655773584623821,0.010944381328963393,-0.022780927620930876,0.0,0.0,-1.6428759304511444,-1.4451645256179662,2.0600964367954773,0.012960733000014102,0.03563645400001292,0.01660426100001189,0.004981983000007517,0.01659410900001035,0.7967339440000103,0.18645151100001556,0.01663577000000771,0.02278129460313985,0.01615235987485908,1.8704112775981017,34.71147724498353,0.004695907453534459,1,lidar_dropout,lidar_dropout_001
101.0,0.37930548191070557,1.2643716739885735,0.9166666666666666,0.20006541600000105,4.9983651347317055,0.21999999999999997,0.0,-0.2307692307692305,-1.6626129244103498,-1.4061047117396015,2.0162586704739285,0.20880522240602536,-3.935513282757319e-05,-0.22410882019273368,-0.22127809582778155,0.3460980832746031,0.009716012579549727,7.293972254607454,5.3389780355240575,-1.6484891393534076,-1.4139899895940051,2.054471356862991,0.04367851642878939,0.04212272479802315,0.05191412470928247,0.14642730221262987,0.2209808832414355,0.0018798173861210002,0.0223919063724691,-0.004992304646325954,0.0,0.0,-1.6626129244103498,-1.4061047117396015,2.0162586704739285,0.012895317000001683,0.0356068520000008,0.012838068999997176,0.004645542000005776,0.012833628999999291,0.180062092,0.012365203000001657,0.01284976700000584,0.011194777593974609,0.006660410576496828,1.9549942190833969,38.942357659071085,0.0028307243649521308,1,lidar_dropout,lidar_dropout_001
101.2,0.3841783106327057,1.2580375056259516,0.9111111111111111,0.19972657700000696,5.006844932810145,0.21999999999999997,0.0,-0.2307692307692305,-1.680596553719655,-1.3661888346629176,1.971229099007952,0.2088009852025747,-8.624129007844816e-06,-0.22579976511076347,-0.22509145317068618,2.030151648990421,-0.10017027316242398,7.300745520751271,5.330656834993176,-1.6484891393534076,-1.4139899895940051,2.054471356862991,0.04367851642878939,0.04212272479802315,0.05191412470928247,0.14642730221262987,0.2209808832414355,0.0018798173861210002,0.0223919063724691,-0.004992304646325954,0.0,0.0,-1.680596553719655,-1.3661888346629176,1.971229099007952,0.01316873999999757,0.03584303300000613,0.00891201599999647,0.004586295999999379,0.008863812000001303,0.38006209200000285,0.008805035000008843,0.008873907000008785,0.011199014797425272,0.004969465658467037,1.9700886857580944,38.917769010738574,0.000708311940077283,1,lidar_dropout,lidar_dropout_001
101.4,0.3802403211593628,1.2688283387458685,0.9166666666666666,0.20042665500000112,4.989356330873228,0.20842105263157892,0.0,-0.17948717948717924,-1.6971653228777452,-1.3244055702180721,1.9252478952781336,0.22041699275400345,-4.875850452619457e-05,-0.2283406913472735,-0.22841808453882315,-0.048707645360702954,-0.06317337749149818,7.663822991334228,5.670973756990803,-1.6484891393534076,-1.4139899895940051,2.054471356862991,0.04367851642878939,0.04212272479802315,0.05191412470928247,0.14642730221262987,0.2209808832414355,0.0018798173861210002,0.0223919063724691,-0.004992304646325954,0.0,0.0,-1.6971653228777452,-1.3244055702180721,1.9252478952781336,0.012742084999999292,0.03573098200000402,0.004574997000005965,0.0045819810000011785,0.004568976000001612,0.5800620920000057,0.0035886400000038066,0.004616453000011234,0.011995940122424525,0.04885351186009426,1.9928492343434243,43.46133906207916,7.739319154964619e-05,1,lidar_dropout,lidar_dropout_001
101.60000000000001,0.3884614109992981,1.2863475377826172,0.9194444444444444,0.20068734299999846,4.982875277789729,0.20842105263157892,0.0,-0.17948717948717924,-1.709189027933122,-1.29017632253363,1.8936792613721412,0.2202808143608356,-1.425644844976759e-05,-0.17422233177295116,-0.170192033612684,-0.06151770531469284,-0.05174195139137042,7.426002004936019,5.906167682122138,-1.6484891393534076,-1.4139899895940051,2.054471356862991,0.04367851642878939,0.04212272479802315,0.05191412470928247,0.14642730221262987,0.2209808832414355,0.0018798173861210002,0.0223919063724691,-0.004992304646325954,0.0,0.0,-1.709189027933122,-1.29017632253363,1.8936792613721412,0.012054742000003671,0.035740369000009764,0.033761911000013356,0.0037899970000125904,0.03360008200000664,0.7800620920000085,0.20358864000000665,0.033744766000012305,0.01185976172925668,0.0052648477142280825,1.5198343228138809,43.85921304892732,0.004030298160267148,1,lidar_dropout,lidar_dropout_001
101.80000000000001,0.3947616517543793,1.286979889253715,0.9138888888888889,0.20065702200000146,4.9836282330552715,0.20842105263157892,0.0,-0.17948717948717924,-1.7223301315974504,-1.2484289196557483,1.8582383054515843,0.2203535185678856,-4.1609996222241596e-05,-0.17650173000818906,-0.17423319767710072,-0.07561497517332699,-0.012238321022253057,7.437282224082237,5.897109606832668,-1.6484891393534076,-1.4139899895940051,2.054471356862991,0.04367851642878939,0.04212272479802315,0.05191412470928247,0.14642730221262987,0.2209808832414355,0.0018798173861210002,0.0223919063724691,-0.004992304646325954,0.0,0.0,-1.7223301315974504,-1.2484289196557483,1.8582383054515843,0.011397720000005052,0.03567270900001063,0.029552597000005676,0.0031884890000100086,0.029546555000010244,0.9800620920000114,0.19877265300000602,0.029564212000011025,0.011932465936306674,0.002985449478990182,1.5401726172495689,43.858468452361194,0.002268532331088341,1,lidar_dropout,lidar_dropout_001
102.0,0.40136680006980896,1.297157093016744,0.9083333333333333,0.20083371399999805,4.9792436741971,0.21999999999999997,0.0,-0.07692307692307669,-1.7337211270843973,-1.2073919566222953,1.8287942193599498,0.20861014932394248,-8.493234538953925e-05,-0.08487101293090378,-0.07648170336142347,-0.07478467194867618,-0.016185575901193162,6.687758092787117,5.944859835610404,-1.7240889189593347,-1.2180134162896068,1.849144208188984,0.039104902903230876,0.056896633465404856,0.05643630511372247,0.2100527170988249,0.20532714867400714,0.006818189161409316,0.01646518287686455,-0.006115792354271514,0.007714503690083716,0.00112348770794556,-1.7337211270843973,-1.2073919566222953,1.8287942193599498,0.01056400599999563,0.035704670000001215,0.0245754350000027,0.002845927999999276,0.024567484000002082,0.19204530899999384,0.1920148429999955,0.02459804500000473,0.011389850676057495,0.007947936007827089,0.7428982571767131,39.757784476088574,0.008389309569480308,1,lidar_dropout,lidar_dropout_001
102.2,0.3996431827545166,1.3097972566381506,0.9083333333333333,0.1991892129999968,5.020352181420668,0.21999999999999997,0.0,-0.07692307692307669,-1.7447479264270005,-1.1642627615314136,1.8134937954244719,0.20850515522663646,-6.55452260337197e-05,-0.0692961430818268,-0.06982779134361167,-0.02757122025691512,-0.021215160250211435,6.616923328970657,6.0108241637683095,-1.7240889189593347,-1.2180134162896068,1.849144208188984,0.039104902903230876,0.056896633465404856,0.05643630511372247,0.2100527170988249,0.20532714867400714,0.006818189161409316,0.01646518287686455,-0.006115792354271514,0.0,0.0,-1.7447479264270005,-1.1642627615314136,1.8134937954244719,0.01137479300000166,0.03576971700000797,0.020994706999999835,0.002619804000005388,0.02099096800000666,0.3920453089999967,0.19044615699999667,0.02100502400000437,0.011494844773363516,0.007626933841249892,0.6060991652023473,39.77316263557907,0.0005316482617848672,1,lidar_dropout,lidar_dropout_001
102.4,0.42231491208076477,1.3445278933069793,0.9222222222222223,0.20174005900000225,4.956873736217103,0.21999999999999997,0.0,-0.12820512820512797,-1.7549480980055199,-1.1217365242785042,1.7985428007378286,0.20858473053198692,-4.660355417572537e-05,-0.07548862683481763,-0.08865104139491992,-0.012117444002721791,0.005819929576059467,6.6455268397502305,5.986778511335725,-1.7240889189593347,-1.2180134162896068,1.849144208188984,0.039104902903230876,0.056896633465404856,0.05643630511372247,0.2100527170988249,0.20532714867400714,0.006818189161409316,0.01646518287686455,-0.006115792354271514,0.0,0.0,-1.7549480980055199,-1.1217365242785042,1.7985428007378286,0.009634734000002254,0.03579356900000619,0.015681415000003085,0.0018064530000003742,0.015671971000003282,0.5920453089999995,0.18594839000000718,0.015717772000002128,0.01141526946801305,0.05271650137031034,0.6587483284145055,39.78529728072149,0.013162414560102281,1,lidar_dropout,lidar_dropout_001
102.60000000000001,0.4315548837184906,1.363698108865692,0.925,0.19970498499999678,5.007386270302748,0.19684210526315787,0.0,-0.07692307692307669,-1.7644478767728191,-1.0786323653286956,1.7765946239072354,0.2086018094794341,-6.862872966801464e-05,-0.08607483555942082,-0.08226894845280353,-0.18009190370218506,-0.08163019524384098,6.693121628916248,5.9393324424779825,-1.7240889189593347,-1.2180134162896068,1.849144208188984,0.039104902903230876,0.056896633465404856,0.05643630511372247,0.2100527170988249,0.20532714867400714,0.006818189161409316,0.01646518287686455,-0.006115792354271514,0.0,0.0,-1.7644478767728191,-1.0786323653286956,1.7765946239072354,0.009929749000008314,0.03566412800000762,0.011709813000010172,0.0016527400000114767,0.011619910000007394,0.7920453090000024,0.18099132300001486,0.011648469000007822,0.011759704216276229,0.009151758636344126,0.7537891864382651,39.75267443207335,0.0038058871066172922,1,lidar_dropout,lidar_dropout_001
102.80000000000001,0.4493649899959564,1.3813893369393435,0.9277777777777778,0.19988817700000538,5.002797138922194,0.20842105263157892,0.0,-0.07692307692307669,-1.772805597338367,-1.0369226501364952,1.7611867736493052,0.2201746553570553,-4.048782399123513e-05,-0.0751419331344778,-0.0743291769073429,-1.2349287033287797,-0.0407592025622858,6.994596237614731,6.338980918086647,-1.7240889189593347,-1.2180134162896068,1.849144208188984,0.039104902903230876,0.056896633465404856,0.05643630511372247,0.2100527170988249,0.20532714867400714,0.006818189161409316,0.01646518287686455,-0.006115792354271514,0.0,0.0,-1.772805597338367,-1.0369226501364952,1.7611867736493052,0.010041572000005772,0.03575363400001663,0.007870192000012821,0.0018692550000167785,0.00786313200001132,0.9920453090000052,0.0074142230000120435,0.00788363300000583,0.011753602725476375,0.0017811437885988934,0.655615319528084,44.338612079960434,0.000812756227134892,1,lidar_dropout,lidar_dropout_001
103.0,0.4647899866104126,1.3849518743444638,0.9222222222222223,0.19985333900000057,5.003669215654171,0.20842105263157892,0.0,-0.07692307692307669,-1.7806816256540228,-0.9943058954515938,1.7460472874753747,0.22016459226810423,-4.770933075280703e-05,-0.07465990200207856,-0.07431381226121182,-1.737300241579069,0.02594709787652431,6.992663209970414,6.341360993644001,-1.7240889189593347,-1.2180134162896068,1.849144208188984,0.039104902903230876,0.056896633465404856,0.05643630511372247,0.2100527170988249,0.20532714867400714,0.006818189161409316,0.01646518287686455,-0.006115792354271514,0.0,0.0,-1.7806816256540228,-0.9943058954515938,1.7460472874753747,0.01018823299999383,0.035702784999998016,0.0038060079999979735,0.001843246999996495,0.003795682000003353,1.1920453089999938,0.003208060999995155,0.0038341690000009976,0.011743539636525302,0.0022631749209981317,0.651302216326413,44.34300172139583,0.00034608974086673683,1,lidar_dropout,lidar_dropout_001
103.2,0.46909457445144653,1.3844383013067822,0.9166666666666666,0.20074861799999155,4.981354342374811,0.21999999999999997,0.0,-0.07692307692307669,-1.7865173688789933,-0.9601049003611293,1.7333351415503933,0.1969978058437404,-3.657250101565812e-05,-0.07540753349079339,-0.07545015125533833,-0.03133764682849636,-0.027852101105012777,6.294255055526209,5.636253582518176,-1.7240889189593347,-1.2180134162896068,1.849144208188984,0.039104902903230876,0.056896633465404856,0.05643630511372247,0.2100527170988249,0.20532714867400714,0.006818189161409316,0.01646518287686455,-0.006115792354271514,0.0,0.0,-1.7865173688789933,-0.9601049003611293,1.7333351415503933,0.00943961500000512,0.035931517999998164,0.03349997499999802,0.0014677719999980354,0.03349406700000657,1.3920453089999967,0.203208060999998,0.0335215460000029,0.023002194156259564,0.0015155434322833006,0.6580014730080332,35.47601760599274,4.261776454493604e-05,1,lidar_dropout,lidar_dropout_001
103.4,0.4932447075843811,1.366271672615638,0.9027777777777778,0.20022987000000114,4.994259847444312,0.21999999999999997,0.0,-0.07692307692307669,-1.7932633227773216,-0.9169094259734726,1.7178737236256074,0.20857854844991763,-2.0655320735221e-05,-0.07603239003756129,-0.07647220951084673,-0.05233654302909734,-0.04022986908664247,6.647484252069585,5.98389326831171,-1.7764477758651476,-0.9490712829550729,1.7246002076681926,0.03479923722731337,0.07303051880408162,0.06618771859035244,0.27399146150749587,0.1245440005207914,0.017516020211797406,-0.006444531822397325,-0.006996327180605198,0.02528435517833554,0.0008805348263336843,-1.7932633227773216,-0.9169094259734726,1.7178737236256074,0.00920974500000682,0.035929965000008224,0.028861562000003005,0.0007205020000071727,0.028858638000002657,0.19633294200001217,0.1963049360000042,0.028873170000011328,0.01142145155008234,0.0008906868855153988,0.6635909837578753,39.777836267167295,0.0004398194732854327,1,lidar_dropout,lidar_dropout_001
103.60000000000001,0.5082453489303589,1.3712007587908221,0.8972222222222223,0.2000814130000066,4.997965503172287,0.21999999999999997,0.0,-0.02564102564102541,-1.7993403862652055,-0.8736014622003735,1.7023067538328724,0.20859337473871098,-4.033283292693979e-05,-0.07619799274455377,-0.054852203413623846,-0.07043421938239669,-0.0286565030879218,6.648668100230811,5.983590818243774,-1.7764477758651476,-0.9490712829550729,1.7246002076681926,0.03479923722731337,0.07303051880408162,0.06618771859035244,0.27399146150749587,0.1245440005207914,0.017516020211797406,-0.006444531822397325,-0.006996327180605198,0.0,0.0,-1.7993403862652055,-0.8736014622003735,1.7023067538328724,0.00912833200000307,0.03599472100000867,0.024932536000008554,0.0005783770000107324,0.024922401000011973,0.396332942000015,0.19449533200000246,0.02494707100001392,0.011406625261288994,0.05055696710352836,0.6650772819870374,39.782909398091356,0.021345789330929926,1,lidar_dropout,lidar_dropout_001
103.80000000000001,0.5146218538284302,1.3699180666507214,0.8972222222222223,0.19980810099998791,5.004802082574522,0.21999999999999997,0.0,-0.02564102564102541,-1.8048926342460854,-0.8302364217461522,1.6949817798580593,0.2084865563953123,6.386214422109127e-06,-0.02682150546493305,-0.02516901140129641,-0.11372908541736317,0.015327830053647174,6.432903437255759,6.198781372123937,-1.7764477758651476,-0.9490712829550729,1.7246002076681926,0.03479923722731337,0.07303051880408162,0.06618771859035244,0.27399146150749587,0.1245440005207914,0.017516020211797406,-0.006444531822397325,-0.006996327180605198,0.0,0.0,-1.8048926342460854,-0.8302364217461522,1.6949817798580593,0.009320231000017998,0.03602526900000669,0.020964808000016433,0.0008617920000091317,0.020908870000013735,0.5963329420000179,0.19048127300001738,0.02092008500001441,0.011513443604687673,0.0011804798239076382,0.23412206513182188,39.876161995533046,0.0016524940636366385,1,lidar_dropout,lidar_dropout_001
104.0,0.5421679019927979,1.3821274012695124,0.9,0.2005108570000118,4.987261113745781,0.20842105263157892,0.0,-0.02564102564102541,-1.8099192237720587,-0.7891465995642675,1.6897781712370086,0.18534295101771855,4.557130681058508e-06,-0.02632045749409745,-0.024971260165754506,-0.1756357845202348,-0.00836464618392498,5.728893621507378,5.499319104352312,-1.7764477758651476,-0.9490712829550729,1.7246002076681926,0.03479923722731337,0.07303051880408162,0.06618771859035244,0.27399146150749587,0.1245440005207914,0.017516020211797406,-0.006444531822397325,-0.006996327180605198,0.0,0.0,-1.8099192237720587,-0.7891465995642675,1.6897781712370086,0.008809373999994818,0.03608770600000355,0.016772657999993612,0.0007299130000006926,0.01676419000000351,0.7963329420000065,0.18612012399999855,0.01679531099999565,0.02307810161386037,0.0006794318530720378,0.22957451715506583,31.50501413955763,0.001349197328342943,1,lidar_dropout,lidar_dropout_001
104.2,0.558322012424469,1.4042178730412227,0.9111111111111111,0.20082538299999442,4.979450232145345,0.20842105263157892,0.0,-0.02564102564102541,-1.814998258114174,-0.745719157054083,1.6846615271336822,0.2200821209146044,-1.4012417027045587e-06,-0.026116594103531537,-0.025355347566638813,-0.6535425199781313,0.029053157643689716,6.780747941832524,6.552983746908247,-1.7764477758651476,-0.9490712829550729,1.7246002076681926,0.03479923722731337,0.07303051880408162,0.06618771859035244,0.27399146150749587,0.1245440005207914,0.017516020211797406,-0.006444531822397325,-0.006996327180605198,0.0,0.0,-1.814998258114174,-0.745719157054083,1.6846615271336822,0.007983991000003243,0.03585890000000802,0.011690849000004278,0.004699482000006583,0.011678599000006784,0.9963329420000093,0.18180143200000032,0.011712838000008219,0.011661068283025489,0.0004755684625061263,0.22776419492427724,44.43413105471007,0.0007612465368927249,1,lidar_dropout,lidar_dropout_001
104.4,0.566425085067749,1.3986662620814836,0.9111111111111111,0.19981562899999972,5.0046135280038655,0.20842105263157892,0.0,-0.02564102564102541,-1.8198615404481178,-0.7022313504379548,1.6796396125394222,0.22004870592389578,2.480501830336851e-06,-0.025938204594020187,-0.026040626189168734,-1.9323609878083519,-0.02263704226400895,6.779577435638322,6.553397825843254,-1.7986089930639775,-0.6961304965091297,1.6652115470986164,0.03222908125504764,0.0871573533894543,0.07507994749132078,0.253909749705729,0.059388660569576146,0.03118722501236563,-0.020015556645976783,-0.014451246924693621,0.019263295550379988,0.007454919744088423,-1.8198615404481178,-0.7022313504379548,1.6796396125394222,0.008168362000006368,0.03604793800001005,0.008013815000012414,0.004925999000008119,0.007969461000001843,0.0037266679999987673,0.0037355139999988296,0.007977123000003417,0.011627653292316853,0.0002971789529947755,0.2261796097950679,44.429268026848156,0.00010242159514854687,1,lidar_dropout,lidar_dropout_001
104.60000000000001,0.581938624382019,1.4091516511469353,0.9111111111111111,0.2006635230000029,4.983466775872293,0.21999999999999997,0.0,-0.02564102564102541,-1.8243802667405928,-0.6599028949126752,1.6744689089806206,0.20849216961776088,5.779713117850388e-06,-0.026545821757462763,-0.02700066762678742,-0.027000799009088583,-0.015639629879043597,6.431828690569538,6.200162684961315,-1.7986089930639775,-0.6961304965091297,1.6652115470986164,0.03222908125504764,0.0871573533894543,0.07507994749132078,0.253909749705729,0.059388660569576146,0.03118722501236563,-0.020015556645976783,-0.014451246924693621,0.0,0.0,-1.8243802667405928,-0.6599028949126752,1.6744689089806206,0.007504839000006314,0.03613792800000226,0.003968504000013695,0.004864341000015315,0.003931182000002309,0.2037266680000016,0.0036588590000121712,0.003940094000014938,0.011507830382239098,0.0009047961164373522,0.23166600560822292,39.878384243332846,0.00045484586932465626,1,lidar_dropout,lidar_dropout_001
104.80000000000001,0.6107439398765564,1.4147102816288288,0.9027777777777778,0.1996889069999952,5.007789441203282,0.21999999999999997,0.0,-0.02564102564102541,-1.8281022991491873,-0.6234229675772608,1.6704102471467441,0.2084943635184976,2.3207423257461113e-06,-0.024383558369274506,-0.0219132457963546,-0.05438557070988302,-0.010660910414251892,6.422110794101968,6.2098485862152755,-1.7986089930639775,-0.6961304965091297,1.6652115470986164,0.03222908125504764,0.0871573533894543,0.07507994749132078,0.253909749705729,0.059388660569576146,0.03118722501236563,-0.020015556645976783,-0.014451246924693621,0.0,0.0,-1.8281022991491873,-0.6234229675772608,1.6704102471467441,0.007815932000013959,0.03607104100001379,0.03381708100000935,0.0049112880000166115,0.033586707000011984,0.40372666800000445,0.203658859000015,0.03360616800000571,0.01150563648150238,0.0012574672717509047,0.2122622078866927,39.88033563527197,0.0024703125729199048,1,lidar_dropout,lidar_dropout_001
105.0,0.6265942454338074,1.4013597633078372,0.8972222222222223,0.2010664470000023,4.973480234621087,0.21999999999999997,0.0,0.02564102564102587,-1.8324248988648417,-0.5790884748794884,1.6653959915153065,0.20911527953873615,-1.5287194461248432e-06,-0.022086844758053153,0.0008683974669119555,-0.07372084519620359,0.035980953181469655,6.432072875141785,6.238469450510211,-1.7986089930639775,-0.6961304965091297,1.6652115470986164,0.03222908125504764,0.0871573533894543,0.07507994749132078,0.253909749705729,0.059388660569576146,0.03118722501236563,-0.020015556645976783,-0.014451246924693621,0.0,0.0,-1.8324248988648417,-0.5790884748794884,1.6653959915153065,0.006749485000000277,0.036193058999998584,0.02891035199999692,0.004021481999998855,0.028631398000001695,0.6037266679999931,0.19903722300000481,0.028649016000002803,0.01088472046126382,0.047727870399079025,0.19360342463157387,40.1262901350274,0.02295524222496511,1,lidar_dropout,lidar_dropout_001
105.2,0.6401704549789429,1.4002435207366943,0.8888888888888888,0.20009489500000655,4.997628750098634,0.19684210526315787,0.0,0.0,-1.8366726867059138,-0.5348034560099946,1.6681778372213563,0.20853844543429154,-1.3974167577913282e-05,-0.0012146444698685301,-0.008622787477062766,-0.08831648652467841,0.006806917804878876,6.320739731431328,6.315039096035968,-1.7986089930639775,-0.6961304965091297,1.6652115470986164,0.03222908125504764,0.0871573533894543,0.07507994749132078,0.253909749705729,0.059388660569576146,0.03118722501236563,-0.020015556645976783,-0.014451246924693621,0.0,0.0,-1.8366726867059138,-0.5348034560099946,1.6681778372213563,0.006654589999996574,0.036161589000002436,0.024889557999998146,0.00387636499999644,0.02488185900000417,0.8037266679999959,0.19453010200000165,0.024917508000001476,0.011696340171133662,0.0012146444698685301,0.005700635395359477,39.91571851985672,0.0074081430071942355,1,lidar_dropout,lidar_dropout_001
105.4,0.6481090188026428,1.4002956576108185,0.8861111111111111,0.1996093499999887,5.009785363261073,0.20842105263157892,0.0,-0.02564102564102541,-1.8407615196306693,-0.49248700491896746,1.6651791914414265,0.2200784882433758,3.929186321000033e-06,-0.02631654463265306,-0.03145868377402785,-0.050250582024915245,-0.0308383774679456,6.781678265686535,6.552037437009542,-1.7986089930639775,-0.6961304965091297,1.6652115470986164,0.03222908125504764,0.0871573533894543,0.07507994749132078,0.253909749705729,0.059388660569576146,0.03118722501236563,-0.020015556645976783,-0.014451246924693621,0.0,0.0,-1.8407615196306693,-0.49248700491896746,1.6651791914414265,0.007045240000010722,0.036120201000002794,0.020883161000000428,0.0038002570000088554,0.020859048000005487,1.0037266679999988,0.19070320600000912,0.020861871000008136,0.011657435611796885,0.000675518991627648,0.22964082867699354,44.433809882532124,0.005142139141374791,1,lidar_dropout,lidar_dropout_001
105.60000000000001,0.6816744804382324,1.3849096792729496,0.8805555555555555,0.2004332550000072,4.989192038017664,0.18526315789473682,0.0,-0.02564102564102541,-1.8445338505202793,-0.451284578040573,1.6589235042485841,0.19692385590941822,4.878832823559942e-06,-0.027845773248230187,-0.03033717645159431,-0.03508099975110443,0.015204941190338637,6.086781969950947,5.843371969465589,-1.7986089930639775,-0.6961304965091297,1.6652115470986164,0.03222908125504764,0.0871573533894543,0.07507994749132078,0.253909749705729,0.059388660569576146,0.03118722501236563,-0.020015556645976783,-0.014451246924693621,0.0,0.0,-1.8445338505202793,-0.451284578040573,1.6589235042485841,0.006611985000006371,0.036094566000002715,0.016911634000010167,0.003993514000015352,0.01686607900001036,1.2037266680000016,0.18677507100001378,0.016869885000005524,0.011660698014681392,0.002204747607204776,0.24341000048535832,35.5673311474599,0.002491403203364124,1,lidar_dropout,lidar_dropout_001
105.80000000000001,0.6885275840759277,1.3947869227135594,0.8805555555555555,0.1996821099999977,5.007959901866079,0.18526315789473682,0.0,0.0,-1.8478464504881287,-0.41243882007774973,1.6529079124499748,0.19690809177162955,3.182778666194902e-06,-0.02728758298863846,-0.02336784792302999,-0.24569856760702993,0.008096336611564088,6.084151190335271,5.845732555107073,-1.8050879687692478,-0.45223966121669373,1.6239950173989037,0.02453495594488464,0.08064749607118654,0.06971101334632293,0.24397687731797787,0.04121652969971268,0.05405809651185073,-0.06688320623614755,-0.03462076806245492,0.052150295696697574,0.020169521137761295,-1.8478464504881287,-0.41243882007774973,1.6529079124499748,0.006929875000011521,0.03621220600001607,0.012652883000015436,0.0038232700000122577,0.01264307000000997,0.17601090900001282,0.17572155800000644,0.01267261500001382,0.011644933876892721,0.02728758298863846,0.23841863522819828,35.56632068353635,0.003919735065608471,1,lidar_dropout,lidar_dropout_001
106.0,0.689826250076294,1.4012530247370403,0.8833333333333333,0.20117525700000272,4.970790219992047,0.17368421052631577,0.0,-0.02564102564102541,-1.850895332659782,-0.3747458657348809,1.649815667050114,0.1853381158514202,3.00955056132049e-06,-0.024504398978594046,-0.022861923854981956,-2.369646766781423,0.01225747381477264,5.720834675182529,5.507439083859944,-1.8050879687692478,-0.45223966121669373,1.6239950173989037,0.02453495594488464,0.08064749607118654,0.06971101334632293,0.24397687731797787,0.04121652969971268,0.05405809651185073,-0.06688320623614755,-0.03462076806245492,0.0,0.0,-1.850895332659782,-0.3747458657348809,1.649815667050114,0.005754617999997436,0.036196947999997064,0.007880634000002829,0.003071082999994701,0.007876335000005952,0.37601090900000145,0.17836065699999892,0.00790413199999307,0.011653905325104436,0.001136626662431365,0.2133955913225858,31.50714848240147,0.0016424751236120902,1,lidar_dropout,lidar_dropout_001
106.2,0.6955476999282837,1.3987232499484774,0.8777777777777778,0.19966207400000258,5.008462448406637,0.16210526315789472,0.0,-0.02564102564102541,-1.8535618624686618,-0.3401709400346293,1.645570331302488,0.16216908789629775,1.2651936249011286e-06,-0.0215997935640489,-0.02175438885703242,-0.031574872276330906,-0.03809900937927611,5.006143616019417,4.818781453986799,-1.8050879687692478,-0.45223966121669373,1.6239950173989037,0.02453495594488464,0.08064749607118654,0.06971101334632293,0.24397687731797787,0.04121652969971268,0.05405809651185073,-0.06688320623614755,-0.03462076806245492,0.0,0.0,-1.8535618624686618,-0.3401709400346293,1.645570331302488,0.006092543999997702,0.036317663000005496,0.003808978999998658,0.002958900999999514,0.003787025999997695,0.5760109090000043,0.0035108780000001616,0.0038269120000080648,6.382473840302327e-05,0.004041232076976511,0.1873621620326178,24.123512012868776,0.00015459529298351982,1,lidar_dropout,lidar_dropout_001
106.4,0.6638571619987488,1.4261074660351714,0.8916666666666667,0.19988740399999472,5.0028164856252095,0.13894736842105262,0.0,-0.02564102564102541,-1.8554851069207419,-0.3138424233711102,1.641821291681688,0.15059586230840163,2.1683847934404754e-07,-0.024250025525391336,-0.016389122454060483,-0.07948369180622349,0.005013321687543346,4.666706966815717,4.455567425441933,-1.8050879687692478,-0.45223966121669373,1.6239950173989037,0.02453495594488464,0.08064749607118654,0.06971101334632293,0.24397687731797787,0.04121652969971268,0.05405809651185073,-0.06688320623614755,-0.03462076806245492,0.0,0.0,-1.8554851069207419,-0.3138424233711102,1.641821291681688,0.0062051400000058266,0.036237245000009466,0.03396675200001198,0.0029097200000052226,0.03391277200000786,0.7760109090000071,0.203510878000003,0.03391812000000982,0.01164849388734901,0.001391000115634075,0.2111395413737842,20.792827545427034,0.007860903071330853,1,lidar_dropout,lidar_dropout_001
106.60000000000001,0.6716607809066772,1.4103032604654007,0.8861111111111111,0.20023582000000317,4.994111443197247,0.12736842105263158,0.0,-0.02564102564102541,-1.8573610773749873,-0.28670945053308106,1.6375588638334115,0.12744126368460978,-5.575443847508077e-07,-0.024405183998752317,-0.025316422424345893,-0.05891645709161333,-0.023161171370133078,3.9661070750837055,3.753565940556433,-1.8050879687692478,-0.45223966121669373,1.6239950173989037,0.02453495594488464,0.08064749607118654,0.06971101334632293,0.24397687731797787,0.04121652969971268,0.05405809651185073,-0.06688320623614755,-0.03462076806245492,0.0,0.0,-1.8573610773749873,-0.28670945053308106,1.6375588638334115,0.005969320000005496,0.03612181000001158,0.02991938000000971,0.0027225070000014284,0.029916565000007722,0.97601090900001,0.19931108700001232,0.02992775200000608,7.28426319782094e-05,0.0012358416422730938,0.21254113452727275,14.887044433634092,0.000911238425593576,1,lidar_dropout,lidar_dropout_001
106.80000000000001,0.6524102687835693,1.4137903672400687,0.8861111111111111,0.1998266269999931,5.00433808553469,0.11578947368421051,0.0,-0.02564102564102541,-1.8589582460237428,-0.26193290985855333,1.632760347332887,0.11584981262437044,-3.953662727502333e-07,-0.02444100323820932,-0.02525483818416692,-0.07804207098112426,0.01699249996894651,3.615418417233532,3.4025408997108872,-1.8050879687692478,-0.45223966121669373,1.6239950173989037,0.02453495594488464,0.08064749607118654,0.06971101334632293,0.24397687731797787,0.04121652969971268,0.05405809651185073,-0.06688320623614755,-0.03462076806245492,0.0,0.0,-1.8589582460237428,-0.26193290985855333,1.632760347332887,0.006142693000015242,0.03626530100001446,0.025785188000014614,0.002687284000018053,0.025777750000017363,1.1760109090000128,0.19569065300001398,0.025803932000016516,6.033894015992913e-05,0.0012000224028160915,0.21287751752264494,12.301609034205095,0.0008138349459575998,1,lidar_dropout,lidar_dropout_001
107.0,0.6485903859138489,1.4065588425010538,0.8805555555555555,0.20112178600000163,4.972111773112396,0.10421052631578946,0.0,-0.02564102564102541,-1.860296331527081,-0.23950728818746636,1.6279807832496493,0.10427314878652666,-1.6886576283152085e-06,-0.024340344036286314,-0.025234889730816095,-0.09190845488521952,-0.009308306683903237,3.2635641309204195,3.051566238138024,-1.8050879687692478,-0.45223966121669373,1.6239950173989037,0.02453495594488464,0.08064749607118654,0.06971101334632293,0.24397687731797787,0.04121652969971268,0.05405809651185073,-0.06688320623614755,-0.03462076806245492,0.0,0.0,-1.860296331527081,-0.23950728818746636,1.6279807832496493,0.005020907000002239,0.036321594000000346,0.020978382999999212,0.0015428349999950797,0.020970907000005923,1.3760109090000014,0.19148081800000227,0.020994225999999117,6.262247073719751e-05,0.001300681604739097,0.21199789278239534,9.958982117915015,0.000894545694529781,1,lidar_dropout,lidar_dropout_001
107.2,0.6475705504417419,1.4213617784367751,0.8805555555555555,0.1999928130000086,5.000179681456638,0.09263157894736841,0.0,-0.02564102564102541,-1.8614180776702187,-0.21904085185115765,1.623133600684275,0.0927063030494597,-6.997848928189804e-07,-0.021897943155154413,-0.023028010322890133,-0.0660703162201663,-0.005892731267431904,2.902255994281802,2.712139492473242,-1.8050879687692478,-0.45223966121669373,1.6239950173989037,0.02453495594488464,0.08064749607118654,0.06971101334632293,0.24397687731797787,0.04121652969971268,0.05405809651185073,-0.06688320623614755,-0.03462076806245492,0.0,0.0,-1.8614180776702187,-0.21904085185115765,1.623133600684275,0.005028093999996486,0.03644049300000063,0.01690211100000738,0.0017536419999970576,0.016891948999997908,1.5760109090000043,0.18618236999999738,0.0169418060000055,7.472410209129199e-05,0.003743082485870998,0.1901165018085602,7.871323099358871,0.0011300671677357196,1,lidar_dropout,lidar_dropout_001
107.4,0.6532872915267944,1.4171888603104486,0.875,0.2000326949999902,4.999182758598783,0.08105263157894736,0.0,-0.02564102564102541,-1.8623610636404915,-0.20015079337988256,1.6179974299845716,0.09271124711549836,-2.895051950353028e-06,-0.025916101917275818,-0.022545292142478735,-0.04176428299620634,-0.0288768861083087,2.9203109170336417,2.6941193566999586,-1.8050879687692478,-0.45223966121669373,1.6239950173989037,0.02453495594488464,0.08064749607118654,0.06971101334632293,0.24397687731797787,0.04121652969971268,0.05405809651185073,-0.06688320623614755,-0.03462076806245492,0.0,0.0,-1.8623610636404915,-0.20015079337988256,1.6179974299845716,0.004995399000009115,0.03622208699999874,0.01285125500000106,0.002055990000002339,0.012847143000001893,1.7760109090000071,0.18242725800000414,0.012870552999999063,0.011658615536550995,0.00027507627625040706,0.22619156033368304,7.867666169162541,0.003370809774797083,1,lidar_dropout,lidar_dropout_001
107.60000000000001,0.6432687640190125,1.4136714593620057,0.8722222222222222,0.20089234700000702,4.977790418267975,0.06947368421052631,0.0,0.07692307692307715,-1.8631063854773529,-0.1836076939084702,1.6132739544264125,0.08112846359124648,-3.2937328643166744e-06,-0.025747489541824806,-0.00838898353483215,-0.6644970381793991,0.00920780937717785,2.568688003622085,2.343997907107927,-1.8050879687692478,-0.45223966121669373,1.6239950173989037,0.02453495594488464,0.08064749607118654,0.06971101334632293,0.24397687731797787,0.04121652969971268,0.05405809651185073,-0.06688320623614755,-0.03462076806245492,0.0,0.0,-1.8631063854773529,-0.1836076939084702,1.6132739544264125,0.004103052000004936,0.036514603000014745,0.007824938000013049,0.00045346100000642764,0.0077921700000018745,1.97601090900001,0.17816661700000225,0.0077987780000086104,0.011654779380720168,0.10267056646490196,0.22469009651415828,6.020999304503406,0.017358506006992656,1,lidar_dropout,lidar_dropout_001
107.80000000000001,0.6376044750213623,1.415965010026458,0.8722222222222222,0.20033689699999968,4.991591738590229,0.06947368421052631,0.0,-0.07692307692307669,-1.8637599681389898,-0.1694492450940381,1.619356586439784,0.06950726701190758,-1.3436693044805055e-05,-0.015651273621891847,-0.01928223036099396,-0.058992320319087375,0.027266647912239608,2.171606411946582,2.037656543622061,-1.817299397429127,-0.19286535269217164,1.586011016495086,0.026671787497125177,0.07698977890241583,0.07239351795732639,0.2596616084685784,0.037984000903817705,0.05012712612965028,-0.06034137852735534,-0.027298654540918354,0.0,0.0,-1.8637599681389898,-0.1694492450940381,1.619356586439784,0.003766155000008098,0.03654544200000487,0.003683880000011186,0.00017179600001782092,0.0036574890000053983,0.17108478300001195,0.00319388900001627,0.003690421000015931,3.358280138127112e-05,0.06127180330118484,0.13394986832452105,4.424988015474577,0.003630956739102114,1,lidar_dropout,lidar_dropout_001
108.0,0.6366608142852783,1.4101302631341728,0.8722222222222222,0.20050371600000005,4.987438736546906,0.06947368421052631,0.0,-0.07692307692307669,-1.8642819655235672,-0.15762413678496606,1.6087353301495428,0.0696460561866146,8.993462470384146e-06,-0.0758250458534912,-0.07607672626343517,-0.08662093095827297,-0.0156526349583657,2.4362985150596757,1.7747528361841605,-1.817299397429127,-0.19286535269217164,1.586011016495086,0.026671787497125177,0.07698977890241583,0.07239351795732639,0.2596616084685784,0.037984000903817705,0.05012712612965028,-0.06034137852735534,-0.027298654540918354,0.0,0.0,-1.8642819655235672,-0.15762413678496606,1.6087353301495428,0.003262438999996675,0.036400838999995244,0.032729424999999424,0.00491370800000368,0.0326526489999992,0.3710847830000006,0.2031938890000049,0.03268425299999933,0.00017237197608828414,0.0010980310695854895,0.6615456788755152,4.323827699393418,0.0002516804099439718,1,lidar_dropout,lidar_dropout_001
108.2,0.6280065178871155,1.4258135285726778,0.8722222222222222,0.20027845799999966,4.9930482288814195,0.05789473684210526,0.0,-0.02564102564102541,-1.8646960820780227,-0.14500103937605463,1.6004684507852949,0.05795440862910865,-3.0638063006445046e-06,-0.024060960283528093,-0.02482773922476199,-0.05870643499598132,0.014229506523245688,1.8593751547858954,1.6498129874725231,-1.817299397429127,-0.19286535269217164,1.586011016495086,0.026671787497125177,0.07698977890241583,0.07239351795732639,0.2596616084685784,0.037984000903817705,0.05012712612965028,-0.06034137852735534,-0.027298654540918354,0.0,0.0,-1.8646960820780227,-0.14500103937605463,1.6004684507852949,0.002983980999999858,0.03638041000000669,0.02894367500000783,5.272399999967092e-05,0.028898323999996478,0.5710847830000034,0.19852546699999607,0.028901922000002855,5.9671787003390264e-05,0.0015800653574973185,0.2095621673133723,3.0676212789495034,0.0007667789412338991,1,lidar_dropout,lidar_dropout_001
108.4,0.6218651533126831,1.4258589119956897,0.8694444444444445,0.19970840799999223,5.007300443755172,0.04631578947368421,0.0,0.07692307692307715,-1.8650029162501787,-0.13436704206479966,1.6040915071138189,0.046200337692218645,-2.5917651404605254e-05,0.07578909531639043,0.07604758372839711,-0.0541621319080617,0.0010965528687701693,1.0725950349136744,1.7340019499902806,-1.817299397429127,-0.19286535269217164,1.586011016495086,0.026671787497125177,0.07698977890241583,0.07239351795732639,0.2596616084685784,0.037984000903817705,0.05012712612965028,-0.06034137852735534,-0.027298654540918354,0.0,0.0,-1.8650029162501787,-0.13436704206479966,1.6040915071138189,0.0032755730000104677,0.036527011000003995,0.02490618000000211,0.005024336000005292,0.02489490500001068,0.7710847830000063,0.19470726600000887,0.024924493000000325,0.00011545178146556839,0.0011339816066867209,0.6614069150766062,1.8598818820902043,0.00025848841200667994,1,lidar_dropout,lidar_dropout_001
108.60000000000001,0.6312015652656555,1.4163227476132143,0.8722222222222222,0.20030268000000717,4.9924444345925085,0.04631578947368421,0.0,-0.07692307692307669,-1.865371996031251,-0.12493548454155658,1.61126785061482,0.04643259919442863,4.318739708616525e-06,-0.048569576516276365,-0.06043366546867343,-0.04110748934683336,0.013477711500770307,1.611971517776673,1.1952748721677748,-1.817299397429127,-0.19286535269217164,1.586011016495086,0.026671787497125177,0.07698977890241583,0.07239351795732639,0.2596616084685784,0.037984000903817705,0.05012712612965028,-0.06034137852735534,-0.027298654540918354,0.0,0.0,-1.865371996031251,-0.12493548454155658,1.61126785061482,0.002972893000006138,0.036435117000010564,0.020896468000003665,8.704400001136037e-05,0.020883718000007434,0.9710847830000091,0.19044820900001014,0.02091671400000905,0.00011680972074441798,0.028353500406800326,0.4166966456088981,1.9267490498486066,0.011864088952397066,1,lidar_dropout,lidar_dropout_001
108.80000000000001,0.6246287822723389,1.4289145120389901,0.8722222222222222,0.2001247860000035,4.99688229522945,0.04631578947368421,0.0,-0.07692307692307669,-1.8656931626049602,-0.115457660853097,1.5967370224673663,0.046495608667973455,7.371793996989624e-06,-0.07642551678188189,-0.07660430664674069,-0.08087511790005464,-0.012790828457537566,1.7372513802773064,1.0702720088851418,-1.817299397429127,-0.19286535269217164,1.586011016495086,0.026671787497125177,0.07698977890241583,0.07239351795732639,0.2596616084685784,0.037984000903817705,0.05012712612965028,-0.06034137852735534,-0.027298654540918354,0.0,0.0,-1.8656931626049602,-0.115457660853097,1.5967370224673663,0.0028481070000054842,0.036565652000007276,0.016290276000006543,0.004208728000008932,0.016279438000012192,1.171084783000012,0.18667320000001553,0.016314909000016087,0.00017981919428924215,0.0004975601411948,0.6669793713921646,1.8593315247078783,0.00017878986485879433,1,lidar_dropout,lidar_dropout_001
109.0,0.6191462278366089,1.4253278989761402,0.8694444444444445,0.20071824699999752,4.982108079092642,0.03473684210526316,0.0,-0.02564102564102541,-1.8658412751742626,-0.10793553342561608,1.584227016538612,0.0348354307260789,-3.132763435554286e-06,-0.03442804077211717,-0.03262066229976666,-0.05818390354189232,-0.024497708878294795,1.2040746047352686,0.9012902072369892,-1.817299397429127,-0.19286535269217164,1.586011016495086,0.026671787497125177,0.07698977890241583,0.07239351795732639,0.2596616084685784,0.037984000903817705,0.05012712612965028,-0.06034137852735534,-0.027298654540918354,0.0,0.0,-1.8658412751742626,-0.10793553342561608,1.584227016538612,0.0021298599999965973,0.03656155199999489,0.011805522000003066,0.0038713600000050974,0.01180193199999735,1.3710847830000006,0.18199665599999548,0.011824895999993146,9.858862081573577e-05,0.008787015131091758,0.30278439749827946,1.085220650030646,0.0018073784723505112,1,lidar_dropout,lidar_dropout_001
109.2,0.6291266083717346,1.4213143971781381,0.8694444444444445,0.20032342599999708,4.991927404436536,0.03473684210526316,0.0,0.12820512820512842,-1.8659169386216357,-0.10083159966620944,1.578666913090977,0.034810831660310404,-4.184148710203778e-06,-0.025572586092457873,-0.013933774083151792,-0.03472284777736446,-0.00924173486897153,1.1644579850048529,0.9412369319696489,-1.817299397429127,-0.19286535269217164,1.586011016495086,0.026671787497125177,0.07698977890241583,0.07239351795732639,0.2596616084685784,0.037984000903817705,0.05012712612965028,-0.06034137852735534,-0.027298654540918354,0.0,0.0,-1.8659169386216357,-0.10083159966620944,1.578666913090977,0.0018064340000023549,0.036636874999999236,0.007460006000002295,0.0034944840000008526,0.007452059000002009,1.5710847830000034,0.17727210200000343,0.007484654999998952,7.398955504724081e-05,0.1537777142975863,0.223221053035204,1.096030861213527,0.01163881200930608,1,lidar_dropout,lidar_dropout_001
109.4,0.6158753037452698,1.4314735206346663,0.875,0.20113776799999528,4.971716699173193,0.03473684210526316,0.0,0.12820512820512842,-1.8660313441542264,-0.09378012902021785,1.6001761798212444,0.034493393254149865,-3.787189670128666e-05,0.12709453089350664,0.12708077532655498,-0.06245117155655786,3.580447961960571e-05,0.49743115532687143,1.6066922473619079,-1.817299397429127,-0.19286535269217164,1.586011016495086,0.026671787497125177,0.07698977890241583,0.07239351795732639,0.2596616084685784,0.037984000903817705,0.05012712612965028,-0.06034137852735534,-0.027298654540918354,0.0,0.0,-1.8660313441542264,-0.09378012902021785,1.6001761798212444,0.0006686660000099209,0.03659951400000239,0.0027621520000025157,0.002772688000007406,0.002725039000011975,1.7710847830000063,0.1731595420000076,0.0027995790000119314,0.00024344885111329817,0.0011105973116217749,1.1092610920350365,0.7992187808599613,1.3755566951656473e-05,1,lidar_dropout,lidar_dropout_001
109.60000000000001,0.6211365461349487,1.4302086190293772,0.8694444444444445,0.19945264599999746,5.013721402322298,0.023157894736842106,0.0,0.12820512820512842,-1.8662626942731053,-0.08791532722577992,1.621737079578599,0.03450240693437548,-3.716628459534115e-05,0.12666122772358776,0.1603445895849181,-0.09181439605559047,-0.004207329757670192,0.49917493031029525,1.6046077033201205,-1.817299397429127,-0.19286535269217164,1.586011016495086,0.026671787497125177,0.07698977890241583,0.07239351795732639,0.2596616084685784,0.037984000903817705,0.05012712612965028,-0.06034137852735534,-0.027298654540918354,0.0,0.0,-1.8662626942731053,-0.08791532722577992,1.621737079578599,0.0012160200000153054,0.036606304000002865,0.032845491000003335,0.002709573000004184,0.03277858600000627,1.971084783000009,0.16844660000001,0.032793869000002474,0.011344512197533373,0.0015439004815406554,1.1054327730098252,0.800979938480184,0.033683361861330335,1,lidar_dropout,lidar_dropout_001
109.80000000000001,0.6127145290374756,1.4348822224671673,0.8722222222222222,0.19992821700000718,5.001795219330966,0.0,0.0,-0.35179487179487157,-1.8664119741070335,-0.08532854654245639,1.63943016127171,0.0002960158386868096,3.876049483544991e-05,-0.1432065386488011,-0.29759275097443805,-0.06193109935111079,0.009948358388790976,0.60994595743385,-0.6098305783066699,-1.817299397429127,-0.19286535269217164,1.586011016495086,0.026671787497125177,0.07698977890241583,0.07239351795732639,0.2596616084685784,0.037984000903817705,0.05012712612965028,-0.06034137852735534,-0.027298654540918354,0.0,0.0,-1.8664119741070335,-0.08532854654245639,1.63943016127171,0.0012878030000109675,0.03669977400001301,0.02882979100000682,0.0028117230000077598,0.028824098000015397,2.171084783000012,0.19857197500000723,0.0288448650000106,0.0002960158386868096,0.20858833314607048,1.21977653574052,-0.37196369595770024,0.15438621232563696,1,lidar_dropout,lidar_dropout_001
110.0,0.6127145290374756,1.4348822224671673,0.8722222222222222,0.19992821700000718,5.001795219330966,0.0,0.0,-0.7948717948717947,-1.8664331445466418,-0.08512732857570084,1.5356340429061377,0.001525179782019265,9.058823830302771e-05,-0.8112815086816894,-0.8030823315533726,-0.0712694025153681,-0.01463955453553034,3.525918867830287,-3.526784804743917,-1.817299397429127,-0.19286535269217164,1.586011016495086,0.026671787497125177,0.07698977890241583,0.07239351795732639,0.2596616084685784,0.037984000903817705,0.05012712612965028,-0.06034137852735534,-0.027298654540918354,0.0,0.0,-1.8664331445466418,-0.08512732857570084,1.5356340429061377,0.2012878029999996,0.0367371090000006,0.02382207099999789,0.0017067240000017136,0.02381431599999928,2.3710847830000006,0.19423765400000548,0.023840685999999778,0.001525179782019265,0.016409713809894644,7.052703672574204,-12.435157085823732,0.008199177128316748,1,lidar_dropout,lidar_dropout_001
110.2,0.6160781979560852,1.4270172804689254,0.8694444444444445,0.2014609299999961,4.963741604885967,0.0,0.0,-0.6923076923076921,-1.8664248824167815,-0.08481977990734606,1.379508457010271,0.0013283998053100821,0.0001410076482465663,-0.7117074401236503,-0.703155458219358,-0.04942579800856334,-0.01906242008632194,3.1096967968136666,-3.107992001085239,-1.817299397429127,-0.19286535269217164,1.586011016495086,0.026671787497125177,0.07698977890241583,0.07239351795732639,0.2596616084685784,0.037984000903817705,0.05012712612965028,-0.06034137852735534,-0.027298654540918354,0.0,0.0,-1.8664248824167815,-0.08481977990734606,1.379508457010271,0.19982687300000634,0.03680859700000383,0.019843223999998827,0.0018111610000062228,0.01977244500000097,2.5710847830000034,0.1899218530000013,0.01978148100000965,0.0013283998053100821,0.019399747815958213,6.217688797898905,-9.664912770297265,0.008551981904292294,1,lidar_dropout,lidar_dropout_001
110.4,0.6342143416404724,1.4351457109526982,0.875,0.19999494500000026,5.000126378194202,0.0,0.0,-0.6410256410256407,-1.86640956198928,-0.08456366176411939,1.2399344053930308,0.001127721025965305,0.0001816580287086072,-0.6481092290239419,-0.6451466647052536,-0.06953329810627336,-0.011135307002059102,2.830356119376919,-2.8289606389614006,-1.8244527974787839,-0.09269843362364351,1.3348465930518676,0.0211563190877877,0.07379319212885206,0.06803484492746147,0.10042202352049821,0.25116442344321843,0.04372048758452021,-0.06629416402586603,-0.03129359942833238,0.008745322900798203,0.003994944887414028,-1.86640956198928,-0.08456366176411939,1.2399344053930308,0.19983192800000893,0.03663685600000122,0.015609594000011384,0.0017683620000070732,0.015605568000012227,0.18126048400000627,0.18120113500000912,0.015626224000001798,0.001127721025965305,0.007083587998301111,5.65931675833832,-8.00696605596084,0.0029625643186882433,1,lidar_dropout,lidar_dropout_001
110.60000000000001,0.6342222690582275,1.4263787736146214,0.8694444444444445,0.20010436700000866,4.997392185848481,0.0,0.0,-0.5897435897435894,-1.866373121269528,-0.08435343478469429,1.1158525024726627,0.0008771665257933632,0.00017549982970772486,-0.5879250812571888,-0.5874621287398709,-0.060803912172522165,0.0045596334304113155,2.564455475342193,-2.5673173290708613,-1.8244527974787839,-0.09269843362364351,1.3348465930518676,0.0211563190877877,0.07379319212885206,0.06803484492746147,0.10042202352049821,0.25116442344321843,0.04372048758452021,-0.06629416402586603,-0.03129359942833238,0.0,0.0,-1.866373121269528,-0.08435343478469429,1.1158525024726627,0.1997275610000031,0.03679303800001321,0.011573062000010736,0.0013923020000135011,0.011565739000005237,0.3812604840000091,0.18137666800001284,0.01159294100000352,0.0008771665257933632,0.0018185084864006384,5.131772804413054,-6.583770981476665,0.0004629525173178717,1,lidar_dropout,lidar_dropout_001
110.80000000000001,0.6488789319992065,1.425680811222369,0.8694444444444445,0.2005529229999894,4.986215035120944,0.0,0.0,-0.48717948717948684,-1.8663186882773248,-0.08418238077876655,1.003999578486212,0.0007626758762101479,6.23387420904106e-05,-0.49908361891769326,-0.4973840021075337,-0.05161715810718938,0.0038789913462647253,2.1799607947512745,-2.1789843638571615,-1.8244544101711673,-0.10354157024731107,1.066275780186004,0.019962278120221555,0.07941459992498386,0.06642842732438729,0.010843136743594889,0.2685708128658635,0.04383244210493673,-0.09969034299986636,-0.04312246337568768,0.033396366626896754,0.011828863947355302,-1.8663186882773248,-0.08418238077876655,1.003999578486212,0.19917463800001656,0.03671318500001064,0.006908232000014891,0.0006093450000150824,0.006849263000006545,0.17142665800001566,0.17111928200000648,0.006854968000013173,0.0007626758762101479,0.011904131738206425,4.358945158608436,-4.7501004855846585,0.0016996168101595654,1,lidar_dropout,lidar_dropout_001
111.0,0.6469297409057617,1.415164505250943,0.8666666666666667,0.2000131759999988,4.999670621699472,0.0,0.0,-0.43589743589743557,-1.866241915897998,-0.08403744403815867,0.906023946113156,0.001889531235405066,3.922311833698844e-05,-0.4422909008445413,-0.44150261940880664,-0.16650336231759813,0.010688504882600878,1.9378771086106166,-1.929482774698174,-1.8244544101711673,-0.10354157024731107,1.066275780186004,0.019962278120221555,0.07941459992498386,0.06642842732438729,0.010843136743594889,0.2685708128658635,0.04383244210493673,-0.09969034299986636,-0.04312246337568768,0.0,0.0,-1.866241915897998,-0.08403744403815867,0.906023946113156,0.1991614620000064,0.03664679899999612,0.0024149930000021413,0.00029353600000092683,0.002376928000003886,0.3714266580000043,0.17227591399999653,0.002381728000003136,0.001889531235405066,0.0063934649471057425,3.8673598833087905,-3.739100500546087,0.0007882814357346724,1,lidar_dropout,lidar_dropout_001
111.2,0.6626377701759338,1.4251008222973536,0.875,0.2010733230000028,4.97331015910045,0.0,0.0,-0.43589743589743557,-1.8661019505747698,-0.08385204710601057,0.8326809698348788,0.001351283679650837,6.697788467252997e-05,-0.4302590231940927,-0.4305385333696102,-0.07976932999649379,-0.002335061028713556,1.8793862413945184,-1.8763198771707321,-1.828928948771347,-0.1239231514960625,0.8867359046755113,0.01591354764317421,0.07238640898923646,0.05252492527446544,0.020866967913042704,0.17953987551049277,0.03853552317787146,-0.07343455112547577,-0.01798959635219372,0.026784770991576858,0.025132867023493963,-1.8661019505747698,-0.08385204710601057,0.8326809698348788,0.19808813900000644,0.03658029500000737,0.03167121600000655,0.004345419000003403,0.03166235900000913,0.16490885900000762,0.16489003099999877,0.03169857400000353,0.001351283679650837,0.0056384127033428655,3.7557061185652505,-3.5263297616097264,0.00027951017551747226,1,lidar_dropout,lidar_dropout_001
111.4,0.6615514755249023,1.4180816936114478,0.875,0.200106636000001,4.997335520647076,0.023157894736842106,0.0,-0.0646153846153843,-1.8655056459271884,-0.08324984752861056,0.7444203072064056,0.019138147539472128,0.00022097751074704602,-0.6653031750083008,-0.6180508827107261,-0.08990238269861014,-0.03003397376869737,3.3968181852904777,-2.35733579957717,-1.828928948771347,-0.1239231514960625,0.8867359046755113,0.01591354764317421,0.07238640898923646,0.05252492527446544,0.020866967913042704,0.17953987551049277,0.03853552317787146,-0.07343455112547577,-0.01798959635219372,0.0,0.0,-1.8655056459271884,-0.08324984752861056,0.7444203072064056,0.19798150300000827,0.03679367800000932,0.027811876000001234,0.005043433000011532,0.027773206000006212,0.36490885900001047,0.19743547900000635,0.027775521000009462,0.004019747197369979,0.6006877903929165,5.7541539848676475,-8.00744111284,0.04725229229757477,1,lidar_dropout,lidar_dropout_001
111.60000000000001,0.664959728717804,1.4160311066420974,0.8722222222222222,0.1998967770000064,5.00258190756106,0.023157894736842106,0.0,0.5753846153846157,-1.862543451254844,-0.0807013037110778,0.7111104803856529,0.021879066129274028,-0.0001508968415149664,0.431743059664034,0.5407171983797007,-0.056940407732249856,-0.020087799104447007,-1.1663047959160386,2.5670496924204373,-1.828928948771347,-0.1239231514960625,0.8867359046755113,0.01591354764317421,0.07238640898923646,0.05252492527446544,0.020866967913042704,0.17953987551049277,0.03853552317787146,-0.07343455112547577,-0.01798959635219372,0.0,0.0,-1.862543451254844,-0.0807013037110778,0.7111104803856529,0.1980847260000047,0.03666816800000561,0.023703198000006864,0.004812387000015406,0.023695428000010565,0.5649088590000133,0.19328739600000233,0.023716817000007495,0.0012788286075680784,0.14364155572058174,3.733354488336476,-2.9939623676247478,0.10897413871566669,1,lidar_dropout,lidar_dropout_001
111.80000000000001,0.6573807001113892,1.417498214557148,0.8694444444444445,0.199915132000001,5.002122600704358,0.023157894736842106,0.0,0.5897435897435899,-1.8593968603983786,-0.07769572355798492,0.8328792749936115,0.021314519646790785,-0.0001448170567223267,0.6003673769171116,0.5944116700287319,-0.05003076346443653,0.021355845400442663,-1.923297334055342,3.3223615633197516,-1.828928948771347,-0.1239231514960625,0.8867359046755113,0.01591354764317421,0.07238640898923646,0.05252492527446544,0.020866967913042704,0.17953987551049277,0.03853552317787146,-0.07343455112547577,-0.01798959635219372,0.0,0.0,-1.8593968603983786,-0.07769572355798492,0.8328792749936115,0.19816959400000655,0.03669971300000441,0.019853505000014593,0.004758373000015581,0.019820855000006077,0.7649088590000162,0.18972138600001642,0.019889341000009608,0.0018433750900513218,0.010623787173521748,5.245658897375094,-6.389889137500817,0.005955706888379764,1,lidar_dropout,lidar_dropout_001
112.0,0.6489796042442322,1.4172564885867671,0.8694444444444445,0.20027110699999184,4.993231499938934,0.023157894736842106,0.0,0.5384615384615385,-1.8566093296278237,-0.0742701207899346,0.9490054305255634,0.022390521507498932,-0.00016705207704652107,0.5377406536021219,0.5369098471315494,-0.026078425495926674,0.030146888905277648,-1.645436557405036,3.048442067145797,-1.828928948771347,-0.1239231514960625,0.8867359046755113,0.01591354764317421,0.07238640898923646,0.05252492527446544,0.020866967913042704,0.17953987551049277,0.03853552317787146,-0.07343455112547577,-0.01798959635219372,0.0,0.0,-1.8566093296278237,-0.0742701207899346,0.9490054305255634,0.19789848700000334,0.03675686699999403,0.015135732999993934,0.004260572000006846,0.015128445000001989,0.9649088590000048,0.18571816700000454,0.01515540200000487,0.0007673732293431747,0.0007208848594166817,4.693878624550833,-5.016018020413072,0.0008308064705724316,1,lidar_dropout,lidar_dropout_001
112.2,0.6446846723556519,1.4264416645599316,0.8777777777777778,0.20051976000000593,4.987039681276151,0.023157894736842106,0.0,0.4871794871794873,-1.854128952276509,-0.07043307341088234,1.0565069155919111,0.022402583785492897,-0.00022965337092746563,0.4955210181821726,0.49389735339505725,-0.061421047311416926,0.05094310224150189,-1.462455472689036,2.864854222055879,-1.828928948771347,-0.1239231514960625,0.8867359046755113,0.01591354764317421,0.07238640898923646,0.05252492527446544,0.020866967913042704,0.17953987551049277,0.03853552317787146,-0.07343455112547577,-0.01798959635219372,0.0,0.0,-1.854128952276509,-0.07043307341088234,1.0565069155919111,0.19737872700000025,0.03680756900000404,0.011044906000009291,0.003977461000005178,0.010998909000008439,1.1649088590000076,0.18063546199999791,0.011010108999997215,0.0007553109513492098,0.00834153100268531,4.327309694744915,-4.1897217355019105,0.001623664787115342,1,lidar_dropout,lidar_dropout_001
112.4,0.61908358335495,1.4303151689752747,0.8777777777777778,0.20015945400000135,4.996016825665368,0.023157894736842106,0.0,0.435897435897436,-1.8520473337860168,-0.06635782716224915,1.1539476265630655,0.022415102220498816,-0.0002984509939710691,0.4438613574221684,0.4432233276962437,-0.04711588120964281,0.03231814343865878,-1.2382212630228626,2.6382089984744046,-1.828928948771347,-0.1239231514960625,0.8867359046755113,0.01591354764317421,0.07238640898923646,0.05252492527446544,0.020866967913042704,0.17953987551049277,0.03853552317787146,-0.07343455112547577,-0.01798959635219372,0.0,0.0,-1.8520473337860168,-0.06635782716224915,1.1539476265630655,0.19721927300000175,0.03670894700000815,0.006711447000000703,0.0037601510000087046,0.006698958000001198,1.3649088590000105,0.17649558400000842,0.006739467000002719,0.0007427925163432901,0.007963921524732409,3.8764302614972674,-3.266686478209259,0.0006380297259247492,1,lidar_dropout,lidar_dropout_001
112.60000000000001,0.6237918138504028,1.4344442833345918,0.8694444444444445,0.20025757499999486,4.993568907443454,0.0,0.0,0.11589743589743598,-1.8507788989169422,-0.06331668530435453,1.2444967084682177,0.0011492376556507984,-0.00020671121073212646,0.41810914071697314,0.4196986941711381,-0.05195879195279686,0.022117931039468207,-1.7772388451582832,1.8873933097195124,-1.8099428489963714,-0.08241589846871365,1.1437699800889192,0.012598586906968468,0.06430358111499553,0.049665828015749355,0.04564344463930924,0.25703407541340784,0.04278725163412003,-0.042403719274924694,-0.014147573605041073,0.03132075542196978,0.003842022747152646,-1.8507788989169422,-0.06331668530435453,1.2444967084682177,0.19696169800000973,0.03688759800000696,0.0020834560000082547,0.0031072930000135557,0.0020208700000097224,0.16936024500000713,0.1693837530000053,0.002030936000011252,0.0011492376556507984,0.3022117048195372,3.6646321548777956,-3.3543487061253763,0.0015895534541649492,1,lidar_dropout,lidar_dropout_001
112.80000000000001,0.6174764037132263,1.4276091763927679,0.8722222222222222,0.20054512100000466,4.986409018646616,0.0,0.0,-0.5241025641025641,-1.8506986656477054,-0.06307040475822051,1.241728604664723,0.0024176510283795793,0.00028288860596213173,-0.3707303267709263,-0.5212283437496928,-0.024069194716628255,0.2317879373428206,1.6542950350690333,-1.5449353799013812,-1.8099428489963714,-0.08241589846871365,1.1437699800889192,0.012598586906968468,0.06430358111499553,0.049665828015749355,0.04564344463930924,0.25703407541340784,0.04278725163412003,-0.042403719274924694,-0.014147573605041073,0.0,0.0,-1.8506986656477054,-0.06307040475822051,1.241728604664723,0.19641657700000792,0.03689746000000582,0.031710690000011255,0.002703122000013991,0.031646141000010175,0.36936024500000997,0.16693824000000745,0.0317320610000138,0.0024176510283795793,0.15337223733163774,3.1992304149704145,-2.555778928473346,0.15049801697876652,1,lidar_dropout,lidar_dropout_001
113.0,0.6255324482917786,1.43754044865805,0.875,0.20022511099999463,4.994378552248758,0.0,0.0,-0.5897435897435894,-1.850667331368247,-0.06287544701765478,1.1303233534664898,0.0008753074121423716,0.00015160903368209447,-0.5832050395128164,-0.5843490608833741,-0.04721076922719874,0.008357889373932392,2.543132089187963,-2.546387351942418,-1.8099428489963714,-0.08241589846871365,1.1437699800889192,0.012598586906968468,0.06430358111499553,0.049665828015749355,0.04564344463930924,0.25703407541340784,0.04278725163412003,-0.042403719274924694,-0.014147573605041073,0.0,0.0,-1.850667331368247,-0.06287544701765478,1.1303233534664898,0.19619146600000192,0.036937234000006924,0.027845695999999975,0.0028645630000028177,0.027820710000000304,0.5693602449999986,0.16254370400000084,0.027825015000004782,0.0008753074121423716,0.006538550230772988,5.089519441130381,-6.475799386227127,0.0011440213705576907,1,lidar_dropout,lidar_dropout_001
113.2,0.6274295449256897,1.4376456181082544,0.8777777777777778,0.1999396540000049,5.001509105342232,0.0,0.0,-0.5384615384615381,-1.850614365417337,-0.06269788529818092,1.0155127346004567,0.0008185174038980034,9.43628610870045e-05,-0.5382535905598299,-0.5375583774141178,-0.04536336854478652,-0.026042821373225312,2.3496820751681247,-2.3487427493338107,-1.8099428489963714,-0.08241589846871365,1.1437699800889192,0.012598586906968468,0.06430358111499553,0.049665828015749355,0.04564344463930924,0.25703407541340784,0.04278725163412003,-0.042403719274924694,-0.014147573605041073,0.0,0.0,-1.850614365417337,-0.06269788529818092,1.0155127346004567,0.19625181199999986,0.037017575999996666,0.023828743000009922,0.00268867799999839,0.023806981000007,0.7693602450000014,0.19339159700000152,0.023847606000003907,0.0008185174038980034,0.00020794790170819422,4.698424824501935,-5.518798737290755,0.0006952131457120814,1,lidar_dropout,lidar_dropout_001
113.4,0.6223415732383728,1.4314512146843805,0.875,0.20045766900000217,4.98858439783608,0.0,0.0,-0.48717948717948684,-1.8505435779444315,-0.06255356869015621,0.9107331293467801,0.0013200533440655376,3.1429576408623983e-05,-0.48711037684031155,-0.4833906327437251,-0.12827108455663294,-0.0319484136933763,2.1519107444233234,-2.102045113481529,-1.8099428489963714,-0.08241589846871365,1.1437699800889192,0.012598586906968468,0.06430358111499553,0.049665828015749355,0.04564344463930924,0.25703407541340784,0.04278725163412003,-0.042403719274924694,-0.014147573605041073,0.0,0.0,-1.8505435779444315,-0.06255356869015621,0.9107331293467801,0.19579414300000053,0.036842783000011536,0.019874709000006874,0.002589503999999465,0.01977293400000235,0.9693602450000043,0.18928432300000964,0.019785609999999565,0.0013200533440655376,6.911033917528231e-05,4.253955857904852,-4.523413464963446,0.0037197440965864303,1,lidar_dropout,lidar_dropout_001
113.60000000000001,0.6355072855949402,1.428006772376314,0.8777777777777778,0.1996650099999897,5.008388800822195,0.0,0.0,-0.43589743589743557,-1.8503659988869317,-0.06231990024733531,0.8195996164457434,0.0013478289097887857,7.091027967864546e-05,-0.43100317602364435,-0.4307743927868511,-0.0864776751345743,0.03440196613100636,1.8825588520090197,-1.8794683407058033,-1.81400225386806,-0.08281211244624116,0.8916388463827858,0.012516870128638224,0.06311899294643661,0.054628319405264025,0.0040786950643898045,0.2521311337061334,0.03697379430840687,-0.03501955107540209,-0.007979817077533742,0.009397990533977408,0.006167756527507331,-1.8503659988869317,-0.06231990024733531,0.8195996164457434,0.19612913300001367,0.03713450900001192,0.014535249000005024,0.0015460540000020728,0.014522374000009108,0.18391701400000215,0.1839305720000084,0.01456004300000302,0.0013478289097887857,0.004894259873791218,3.762027192714823,-3.538209761866414,0.00022878323679326185,1,lidar_dropout,lidar_dropout_001
113.80000000000001,0.641409695148468,1.4255211932318552,0.875,0.20201507900000593,4.950125529985663,0.0,0.0,-0.3846153846153843,-1.8501985555001845,-0.062125343826873604,0.7387147513860151,0.0011734799173969885,9.507852387663713e-05,-0.3810391154140118,-0.38077813329268717,-0.06922213845432332,0.008953870494760544,1.6633972483188717,-1.6622446966635434,-1.81400225386806,-0.08281211244624116,0.8916388463827858,0.012516870128638224,0.06311899294643661,0.054628319405264025,0.0040786950643898045,0.2521311337061334,0.03697379430840687,-0.03501955107540209,-0.007979817077533742,0.0,0.0,-1.8501985555001845,-0.062125343826873604,0.7387147513860151,0.19411405400001058,0.03696449400001711,0.011038580000004572,0.0018181810000044152,0.010982881000018097,0.383917014000005,0.1803925640000159,0.0110070020000137,0.0011734799173969885,0.003576269201372495,3.325641944982415,-2.7649732544627756,0.0002609821213246377,1,lidar_dropout,lidar_dropout_001
114.0,0.6425979137420654,1.4250590104586,0.8722222222222222,0.19935329700000182,5.016220022686612,0.0,0.0,-0.33333333333333304,-1.8500432647747298,-0.06196373369592808,0.6680958143418625,0.0010144491959067528,0.0001022946245789901,-0.33045190106430755,-0.33064882899287557,-0.06957383054674185,-0.01685968861870059,1.4430170983707977,-1.4410468355249773,-1.81400225386806,-0.08281211244624116,0.8916388463827858,0.012516870128638224,0.06311899294643661,0.054628319405264025,0.0040786950643898045,0.2521311337061334,0.03697379430840687,-0.03501955107540209,-0.007979817077533742,0.0,0.0,-1.8500432647747298,-0.06196373369592808,0.6680958143418625,0.1947607569999974,0.03702050299999371,0.006850889000006077,0.0018044570000057547,0.006837654999998222,0.5839170139999936,0.17626382999999635,0.006900491999999758,0.0010144491959067528,0.0028814322690254857,2.884063933895775,-2.079455223215673,0.00019692792856801367,1,lidar_dropout,lidar_dropout_001
114.2,0.6383488178253174,1.4301521036359999,0.875,0.20013812700000244,4.996549208237508,0.0,0.0,-0.28205128205128177,-1.849938663497928,-0.061892508530466364,0.6022616416402056,0.0004193128147020532,-7.174165160035535e-05,-0.292824408266381,-0.29254091178686686,-0.07625704926987119,0.024497427343770563,1.2787650808785478,-1.2794272815231071,-1.8135175583103773,-0.083774904683135,0.6481410538179535,0.012377061480998375,0.060874114553546306,0.05629821850944656,0.0010779140388084774,0.24349779256483228,0.03728601847589174,-0.05139767091888517,-0.01600084417156323,0.01638109561470953,0.008021027094029487,-1.849938663497928,-0.061892508530466364,0.6022616416402056,0.1946226299999978,0.03694977300000346,0.0027145700000090756,0.001874685000004206,0.002705661999996778,0.17003249200000425,0.169966567000003,0.00274375300000429,0.0004193128147020532,0.010773126215099238,2.558192362401655,-1.6360869311351167,0.0002834964795141448,1,lidar_dropout,lidar_dropout_001
114.4,0.6553710103034973,1.4279102346253774,0.875,0.19932290099998795,5.016984977556897,0.0,0.0,-0.28205128205128177,-1.8498687568480006,-0.061858675827914385,0.5540908440156411,0.0004137869655435428,-0.00011846470324699358,-0.28012045472270997,-0.2799089031580734,-0.05327601315556331,-0.0015581352544253371,1.2216385656856117,-1.2232118218273595,-1.8135175583103773,-0.083774904683135,0.6481410538179535,0.012377061480998375,0.060874114553546306,0.05629821850944656,0.0010779140388084774,0.24349779256483228,0.03728601847589174,-0.05139767091888517,-0.01600084417156323,0.0,0.0,-1.8498687568480006,-0.061858675827914385,0.5540908440156411,0.1952997290000127,0.03705987900001162,0.032637163000003966,0.0010956130000039366,0.0326303120000091,0.3700324920000071,0.1679575950000043,0.03266185000001087,0.0004137869655435428,0.0019308273285718047,2.4448503875129712,-1.4943227355468596,0.00021155156463659175,1,lidar_dropout,lidar_dropout_001
114.60000000000001,0.656528890132904,1.427221651289873,0.8722222222222222,0.2011501380000027,4.971410956725203,0.0,0.0,-0.2307692307692305,-1.849787139819077,-0.06182603750214292,0.5016234918394327,0.00037038765677660187,-0.00010704946903437037,-0.23181069166021623,-0.23041773361522006,-0.059025547773875565,-0.0017013006944241902,1.0114297367781158,-1.0123300712595555,-1.8135175583103773,-0.083774904683135,0.6481410538179535,0.012377061480998375,0.060874114553546306,0.05629821850944656,0.0010779140388084774,0.24349779256483228,0.03728601847589174,-0.05139767091888517,-0.01600084417156323,0.0,0.0,-1.849787139819077,-0.06182603750214292,0.5016234918394327,0.19414959100001283,0.03692237400001375,0.027894811000010122,0.0007390320000126849,0.02788770900001225,0.5700324920000099,0.16349872500001084,0.027907789000011007,0.00037038765677660187,0.0010414608909857237,2.0237598080376715,-1.0239007375066234,0.0013929580449961732,1,lidar_dropout,lidar_dropout_001
114.80000000000001,0.644761860370636,1.4303928860757924,0.8777777777777778,0.19998999999999967,5.000250012500634,0.0,0.0,-0.2307692307692305,-1.849710135187724,-0.06180005448673391,0.45481756103135446,0.00039379402048854244,-0.00011190059669275357,-0.2287822218787647,-0.22895806305780952,-0.05648626164012094,0.006503796804265247,0.9986918597821536,-0.9980316549274276,-1.8135175583103773,-0.083774904683135,0.6481410538179535,0.012377061480998375,0.060874114553546306,0.05629821850944656,0.0010779140388084774,0.24349779256483228,0.03728601847589174,-0.05139767091888517,-0.01600084417156323,0.0,0.0,-1.849710135187724,-0.06180005448673391,0.45481756103135446,0.194159591000016,0.03695382000000791,0.02378485100001626,0.0008425830000078349,0.023736372000016104,0.7700324920000128,0.19341213500001686,0.023740278000005333,0.00039379402048854244,0.0019870088904657968,1.9967235147095812,-0.9967260895809332,0.00017584117904481666,1,lidar_dropout,lidar_dropout_001
115.0,0.649725615978241,1.42844201804726,0.8722222222222222,0.20064431500000524,4.983943851087801,0.0,0.0,-0.17948717948717924,-1.8496371893499552,-0.0617786583224036,0.41284005497280996,0.00032684339881789115,-0.00010687837904709344,-0.18051785397196168,-0.17984201666488306,-0.061589214598533004,0.01312394445156865,0.7884074187029348,-0.7876699338762222,-1.8187955749955147,-0.07996923163122469,0.436329352231149,0.013608102074780248,0.04982190751500005,0.05598646705422639,0.006506966075416796,0.2118117015868045,0.03150983485203463,-0.0396734397270276,-0.011633750214220907,0.013069885014667916,0.0043670939573423224,-1.8496371893499552,-0.0617786583224036,0.41284005497280996,0.1935152759999994,0.03710773800000311,0.018549356999997713,0.004688572999995699,0.01854128099999741,0.18631910099999516,0.18602503699999318,0.0185645260000058,0.00032684339881789115,0.0010306744847824456,1.5760773525791572,-0.6210048193572637,0.000675837307078625,1,lidar_dropout,lidar_dropout_001
115.2,0.6457405090332031,1.42077202876662,0.8722222222222222,0.20086217499999748,4.978538144376922,0.0,0.0,-0.17948717948717924,-1.8495714108355141,-0.06176229864344234,0.3764450633383655,0.0003252560400970287,-9.784151121109577e-05,-0.17785014639194632,-0.17797073343926656,-0.07372055371752004,0.02892539988546637,0.7761574176373062,-0.7760577364840087,-1.8187955749955147,-0.07996923163122469,0.436329352231149,0.013608102074780248,0.04982190751500005,0.05598646705422639,0.006506966075416796,0.2118117015868045,0.03150983485203463,-0.0396734397270276,-0.011633750214220907,0.0,0.0,-1.8495714108355141,-0.06176229864344234,0.3764450633383655,0.19265310100000477,0.03719058900000505,0.014517764000004263,0.004627227000000289,0.014464310999997565,0.386319100999998,0.1843923530000069,0.014476110000003928,0.0003252560400970287,0.0016370330952329148,1.5522151541213147,-0.6023429686868812,0.0001205870473202364,1,lidar_dropout,lidar_dropout_001
115.4,0.6586475968360901,1.420201042844991,0.8722222222222222,0.19998987600000362,5.00025311281248,0.0,0.0,-0.17948717948717924,-1.8495040685366633,-0.06174723599662975,0.3401706833463695,0.0003305804595026757,-9.31763795711359e-05,-0.1778098966278287,-0.17793579612178595,-0.07181505766783636,0.016819224577028138,0.7763148343737705,-0.7755426296656527,-1.8187955749955147,-0.07996923163122469,0.436329352231149,0.013608102074780248,0.04982190751500005,0.05598646705422639,0.006506966075416796,0.2118117015868045,0.03150983485203463,-0.0396734397270276,-0.011633750214220907,0.0,0.0,-1.8495040685366633,-0.06174723599662975,0.3401706833463695,0.192663225000004,0.03722578200000726,0.010552511000000209,0.004358564000000342,0.010544297000009806,0.5863191010000008,0.18049640300000647,0.010572855000006598,0.0003305804595026757,0.0016772828593505373,1.5518574640394232,-0.6020652480986896,0.00012589949395724886,1,lidar_dropout,lidar_dropout_001
115.60000000000001,0.6562116146087646,1.4200500762386687,0.8722222222222222,0.19987418399999513,5.003147379953903,0.0,0.0,-0.12820512820512797,-1.8494457367955246,-0.06173546698858577,0.31034467873805516,0.00024781055036768404,-8.095116095616409e-05,-0.12800701281920523,-0.12804623943754628,-0.04133629500270017,-0.02692053143025079,0.5585885259852391,-0.5588624973391054,-1.8187955749955147,-0.07996923163122469,0.436329352231149,0.013608102074780248,0.04982190751500005,0.05598646705422639,0.006506966075416796,0.2118117015868045,0.03150983485203463,-0.0396734397270276,-0.011633750214220907,0.0,0.0,-1.8494457367955246,-0.06173546698858577,0.31034467873805516,0.1927890410000117,0.03710477000001333,0.006419576000013194,0.004461921000014968,0.006394176000014795,0.7863191010000037,0.17607610800000373,0.006397881000012262,0.00024781055036768404,0.00019811538592273692,1.1174510233243446,-0.3121741786170805,3.922661834104835e-05,1,lidar_dropout,lidar_dropout_001
115.80000000000001,0.6565137505531311,1.4236866909855852,0.8694444444444445,0.20064153399999896,4.984012931240873,0.0,0.0,-0.12820512820512797,-1.8493936911433975,-0.06172607939414739,0.2844053068654476,0.00022463345135759094,-8.234669920798414e-05,-0.12694809856495035,-0.12699119295539096,-0.053627732887649285,-0.012996231591813361,0.5538341271046944,-0.5541329197276567,-1.8187955749955147,-0.07996923163122469,0.436329352231149,0.013608102074780248,0.04982190751500005,0.05598646705422639,0.006506966075416796,0.2118117015868045,0.03150983485203463,-0.0396734397270276,-0.011633750214220907,0.0,0.0,-1.8493936911433975,-0.06172607939414739,0.2844053068654476,0.1921475070000156,0.037101592000013284,0.002007673000008481,0.0038588480000072423,0.0019764130000083924,0.9863191010000065,0.17179239400000768,0.0019797810000170557,0.00022463345135759094,0.001257029640177626,1.107967046832351,-0.3068977218973424,4.30943904406178e-05,1,lidar_dropout,lidar_dropout_001
116.0,0.6501356363296509,1.4186665771499514,0.875,0.20043877800000587,4.989054563084448,0.0,0.0,0.0,-1.8493249117995658,-0.0617119243723389,0.24678554853049434,0.0001063918973075103,-0.00012530683919987476,-0.02913236395453864,-0.013254810286125445,-0.10083311554439561,0.07092069291347156,0.14505551951956236,-0.14414171345859889,-1.8187955749955147,-0.07996923163122469,0.436329352231149,0.013608102074780248,0.04982190751500005,0.05598646705422639,0.006506966075416796,0.2118117015868045,0.03150983485203463,-0.0396734397270276,-0.011633750214220907,0.0,0.0,-1.8493249117995658,-0.0617119243723389,0.24678554853049434,0.19170872899999836,0.03725944599999309,0.03204098199999805,0.00393734600000073,0.03198256800000365,1.1863191009999952,0.16749122199999533,0.03198667799999555,0.0001063918973075103,0.02913236395453864,0.28919723297816124,-0.020908551130176953,0.015877553668413195,0,lidar_dropout,lidar_dropout_001
116.2,0.6543477773666382,1.4193499268619878,0.8722222222222222,0.19990068999999266,5.0024839834221515,0.0,0.0,0.0,-1.849313990254421,-0.06171294056030122,0.2457154167963073,2.8826171991653583e-05,-4.5080388337106384e-05,4.1988828687377266e-06,-0.0001579778146307723,-0.05865144201482829,-0.01578264177626211,0.0002227561990304273,0.00018227404859508982,-1.8232659223105896,-0.08372345526985199,0.23413056942232374,0.015502190665991566,0.04407983153769003,0.04255110065087272,0.005837653659324555,0.20219878280882525,0.026674720165275632,-0.044207294020882984,-0.01200751944182163,0.006628285509241696,0.0003737692276007242,-1.849313990254421,-0.06171294056030122,0.2457154167963073,0.19180803900000853,0.03713802000000044,0.027877725999999825,0.0033756650000071886,0.027871512000004373,0.1610088999999988,0.1610302610000076,0.027889537999996605,2.8826171991653583e-05,4.1988828687377266e-06,4.048215043533747e-05,4.0602674246929604e-08,0.00016217669749951,0,lidar_dropout,lidar_dropout_001
116.4,0.646736204624176,1.4193890931879638,0.8722222222222222,0.20050697199999945,4.987357746343118,0.0,0.0,0.0,-1.8493070126768836,-0.061711193625021206,0.24575345740803664,5.8281324929823285e-06,-5.1860303818302285e-05,0.00022416020026622124,0.0003326368628149549,-0.06192466380611805,-0.005784135157239074,-0.0012006082419797187,0.0007303447727040405,-1.8232659223105896,-0.08372345526985199,0.23413056942232374,0.015502190665991566,0.04407983153769003,0.04255110065087272,0.005837653659324555,0.20219878280882525,0.026674720165275632,-0.044207294020882984,-0.01200751944182163,0.0,0.0,-1.8493070126768836,-0.061711193625021206,0.24575345740803664,0.19130106700001193,0.03732888600001161,0.02396306300001072,0.003952741000006199,0.023898840000001087,0.36100890000000163,0.15958798000001195,0.02391798100001097,5.8281324929823285e-06,0.00022416020026622124,0.0019309530146837592,-8.768579535952753e-07,0.00010847666254873363,0,lidar_dropout,lidar_dropout_001
116.60000000000001,0.6543773412704468,1.4207514159998316,0.8722222222222222,0.19937336400001016,5.015715138356943,0.0,0.0,0.0,-1.8492998441935433,-0.06170924385760772,0.24580042605623317,8.580735405622938e-06,-5.406748162115469e-05,0.00022429754426395233,0.00042619440544384567,-0.06335796905148683,-0.0047807199764325,-0.001471554343875114,0.00046097442417033846,-1.8232659223105896,-0.08372345526985199,0.23413056942232374,0.015502190665991566,0.04407983153769003,0.04255110065087272,0.005837653659324555,0.20219878280882525,0.026674720165275632,-0.044207294020882984,-0.01200751944182163,0.0,0.0,-1.8492998441935433,-0.06170924385760772,0.24580042605623317,0.1919277030000046,0.03724016900001459,0.019616156000012097,0.003746708000008425,0.019608342000012158,0.5610089000000045,0.18943531500001143,0.019661434000013855,8.580735405622938e-06,0.00022429754426395233,0.0019325287680454525,-6.783489163031909e-07,0.00020189686117989334,0,lidar_dropout,lidar_dropout_001
116.80000000000001,0.6340782642364502,1.4204515374390183,0.8722222222222222,0.1998964219999948,5.002590791745267,0.0,0.0,0.0,-1.8492928433891,-0.0617076719706499,0.24584752194331064,3.6231708811169948e-06,-5.002044308622063e-05,0.00022432491525375002,0.0005046306644981643,-0.06961529802696691,-0.004588876079165658,-0.0013619360894388617,0.0005705097340817132,-1.8232659223105896,-0.08372345526985199,0.23413056942232374,0.015502190665991566,0.04407983153769003,0.04255110065087272,0.005837653659324555,0.20219878280882525,0.026674720165275632,-0.044207294020882984,-0.01200751944182163,0.0,0.0,-1.8492928433891,-0.0617076719706499,0.24584752194331064,0.19203128100001265,0.03713634700001478,0.015884653000014737,0.00407296900000631,0.015831961000017714,0.7610089000000073,0.18520017900000596,0.015841240000014523,3.6231708811169948e-06,0.00022432491525375002,0.001932445823520575,-7.769977962220534e-07,0.00028030574924441435,0,lidar_dropout,lidar_dropout_001
117.0,0.650400698184967,1.4197675731911021,0.8722222222222222,0.2000215340000011,4.9994617079578765,0.0,0.0,0.0,-1.8492857115321757,-0.061705859971484735,0.2458942953877704,5.1230952286146784e-06,-5.058320739487355e-05,0.00022353054014791681,0.0001757049108224203,-0.06394130952815522,-0.017493628476897807,-0.0011963461708749902,0.0007296018604333312,-1.8232659223105896,-0.08372345526985199,0.23413056942232374,0.015502190665991566,0.04407983153769003,0.04255110065087272,0.005837653659324555,0.20219878280882525,0.026674720165275632,-0.044207294020882984,-0.01200751944182163,0.0,0.0,-1.8492857115321757,-0.061705859971484735,0.2458942953877704,0.19200974700000017,0.2371363470000034,0.01189961900000469,0.0036495230000070933,0.011890238000006548,0.961008899999996,0.18073141700000406,0.011924008999997682,5.1230952286146784e-06,0.00022353054014791681,0.0019259480313083214,-8.728563919926848e-07,4.782562932549651e-05,0,lidar_dropout,lidar_dropout_001
117.2,0.6614140272140503,1.4195090585453496,0.8722222222222222,0.19977104500000564,5.005730435058653,0.0,0.0,0.0,-1.8492786422105767,-0.06170400040833291,0.245940851433086,1.3741503187965446e-05,-5.0432439867025366e-05,0.00022260533637823688,7.451893694317784e-05,-0.05869723827215304,-0.01894477324804363,-0.0007303616718676017,0.001189405857121804,-1.8232659223105896,-0.08372345526985199,0.23413056942232374,0.015502190665991566,0.04407983153769003,0.04255110065087272,0.005837653659324555,0.20219878280882525,0.026674720165275632,-0.044207294020882984,-0.01200751944182163,0.0,0.0,-1.8492786422105767,-0.06170400040833291,0.245940851433086,0.19223870199999737,0.43713634700000625,0.007298804000001269,0.0031847329999976637,0.0072631980000039675,1.1610088999999988,0.1770459890000069,0.007266803999996796,1.3741503187965446e-05,0.00022260533637823688,0.0019197675289894058,-8.686964503365986e-07,0.00014808639943505905,0,lidar_dropout,lidar_dropout_001
117.4,0.655362606048584,1.4200671216484848,0.8722222222222222,0.2012344139999982,4.969328953843894,0.0,0.0,0.0,-1.8492716355530434,-0.061702218813929954,0.24598728817903887,1.3527098936340622e-05,-4.990561014921426e-05,0.00022165835730739177,0.0001562243101415435,-0.09175292215334332,-0.005570332253233806,-0.0007263632105728607,0.0011851838508375393,-1.8232659223105896,-0.08372345526985199,0.23413056942232374,0.015502190665991566,0.04407983153769003,0.04255110065087272,0.005837653659324555,0.20219878280882525,0.026674720165275632,-0.044207294020882984,-0.01200751944182163,0.0,0.0,-1.8492716355530434,-0.061702218813929954,0.24598728817903887,0.19100428800000202,0.6371363470000091,0.0028750390000027437,0.002883472000007714,0.0028673999999995203,1.3610089000000016,0.17240149700000984,0.002901165000011474,1.3527098936340622e-05,0.00022165835730739177,0.0019115470614104002,-8.608739470134616e-07,6.543404716584828e-05,0,lidar_dropout,lidar_dropout_001
117.60000000000001,0.6510339379310608,1.4194187375770253,0.8722222222222222,0.19998087300000122,5.0004782207346095,0.0,0.0,0.0,-1.8492657199221552,-0.06170092661553739,0.2460259673000527,6.670462471411663e-06,-5.075523671459453e-05,0.00022094516893201137,0.00019531049357717994,-0.016187704135869854,0.005541241224796011,-0.0014307734330160807,0.0004718966584436081,-1.8232659223105896,-0.08372345526985199,0.23413056942232374,0.015502190665991566,0.04407983153769003,0.04255110065087272,0.005837653659324555,0.20219878280882525,0.026674720165275632,-0.044207294020882984,-0.01200751944182163,0.0,0.0,-1.8492657199221552,-0.06170092661553739,0.2460259673000527,0.19102341500000364,0.8371363470000119,0.03292150500000446,0.002869678000010367,0.03289666900001009,1.5610089000000045,0.16852698800001065,0.032948576000009666,6.670462471411663e-06,0.00022094516893201137,0.0019026700914596887,-6.75177202030178e-07,2.563467535483143e-05,0,lidar_dropout,lidar_dropout_001
117.80000000000001,0.6607750654220581,1.4204008210996153,0.8722222222222222,0.199964750999996,5.000881380338978,0.0,0.0,0.0,-1.8492586506864948,-0.061699033946755646,0.24607202583749802,5.0119021310534245e-06,-5.26168684643557e-05,0.00021978351760185862,-0.00015210363961092353,-0.05506312839626328,0.006534720454070085,-0.0013421637912747434,0.0005506502313803808,-1.8232659223105896,-0.08372345526985199,0.23413056942232374,0.015502190665991566,0.04407983153769003,0.04255110065087272,0.005837653659324555,0.20219878280882525,0.026674720165275632,-0.044207294020882984,-0.01200751944182163,0.0,0.0,-1.8492586506864948,-0.061699033946755646,0.24607202583749802,0.19105866400001048,1.0371363470000148,0.028880475000008232,0.002977483000009329,0.02887190400001316,1.7610089000000073,0.1643305710000078,0.02890266400001451,5.0119021310534245e-06,0.00021978351760185862,0.0018928140226551241,-7.390628022158065e-07,0.0003718871572127822,0,lidar_dropout,lidar_dropout_001
118.0,0.6348366141319275,1.4207407363281128,0.8722222222222222,0.19998317900000018,5.000420560371226,0.0,0.0,0.0,-1.8492515720105573,-0.06169696073649847,0.2461177831060428,8.345450825275068e-06,-5.157560267950129e-05,0.00021937303481240754,3.133541850233108e-05,-0.07349874487749515,-0.008874381139487984,-0.0009001144961817253,0.0009906096869230542,-1.8232659223105896,-0.08372345526985199,0.23413056942232374,0.015502190665991566,0.04407983153769003,0.04255110065087272,0.005837653659324555,0.20219878280882525,0.026674720165275632,-0.044207294020882984,-0.01200751944182163,0.0,0.0,-1.8492515720105573,-0.06169696073649847,0.2461177831060428,0.19107548499999893,1.2371363470000034,0.024297477999994044,0.002232394999992948,0.024286502999999016,1.961008899999996,0.16045748899999523,0.024319962000006967,8.345450825275068e-06,0.00021937303481240754,0.0018907241831047795,-8.916621392574816e-07,0.00018803761631007646,0,lidar_dropout,lidar_dropout_001
118.2,0.660197377204895,1.42026844127163,0.8722222222222222,0.20088064899999836,4.97808029284099,0.0,0.0,0.0,-1.8492444045898386,-0.061695287979935676,0.24616359594637685,2.4356737009197353e-05,-4.910262142194088e-05,0.00021816618785568898,-7.426232042601516e-05,-0.04460476390601273,-0.03229261548378574,-0.0007195202980479919,0.001161983694623371,-1.8232659223105896,-0.08372345526985199,0.23413056942232374,0.015502190665991566,0.04407983153769003,0.04255110065087272,0.005837653659324555,0.20219878280882525,0.026674720165275632,-0.044207294020882984,-0.01200751944182163,0.0,0.0,-1.8492444045898386,-0.061695287979935676,0.24616359594637685,0.19019483600000342,1.4371363470000063,0.019929603000008456,0.001792467000001352,0.019921719999999254,2.161008899999999,0.18946993600000894,0.019950395999998705,2.4356737009197353e-05,0.00021816618785568898,0.001881503992671363,-8.360708542823147e-07,0.0002924285082817041,0,lidar_dropout,lidar_dropout_001
118.4,0.6489871740341187,1.419238987432164,0.8722222222222222,0.2002871010000007,4.992832763603666,0.0,0.0,0.0,-1.849237417845727,-0.061693712926421417,0.2462093083087609,1.971439355469785e-05,-4.639592952499172e-05,0.00021792746587233182,0.00033117782720760096,-0.011687712323168911,0.014242782894181459,-0.0007137698541535655,0.0011653560267322663,-1.8232659223105896,-0.08372345526985199,0.23413056942232374,0.015502190665991566,0.04407983153769003,0.04255110065087272,0.005837653659324555,0.20219878280882525,0.026674720165275632,-0.044207294020882984,-0.01200751944182163,0.0,0.0,-1.849237417845727,-0.061693712926421417,0.2462093083087609,0.18990773500000557,1.637136347000009,0.015642113000012614,0.0018827479999998786,0.015630086000001597,2.3610089000000016,0.18549349900000323,0.01566811000000712,1.971439355469785e-05,0.00021792746587233182,0.0018791258808858319,-8.317960012376684e-07,0.00011325036133526915,0,lidar_dropout,lidar_dropout_001
118.60000000000001,0.6457915902137756,1.4205787409642698,0.8722222222222222,0.1997023079999991,5.007453394078973,0.0,0.0,0.0,-1.84923028929276,-0.06169176021541975,0.24625463300096098,2.791545441978676e-05,-4.58540045119361e-05,0.0002166305473387854,-4.479193926996562e-05,-0.10668685291680931,-0.048090762541833934,-0.000733699763776274,0.0011344235450860916,-1.8232659223105896,-0.08372345526985199,0.23413056942232374,0.015502190665991566,0.04407983153769003,0.04255110065087272,0.005837653659324555,0.20219878280882525,0.026674720165275632,-0.044207294020882984,-0.01200751944182163,0.0,0.0,-1.84923028929276,-0.06169176021541975,0.24625463300096098,0.1902054270000093,1.837136347000012,0.011929031000008194,0.0018783360000043103,0.011875387000003457,2.5610089000000045,0.1813911200000149,0.011889399000011736,2.791545441978676e-05,0.0002166305473387854,0.0018681233088623656,-8.323262870519086e-07,0.000261422486608751,0,lidar_dropout,lidar_dropout_001
118.80000000000001,0.6582559943199158,1.4203558497747797,0.8722222222222222,0.20009215400000357,4.997697211055972,0.0,0.0,0.0,-1.849223257940014,-0.061689886291311294,0.24629980973684362,2.3597148755147477e-05,-4.954642876236556e-05,0.0002155210194319201,0.00045050098941118585,-0.07065446214859525,-0.01601959628545133,-0.0007048002545736443,0.0011535891002704243,-1.8232659223105896,-0.08372345526985199,0.23413056942232374,0.015502190665991566,0.04407983153769003,0.04255110065087272,0.005837653659324555,0.20219878280882525,0.026674720165275632,-0.044207294020882984,-0.01200751944182163,0.0,0.0,-1.849223257940014,-0.061689886291311294,0.24629980973684362,0.19011327300000858,2.037136347000015,0.007819119000018304,0.0017101260000060847,0.007811204000006455,2.7610089000000073,0.1773003900000134,0.00784100200000637,2.3597148755147477e-05,0.0002155210194319201,0.0018583893548440686,-8.130498915439763e-07,0.00023497996997926576,0,lidar_dropout,lidar_dropout_001
119.0,0.6518521904945374,1.42064866993078,0.8722222222222222,0.19962581299999727,5.009372209795402,0.0,0.0,0.0,-1.8492162767965694,-0.061688333169064274,0.24634500501494214,9.352962535843484e-06,-5.175632404969922e-05,0.00021473958638451013,-0.0001996835103694437,-0.09094350608874423,-0.006240837747712876,-0.0014034695803730565,0.000445274802699863,-1.8232659223105896,-0.08372345526985199,0.23413056942232374,0.015502190665991566,0.04407983153769003,0.04255110065087272,0.005837653659324555,0.20219878280882525,0.026674720165275632,-0.044207294020882984,-0.01200751944182163,0.0,0.0,-1.8492162767965694,-0.061688333169064274,0.24634500501494214,0.19048745999999994,2.2371363470000034,0.002649138999998968,0.0005439849999930857,0.002643418999994651,2.961008899999996,0.1736592179999974,0.002670137999999156,9.352962535843484e-06,0.00021473958638451013,0.0018487443830729196,-6.249296404958723e-07,0.00041442309675395383,0,lidar_dropout,lidar_dropout_001
119.2,0.6551293134689331,1.420547178596448,0.8722222222222222,0.20205189799999346,4.949223491085604,0.0,0.0,0.0,-1.849210339518023,-0.06168666440941193,0.24638234107987245,7.294944070819988e-06,-5.223562522044761e-05,0.00021384132942665662,0.00018057915327652734,-0.03676561193390316,0.003476262878075866,-0.0014018162182445,0.00043937188078018363,-1.8232659223105896,-0.08372345526985199,0.23413056942232374,0.015502190665991566,0.04407983153769003,0.04255110065087272,0.005837653659324555,0.20219878280882525,0.026674720165275632,-0.044207294020882984,-0.01200751944182163,0.0,0.0,-1.849210339518023,-0.06168666440941193,0.24638234107987245,0.18843556200000933,2.4371363470000063,0.031130063000006203,0.003985309000000825,0.031121014000007108,3.161008899999999,0.1677882940000046,0.031164857999996798,7.294944070819988e-06,0.00021384132942665662,0.0018411880990246835,-6.159186283182503e-07,3.326217615012928e-05,0,lidar_dropout,lidar_dropout_001
119.4,0.6528712511062622,1.4199860910321498,0.8722222222222222,0.20143349300001034,4.964417709819234,0.0,0.0,0.0,-1.849203336126019,-0.06168493421830213,0.2464271218164995,7.117583724364597e-06,-5.197095677817506e-05,0.00021306820128273057,-4.048790631557957e-06,-0.09030281668024723,-0.03508556579592454,-0.0013989237184679746,0.0004355084160005823,-1.8232659223105896,-0.08372345526985199,0.23413056942232374,0.015502190665991566,0.04407983153769003,0.04255110065087272,0.005837653659324555,0.20219878280882525,0.026674720165275632,-0.044207294020882984,-0.01200751944182163,0.0,0.0,-1.849203336126019,-0.06168493421830213,0.2464271218164995,0.18700206900000182,2.637136347000009,0.026834953000005157,0.0036939310000008163,0.026765947000001233,3.3610089000000016,0.16254477600000428,0.026775870000008695,7.117583724364597e-06,0.00021306820128273057,0.001834432134468557,-6.092430527356322e-07,0.00021711699191428853,0,lidar_dropout,lidar_dropout_001
119.60000000000001,0.658327043056488,1.4196269369808732,0.8722222222222222,0.19996761599999502,5.0008097311117865,0.0,0.0,0.0,-1.8491960942235715,-0.06168323375094874,0.24647176909577656,3.340069067902156e-05,-4.7094586697068715e-05,0.00021229565995336364,-0.00011032201464790796,-0.058888159890748575,-0.024996561680548635,-0.0007637892983491986,0.001066630146066482,-1.8232659223105896,-0.08372345526985199,0.23413056942232374,0.015502190665991566,0.04407983153769003,0.04255110065087272,0.005837653659324555,0.20219878280882525,0.026674720165275632,-0.044207294020882984,-0.01200751944182163,0.0,0.0,-1.8491960942235715,-0.06168323375094874,0.24647176909577656,0.18703445300000965,2.837136347000012,0.022714172000007693,0.003672484000006193,0.022694478000005347,3.5610089000000045,0.15803802000000644,0.02273378400001036,3.340069067902156e-05,0.00021229565995336364,0.0018304194444156807,-8.146806908622216e-07,0.00032261767460127163,0,lidar_dropout,lidar_dropout_001
119.80000000000001,0.6422028541564941,1.419920823756297,0.8722222222222222,0.19992962199999909,5.001760069350826,0.0,0.0,0.0,-1.8491890616678832,-0.06168140211763193,0.24651615377163946,2.17757467204621e-05,-5.271230914469232e-05,0.000211469412084026,0.00043198619215799756,-0.04977546491581816,-0.016590452770030184,-0.0006902565688011292,0.0011327211183725966,-1.8232659223105896,-0.08372345526985199,0.23413056942232374,0.015502190665991566,0.04407983153769003,0.04255110065087272,0.005837653659324555,0.20219878280882525,0.026674720165275632,-0.044207294020882984,-0.01200751944182163,0.0,0.0,-1.8491890616678832,-0.06168140211763193,0.24651615377163946,0.1871048310000134,3.037136347000015,0.018662128000016764,0.0038886780000098042,0.01865491500001326,3.7610089000000073,0.15423062700001822,0.018709359000013137,2.17757467204621e-05,0.000211469412084026,0.0018229776871737258,-7.818681925764463e-07,0.00022051678007397156,0,lidar_dropout,lidar_dropout_001
120.0,0.6525868773460388,1.4196860725712623,0.8722222222222222,0.20012148899999715,4.996964618827188,0.0,0.0,0.0,-1.8491820270562513,-0.061679476959717434,0.24656034855624856,9.697315444739025e-06,-5.239754949141161e-05,0.0002110479456046328,0.00025463595098491296,-0.07723053377689491,0.01217929403112543,-0.0008642164650333176,0.0009539422652164033,-1.8232659223105896,-0.08372345526985199,0.23413056942232374,0.015502190665991566,0.04407983153769003,0.04255110065087272,0.005837653659324555,0.20219878280882525,0.026674720165275632,-0.044207294020882984,-0.01200751944182163,0.0,0.0,-1.8491820270562513,-0.061679476959717434,0.24656034855624856,0.18698334200000488,3.2371363470000034,0.014678446000004897,0.00365267799999458,0.014670086999998944,3.961008899999996,0.18447273200000325,0.014700934999993365,9.697315444739025e-06,0.0002110479456046328,0.0018181587302497208,-8.244126122911955e-07,4.3588005380280155e-05,0,lidar_dropout,lidar_dropout_001
120.2,0.6458330750465393,1.4207887660925556,0.8722222222222222,0.2002144360000102,4.994644841693378,0.0,0.0,0.0,-1.849175082389762,-0.061677699154362116,0.246604418615724,3.0579777972289664e-05,-4.913466640734607e-05,0.00020962424717549825,0.00012596149707359155,-0.040921248349567646,-0.015572455825246507,-0.0009423981695119337,0.000864741372834015,-1.8232659223105896,-0.08372345526985199,0.23413056942232374,0.015502190665991566,0.04407983153769003,0.04255110065087272,0.005837653659324555,0.20219878280882525,0.026674720165275632,-0.044207294020882984,-0.01200751944182163,0.0,0.0,-1.849175082389762,-0.061677699154362116,0.246604418615724,0.18676890599999751,3.4371363470000063,0.009751039000008177,0.0028065700000041716,0.009743047000000615,4.161008899999999,0.1798722959999992,0.009787197999997943,3.0579777972289664e-05,0.00020962424717549825,0.0018071395423459487,-8.149306868600123e-07,8.36627501019067e-05,0,lidar_dropout,lidar_dropout_001
120.4,0.6460745334625244,1.4199039256496795,0.8722222222222222,0.20085317599999541,4.978761202163031,0.0,0.0,0.0,-1.8491678189919956,-0.06167594151029583,0.2466483765377022,3.423725770407056e-05,-4.7361435158405955e-05,0.00020895115268944027,-4.97425647829441e-05,-0.04834599704499923,-0.00030876628374828255,-0.0007296450191922573,0.0010719342962989139,-1.8232659223105896,-0.08372345526985199,0.23413056942232374,0.015502190665991566,0.04407983153769003,0.04255110065087272,0.005837653659324555,0.20219878280882525,0.026674720165275632,-0.044207294020882984,-0.01200751944182163,0.0,0.0,-1.8491678189919956,-0.06167594151029583,0.2466483765377022,0.18591573000000494,3.637136347000009,0.005869881999998938,0.0027853760000056127,0.005860651000006101,4.361008900000002,0.17528822600000638,0.005887268000009271,3.423725770407056e-05,0.00020895115268944027,0.0018015793154911711,-7.821315201958598e-07,0.0002586937174723844,0,lidar_dropout,lidar_dropout_001
120.60000000000001,0.6544513702392578,1.4203999807500536,0.8722222222222222,0.19977620100000593,5.005601242762497,0.0,0.0,0.0,-1.8491609665582673,-0.061674076847578314,0.2466920695091473,4.546611600045365e-06,-4.75649388378661e-05,0.0002086019006929726,0.00012322179202045938,-0.0938531950694525,0.006354081356322661,-0.001232492415827621,0.0005637389329806162,-1.8232659223105896,-0.08372345526985199,0.23413056942232374,0.015502190665991566,0.04407983153769003,0.04255110065087272,0.005837653659324555,0.20219878280882525,0.026674720165275632,-0.044207294020882984,-0.01200751944182163,0.0,0.0,-1.8491609665582673,-0.061674076847578314,0.2466920695091473,0.18613952900000186,3.837136347000012,0.0019873190000083696,0.0028597890000128245,0.0019772740000121303,4.5610089000000045,0.17142936900000905,0.0020045070000094256,4.546611600045365e-06,0.0002086019006929726,0.0017962313488082372,-6.948039594053649e-07,8.538010867251321e-05,0,lidar_dropout,lidar_dropout_001
120.80000000000001,0.6605509519577026,1.4200211573558248,0.8722222222222222,0.20070845499999734,4.982351142108155,0.0,0.0,0.0,-1.8491548279273846,-0.061672771902439937,0.24672851259043144,1.7001733936519814e-05,-5.453832667702019e-05,0.00020708460415193108,-0.000245030544012747,-0.0670049305103909,0.00991424404160407,-0.0014333535477112844,0.0003488039243223452,-1.8232659223105896,-0.08372345526985199,0.23413056942232374,0.015502190665991566,0.04407983153769003,0.04255110065087272,0.005837653659324555,0.20219878280882525,0.026674720165275632,-0.044207294020882984,-0.01200751944182163,0.0,0.0,-1.8491548279273846,-0.061672771902439937,0.24672851259043144,0.18543107400000736,4.037136347000015,0.03206463200001508,0.0030673670000140874,0.032031296000013754,4.761008900000007,0.16741484500001036,0.03204910700000596,1.7001733936519814e-05,0.00020708460415193108,0.0017821574720336296,-4.999593423830518e-07,0.00045211514816467807,0,lidar_dropout,lidar_dropout_001
121.0,0.653423547744751,1.414906006140314,0.8722222222222222,0.19935104500000023,5.016276689194174,0.0,0.0,0.0,-1.849147871204522,-0.06167097772080092,0.24677196118277614,2.978172482522741e-05,-4.965814548862468e-05,0.00020662024453937865,0.0001908554830219479,-0.10927837746103877,0.0026108556736981433,-0.0006800584343923366,0.0011007347549683404,-1.8232659223105896,-0.08372345526985199,0.23413056942232374,0.015502190665991566,0.04407983153769003,0.04255110065087272,0.005837653659324555,0.20219878280882525,0.026674720165275632,-0.044207294020882984,-0.01200751944182163,0.0,0.0,-1.849147871204522,-0.06167097772080092,0.24677196118277614,0.18608002899999576,4.237136347000003,0.02802610899999536,0.002660456000000977,0.027887762000005978,4.961008899999996,0.16340699799999925,0.02792810699999393,2.978172482522741e-05,0.00020662024453937865,0.001780793189360677,-7.485639541450019e-07,1.5764761517430745e-05,0,lidar_dropout,lidar_dropout_001
121.2,0.6491390466690063,1.4147797485066067,0.8722222222222222,0.20120347299999253,4.970093135519769,0.0,0.0,0.0,-1.849140725952117,-0.06166901532813758,0.24681515932946319,1.611962597678534e-05,-5.329320470784914e-05,0.00020584849722129396,2.1786026780054314e-05,-0.06736430456281617,-0.014686460980814844,-0.0006604087309958354,0.0011135231436588695,-1.8232659223105896,-0.08372345526985199,0.23413056942232374,0.015502190665991566,0.04407983153769003,0.04255110065087272,0.005837653659324555,0.20219878280882525,0.026674720165275632,-0.044207294020882984,-0.01200751944182163,0.0,0.0,-1.849140725952117,-0.06166901532813758,0.24681515932946319,0.18487655600000608,4.437136347000006,0.023027755000001093,0.0018114249999996446,0.023017276000004472,5.161008899999999,0.15930005200000608,0.02306365200000471,1.611962597678534e-05,0.00020584849722129396,0.0017739318746547049,-7.353804062382473e-07,0.00018406247044123965,0,lidar_dropout,lidar_dropout_001
121.4,0.6550394892692566,1.4149864483031498,0.8722222222222222,0.20023437400000432,4.994147508359271,0.21999999999999997,0.0,0.48,-1.8425400921553388,-0.059977668419768766,0.2542946480700416,0.10140172479632122,1.3754428197579327e-06,0.1072586459010125,0.1108948842625055,-0.2720489841620243,-0.06563750734570097,2.6124821965127816,3.545855517573558,-1.8232659223105896,-0.08372345526985199,0.23413056942232374,0.015502190665991566,0.04407983153769003,0.04255110065087272,0.005837653659324555,0.20219878280882525,0.026674720165275632,-0.044207294020882984,-0.01200751944182163,0.0,0.0,-1.8425400921553388,-0.059977668419768766,0.2542946480700416,0.1846421820000046,0.037795862999999486,0.01857192399999974,0.0016329240000061418,0.018568569000009916,5.361008900000002,0.15399949800000456,0.01858394600000679,0.11859827520367876,0.37274135409898745,0.9333733210607766,9.263484411067536,0.003636238361493002,1,lidar_dropout,lidar_dropout_001
121.60000000000001,0.6403761506080627,1.4270427620600141,0.875,0.20043203599999515,4.989222381595845,0.21999999999999997,0.0,0.5897435897435899,-1.8078212796171094,-0.05005370278410973,0.316301799028628,0.2166047043831683,-0.00010520857055416888,0.6251057384396509,0.6171393119046608,-0.040895728767756205,0.12293468009847804,3.879230976675871,9.310807171329664,-1.8232659223105896,-0.08372345526985199,0.23413056942232374,0.015502190665991566,0.04407983153769003,0.04255110065087272,0.005837653659324555,0.20219878280882525,0.026674720165275632,-0.044207294020882984,-0.01200751944182163,0.0,0.0,-1.8078212796171094,-0.05005370278410973,0.316301799028628,0.1842101460000123,0.03771846500001175,0.013776405000001546,0.0009067640000068877,0.013768830000003618,5.5610089000000045,0.18365746000000627,0.013791831000006027,0.0033952956168316617,0.035362148696061024,5.431576194653793,36.11877159687788,0.007966426534990134,1,lidar_dropout,lidar_dropout_001
121.80000000000001,0.6077684760093689,1.4537348690845238,0.8805555555555555,0.2001739890000067,4.995654055732318,0.21999999999999997,0.0,0.5897435897435899,-1.7664731701886167,-0.033488868042215555,0.4510371579673864,0.21871415920247692,-9.917332622233488e-05,0.7398020429475293,0.7376209602724069,-0.10789838676276106,0.13104255437727524,3.433557997701632,9.890610145631856,-1.8232659223105896,-0.08372345526985199,0.23413056942232374,0.015502190665991566,0.04407983153769003,0.04255110065087272,0.005837653659324555,0.20219878280882525,0.026674720165275632,-0.044207294020882984,-0.01200751944182163,0.0,0.0,-1.7664731701886167,-0.033488868042215555,0.4510371579673864,0.18403615700000842,0.037776527000005444,0.010020716000013863,0.0007173170000100981,0.010013729000007743,5.761008900000007,0.17935611300001142,0.010034369000010201,0.001285840797523058,0.1500584532039394,6.457052147930224,33.95998356768316,0.0021810826751224033,1,lidar_dropout,lidar_dropout_001
122.0,0.55650794506073,1.4687896367127211,0.8805555555555555,0.20024582399999247,4.993861944407079,0.21999999999999997,0.0,0.38461538461538475,-1.7277172981323181,-0.011411433571078022,0.5720194815749283,0.21924139593086805,-0.00011739653349679413,0.4870122223005648,0.4866916831955024,-0.07690219871130785,0.07734535409821755,4.5392244837493205,8.79036882587245,-1.7419582640327589,-0.0604306379244931,0.45221357233204396,0.014222261097627253,0.03312357210496768,0.0394685815745698,0.0845783106624195,0.2180830029097202,0.019959174464920616,-0.059726988311519846,-0.0172442258004207,0.016910336038304597,0.0052367063585990695,-1.7277172981323181,-0.011411433571078022,0.5720194815749283,0.18379033300000458,0.03784835599999781,0.004888747999999055,0.004861445000003073,0.004882425999994666,0.17355519900000616,0.173575790000001,0.004902530999999044,0.0007586040691319185,0.10239683768518004,4.25114434212313,39.901457395586995,0.0003205391050624118,1,lidar_dropout,lidar_dropout_001
122.2,0.5160222053527832,1.4825251463800668,0.8888888888888888,0.2014338280000061,4.964409453609598,0.21999999999999997,0.0,0.38461538461538475,-1.6911597006105439,0.014407967296255875,0.6587635376888173,0.2194144938275777,-8.146677418774395e-06,0.43899662072419554,0.4412642728019011,-0.07972385743055378,0.08459581135613356,4.748553486258838,8.584773766047324,-1.7419582640327589,-0.0604306379244931,0.45221357233204396,0.014222261097627253,0.03312357210496768,0.0394685815745698,0.0845783106624195,0.2180830029097202,0.019959174464920616,-0.059726988311519846,-0.0172442258004207,0.0,0.0,-1.6911597006105439,0.014407967296255875,0.6587635376888173,0.18235650500000133,0.03787983600000189,0.000739375999998515,0.00467642499999954,0.0007242030000043087,0.373555199000009,0.17049785000000384,0.0007707790000068826,0.0005855061724222843,0.05438123610881079,3.8362202797884857,40.76525739550743,0.002267652077705573,1,lidar_dropout,lidar_dropout_001
122.4,0.4773579239845276,1.5123106397157853,0.8972222222222223,0.19944765500000017,5.013846866236653,0.21999999999999997,0.0,0.38461538461538475,-1.6626179916464838,0.03818990735938063,0.737239828351833,0.21833784977436438,-0.0002748409822063147,0.5309773825908367,0.46431884311589583,-0.047478832997068586,0.12456047174456943,4.347451589283344,8.980207342709384,-1.7419582640327589,-0.0604306379244931,0.45221357233204396,0.014222261097627253,0.03312357210496768,0.0394685815745698,0.0845783106624195,0.2180830029097202,0.019959174464920616,-0.059726988311519846,-0.0172442258004207,0.0,0.0,-1.6626179916464838,0.03818990735938063,0.737239828351833,0.182908850000004,0.038014007000001016,0.030808748000012542,0.0049320829999999205,0.03080384600001196,0.5735551990000118,0.16640668899999866,0.030826812000000814,0.0016621502256355947,0.14636199797545196,4.63275575342604,39.04101668415587,0.06665853947494088,1,lidar_dropout,lidar_dropout_001
122.60000000000001,0.4427890479564667,1.5147957682241628,0.9,0.200050767999997,4.998731122092043,0.21999999999999997,0.0,0.17948717948717968,-1.6307984251318304,0.06952515869178712,0.8108553980038948,0.2191126451088558,-0.00016388064404468383,0.28095509789722356,0.21130014146376744,-0.06659734446871424,0.060841899235475436,5.438498885721971,7.890578724860202,-1.627080728510235,0.013100731381199033,0.7427913924385781,0.019507416285327484,0.028368314270402477,0.04593457817448017,0.13639541942344982,0.2905778201065341,0.027077675529684247,-0.05892281695439226,-0.01623809685211092,0.007163780355417478,0.0010061289483097799,-1.6307984251318304,0.06952515869178712,0.8108553980038948,0.18285808200000986,0.0379530340000116,0.026676708000010763,0.004243461000001503,0.026647454000013227,0.15983930500000554,0.1598603740000044,0.026652626000014834,0.0008873548911441653,0.10146791841004388,2.4520798391382304,42.9129036028537,0.06965495643345612,1,lidar_dropout,lidar_dropout_001
122.80000000000001,0.4048556983470917,1.5321005745450171,0.9111111111111111,0.2005208209999978,4.987013293746743,0.21999999999999997,0.0,0.07076923076923095,-1.6006335023449891,0.10259159050337127,0.852822044704369,0.21929387804774378,-0.00011319164581929941,0.22738099736604966,0.12282527928259586,-0.03645527952172123,0.01578407297927067,5.673579874397527,7.65723789080603,-1.627080728510235,0.013100731381199033,0.7427913924385781,0.019507416285327484,0.028368314270402477,0.04593457817448017,0.13639541942344982,0.2905778201065341,0.027077675529684247,-0.05892281695439226,-0.01623809685211092,0.0,0.0,-1.6006335023449891,0.10259159050337127,0.852822044704369,0.1823372610000149,0.03785080700001231,0.022056176000006644,0.00433716100000936,0.022047413000009897,0.3598393050000084,0.1576934940000143,0.022079009000009364,0.0007061219522561946,0.15661176659681872,1.9836580164085031,43.44395079075126,0.1045557180834538,1,lidar_dropout,lidar_dropout_001
123.0,0.3859044313430786,1.5346659114727608,0.9027777777777778,0.1996956640000036,5.007619995194197,0.21999999999999997,0.0,-0.02564102564102541,-1.5714160378332531,0.1366125963113909,0.8680337733523262,0.2198031364006251,-5.269588873918485e-05,0.07515013755246523,0.00851820563986414,-0.07777864041100423,-0.0006350632954488199,6.338789208025879,6.994100823437863,-1.627080728510235,0.013100731381199033,0.7427913924385781,0.019507416285327484,0.028368314270402477,0.04593457817448017,0.13639541942344982,0.2905778201065341,0.027077675529684247,-0.05892281695439226,-0.01623809685211092,0.0,0.0,-1.5714160378332531,0.1366125963113909,0.8680337733523262,0.18264159699999993,0.03789502899999775,0.017767363000004366,0.0038946640000006028,0.017755772000001002,0.559839304999997,0.15318050000000483,0.01780000300000495,0.00019686359937487463,0.10079116319349064,0.6553116154119838,44.334130819452845,0.0666319319126011,1,lidar_dropout,lidar_dropout_001
123.2,0.3527314364910126,1.5216470040724828,0.9027777777777778,0.2005179410000011,4.987084921244002,0.21999999999999997,0.0,-0.12820512820512797,-1.5422802125443515,0.17080233062210365,0.8592182351895713,0.22023683919683812,2.9436639972929557e-06,-0.07455706336962371,-0.08827186189511033,-0.04955757100028025,0.017101125055833187,6.991803761450594,6.341706951937443,-1.627080728510235,0.013100731381199033,0.7427913924385781,0.019507416285327484,0.028368314270402477,0.04593457817448017,0.13639541942344982,0.2905778201065341,0.027077675529684247,-0.05892281695439226,-0.01623809685211092,0.0,0.0,-1.5422802125443515,0.17080233062210365,0.8592182351895713,0.1821236560000017,0.03795490599999596,0.013740108999996892,0.003915556000009701,0.013735664999998676,0.7598393049999999,0.1493997769999993,0.013758078999998702,0.00023683919683814558,0.05364806483550426,0.6500968095131512,44.339970520573594,0.013714798525486613,1,lidar_dropout,lidar_dropout_001
123.4,0.3364843428134918,1.5248793697357177,0.9027777777777778,0.20020562999999925,4.994864530033465,0.21999999999999997,0.0,-0.17948717948717924,-1.5124998265801806,0.2044989400056465,0.831186914339684,0.22055694277448148,4.527425235359428e-05,-0.17608883796108613,-0.17660686561179462,-0.05524678449839742,-0.018423527490584207,7.435441583504823,5.899296689283137,-1.627080728510235,0.013100731381199033,0.7427913924385781,0.019507416285327484,0.028368314270402477,0.04593457817448017,0.13639541942344982,0.2905778201065341,0.027077675529684247,-0.05892281695439226,-0.01623809685211092,0.0,0.0,-1.5124998265801806,0.2044989400056465,0.831186914339684,0.18191802600000528,0.03793956700000933,0.008743244000001482,0.0026679670000078204,0.008738790999998969,0.9598393050000027,0.17935475600000927,0.008762277000002427,0.0005569427744815114,0.0033983415260931127,1.5361448942216862,43.863875916928166,0.0005180276507084913,1,lidar_dropout,lidar_dropout_001
123.60000000000001,0.3033163249492645,1.5383947015902317,0.9083333333333333,0.20090393200000278,4.977503377086648,0.21999999999999997,0.0,-0.17948717948717924,-1.4824140983700962,0.23636565110471772,0.7969782333296639,0.20896624062199579,4.294044552069498e-05,-0.17336673659854734,-0.1707049209226738,1.824888740681679,0.015462421477581666,7.071893290232057,5.5606002416746865,-1.627080728510235,0.013100731381199033,0.7427913924385781,0.019507416285327484,0.028368314270402477,0.04593457817448017,0.13639541942344982,0.2905778201065341,0.027077675529684247,-0.05892281695439226,-0.01623809685211092,0.0,0.0,-1.4824140983700962,0.23636565110471772,0.7969782333296639,0.18101409400000534,0.03790312000000995,0.003778926000009619,0.0016144370000148456,0.003771287000006396,1.1598393050000055,0.17421810600001209,0.0037965070000041123,0.011033759378004188,0.006120442888631894,1.5112930485573708,39.323971538761974,0.0026618156758735356,1,lidar_dropout,lidar_dropout_001
123.80000000000001,0.30333417654037476,1.5587343070880477,0.9222222222222223,0.2010022429999907,4.975068860301456,0.21999999999999997,0.0,-0.17948717948717924,-1.4503971542977612,0.2679920754378089,0.7580677002212424,0.22064807499690925,5.4339496498870266e-05,-0.19399819046671726,-0.1953889393374519,-0.09269685705921489,-0.05080613729493694,7.517140593283286,5.818022228824261,-1.627080728510235,0.013100731381199033,0.7427913924385781,0.019507416285327484,0.028368314270402477,0.04593457817448017,0.13639541942344982,0.2905778201065341,0.027077675529684247,-0.05892281695439226,-0.01623809685211092,0.0,0.0,-1.4503971542977612,0.2679920754378089,0.7580677002212424,0.1800118510000175,0.037920675000009396,0.00040599400000473906,0.002425086000016563,0.0003970480000106136,1.3598393050000084,0.16935021500000857,0.00042211200000963345,0.0006480749969092758,0.014511010979538025,1.699118364459025,43.73489106891935,0.0013907488707346483,1,lidar_dropout,lidar_dropout_001
124.0,0.28620973229408264,1.5624045351786273,0.9333333333333333,0.19925620800000843,5.018664211455624,0.20842105263157892,0.0,-0.17948717948717924,-1.422776819294175,0.2933552525459178,0.7273586802458452,0.22056343387196603,6.542625191599538e-05,-0.17794951687614063,-0.1439185655942075,-0.054657535554791456,-0.03436314047093985,7.443971914534863,5.89089032361679,-1.627080728510235,0.013100731381199033,0.7427913924385781,0.019507416285327484,0.028368314270402477,0.04593457817448017,0.13639541942344982,0.2905778201065341,0.027077675529684247,-0.05892281695439226,-0.01623809685211092,0.0,0.0,-1.422776819294175,0.2933552525459178,0.7273586802458452,0.1807556429999977,0.03791876200000388,0.02991588099999376,0.0018046539999971856,0.029907876999999417,1.559839304999997,0.1658370539999936,0.0299320249999937,0.012142381240387107,0.0015376626110386038,1.5530815909180733,43.851622120608575,0.03403095128193315,1,lidar_dropout,lidar_dropout_001
124.2,0.2819599509239197,1.556253982291502,0.9444444444444444,0.20073043700000426,4.981805524590069,0.21999999999999997,0.0,-0.12820512820512797,-1.3895546818426514,0.3219399549570504,0.6909406632178074,0.22070058992420388,9.05704730422563e-05,-0.2231755313440058,-0.14810726679925573,-0.09954296380629019,0.013534798390100413,7.6403034027201935,5.69471059850168,-1.3921147046731994,0.24692384625828034,0.6895286599895313,0.028694092843928765,0.03161915171957544,0.09310379672806282,0.3314849640762115,0.05326273244904678,0.013284742917642107,-0.09582915740799106,-0.030239736342872123,0.039399529892084735,0.014001639490761202,-1.3895546818426514,0.3219399549570504,0.6909406632178074,0.18002520599999627,0.037744390000000294,0.026057215999998107,0.0016769430000067587,0.026000576000001274,0.15891466300000445,0.1589279340000047,0.0260313200000013,0.0007005899242039093,0.09497040313887783,1.9455928042185135,43.509316763239134,0.07506826454475007,1,lidar_dropout,lidar_dropout_001
124.4,0.2723177969455719,1.5353271452976125,0.9333333333333333,0.19961487199999794,5.009646776218208,0.21999999999999997,0.0,-0.17948717948717924,-1.3554264601374237,0.3493957937710396,0.6650247731817308,0.20882843306885313,4.1919643661098016e-05,-0.12388811462047959,-0.13033544720465617,-0.028943541308419904,-0.03891105712549911,6.856059901938575,5.7760430387075266,-1.3921147046731994,0.24692384625828034,0.6895286599895313,0.028694092843928765,0.03161915171957544,0.09310379672806282,0.3314849640762115,0.05326273244904678,0.013284742917642107,-0.09582915740799106,-0.030239736342872123,0.0,0.0,-1.3554264601374237,0.3493957937710396,0.6650247731817308,0.18041033400000117,0.03774875500000974,0.020990413000006924,0.0006021160000102554,0.0209874040000102,0.3589146630000073,0.1573464870000123,0.021015897000012274,0.011171566931146848,0.055599064866699646,1.080016863231048,39.60089706955411,0.006447332584176582,1,lidar_dropout,lidar_dropout_001
124.60000000000001,0.26648569107055664,1.5107099482991608,0.9222222222222223,0.20127417499999467,4.968347280519354,0.21999999999999997,0.0,-0.17948717948717924,-1.3205684376022215,0.37589814006566535,0.632928112872155,0.20869042262375853,-5.860707649418817e-05,-0.17313248210465984,-0.16782540757886344,-0.07553672165807092,-0.06133121704999135,7.071188171935336,5.56116545765294,-1.3921147046731994,0.24692384625828034,0.6895286599895313,0.028694092843928765,0.03161915171957544,0.09310379672806282,0.3314849640762115,0.05326273244904678,0.013284742917642107,-0.09582915740799106,-0.030239736342872123,0.0,0.0,-1.3205684376022215,0.37589814006566535,0.632928112872155,0.17913615900000934,0.038027975000005654,0.016917301000006546,0.0009071470000066029,0.01683630500001243,0.5589146630000101,0.15216055400000528,0.016852991000007478,0.011309577376241442,0.0063546973825193975,1.510022714282396,39.324047406330834,0.005307074525796401,1,lidar_dropout,lidar_dropout_001
124.80000000000001,0.26791930198669434,1.5085354707572396,0.9194444444444444,0.19981220500000063,5.0046992875134775,0.21999999999999997,0.0,-0.2307692307692305,-1.2848427004939094,0.4011751062931821,0.5981928664380864,0.2087078263669681,-6.19304960580852e-05,-0.17515303089947273,-0.1831131064708454,-0.11141356467322375,-0.018657670379076098,7.079860758166567,5.551827509825579,-1.3921147046731994,0.24692384625828034,0.6895286599895313,0.028694092843928765,0.03161915171957544,0.09310379672806282,0.3314849640762115,0.05326273244904678,0.013284742917642107,-0.09582915740799106,-0.030239736342872123,0.0,0.0,-1.2848427004939094,0.4011751062931821,0.5981928664380864,0.17932395400001155,0.03787135800001806,0.01270092600000794,0.0007017850000181625,0.012689688000008914,0.758914663000013,0.14832135000001756,0.012733989000011547,0.011292173633031866,0.05561619986975777,1.5280332483409875,39.30616572292373,0.007960075571372655,1,lidar_dropout,lidar_dropout_001
125.0,0.27439913153648376,1.513939069668935,0.9138888888888889,0.20053340100000128,4.986700444979705,0.20842105263157892,0.0,-0.2307692307692305,-1.2481642457880002,0.4250687147166831,0.5547995056440405,0.20878716478378365,-7.535001219577397e-05,-0.22718965983840939,-0.22740044811287422,-0.05638353299197371,-0.02975205112433657,7.3074600989201635,5.32506740692903,-1.3921147046731994,0.24692384625828034,0.6895286599895313,0.028694092843928765,0.03161915171957544,0.09310379672806282,0.3314849640762115,0.05326273244904678,0.013284742917642107,-0.09582915740799106,-0.030239736342872123,0.0,0.0,-1.2481642457880002,0.4250687147166831,0.5547995056440405,0.1787905529999989,0.038017252000003054,0.0075234779999959756,0.004598401999999169,0.007513911000003759,0.9589146630000016,0.17789143500000648,0.007551124000002574,0.0003661121522047228,0.0035795709308211188,1.9823926919911337,38.91271760019415,0.00021078827446482928,1,lidar_dropout,lidar_dropout_001
125.2,0.2758967876434326,1.5262912242141968,0.9055555555555556,0.2006550680000032,4.983676764147238,0.20842105263157892,0.0,-0.2307692307692305,-1.2107554756344212,0.4470456845284319,0.5083298654980024,0.20899936464304197,-5.290625313006392e-05,-0.22688320684879906,-0.22691511198941514,-0.04937434568204625,-0.024282942054461944,7.312257734910412,5.332004396727257,-1.3921147046731994,0.24692384625828034,0.6895286599895313,0.028694092843928765,0.03161915171957544,0.09310379672806282,0.3314849640762115,0.05326273244904678,0.013284742917642107,-0.09582915740799106,-0.030239736342872123,0.0,0.0,-1.2107554756344212,0.4470456845284319,0.5083298654980024,0.17813548499999854,0.0381938660000003,0.004059062999999696,0.005041359000003354,0.004051638000007074,1.1589146630000045,0.1734141450000095,0.004073164000004681,0.0005783120114630502,0.0038860239204314417,1.9802533381831555,38.98899039254521,3.190514061607308e-05,1,lidar_dropout,lidar_dropout_001
125.4,0.2861054837703705,1.540209158200484,0.9027777777777778,0.20033540599999355,4.991628888605104,0.20842105263157892,0.0,-0.2307692307692305,-1.1783760978404854,0.4642520660589897,0.46953154475813863,0.22038990046431756,-9.896339831901024e-05,-0.2288292492523413,-0.22906496099506718,-0.08756976764962922,-0.05072654103395784,7.665729244213708,5.66869121929507,-1.219523383859308,0.3823235991316439,0.5027897515949401,0.036146343690244054,0.03923758137403063,0.09554714161276066,0.2193646669326022,0.18673890839459117,-0.013243737629648162,-0.06705083906772104,0.00013806401856096253,0.039140156957297445,0.030377800361433085,-1.1783760978404854,0.4642520660589897,0.46953154475813863,0.17780007900000783,0.03809305400000085,0.03378358600001263,0.004559783000004813,0.033774882000003004,0.16693363500000657,0.16675501699999984,0.033802460000003975,0.011968847832738633,0.0019399815168892054,1.9970380249186377,43.45465205616768,0.00023571174272588036,1,lidar_dropout,lidar_dropout_001
125.60000000000001,0.2943877875804901,1.5427959888624998,0.9055555555555556,0.20004191700000717,4.998952294583161,0.20842105263157892,0.0,-0.2307692307692305,-1.138867555057019,0.48312352749992393,0.42281436819159296,0.22036748912916365,-4.567028394415751e-05,-0.22911880535084803,-0.22951838311595643,-0.07950019976754444,-0.0573322239598223,7.666222747401717,5.666595351384703,-1.219523383859308,0.3823235991316439,0.5027897515949401,0.036146343690244054,0.03923758137403063,0.09554714161276066,0.2193646669326022,0.18673890839459117,-0.013243737629648162,-0.06705083906772104,0.00013806401856096253,0.0,0.0,-1.138867555057019,0.48312352749992393,0.42281436819159296,0.1777581620000035,0.037901589000014724,0.02862336700000867,0.0039721020000058616,0.028613550000002874,0.3669336350000094,0.16473323000001017,0.02866922800001248,0.011946436497584728,0.0016504254183824785,1.9996273960170141,43.441382183106235,0.00039957776510840537,1,lidar_dropout,lidar_dropout_001
125.80000000000001,0.3106856644153595,1.5439382582718943,0.9,0.20098821599999894,4.9754160711591435,0.21999999999999997,0.0,-0.2307692307692305,-1.100677929208579,0.49924536825391636,0.37598593585772505,0.1972431848874623,-6.068628685973465e-05,-0.22929356584696944,-0.230295546151598,0.045737236262591616,-0.05461855962753851,6.965415008473681,4.964240032584417,-1.219523383859308,0.3823235991316439,0.5027897515949401,0.036146343690244054,0.03923758137403063,0.09554714161276066,0.2193646669326022,0.18673890839459117,-0.013243737629648162,-0.06705083906772104,0.00013806401856096253,0.0,0.0,-1.100677929208579,0.49924536825391636,0.37598593585772505,0.1767699460000074,0.03834719800001096,0.0245026500000165,0.003947413000005895,0.024480001000014795,0.5669336350000123,0.16057293100000436,0.024521709000012493,0.022756815112537687,0.0014756649222610607,2.0011749758892634,34.577992028629374,0.001001980304628558,1,lidar_dropout,lidar_dropout_001
126.0,0.3166874051094055,1.5872295111234933,0.9055555555555556,0.20000890000000027,4.999777509900802,0.21999999999999997,0.0,-0.2307692307692305,-1.0595970300944204,0.5143610104165395,0.3290637082732795,0.20884904177785465,-9.720534775688183e-05,-0.22941635018613282,-0.2301059924509736,-0.061796343318019704,-0.08401666317292293,7.317551446659763,5.315226563080669,-1.219523383859308,0.3823235991316439,0.5027897515949401,0.036146343690244054,0.03923758137403063,0.09554714161276066,0.2193646669326022,0.18673890839459117,-0.013243737629648162,-0.06705083906772104,0.00013806401856096253,0.0,0.0,-1.0595970300944204,0.5143610104165395,0.3290637082732795,0.17676104599999576,0.03838546000000065,0.020930393000000436,0.0037367009999940137,0.020909724000006236,0.7669336350000009,0.15602902400000573,0.020913256000000047,0.011150958222145319,0.001352880583097682,2.002324883579094,38.89444382599535,0.0006896422648407785,1,lidar_dropout,lidar_dropout_001
126.2,0.3293513357639313,1.629731000737941,0.9138888888888889,0.19963842599999282,5.00905572156753,0.21999999999999997,0.0,-0.17948717948717924,-1.0178521870227077,0.5275610468870451,0.2852557065493353,0.20875995230846478,-7.407261632973866e-05,-0.18351948182940298,-0.18209747505220902,-0.05562709540094479,-0.035169066099280215,7.117841916238446,5.514853977817004,-1.219523383859308,0.3823235991316439,0.5027897515949401,0.036146343690244054,0.03923758137403063,0.09554714161276066,0.2193646669326022,0.18673890839459117,-0.013243737629648162,-0.06705083906772104,0.00013806401856096253,0.0,0.0,-1.0178521870227077,0.5275610468870451,0.2852557065493353,0.17712262000000578,0.03819326100000353,0.016119934000002445,0.003220804999997995,0.016116354000004662,0.9669336350000037,0.15236637399999609,0.01614455000000703,0.011240047691535193,0.004032302342223737,1.6029879384214425,39.2538588052402,0.0014220067771939515,1,lidar_dropout,lidar_dropout_001
126.4,0.348783403635025,1.6722020290277384,0.925,0.20126159900000573,4.968657731870507,0.19684210526315787,0.0,-0.17948717948717924,-0.9756322642268246,0.5391096187354928,0.24871816300202795,0.20876339356891066,-6.512730119890425e-05,-0.17808314653255083,-0.17818597576738107,-0.24342462507094084,-0.10137039473248263,7.093423645311402,5.539190359306895,-1.0275329431779645,0.44595694159227656,0.2598623993781241,0.04313016188240293,0.03580943594304076,0.0888070774938869,0.2022610481178436,0.24292735221681602,-0.02776821898285094,-0.10237994109987567,-0.018322728680601308,0.038198246150548947,0.01846079269916227,-0.9756322642268246,0.5391096187354928,0.24871816300202795,0.1758610210000029,0.03816694900000073,0.011996236000001659,0.0026719940000106135,0.011937963000008267,0.1424436120000081,0.14245683800000108,0.011942642000008163,0.011921288305752786,0.0014040329546284036,1.5542332860045072,39.29182387058849,0.00010282923483023731,1,lidar_dropout,lidar_dropout_001
126.60000000000001,0.36835432052612305,1.6959855409250373,0.9333333333333333,0.20030953399999873,4.992273607905285,0.20842105263157892,0.0,-0.17948717948717924,-0.9341765932004273,0.5488117483139495,0.2123311656850653,0.22032615692885338,-1.4326926319516153e-05,-0.17824368337271163,-0.17788565948203047,-2.3002781287414042,-0.014518867902128758,7.444003962916812,5.88835348276845,-1.0275329431779645,0.44595694159227656,0.2598623993781241,0.04313016188240293,0.03580943594304076,0.0888070774938869,0.2022610481178436,0.24292735221681602,-0.02776821898285094,-0.10237994109987567,-0.018322728680601308,0.0,0.0,-0.9341765932004273,0.5488117483139495,0.2123311656850653,0.175551487000007,0.03821092000001158,0.007806525000006559,0.002880504000003725,0.007524148000001674,0.34244361200001094,0.14333956300001205,0.007541449000001421,0.011905104297274455,0.0012434961144676127,1.5556504801483628,43.83292666078335,0.0003580238906811528,1,lidar_dropout,lidar_dropout_001
126.80000000000001,0.37751686573028564,1.7415162930650825,0.9388888888888889,0.19954494499999953,5.011402318410032,0.20842105263157892,0.0,-0.12820512820512797,-0.89160092485549,0.5571738504528997,0.17637491500453387,0.20874948400689422,-2.916617749670891e-05,-0.15185166856871007,-0.15133405914942988,-0.09474157510846888,-0.07242350881455711,6.98171953139723,5.651135853147704,-1.0275329431779645,0.44595694159227656,0.2598623993781241,0.04313016188240293,0.03580943594304076,0.0888070774938869,0.2022610481178436,0.24292735221681602,-0.02776821898285094,-0.10237994109987567,-0.018322728680601308,0.0,0.0,-0.89160092485549,0.5571738504528997,0.17637491500453387,0.1760065420000103,0.03812836400001629,0.0039865580000082446,0.002983613000012042,0.003952146000017365,0.5424436120000138,0.17354065900001103,0.0039559950000125355,0.00032843137531529676,0.023646540363582103,1.3305836782495266,39.454645560500474,0.0005176094192801961,1,lidar_dropout,lidar_dropout_001
127.0,0.40465107560157776,1.7665069372338407,0.9444444444444444,0.19985700399999473,5.003577457810917,0.21999999999999997,0.0,-0.12820512820512797,-0.8577564683094573,0.5628060945351501,0.1538166482618346,0.1971131425169821,-5.73427172619774e-05,-0.12737999396384228,-0.12674941613030827,-0.1286559117465879,-0.022500276802602352,6.521181343492307,5.409415351562389,-1.0275329431779645,0.44595694159227656,0.2598623993781241,0.04313016188240293,0.03580943594304076,0.0888070774938869,0.2022610481178436,0.24292735221681602,-0.02776821898285094,-0.10237994109987567,-0.018322728680601308,0.0,0.0,-0.8577564683094573,0.5628060945351501,0.1538166482618346,0.1761495380000042,0.038207812999999646,0.03348218700000416,0.002114657000007014,0.03343213899999853,0.7424436120000024,0.16926483100000667,0.03343764400000282,0.022886857483017886,0.000825134241285691,1.1117659919299179,35.27577846980953,0.0006305778335340129,1,lidar_dropout,lidar_dropout_001
127.2,0.4081376791000366,1.7989301838784455,0.9527777777777777,0.20090509400000656,4.977474588075737,0.21999999999999997,0.0,-0.12820512820512797,-0.8144520190941442,0.5689533522070529,0.12792712339705925,0.20867833421737525,-3.962313114115601e-05,-0.12708356563733564,-0.1271731466977653,-0.01558541833114344,-0.04867643796545717,6.8707557240439,5.761641784782904,-1.0275329431779645,0.44595694159227656,0.2598623993781241,0.04313016188240293,0.03580943594304076,0.0888070774938869,0.2022610481178436,0.24292735221681602,-0.02776821898285094,-0.10237994109987567,-0.018322728680601308,0.0,0.0,-0.8144520190941442,0.5689533522070529,0.12792712339705925,0.1752444440000005,0.03847044900000185,0.029021533000005206,0.0016787280000016835,0.02901810100000546,0.9424436120000053,0.16480852000000823,0.029030953000003024,0.011321665782624724,0.0011215625677923335,1.1091139392609968,39.58683327268765,8.958106042966651e-05,1,lidar_dropout,lidar_dropout_001
127.4,0.4288516938686371,1.8159175494502735,0.9611111111111111,0.20053051200000027,4.986772287301589,0.21999999999999997,0.0,-0.12820512820512797,-0.7709879444135523,0.5739905950538018,0.1019400882519277,0.20869608575264742,5.5058492256281066e-05,-0.1274898969236505,-0.1275274593881668,-0.04383880241901129,-0.01786081944548403,6.871904487593843,5.759234383605476,-1.0275329431779645,0.44595694159227656,0.2598623993781241,0.04313016188240293,0.03580943594304076,0.0888070774938869,0.2022610481178436,0.24292735221681602,-0.02776821898285094,-0.10237994109987567,-0.018322728680601308,0.0,0.0,-0.7709879444135523,0.5739905950538018,0.1019400882519277,0.17471393200000307,0.038237098000010405,0.024957510000007233,0.0018433330000107162,0.024947367999999415,1.142443612000008,0.1607159710000019,0.024983216000009634,0.011303914247352553,0.0007152312814774631,1.1126701039883677,39.57690860580323,3.756246451627754e-05,1,lidar_dropout,lidar_dropout_001
127.60000000000001,0.44064047932624817,1.8229737340370356,0.9611111111111111,0.20015340300000162,4.996167864305519,0.19684210526315787,0.0,-0.07692307692307669,-0.7274095865516721,0.5778918033237976,0.07589271934566247,0.20870047952843923,4.436003836693139e-05,-0.12750442358244846,-0.10914879221519885,-0.0799430789616435,-0.003566024158407271,6.872526009621804,5.759696436418159,-1.0275329431779645,0.44595694159227656,0.2598623993781241,0.04313016188240293,0.03580943594304076,0.0888070774938869,0.2022610481178436,0.24292735221681602,-0.02776821898285094,-0.10237994109987567,-0.018322728680601308,0.0,0.0,-0.7274095865516721,0.5778918033237976,0.07589271934566247,0.1745605290000043,0.0383052770000063,0.020824997000005396,0.0018375020000149789,0.020815416000004916,1.342443612000011,0.1561488680000025,0.020841687000014986,0.011858374265281357,0.050581346659371765,1.112829573203645,39.58366356680982,0.018355631367249603,1,lidar_dropout,lidar_dropout_001
127.80000000000001,0.45365476608276367,1.839536490474922,0.9583333333333334,0.1998779869999936,5.003052187032642,0.20842105263157892,0.0,-0.17948717948717924,-0.684960856907446,0.5807113001806625,0.05829528212071463,0.22016470119899442,2.0312704943056814e-05,-0.07649813731214489,-0.10586328151274996,-0.025045635339946,0.017728718862885486,7.000787693774453,6.333127818477666,-0.750202481977103,0.5125359709633435,0.08096277242274952,0.047312281249398236,0.039127691861338354,0.0911842402394452,0.28521036422590945,0.1788996269553746,-0.026081314364564408,-0.05883427060335078,0.009957151067130555,0.04357833253100805,0.028279879747731863,-0.684960856907446,0.5807113001806625,0.05829528212071463,0.17468254200001354,0.03820675600000811,0.016124187000016832,0.0005104310000092482,0.016111211000009007,0.1500870980000144,0.14990535400001193,0.016153190000011364,0.011743648567415499,0.10298904217503435,0.6676598752967866,44.33688329469909,0.02936514420060507,1,lidar_dropout,lidar_dropout_001
128.0,0.46850818395614624,1.869838317178867,0.9777777777777777,0.2009266550000035,4.976940466161558,0.20842105263157892,0.0,-0.12820512820512797,-0.6412406703602286,0.5826100991518366,0.025925698891578204,0.22033784217340735,5.303884832344365e-05,-0.17824347387644246,-0.16834545422341385,-0.0743986763556809,-0.0499978694630239,7.444030611325102,5.888409351261367,-0.750202481977103,0.5125359709633435,0.08096277242274952,0.047312281249398236,0.039127691861338354,0.0911842402394452,0.28521036422590945,0.1788996269553746,-0.026081314364564408,-0.05883427060335078,0.009957151067130555,0.0,0.0,-0.6412406703602286,0.5826100991518366,0.025925698891578204,0.17375588699999867,0.038393433999999615,0.0118030779999998,0.000752804000001106,0.011796481000004633,0.35008709800000304,0.14743684299999416,0.011846228999999653,0.011916789541828426,0.05003834567131449,1.5556212600637354,43.8334994628026,0.009898019653028611,1,lidar_dropout,lidar_dropout_001
128.20000000000002,0.48210328817367554,1.8906398597737433,0.9861111111111112,0.19988861799998858,5.002786101608132,0.21999999999999997,0.0,-0.12820512820512797,-0.5974891146203405,0.5830929336259887,-0.0024110905098441372,0.22027122082354342,2.783847351812876e-05,-0.1279043892153272,-0.12770004247531386,-0.06888365319038245,-0.026537041786189458,7.2252707301579315,6.108792189778627,-0.750202481977103,0.5125359709633435,0.08096277242274952,0.047312281249398236,0.039127691861338354,0.0911842402394452,0.28521036422590945,0.1788996269553746,-0.026081314364564408,-0.05883427060335078,0.009957151067130555,0.0,0.0,-0.5974891146203405,0.5830929336259887,-0.0024110905098441372,0.17386726900002714,0.03838361700002224,0.00780289600001538,0.0009454960000141455,0.007792214000005515,0.5500870980000201,0.14341301200002476,0.007834713000022475,0.00027122082354344434,0.00030073898980076397,1.1164785403793047,44.13767740542489,0.0002043467400133503,1,lidar_dropout,lidar_dropout_001
128.4,0.5031959414482117,1.9137692407945568,0.9888888888888889,0.20002952900000537,4.999261883979006,0.21999999999999997,0.0,-0.07692307692307669,-0.5533520531383765,0.582420488920116,-0.027952956494286068,0.22003217140207826,2.411872147305323e-05,-0.10070080106927987,-0.10146272414478666,-0.11688437108712059,-0.01683654222712673,7.103306846399516,6.219078896917979,-0.750202481977103,0.5125359709633435,0.08096277242274952,0.047312281249398236,0.039127691861338354,0.0911842402394452,0.28521036422590945,0.1788996269553746,-0.026081314364564408,-0.05883427060335078,0.009957151067130555,0.0,0.0,-0.5533520531383765,0.582420488920116,-0.027952956494286068,0.1738377400000104,0.03856007000001682,0.002953461000004154,0.0050066470000160734,0.0029457830000012564,0.7500870980000087,0.17322687600000108,0.0029744630000152483,3.217140207828484e-05,0.023777724146203175,0.884227949481537,44.17602570677622,0.000761923075506793,1,lidar_dropout,lidar_dropout_001
128.6,0.5450138449668884,1.9129531157485555,0.9888888888888889,0.20064562199999614,4.983911385816429,0.21999999999999997,0.0,-0.07692307692307669,-0.5171138357168398,0.5811502122020685,-0.041826735090818606,0.20858510509840095,3.05423516549011e-06,-0.07641683479764463,-0.0756688923197909,-0.0683776376246537,-0.008147012294330788,6.649036730398863,5.982041241598325,-0.750202481977103,0.5125359709633435,0.08096277242274952,0.047312281249398236,0.039127691861338354,0.0911842402394452,0.28521036422590945,0.1788996269553746,-0.026081314364564408,-0.05883427060335078,0.009957151067130555,0.0,0.0,-0.5171138357168398,0.5811502122020685,-0.041826735090818606,0.1731921180000029,0.038474401999991414,0.033063846999993984,0.0045987369999807015,0.03300196699998992,0.9500870979999974,0.16872548399999232,0.03301561499998229,0.011414894901599026,0.0005062421254320576,0.6669954888005378,39.77481193814808,0.0007479424778537302,1,lidar_dropout,lidar_dropout_001
128.8,0.5692489147186279,1.9118692182295816,0.9944444444444445,0.2001992389999998,4.995023982084173,0.21999999999999997,0.0,-0.02564102564102541,-0.47343649656595754,0.5789892455802643,-0.05732212699913267,0.20859918399258776,-6.078863837299942e-08,-0.07608716957029243,-0.05387968679509082,-0.04522708348373494,-0.02586325598624906,6.648113851431021,5.984062170030696,-0.750202481977103,0.5125359709633435,0.08096277242274952,0.047312281249398236,0.039127691861338354,0.0911842402394452,0.28521036422590945,0.1788996269553746,-0.026081314364564408,-0.05883427060335078,0.009957151067130555,0.0,0.0,-0.47343649656595754,0.5789892455802643,-0.05732212699913267,0.17299287900002014,0.03850198400002114,0.028767962000017633,0.004781347000005098,0.028763909000019794,1.1500870980000144,0.16437810900001182,0.02878782999999885,0.011400816007412218,0.05044614392926702,0.6640516814003252,39.78272660040545,0.022207482775201612,1,lidar_dropout,lidar_dropout_001
129.0,0.57884281873703,1.931059407324512,0.9972222222222222,0.20038924100001054,4.990287876782504,0.21999999999999997,0.0,-0.12820512820512797,-0.4286308388306422,0.5761994113232096,-0.06781271173584223,0.22016112221535517,5.558478068318565e-06,-0.07238076263560743,-0.09329334196790691,-0.043597827988663865,-0.034862772890925126,6.982330964340785,6.351602522012316,-0.4999393389525364,0.5317713768469783,-0.025435048941133312,0.042429130044383034,0.046591772238990026,0.09950073326758732,0.25100127807651273,0.10639782136388283,-0.01871399534177464,-0.030121035506485806,0.034763934948918246,0.029643334146337158,0.02480678388178769,-0.4286308388306422,0.5761994113232096,-0.06781271173584223,0.17260363799999823,0.03845922700000415,0.02367250200001081,0.003643476000007695,0.02365611799999101,0.1578502549999996,0.15784007299998848,0.023693016999999372,0.00016112221535519167,0.05582436556952054,0.6307284423284694,44.34899096263162,0.02091257933229948,1,lidar_dropout,lidar_dropout_001
129.20000000000002,0.5413300395011902,1.9297099937995275,1.0,0.20042148199999588,4.989485109186153,0.20842105263157892,0.0,-0.12820512820512797,-0.38383819201136676,0.5726543455888673,-0.09153332285357449,0.2202668703683867,5.7158332698349634e-06,-0.1266117387790765,-0.09505825273636075,-0.05785056809073212,0.003107530609750943,7.219547133993408,6.114609121680769,-0.4999393389525364,0.5317713768469783,-0.025435048941133312,0.042429130044383034,0.046591772238990026,0.09950073326758732,0.25100127807651273,0.10639782136388283,-0.01871399534177464,-0.030121035506485806,0.034763934948918246,0.0,0.0,-0.38383819201136676,0.5726543455888673,-0.09153332285357449,0.1721821560000194,0.0380733900000223,0.019482261000007384,0.0034230040000124973,0.019471880000025976,0.35785025500001666,0.15558335500000453,0.01950899000001982,0.01184581773680779,0.0015933894260514725,1.1049380123126387,44.14470875992035,0.03155348604271575,1,lidar_dropout,lidar_dropout_001
129.4,0.5284660458564758,1.9140336237019964,1.0,0.20097335200000543,4.9757840532011075,0.20842105263157892,0.0,-0.07692307692307669,-0.34032537626377474,0.5682276838097517,-0.11137157219253764,0.22023670877510967,-1.1876517483629806e-05,-0.1167392635848125,-0.08772580746814697,-0.0627451990950086,-0.04625649338886417,7.174225959313081,6.158065948776074,-0.4999393389525364,0.5317713768469783,-0.025435048941133312,0.042429130044383034,0.046591772238990026,0.09950073326758732,0.25100127807651273,0.10639782136388283,-0.01871399534177464,-0.030121035506485806,0.034763934948918246,0.0,0.0,-0.34032537626377474,0.5682276838097517,-0.11137157219253764,0.1712088040000026,0.03850890500001469,0.015055922000016153,0.003123914000013883,0.01500984099999414,0.5578502550000053,0.15006753599999456,0.015029134999991811,0.01181565614353075,0.03981618666173581,1.016160010537007,44.17935658887125,0.02901345611666553,1,lidar_dropout,lidar_dropout_001
129.6,0.49318578839302063,1.917109913378954,1.0,0.20030977299998654,4.9922676513645055,0.20842105263157892,0.0,0.0,-0.2969076973334729,0.5631096800507203,-0.12039585519405563,0.2200730879462516,-1.3545021327443507e-05,-0.021045763950925226,-0.005955482815787818,-0.34824530283360994,-0.02652626308876579,6.758117314837334,6.575499412491185,-0.4999393389525364,0.5317713768469783,-0.025435048941133312,0.042429130044383034,0.046591772238990026,0.09950073326758732,0.25100127807651273,0.10639782136388283,-0.01871399534177464,-0.030121035506485806,0.034763934948918246,0.0,0.0,-0.2969076973334729,0.5631096800507203,-0.12039585519405563,0.1708990310000047,0.038555868999992526,0.010851998999982015,0.0029017759999874215,0.010840344000001778,0.7578502549999939,0.14658574399999225,0.010874584999982062,0.011652035314672682,0.021045763950925226,0.18261790234614939,44.4379964332594,0.015090281135137409,1,lidar_dropout,lidar_dropout_001
129.8,0.47237181663513184,1.9149329740968015,1.0,0.20045467600002098,4.988658882668795,0.21999999999999997,0.0,0.02564102564102587,-0.25584634389987154,0.5582038157623067,-0.11705927198894149,0.19685791245357176,-1.4245522638938607e-05,0.007215361122995379,0.013079967943086794,4.271066785935685,-0.0021042287763267664,5.932588490032164,5.997362817956993,-0.4999393389525364,0.5317713768469783,-0.025435048941133312,0.042429130044383034,0.046591772238990026,0.09950073326758732,0.25100127807651273,0.10639782136388283,-0.01871399534177464,-0.030121035506485806,0.034763934948918246,0.0,0.0,-0.25584634389987154,0.5582038157623067,-0.11705927198894149,0.17044435500000077,0.0384612880000077,0.006580159000009189,0.0024332160000142267,0.006572693000009622,0.957850255000011,0.1423018280000008,0.006601744000022336,0.023142087546428214,0.01842566451803049,0.06477432792482851,35.57988562435852,0.005864606820091415,1,lidar_dropout,lidar_dropout_001
130.0,0.4575577676296234,1.904566659943925,1.0,0.20058582799998703,4.985397074014943,0.21999999999999997,0.0,0.02564102564102587,-0.21246698298084052,0.553276213535434,-0.10890498530650347,0.2198606475976416,-2.140525446199873e-05,0.049361932112077796,0.04933011081453197,-0.09296003854641213,0.01081439669570498,6.451286945045706,6.878450244429807,-0.4999393389525364,0.5317713768469783,-0.025435048941133312,0.042429130044383034,0.046591772238990026,0.09950073326758732,0.25100127807651273,0.10639782136388283,-0.01871399534177464,-0.030121035506485806,0.034763934948918246,0.0,0.0,-0.21246698298084052,0.553276213535434,-0.10890498530650347,0.16985852700000237,0.03853863300000171,0.0010135590000004413,0.0010174340000048687,0.0010097969999947054,1.1578502549999996,0.13760779099999354,0.0010387069999922005,0.0001393524023583781,0.023720906471051927,0.4271632993841008,44.37485626403646,3.1821297545822635e-05,1,lidar_dropout,lidar_dropout_001
130.20000000000002,0.4403805136680603,1.9102240297529431,1.0,0.2002952930000106,4.992628558674852,0.19684210526315787,0.0,0.02564102564102587,-0.17644790609930408,0.549454425993738,-0.10259637842024773,0.20836956019637165,-2.191339073209092e-05,0.029596837967699196,0.042447017803748155,-0.06708079096005073,-0.006325954788111711,6.185805029136815,6.445087078594121,-0.23674142229705925,0.524448641384912,-0.07540135398458428,0.04678447868993478,0.05017497605861454,0.08997145685562324,0.2632997641214874,0.04996630504345097,-0.013322344639509976,-0.021185519302973074,0.03220666404889883,0.010436155763425038,0.0025572709000194135,-0.17644790609930408,0.549454425993738,-0.10259637842024773,0.16956323400000883,0.0384762710000075,0.03148436400002197,0.0013531230000296546,0.03141063100002839,0.16253825900002994,0.1625563230000182,0.03142797300000666,0.011527454933213777,0.003955812326673327,0.2592820494573065,39.86805206399222,0.012850179836048959,1,lidar_dropout,lidar_dropout_001
130.4,0.4268050491809845,1.9143481659392516,1.0,0.20028386799998543,4.9929133583543175,0.20842105263157892,0.0,0.02564102564102587,-0.13416067804610785,0.5452609708786741,-0.09547375038325219,0.21996531238191286,-1.7261238629849573e-05,0.028685424344320823,0.03789024551913787,-0.059447002586121345,-0.010795302896990717,6.540584329539709,6.791661308031434,-0.23674142229705925,0.524448641384912,-0.07540135398458428,0.04678447868993478,0.05017497605861454,0.08997145685562324,0.2632997641214874,0.04996630504345097,-0.013322344639509976,-0.021185519302973074,0.03220666404889883,0.0,0.0,-0.13416067804610785,0.5452609708786741,-0.09547375038325219,0.16927936600001203,0.03858289000001491,0.02682683599999791,0.0006980429999998705,0.026823656000004803,0.36253825900001857,0.162761512000003,0.026839545000001408,0.011544259750333935,0.0030443987032949538,0.2510769784917244,44.42143352285156,0.009204821174817045,1,lidar_dropout,lidar_dropout_001
130.6,0.41595590114593506,1.9056018555329906,1.0,0.20062432599999624,4.984440421247913,0.20842105263157892,0.0,0.02564102564102587,-0.09065539793820204,0.5412461757239214,-0.08879875730894228,0.2199725482825712,-1.582378030576259e-05,0.027972551729058603,0.0333783149837631,-0.09499599238439504,0.04193549696469279,6.544360821559477,6.789048133965604,-0.23674142229705925,0.524448641384912,-0.07540135398458428,0.04678447868993478,0.05017497605861454,0.08997145685562324,0.2632997641214874,0.04996630504345097,-0.013322344639509976,-0.021185519302973074,0.03220666404889883,0.0,0.0,-0.09065539793820204,0.5412461757239214,-0.08879875730894228,0.16865504000000442,0.03850137499998141,0.022710636999988765,0.0006591359999958968,0.022700528999990865,0.5625382590000072,0.1585994440000036,0.022736659999992526,0.011551495650992283,0.0023315260880327343,0.2446873124061275,44.42998062360597,0.0054057632547044945,1,lidar_dropout,lidar_dropout_001
130.8,0.4056258499622345,1.9184554905527167,1.0,0.199608808000022,5.00979896638574,0.20842105263157892,0.0,0.02564102564102587,-0.047124384881084946,0.5375132397770395,-0.08247193074879296,0.21996842581617082,-2.035598281457593e-05,0.027414156496719584,0.03119869889646676,-0.02430831228760095,0.013980261871070388,6.546981699597286,6.786658506205907,-0.23674142229705925,0.524448641384912,-0.07540135398458428,0.04678447868993478,0.05017497605861454,0.08997145685562324,0.2632997641214874,0.04996630504345097,-0.013322344639509976,-0.021185519302973074,0.03220666404889883,0.0,0.0,-0.047124384881084946,0.5375132397770395,-0.08247193074879296,0.16904623199999946,0.038618374000009226,0.018915895000020555,0.0009296070000175405,0.01890708500002347,0.7625382590000243,0.15453561900000068,0.01893260900001792,0.011547373184591897,0.001773130855693715,0.239676806608621,44.432129041546325,0.0037845423997471747,1,lidar_dropout,lidar_dropout_001
131.0,0.3824712634086609,1.906407553040319,1.0,0.2000485679999997,4.99878609478475,0.21999999999999997,0.0,0.02564102564102587,-0.005901651364777679,0.5342314107971776,-0.07641038663923841,0.19681261232425093,-2.1190090024061914e-05,0.026991718292848545,0.028664525796673224,0.23490946860509165,0.003356645849120203,5.846756153284583,6.082626487843723,-0.23674142229705925,0.524448641384912,-0.07540135398458428,0.04678447868993478,0.05017497605861454,0.08997145685562324,0.2632997641214874,0.04996630504345097,-0.013322344639509976,-0.021185519302973074,0.03220666404889883,0.0,0.0,-0.005901651364777679,0.5342314107971776,-0.07641038663923841,0.1689976639999884,0.03862583599999425,0.013947945000012396,0.004878686000012067,0.013940655999988394,0.9625382590000129,0.14991829600000983,0.013964100000009694,0.023187387675749044,0.0013506926518226763,0.23587033455913975,35.56363384593208,0.0016728075038246783,1,lidar_dropout,lidar_dropout_001
131.20000000000002,0.36372578144073486,1.905497531261709,1.0,0.20106851999997843,4.973428958447137,0.21999999999999997,0.0,0.02564102564102587,0.037660888918350434,0.5310234088807769,-0.0705624390090757,0.20839498595640613,-2.139456321448123e-05,0.02665327639181572,0.02721108904296575,2.234960589970479,0.050275821287810156,6.198911587714279,6.431741674539087,-0.23674142229705925,0.524448641384912,-0.07540135398458428,0.04678447868993478,0.05017497605861454,0.08997145685562324,0.2632997641214874,0.04996630504345097,-0.013322344639509976,-0.021185519302973074,0.03220666404889883,0.0,0.0,0.037660888918350434,0.5310234088807769,-0.0705624390090757,0.167929144000027,0.038718097000014495,0.009698256000007177,0.004844316000003346,0.009690071000022726,1.16253825900003,0.1454217680000056,0.009715576000019155,0.011605014043593848,0.0010122507507898497,0.23283008682480855,39.869797995485186,0.000557812651150031,1,lidar_dropout,lidar_dropout_001
131.4,0.3758920431137085,1.9053275373246934,1.0,0.2004134370000088,4.989685397191987,0.19684210526315787,0.0,0.02564102564102587,0.08125379713312346,0.5280656318619956,-0.06487179199415412,0.208402097392665,-1.1523803786630399e-05,0.0263891457985493,0.026546076149922174,-1.1996000259001067,0.039803985323064325,6.200666585707955,6.431136638161469,0.023751815868465826,0.515161795030813,-0.039798145414364654,0.0524764947136088,0.06582874958286472,0.09888527479983439,0.26065872831187836,0.035603208570219626,-0.007127488151385186,-0.016382407044682506,0.029595460314266037,0.00783875846510166,0.002611203734632795,0.08125379713312346,0.5280656318619956,-0.06487179199415412,0.16751570700000684,0.038860388000017565,0.005939616000006254,0.004742318000012347,0.005928656000008914,0.13479076300001225,0.13475138300000822,0.005967292999997653,0.011559992129507118,0.0007481201575234298,0.23047005245351393,39.87733406037001,0.0001569303513728748,1,lidar_dropout,lidar_dropout_001
131.6,0.3671813905239105,1.9047463398840692,1.0,0.1995677429999887,5.010829831352337,0.20842105263157892,0.0,0.02564102564102587,0.12407578681509748,0.5254061058570435,-0.05928855303049323,0.20849988316669218,-1.3908828165647147e-05,0.027544614185117992,0.02754478001295638,-0.05928182194415447,0.001655282337919093,6.1982397877611835,6.438356811860932,0.023751815868465826,0.515161795030813,-0.039798145414364654,0.0524764947136088,0.06582874958286472,0.09888527479983439,0.26065872831187836,0.035603208570219626,-0.007127488151385186,-0.016382407044682506,0.029595460314266037,0.0,0.0,0.12407578681509748,0.5254061058570435,-0.05928855303049323,0.16794796400000678,0.03866714500000512,0.0017326919999902657,0.0048332749999815405,0.0017242330000044603,0.3347907630000009,0.13742663700000435,0.0017547740000054546,7.883053511326121e-05,0.0019035885440921232,0.24011702409974855,39.906479359079675,1.658278383880052e-07,1,lidar_dropout,lidar_dropout_001
131.8,0.3724201023578644,1.9162801368368996,1.0,0.2006870010000057,4.982883769337764,0.20842105263157892,0.0,0.02564102564102587,0.16061443822257027,0.5233209957727047,-0.05477968054182749,0.21997711376830636,-1.8296522856918462e-05,0.02594106166738124,0.02689900862918115,-0.07615632533295957,0.018254598836708213,6.553586814865741,6.7800369743582145,0.023751815868465826,0.515161795030813,-0.039798145414364654,0.0524764947136088,0.06582874958286472,0.09888527479983439,0.26065872831187836,0.035603208570219626,-0.007127488151385186,-0.016382407044682506,0.029595460314266037,0.0,0.0,0.16061443822257027,0.5233209957727047,-0.05477968054182749,0.16726096300001814,0.038644414000003735,0.030534263000021156,0.004006786000019247,0.030526042000019515,0.5347907630000179,0.16659013200001027,0.030559449999998378,0.011556061136727441,0.00030003602635536933,0.22645015949247327,44.433560919456205,0.0009579469617999117,1,lidar_dropout,lidar_dropout_001
132.0,0.3765024244785309,1.9078021010590924,1.0,0.2003982429999951,4.990063710289239,0.20842105263157892,0.0,0.02564102564102587,0.20424933929679054,0.5210469020772301,-0.04941580611724605,0.21995307010058954,-1.8235881350973232e-05,0.025837636792432127,0.026383517816112576,-0.048370155867190165,-0.007797781560406119,6.5536838306435365,6.779206672504208,0.023751815868465826,0.515161795030813,-0.039798145414364654,0.0524764947136088,0.06582874958286472,0.09888527479983439,0.26065872831187836,0.035603208570219626,-0.007127488151385186,-0.016382407044682506,0.029595460314266037,0.0,0.0,0.20424933929679054,0.5210469020772301,-0.04941580611724605,0.16686272000001168,0.03870634599999789,0.02692804299999807,0.0037749850000068363,0.026919550000002346,0.7347907630000066,0.1625730719999865,0.02694349199998669,0.011532017469010614,0.00019661115140625837,0.22552284186067162,44.4287771541816,0.000545881023680448,1,lidar_dropout,lidar_dropout_001
132.20000000000002,0.3843570053577423,1.9129009453786745,1.0,0.1998688760000107,5.003280250597629,0.21999999999999997,0.0,0.02564102564102587,0.24789662736305532,0.5190053797965624,-0.04409597438569736,0.21995126118255431,-1.807699381361702e-05,0.02575826482831236,0.025772297964649166,-0.10326732501346289,-0.012562152380779996,6.553759779782073,6.778569663147425,0.023751815868465826,0.515161795030813,-0.039798145414364654,0.0524764947136088,0.06582874958286472,0.09888527479983439,0.26065872831187836,0.035603208570219626,-0.007127488151385186,-0.016382407044682506,0.029595460314266037,0.0,0.0,0.24789662736305532,0.5190053797965624,-0.04409597438569736,0.16699384400001804,0.0388349830000152,0.022382908000025736,0.0033908220000284928,0.022371461000005866,0.9347907630000236,0.158713879000004,0.022405758000019205,4.873881744565933e-05,0.00011723918728649002,0.22480988336535201,44.42511722278651,1.4033136336806529e-05,1,lidar_dropout,lidar_dropout_001
132.4,0.4050840735435486,1.898295314858357,1.0,0.20044525099999078,4.988893451010451,0.21999999999999997,0.0,0.02564102564102587,0.29156660688345876,0.5171908465496188,-0.038830277960240335,0.20840339416275858,-2.247518215103307e-05,0.025728165898458076,0.025493009688278744,-0.10970016133962734,0.015567042461730463,6.20352402897301,6.428070676867993,0.023751815868465826,0.515161795030813,-0.039798145414364654,0.0524764947136088,0.06582874958286472,0.09888527479983439,0.26065872831187836,0.035603208570219626,-0.007127488151385186,-0.016382407044682506,0.029595460314266037,0.0,0.0,0.29156660688345876,0.5171908465496188,-0.038830277960240335,0.1665485930000159,0.03877019700001938,0.01786752200001729,0.0029415850000020782,0.017831411999992497,1.1347907630000122,0.15354067900000246,0.01783767399999192,0.011596605837241397,8.714025743220694e-05,0.22454664789498313,39.87669090388739,0.00023515621017933253,1,lidar_dropout,lidar_dropout_001
132.6,0.40497320890426636,1.8955404616892337,1.0,0.20037147400000777,4.990730367137796,0.21999999999999997,0.0,0.02564102564102587,0.3352326843689165,0.5156079131391836,-0.03354961358636761,0.20839597884090763,-2.2295805253303574e-05,0.025678737119920067,0.025984241276681443,0.015140186610542549,0.023022218359600794,6.203906353287683,6.4280180922850905,0.2783142012144015,0.5153847364248358,-0.015769482350431584,0.05201100912204955,0.06531246605009111,0.09316013733300856,0.25456248297005163,0.02402866306393307,-0.013089065783999959,-0.007839152614963084,0.021738390832990652,0.010417658283924141,0.007857069481275385,0.3352326843689165,0.5156079131391836,-0.03354961358636761,0.16617711899999676,0.03879114699998354,0.013704012999994575,0.002689839999987953,0.013696965999997701,0.14629614999998353,0.14626278200000797,0.013717257999985577,0.011604021159092343,3.77114788941979e-05,0.22411173899740788,39.87882228177564,0.0003055041567613763,1,lidar_dropout,lidar_dropout_001
132.8,0.4214085042476654,1.9038558308449056,1.0,0.20022076800000832,4.994486885595996,0.21999999999999997,0.0,0.02564102564102587,0.3789062733591091,0.5142548388402249,-0.028289722656154155,0.20840671239608846,-1.8168264887571776e-05,0.025632842878041292,0.02547521354483489,0.5670373566016631,0.017408558878442042,6.20399483578834,6.427697451176478,0.2783142012144015,0.5153847364248358,-0.015769482350431584,0.05201100912204955,0.06531246605009111,0.09316013733300856,0.25456248297005163,0.02402866306393307,-0.013089065783999959,-0.007839152614963084,0.021738390832990652,0.0,0.0,0.3789062733591091,0.5142548388402249,-0.028289722656154155,0.1659563510000055,0.03885932500000422,0.009939834000022074,0.002983424000007062,0.009910968000014009,0.3462961500000006,0.14539262600001734,0.00991456300002369,0.011593287603911512,8.182762984577235e-06,0.22370261538813807,39.87740179310874,0.00015762933320640285,1,lidar_dropout,lidar_dropout_001
133.0,0.4453848898410797,1.903255543112755,1.0,0.19976979599999822,5.00576173186866,0.20842105263157892,0.0,0.0,0.42258689364974206,0.5131308118041672,-0.02304449213061877,0.20839277677018775,-1.8872150344414508e-05,0.02559529713093118,0.02392264629830134,-0.062092322145487475,0.03260767123669271,6.204277962578883,6.427649765471285,0.2783142012144015,0.5153847364248358,-0.015769482350431584,0.05201100912204955,0.06531246605009111,0.09316013733300856,0.25456248297005163,0.02402866306393307,-0.013089065783999959,-0.007839152614963084,0.021738390832990652,0.0,0.0,0.42258689364974206,0.5131308118041672,-0.02304449213061877,0.1661865549999959,0.03898081500000217,0.006004996999990908,0.002604351000002225,0.00596626099999753,0.5462961499999892,0.14154493399999524,0.0059769130000120185,2.8275861391174884e-05,0.02559529713093118,0.22337180289240255,39.87892579108882,0.0016726508326298378,1,lidar_dropout,lidar_dropout_001
133.20000000000002,0.46644923090934753,1.9034953300323751,1.0,0.20023959599998875,4.994017267194527,0.20842105263157892,0.0,0.0,0.4662771646139282,0.5121730028787642,-0.021129766445010596,0.20842896286784762,-1.2053291577664507e-05,0.011344356600809888,0.011312647984919407,-0.08258422322497096,-0.010496828763998031,6.267080685509634,6.364359098700506,0.2783142012144015,0.5153847364248358,-0.015769482350431584,0.05201100912204955,0.06531246605009111,0.09316013733300856,0.25456248297005163,0.02402866306393307,-0.013089065783999959,-0.007839152614963084,0.021738390832990652,0.0,0.0,0.4662771646139282,0.5121730028787642,-0.021129766445010596,0.1659469590000242,0.03903450200002112,0.0010916600000143717,0.002239219000017556,0.001083135000016,0.7462961500000063,0.13634542100001568,0.0011117910000280062,7.910236268698911e-06,0.011344356600809888,0.09727841319087194,39.88595198311344,3.170861589048106e-05,1,lidar_dropout,lidar_dropout_001
133.4,0.5022452473640442,1.9105470332834456,1.0,0.20106158300001198,4.973600551030877,0.20842105263157892,0.0,0.0,0.5028744913357955,0.5114184022243783,-0.02019188788262685,0.220004409068926,-1.1294114636302421e-05,0.001949424888324759,0.007861202276609114,-0.029580312419193282,0.042394386452124136,6.657961993340336,6.6754435745385665,0.2783142012144015,0.5153847364248358,-0.015769482350431584,0.05201100912204955,0.06531246605009111,0.09316013733300856,0.25456248297005163,0.02402866306393307,-0.013089065783999959,-0.007839152614963084,0.021738390832990652,0.0,0.0,0.5028744913357955,0.5114184022243783,-0.02019188788262685,0.16488537600000086,0.03889260100001479,0.031027173000012453,0.001659146999998029,0.03102388700000347,0.9462961499999949,0.1325098050000122,0.031037007000008998,0.011583356437347064,0.001949424888324759,0.017481581198230955,44.44484960796573,0.005911777388284354,1,lidar_dropout,lidar_dropout_001
133.6,0.5243207216262817,1.908285822139846,1.0,0.20029830400000037,4.992553506593836,0.21999999999999997,0.0,0.0,0.5442325859845724,0.510603419805053,-0.019276503056040083,0.19684449476537091,-1.6313006384409932e-05,0.0015099856386347687,0.0058315303706801365,0.027697141667115868,-0.011999723882368545,5.9578462957008185,5.971370089243795,0.2783142012144015,0.5153847364248358,-0.015769482350431584,0.05201100912204955,0.06531246605009111,0.09316013733300856,0.25456248297005163,0.02402866306393307,-0.013089065783999959,-0.007839152614963084,0.021738390832990652,0.0,0.0,0.5442325859845724,0.510603419805053,-0.019276503056040083,0.16458707199998912,0.038975739999983716,0.02695565299998748,0.0014950409999983094,0.02692557899999315,1.1462961499999835,0.1620274309999843,0.026979929999981778,0.02315550523462906,0.0015099856386347687,0.013523793542976392,35.57650516645981,0.004321544732045368,1,lidar_dropout,lidar_dropout_001
133.8,0.5459630489349365,1.915658201608393,1.0,0.19952813199998332,5.011824598248048,0.21999999999999997,0.0,0.02564102564102587,0.5879181766045518,0.5097775771439778,-0.018582912984231037,0.20845256848905822,-1.2965886996128221e-05,0.0011640805139913884,0.013952118680892222,-0.0807286758324594,-0.0028606052194022403,6.310774650495483,6.321196501207062,0.5272027511775457,0.49117390675301353,0.0007824431990449428,0.054347898057763244,0.08927123038423712,0.10990435813560065,0.250063341128112,0.01655192554947653,-0.020152710892298933,-0.030109049066925776,0.01979223615300905,0.02336329108231836,0.0019461546799816008,0.5879181766045518,0.5097775771439778,-0.018582912984231037,0.16505894000002286,0.039081531000022096,0.022118323000000828,0.0009377130000132183,0.022076635000018996,0.15468658200001073,0.15466863200001058,0.02208192300000178,0.011547431510941758,0.02447694512703448,0.010421850711579417,39.89164664061826,0.012788038166900833,1,lidar_dropout,lidar_dropout_001
134.0,0.5791919231414795,1.9116712790345747,0.9972222222222222,0.20068287500001247,4.9829862164369425,0.21999999999999997,0.0,0.0,0.6316127809470841,0.5090404499470826,-0.015467157103426072,0.2084352310532292,-1.2234999615420676e-05,0.003034696325461866,0.004138726433895164,-0.09853245667472682,-0.013395435680679921,6.302356047644133,6.329600374285586,0.5272027511775457,0.49117390675301353,0.0007824431990449428,0.054347898057763244,0.08927123038423712,0.10990435813560065,0.250063341128112,0.01655192554947653,-0.020152710892298933,-0.030109049066925776,0.01979223615300905,0.0,0.0,0.6316127809470841,0.5090404499470826,-0.015467157103426072,0.16437606499999902,0.03893344599998727,0.017964897000013025,0.000490216999992299,0.017921604999997953,0.35468658199999936,0.15358780099998626,0.017926628999987315,0.011564768946770776,0.003034696325461866,0.027244326641453043,39.891395198049324,0.0011040301084332981,1,lidar_dropout,lidar_dropout_001
134.20000000000002,0.56532222032547,1.9010779171430765,0.9916666666666667,0.20070319799998515,4.982481644363604,0.21999999999999997,0.0,0.0,0.6753138519125526,0.5083767955757724,-0.014983437845808325,0.20844381982715338,-1.0299462085001845e-05,0.0006813303787553375,0.0016121584948281947,-0.055112524293260114,-0.0071376889259111885,6.3123677389144115,6.3184489795531364,0.5272027511775457,0.49117390675301353,0.0007824431990449428,0.054347898057763244,0.08927123038423712,0.10990435813560065,0.250063341128112,0.01655192554947653,-0.020152710892298933,-0.030109049066925776,0.01979223615300905,0.0,0.0,0.6753138519125526,0.5083767955757724,-0.014983437845808325,0.16367286700003092,0.03887896300003035,0.013857523000012861,0.000752118000008295,0.013853659000005791,0.5546865820000164,0.14929179800000725,0.013869792000008374,0.011556180172846597,0.0006813303787553375,0.00608124063872495,39.884373498507905,0.0009308281160728572,1,lidar_dropout,lidar_dropout_001
134.4,0.53831547498703,1.8777263519790885,0.9833333333333333,0.1997411230000239,5.006480313019369,0.20842105263157892,0.0,0.0,0.7201844468659527,0.5077097734707026,-0.014800632570637904,0.2200332644992465,-8.376473348982883e-06,0.00010799490027502443,0.0008820896538071594,-0.19112956735561806,0.0032671011023003814,6.666387664361007,6.667318003350603,0.5272027511775457,0.49117390675301353,0.0007824431990449428,0.054347898057763244,0.08927123038423712,0.10990435813560065,0.250063341128112,0.01655192554947653,-0.020152710892298933,-0.030109049066925776,0.01979223615300905,0.0,0.0,0.7201844468659527,0.5077097734707026,-0.014800632570637904,0.16393174399999566,0.0389235190000079,0.00985316399999192,0.0007378680000158511,0.009845138999992287,0.754686582000005,0.14515857899999673,0.009867933000009543,0.011612211867667588,0.00010799490027502443,0.0009303389895958247,44.44692649190852,0.000774094753532135,1,lidar_dropout,lidar_dropout_001
134.6,0.5089372396469116,1.8746886778485674,0.9805555555555555,0.19972740899999053,5.006824075908617,0.20842105263157892,0.0,0.02564102564102587,0.7638837944488275,0.5070831059933257,-0.012889187305068684,0.21997042616083434,-2.2829930019855216e-05,0.023866275492680052,0.025053221176093852,-2.2828769467360472,0.008705415958808346,6.5629366388367005,6.770771571602193,0.5272027511775457,0.49117390675301353,0.0007824431990449428,0.054347898057763244,0.08927123038423712,0.10990435813560065,0.250063341128112,0.01655192554947653,-0.020152710892298933,-0.030109049066925776,0.01979223615300905,0.0,0.0,0.7638837944488275,0.5070831059933257,-0.012889187305068684,0.16420433499999376,0.039128070000003845,0.005810491000005413,0.0008117689999949107,0.005805727999984356,0.9546865819999937,0.1418218290000084,0.00582791400000815,0.011549373529255419,0.0017747501483458168,0.20783493276549247,44.43614482046198,0.0011869456834137995,1,lidar_dropout,lidar_dropout_001
134.8,0.47731444239616394,1.8569832741365133,0.975,0.19996262600000136,5.000934524634585,0.20842105263157892,0.0,0.0,0.8075949387147047,0.506610647101747,-0.009869796022312593,0.2084633169783326,-1.456391440691953e-05,0.002122537254599568,0.0020626606859958448,-0.06348799844146213,0.005813640394651252,6.3070902913180165,6.3257049386636774,0.5272027511775457,0.49117390675301353,0.0007824431990449428,0.054347898057763244,0.08927123038423712,0.10990435813560065,0.250063341128112,0.01655192554947653,-0.020152710892298933,-0.030109049066925776,0.01979223615300905,0.0,0.0,0.8075949387147047,0.506610647101747,-0.009869796022312593,0.16424170900000945,0.03914202800001476,0.001859633000009353,0.0008017400000142061,0.0018143700000052831,1.1546865820000107,0.13703579100001662,0.001820746000021245,4.2264346753667636e-05,0.002122537254599568,0.018614647345660984,39.896792204388106,5.987656860372307e-05,1,lidar_dropout,lidar_dropout_001
135.0,0.4566231966018677,1.8417179165221218,0.9694444444444444,0.19996204399998874,5.0009490801167065,0.21999999999999997,0.0,0.0,0.8418625709574813,0.5062751619347311,-0.0097404209809971,0.19686305682583655,-1.3058351458454824e-05,0.00020876287057404924,0.0005539130894292892,-0.09870072191490352,0.005552889657449774,5.964194403833803,5.966035979863835,0.7904903556064667,0.49499736411971884,0.015546958104416003,0.04043917422482657,0.1011155677135975,0.10384982991508372,0.2633153650514057,0.01476451490537106,-0.011638385496990668,-0.032051594790720006,0.025365358547680787,0.008733110604259086,0.005573122394671736,0.8418625709574813,0.5062751619347311,-0.0097404209809971,0.16427966500000935,0.03908670300000949,0.03093078800000626,0.004776846999988038,0.03092316499999015,0.12918363500000396,0.12898157399999377,0.030947629999985793,0.023136943174163427,0.00020876287057404924,0.0018415760300323214,35.582598404175,0.00034515021885524,1,lidar_dropout,lidar_dropout_001
135.20000000000002,0.42523056268692017,1.778327554725764,0.95,0.20113337500001194,4.9718252875731865,0.21999999999999997,0.0,0.0,0.8855555144136513,0.5058509144864107,-0.009667998544718552,0.20843543230708717,-6.216884646359933e-06,0.00014673846650599002,0.0006750852532487672,-0.10149359932213886,-0.020009141972080594,6.315116185821532,6.31639918789265,0.7904903556064667,0.49499736411971884,0.015546958104416003,0.04043917422482657,0.1011155677135975,0.10384982991508372,0.2633153650514057,0.01476451490537106,-0.011638385496990668,-0.032051594790720006,0.025365358547680787,0.0,0.0,0.8855555144136513,0.5058509144864107,-0.009667998544718552,0.16314629000001446,0.03902432000000999,0.02664909900002499,0.0046822730000144475,0.026640338000021302,0.329183635000021,0.16268766000001733,0.02667277500000864,0.011564567692912808,0.00014673846650599002,0.001283002071118311,39.888794747570856,0.0005283467867427771,1,lidar_dropout,lidar_dropout_001
135.4,0.3990083336830139,1.7603351766603035,0.95,0.2006289640000034,4.98432519444193,0.21999999999999997,0.0,0.0,0.9292597610330671,0.505429164779747,-0.009614333522779902,0.208449886288219,-9.667359190661685e-06,0.00011607068929057928,0.00012890381261593562,-0.039108649729285544,0.0029129588924860467,6.31513982479334,6.316147901790852,0.7904903556064667,0.49499736411971884,0.015546958104416003,0.04043917422482657,0.1011155677135975,0.10384982991508372,0.2633153650514057,0.01476451490537106,-0.011638385496990668,-0.032051594790720006,0.025365358547680787,0.0,0.0,0.9292597610330671,0.505429164779747,-0.009614333522779902,0.16251732599999968,0.03899667900000736,0.02194160900000952,0.003632424000016954,0.021933014000012463,0.5291836350000096,0.15805456600000412,0.0219554070000072,0.011550113711780968,0.00011607068929057928,0.0010080769975120418,39.8873571538843,1.2833123325356347e-05,1,lidar_dropout,lidar_dropout_001
135.6,0.3916724622249603,1.7493720895948663,0.9416666666666667,0.2004530859999818,4.988698452864382,0.19684210526315787,0.0,0.0,0.9729648184020897,0.505009570031688,-0.009576387480078323,0.20845018190818548,-1.5192493161549168e-05,9.295852947890072e-05,0.00041534473781129123,-0.13423906024352047,0.03499518277606454,6.3155867559137135,6.316386929411263,0.7904903556064667,0.49499736411971884,0.015546958104416003,0.04043917422482657,0.1011155677135975,0.10384982991508372,0.2633153650514057,0.01476451490537106,-0.011638385496990668,-0.032051594790720006,0.025365358547680787,0.0,0.0,0.9729648184020897,0.505009570031688,-0.009576387480078323,0.16206424000000652,0.03905731199998286,0.01770553299999733,0.003759755000004361,0.017694099999999935,0.7291836349999983,0.1535038869999994,0.017734883999992235,0.01160807664502761,9.295852947890072e-05,0.0008001734975495722,39.89168963661626,0.00032238620833239054,1,lidar_dropout,lidar_dropout_001
135.8,0.3691086769104004,1.7277330728853948,0.9388888888888889,0.20013833200002296,4.99654409031392,0.20842105263157892,0.0,0.02564102564102587,1.0154732906416433,0.5046171102464119,-0.007909816824830914,0.21995760200696723,-1.3658484247201959e-05,0.02343115510023632,0.02437179463985886,-0.12526344618138308,0.00082653269120207,6.564087944638501,6.768018868067333,0.7904903556064667,0.49499736411971884,0.015546958104416003,0.04043917422482657,0.1011155677135975,0.10384982991508372,0.2633153650514057,0.01476451490537106,-0.011638385496990668,-0.032051594790720006,0.025365358547680787,0.0,0.0,1.0154732906416433,0.5046171102464119,-0.007909816824830914,0.16192590800000062,0.039080387000012706,0.014054779000019835,0.004010586000021021,0.014022052000001395,0.9291836350000153,0.148806565000001,0.014080812000003107,0.01153654937538831,0.0022098705407895478,0.2039309234288318,44.4258710609667,0.0009406395396225377,1,lidar_dropout,lidar_dropout_001
136.0,0.35906651616096497,1.7075844375150544,0.9333333333333333,0.2004872320000004,4.987848802261872,0.20842105263157892,0.0,0.0,1.059174604009342,0.5043716335843227,-0.00428668503825124,0.22002295514841358,-6.651392446748263e-06,0.002364646706004435,0.0016546628620907544,-1.2479800251124094,-0.004393207671308224,6.6561868622867415,6.677409570204389,0.7904903556064667,0.49499736411971884,0.015546958104416003,0.04043917422482657,0.1011155677135975,0.10384982991508372,0.2633153650514057,0.01476451490537106,-0.011638385496990668,-0.032051594790720006,0.025365358547680787,0.0,0.0,1.059174604009342,0.5043716335843227,-0.00428668503825124,0.16143867599998885,0.039226547999987815,0.009962258999991036,0.0035193040000081055,0.009951690999997709,1.129183635000004,0.1454484129999969,0.009984370000012177,0.011601902516834656,0.002364646706004435,0.02122270791764791,44.446085855302215,0.0007099838439136804,1,lidar_dropout,lidar_dropout_001
136.20000000000002,0.34609654545783997,1.6630861523622524,0.9277777777777778,0.19950038399997538,5.01252168015939,0.21999999999999997,0.0,-0.07692307692307669,1.1028904136221322,0.5041450570223536,-0.009128250136747512,0.2201653421816807,1.0910557845335723e-05,-0.07009545750432306,-0.07048220690700976,-0.03523090111838938,0.014311123235987,6.9719501243014195,6.361795347046531,1.0344351649241665,0.5022004212839011,0.03797529828352201,0.04548505778257139,0.11053250251817148,0.09112753939889019,0.24405112994116496,0.022428340179106006,-0.012246653077053285,-0.04677447048612351,0.04219892584010705,0.014735435459845033,0.016833567292426264,1.1028904136221322,0.5041450570223536,-0.009128250136747512,0.16193829200003051,0.039042363000021396,0.005316360000023224,0.0029840090000163855,0.005281164000024319,0.13942430000003014,0.139399955000016,0.005339707000018734,0.00016534218168073878,0.006827619418753636,0.6101547772548885,44.35411986062125,0.0003867494026867091,1,lidar_dropout,lidar_dropout_001
136.4,0.33267906308174133,1.6337458287556488,0.9222222222222223,0.20135862200001498,4.966263624906639,0.21999999999999997,0.0,-0.02564102564102541,1.1466203089752558,0.5034185947261248,-0.023971576122213446,0.22012760876751025,-1.9190088817603104e-06,-0.04903103221998689,-0.04999375972641139,-0.05220085868981024,0.0059771551732909906,6.884042811381763,6.450646533611382,1.0344351649241665,0.5022004212839011,0.03797529828352201,0.04548505778257139,0.11053250251817148,0.09112753939889019,0.24405112994116496,0.022428340179106006,-0.012246653077053285,-0.04677447048612351,0.04219892584010705,0.0,0.0,1.1466203089752558,0.5034185947261248,-0.023971576122213446,0.16057967000000417,0.03918944200000851,0.0007572659999937059,0.002948881000008896,0.0007023930000116252,0.3394243000000188,0.13627904700001636,0.000706566000019393,0.00012760876751027883,0.02339000657896148,0.43339627777038103,44.406526898472116,0.0009627275064244961,1,lidar_dropout,lidar_dropout_001
136.6,0.33792418241500854,1.5965575544027293,0.9111111111111111,0.19983933200001047,5.004019929369798,0.21999999999999997,0.0,-0.07692307692307669,1.1828541872185265,0.5024478049076859,-0.02914268574614728,0.20849735548515902,-2.49080839301221e-06,-0.02545511458354637,-0.04918494624016369,-0.046350256998853034,0.012148407066919683,6.426657423921541,6.204449140903969,1.0344351649241665,0.5022004212839011,0.03797529828352201,0.04548505778257139,0.11053250251817148,0.09112753939889019,0.24405112994116496,0.022428340179106006,-0.012246653077053285,-0.04677447048612351,0.04219892584010705,0.0,0.0,1.1828541872185265,0.5024478049076859,-0.02914268574614728,0.16074033799998233,0.0392677410000033,0.030834830999992846,0.0027323179999996228,0.030827143999999862,0.5394243000000074,0.13256613600000833,0.03085341299998845,0.011502644514840954,0.051467962339530327,0.22220828301757223,39.87386913273412,0.02372983165661732,1,lidar_dropout,lidar_dropout_001
136.8,0.34436243772506714,1.5736690485259381,0.9111111111111111,0.20001460999998244,4.9996347766800024,0.19684210526315787,0.0,-0.07692307692307669,1.226559335682565,0.5009129631313881,-0.042654689633303426,0.20860060969166333,2.468471638383124e-06,-0.07614827701479404,-0.0775805945047753,-0.0709085464105346,-0.01830357306090716,6.648362049607809,5.9837722996675495,1.0344351649241665,0.5022004212839011,0.03797529828352201,0.04548505778257139,0.11053250251817148,0.09112753939889019,0.24405112994116496,0.022428340179106006,-0.012246653077053285,-0.04677447048612351,0.04219892584010705,0.0,0.0,1.226559335682565,0.5009129631313881,-0.042654689633303426,0.16072572800001694,0.03914270399999964,0.026633090000018456,0.0028004650000070797,0.026622938000002705,0.7394243000000245,0.12834730200000877,0.02664371299999857,0.011758504428505456,0.0007747999082826501,0.6645897499402595,39.782284670604184,0.0014323174899812524,1,lidar_dropout,lidar_dropout_001
137.0,0.3533155918121338,1.5323894922549908,0.9027777777777778,0.19955841899999882,5.011063953157525,0.21999999999999997,0.0,-0.33333333333333304,1.2688758440737695,0.4986848118768898,-0.06842104825386154,0.22041791431789617,2.1737685367801546e-05,-0.22620550957807306,-0.2874626516942024,-0.06087531825135105,-0.08823039973550183,7.652258003783047,5.678918551033287,1.0344351649241665,0.5022004212839011,0.03797529828352201,0.04548505778257139,0.11053250251817148,0.09112753939889019,0.24405112994116496,0.022428340179106006,-0.012246653077053285,-0.04677447048612351,0.04219892584010705,0.0,0.0,1.2688758440737695,0.4986848118768898,-0.06842104825386154,0.16116730900000675,0.039240121000005956,0.022014388000002327,0.0017961400000103822,0.021903686999991123,0.9394243000000131,0.15862086499998895,0.02190757100001406,0.0004179143178962008,0.10712782375525998,1.9733394527497605,43.45654993497649,0.061257142116129315,1,lidar_dropout,lidar_dropout_001
137.20000000000002,0.36004167795181274,1.5140081635779805,0.9,0.2014729200000147,4.96344620408503,0.21999999999999997,0.0,-0.43589743589743557,1.3136813190369552,0.49411149272599086,-0.14205333986309368,0.22081845783770154,0.00016119615505702165,-0.430569185726418,-0.431656602471255,-0.0615571172325977,-0.1267822716125968,8.545760347665455,4.788466027446227,1.0344351649241665,0.5022004212839011,0.03797529828352201,0.04548505778257139,0.11053250251817148,0.09112753939889019,0.24405112994116496,0.022428340179106006,-0.012246653077053285,-0.04677447048612351,0.04219892584010705,0.0,0.0,1.3136813190369552,0.49411149272599086,-0.14205333986309368,0.1596943890000091,0.03933026200002132,0.017695376000006036,0.0017128870000249208,0.017691725000020142,1.1394243000000301,0.15299051500002747,0.017712559000017336,0.0008184578377015694,0.005328250171017568,3.757294320219228,40.92108310349309,0.0010874167448369776,1,lidar_dropout,lidar_dropout_001
137.4,0.37276026606559753,1.5062156472264268,0.9111111111111111,0.19970664299998475,5.007344698093375,0.21999999999999997,0.0,-0.48717948717948684,1.3579426389512823,0.48579186621142095,-0.2334810262349208,0.22088085841516358,0.00024524912902469664,-0.4791400264430439,-0.47994348251209445,-0.07523586432993347,-0.0795963751768405,8.75690241073173,4.576324970104589,1.27943727492675,0.48712818188741513,-0.13662506381409215,0.04388795020234726,0.1271754598083779,0.10448631295431059,0.24546528533815729,0.17460036209761412,-0.031227449947962987,-0.04465230574580915,0.030032803934633357,0.019099063669189884,0.012166121905473695,1.3579426389512823,0.48579186621142095,-0.2334810262349208,0.15998774600001298,0.039341801999995596,0.012958007999998244,0.000861984000010807,0.012911688999992066,0.14678203100001497,0.14671798800000602,0.01291774099999543,0.0008808584151636101,0.00803946073644296,4.1805774406271405,40.07443116300069,0.0008034560690505788,1,lidar_dropout,lidar_dropout_001
137.6,0.3818332850933075,1.5015151362593582,0.9111111111111111,0.20099839300002031,4.975164154670127,0.21999999999999997,0.0,-0.48717948717948684,1.4012203613658087,0.4733290182476789,-0.32597661684916146,0.22069406930409677,0.00014152474753835464,-0.3933963101836525,-0.40712479313723987,-0.0675211813424057,-0.06502001598141234,8.384843149151664,4.948787623281482,1.27943727492675,0.48712818188741513,-0.13662506381409215,0.04388795020234726,0.1271754598083779,0.10448631295431059,0.24546528533815729,0.17460036209761412,-0.031227449947962987,-0.04465230574580915,0.030032803934633357,0.0,0.0,1.4012203613658087,0.4733290182476789,-0.32597661684916146,0.1589893529999813,0.03918039600000611,0.008999039999991965,0.0006274669999868365,0.008947721999987834,0.3467820310000036,0.14452417999999057,0.008965728999982048,0.0006940693040967949,0.09378317699583433,3.4360555258701817,41.49480799967828,0.013728482953587362,1,lidar_dropout,lidar_dropout_001
137.8,0.3872509002685547,1.4834607233512658,0.9083333333333333,0.19982081199998447,5.004483717141925,0.21999999999999997,0.0,-0.48717948717948684,1.4431915387703862,0.45694583552549994,-0.4267377999774063,0.22114720524210338,0.00036681988970888035,-0.5420340882131515,-0.5375222432797213,-0.16688177318899017,-0.0782754573815676,9.042782222872274,4.30769875805191,1.27943727492675,0.48712818188741513,-0.13662506381409215,0.04388795020234726,0.1271754598083779,0.10448631295431059,0.24546528533815729,0.17460036209761412,-0.031227449947962987,-0.04465230574580915,0.030032803934633357,0.0,0.0,1.4431915387703862,0.45694583552549994,-0.4267377999774063,0.15916854100001387,0.039231534999998985,0.004863316000012219,0.0009552540000186127,0.0048247189999983675,0.5467820310000207,0.140773036000013,0.004830200000014884,0.0011472052421034051,0.05485460103366463,4.735083464820364,38.95358175080079,0.004511844933430154,1,lidar_dropout,lidar_dropout_001
138.0,0.398526132106781,1.4833389908347085,0.9138888888888889,0.2002664999999979,4.993346365967401,0.21999999999999997,0.0,-0.5897435897435894,1.483200237230512,0.43627170303395296,-0.5294508423419042,0.22115053213738917,0.00031223936496684035,-0.5538581093870739,-0.5536879489025541,-0.07533751056649106,-0.10263607653123173,9.085969827949773,4.265385433357971,1.4077543069698182,0.4411744601702392,-0.4376707704395541,0.0438466862845619,0.14755870310827315,0.10403020740201943,0.13629748806196482,0.30104570662546193,-0.03861254823306179,-0.02964056513806318,0.012467374286792076,0.01672997408111616,0.01756542964784128,1.483200237230512,0.43627170303395296,-0.5294508423419042,0.1589020410000046,0.039344177999993235,0.0009264610000059292,0.0007652550000045721,0.0008671170000127404,0.13273369000000912,0.13263951199999724,0.0008725000000140426,0.001150532137389193,0.03588548035651551,4.820584394591802,38.755163352066994,0.00017016048451978794,1,lidar_dropout,lidar_dropout_001
138.20000000000002,0.4092358350753784,1.4940895644379526,0.9194444444444444,0.20019075000001862,4.99523579386114,0.21999999999999997,0.0,-0.5384615384615381,1.5137124774595498,0.4164639718836226,-0.6258837350411038,0.20923011757818194,0.00021673720528841978,-0.5463539207967297,-0.5569084160227284,-0.11990692743315827,-0.0963241757643649,8.701513330747106,3.930756971538303,1.4077543069698182,0.4411744601702392,-0.4376707704395541,0.0438466862845619,0.14755870310827315,0.10403020740201943,0.13629748806196482,0.30104570662546193,-0.03861254823306179,-0.02964056513806318,0.012467374286792076,0.0,0.0,1.5137124774595498,0.4164639718836226,-0.6258837350411038,0.15871129100000303,0.03942496000001938,0.03074329900002226,0.000608886000009079,0.030739481000011892,0.33273369000002617,0.13234975900002155,0.03079999400000588,0.010769882421818033,0.007892382335191628,4.770756359208804,34.203534187767666,0.010554495225998717,1,lidar_dropout,lidar_dropout_001
138.4,0.41965949535369873,1.5041452754221991,0.9277777777777778,0.20013678099999765,4.9965828120319955,0.19684210526315787,0.0,-0.48717948717948684,1.5478983756785647,0.38877876252275617,-0.7375001323819316,0.21010286816894624,6.241729435156607e-05,-0.5367167587898679,-0.5276732275964104,-0.05627186611935337,-0.07180487054348304,8.660131657807026,3.974970191532947,1.4732772369029326,0.40677439969800894,-0.6425856407673893,0.03452377511174154,0.16012793743285178,0.10762864662617204,0.07400417898681745,0.20491487032783523,-0.043377040675747776,-0.034513981391073166,0.022492860038660266,0.006815465810310678,0.010025485751868192,1.5478983756785647,0.38877876252275617,-0.7375001323819316,0.158574509999994,0.039479923000016015,0.02586085699999785,0.004800976000012724,0.025796227000000727,0.12265782500000455,0.12267732500001216,0.025817662000008568,0.01326076290578837,0.04953727161038107,4.68516146627408,34.423765194533736,0.009043531193457466,1,lidar_dropout,lidar_dropout_001
138.6,0.4225851595401764,1.503765538067161,0.9277777777777778,0.2008942589999947,4.97774304242326,0.18526315789473682,0.0,-0.43589743589743557,1.5756138485387807,0.3609004591694599,-0.8399641244439107,0.18676906936598536,9.463160531281156e-05,-0.4859504575305176,-0.4636282969109179,-0.0924390641164495,-0.101382162501825,7.73642738867062,3.4945313832358242,1.4732772369029326,0.40677439969800894,-0.6425856407673893,0.03452377511174154,0.16012793743285178,0.10762864662617204,0.07400417898681745,0.20491487032783523,-0.043377040675747776,-0.034513981391073166,0.022492860038660266,0.0,0.0,1.5756138485387807,0.3609004591694599,-0.8399641244439107,0.15768025099998795,0.03949273699998912,0.021654845999989902,0.004998088000007783,0.02164642399998229,0.3226578249999932,0.15732615100000658,0.021674181999998154,0.0015059114712485389,0.05005302163308201,4.241896005434796,27.03518830383466,0.022322160619599685,1,lidar_dropout,lidar_dropout_001
138.8,0.43322932720184326,1.510862107494634,0.9277777777777778,0.1999758350000036,5.000604198002134,0.16210526315789472,0.0,-0.33333333333333304,1.5989706167699431,0.3323603023622401,-0.9326104203408248,0.1743224930238212,0.00017048384148592166,-0.4427890551098389,-0.43453024390577694,-0.08305613623875577,-0.03758518448946453,7.196160327146238,3.3297439729006104,1.5225380001004065,0.35225992613653284,-0.8548738482644778,0.02666612938518842,0.12926954253356424,0.09418360482754728,0.07347414932125776,0.21228820749708846,-0.0557660767794261,-0.021540333153899933,0.013749468093742783,0.017938889713696136,0.008743391944917482,1.5989706167699431,0.3323603023622401,-0.9326104203408248,0.1577044160000014,0.03951592100000312,0.01786684800001126,0.004968775000008918,0.017806622000023253,0.1503506760000164,0.15036886100000402,0.017814401999999063,0.012217229865926466,0.10945572177650587,3.8664163542456276,23.96137147734167,0.008258811204061967,1,lidar_dropout,lidar_dropout_001
139.0,0.44667595624923706,1.5053105557466055,0.925,0.19936752499998533,5.015862036708705,0.15052631578947367,0.0,-0.28205128205128177,1.6170699830106192,0.3059321456998318,-1.003479670628099,0.1509907717283636,-4.874605864027548e-05,-0.28404477445345094,-0.2835882342828596,-0.11048398860701333,-0.03027740370709691,5.802006670246531,3.3221138105924997,1.5225380001004065,0.35225992613653284,-0.8548738482644778,0.02666612938518842,0.12926954253356424,0.09418360482754728,0.07347414932125776,0.21228820749708846,-0.0557660767794261,-0.021540333153899933,0.013749468093742783,0.0,0.0,1.6170699830106192,0.3059321456998318,-1.003479670628099,0.1583368910000047,0.03958453499998882,0.013909707000010485,0.004818596000006892,0.013879521999996314,0.350350676000005,0.14931876800000055,0.013883792999990874,0.00046445593888991277,0.0019934924021691725,2.479892859654031,19.274926488375804,0.0004565401705913241,1,lidar_dropout,lidar_dropout_001
139.20000000000002,0.43897268176078796,1.5050907285371935,0.9194444444444444,0.20049249499999178,4.987717869439656,0.12736842105263158,0.0,-0.2307692307692305,1.6323024179126806,0.28052305079255707,-1.0567171955239836,0.13931918805162885,-3.702127862741794e-05,-0.23051377168093315,-0.22709355955607027,-2.2606740486819903,0.00853373506450058,5.217262571789066,3.205010472098651,1.5225380001004065,0.35225992613653284,-0.8548738482644778,0.02666612938518842,0.12926954253356424,0.09418360482754728,0.07347414932125776,0.21228820749708846,-0.0557660767794261,-0.021540333153899933,0.013749468093742783,0.0,0.0,1.6323024179126806,0.28052305079255707,-1.0567171955239836,0.15784439600002997,0.039525062000024036,0.009472967000021981,0.004579022000029909,0.009468068000018093,0.5503506760000221,0.1456278530000077,0.009513943000030167,0.011950766998997275,0.0002554590882973551,2.0122520996904147,16.721381178272296,0.003420212124862876,1,lidar_dropout,lidar_dropout_001
139.4,0.4381195902824402,1.4993592357958656,0.9222222222222223,0.20046583500001702,4.988381187247768,0.11578947368421051,0.0,-0.2307692307692305,1.6444330772817077,0.2578784021559291,-1.101934306601903,0.11619779338641159,2.804472155657628e-05,-0.2112749985567276,-0.21173986761283517,-0.008955112395887477,-0.0062939798314240285,4.433624003134524,2.5864889068963897,1.5225380001004065,0.35225992613653284,-0.8548738482644778,0.02666612938518842,0.12926954253356424,0.09418360482754728,0.07347414932125776,0.21228820749708846,-0.0557660767794261,-0.021540333153899933,0.013749468093742783,0.0,0.0,1.6444330772817077,0.2578784021559291,-1.101934306601903,0.15737856100000158,0.03936235500000862,0.004953115000006392,0.003790572000013981,0.004924571999993077,0.7503506760000107,0.1410273790000076,0.004889138000010007,0.00040831970220107927,0.019494232212502904,1.847135096238134,11.46751930145701,0.0004648690561075697,1,lidar_dropout,lidar_dropout_001
139.6,0.4349900782108307,1.4982415476297757,0.9222222222222223,0.20029653399998892,4.9925976252792035,0.10421052631578946,0.0,-0.33333333333333304,1.6544990755467255,0.23684431552514573,-1.1484343022294408,0.10458683386064171,-4.320551104190079e-05,-0.2644317411186715,-0.26182148375814257,-0.06642241809146544,-0.04012807346992587,4.3060694232329935,2.00538362520757,1.5929286944287997,0.2703790684570923,-1.0885950982317967,0.02327849092222145,0.13578968658140947,0.08304154915329076,0.10797835293406767,0.2337212499673189,-0.047493224727754454,-0.02142107727690884,0.023583993134266706,0.008273711563321786,0.009834525040523923,1.6544990755467255,0.23684431552514573,-1.1484343022294408,0.1570820270000013,0.03935789499999487,0.0008359199999858902,0.003954802999999174,0.0007659499999874697,0.1342605049999861,0.1342774959999815,0.0007738169999811362,0.00037630754485225293,0.06890159221466152,2.3006857980254236,8.63532111035845,0.0026102573605289447,1,lidar_dropout,lidar_dropout_001
139.8,0.43554824590682983,1.4827483173572655,0.9166666666666666,0.20027250600000457,4.993196619809497,0.09263157894736841,0.0,-0.28205128205128177,1.6613737447348271,0.22041804909513765,-1.2016599605567002,0.10477986693956604,-5.5384741573051566e-05,-0.32870626507703293,-0.29483029075731637,-0.08840016584242666,-0.06204820954678584,4.592831360425137,1.7243525285983503,1.5929286944287997,0.2703790684570923,-1.0885950982317967,0.02327849092222145,0.13578968658140947,0.08304154915329076,0.10797835293406767,0.2337212499673189,-0.047493224727754454,-0.02142107727690884,0.023583993134266706,0.0,0.0,1.6613737447348271,0.22041804909513765,-1.2016599605567002,0.15680952100001377,0.039577039000022296,0.030543872000009742,0.0036163330000249516,0.030537607000013622,0.33426050500000315,0.13236401700001466,0.030578876000021182,0.012148287992197623,0.04665498302575116,2.8684788318267866,7.919660369774887,0.03387597431971656,1,lidar_dropout,lidar_dropout_001
140.0,0.44761061668395996,1.4591048178305992,0.9027777777777778,0.20094240800000307,4.976550295943427,0.08105263157894736,0.0,-0.28205128205128177,1.667702319629782,0.20249078155541864,-1.259910532455046,0.09313996289708709,-4.544233494489444e-05,-0.27955003891362695,-0.2690823071244473,-0.10214689055261138,-0.0618473275093035,4.0269680361677205,1.5871244581835988,1.5929286944287997,0.2703790684570923,-1.0885950982317967,0.02327849092222145,0.13578968658140947,0.08304154915329076,0.10797835293406767,0.2337212499673189,-0.047493224727754454,-0.02142107727690884,0.023583993134266706,0.0,0.0,1.667702319629782,0.20249078155541864,-1.259910532455046,0.15586711299999934,0.03950907999998776,0.02589494200000786,0.002943961999989142,0.025741850999992266,0.5342605049999918,0.12697145000001342,0.025752863999997544,0.01208733131813973,0.0025012431376548183,2.4398435779841217,6.391299462525365,0.010467731789179646,1,lidar_dropout,lidar_dropout_001
140.20000000000002,0.44600793719291687,1.448681162647259,0.9,0.20016992000000755,4.995755606036923,0.08105263157894736,0.0,-0.2307692307692305,1.6723570819942726,0.18651155206307124,-1.312833120073954,0.08150216132021515,-7.803609842538597e-05,-0.2330166938133867,-0.23128129410332562,-0.07613652368279808,-0.05495907444011035,3.4741028741658253,1.439316627272483,1.5929286944287997,0.2703790684570923,-1.0885950982317967,0.02327849092222145,0.13578968658140947,0.08304154915329076,0.10797835293406767,0.2337212499673189,-0.047493224727754454,-0.02142107727690884,0.023583993134266706,0.0,0.0,1.6723570819942726,0.18651155206307124,-1.312833120073954,0.15569719300000884,0.03950805700000615,0.021942666000029476,0.0026538090000087777,0.021907988000009482,0.7342605050000088,0.1236501640000256,0.02191311200002133,0.00044952974126778733,0.002247463044156184,2.034786246893342,5.000334031641995,0.001735399710061064,1,lidar_dropout,lidar_dropout_001
140.4,0.4515213370323181,1.4317390411536886,0.8944444444444445,0.2001130319999902,4.997175796127306,0.09263157894736841,0.0,-0.2307692307692305,1.6759565364158293,0.17148196823412437,-1.3603822548702165,0.06992436307199826,-5.587398817506403e-05,-0.23141386944482936,-0.23751420399639567,-0.007944165996678566,-0.02369003237869164,3.116012041999685,1.0955843712200504,1.6213731354233651,0.22579325078309292,-1.2875007184701008,0.02422767872192244,0.14374377807722022,0.077810328435204,0.05288649507343469,0.19890562023830416,-0.043605039719924375,-0.022976437173511215,0.04033691650202697,0.004187735314352322,0.016752923367760263,1.6759565364158293,0.17148196823412437,-1.3603822548702165,0.15558416100000727,0.039568203000015956,0.017758947000004355,0.0029420930000014778,0.01771446800000831,0.15146485400001097,0.1514303849999976,0.017802345999996305,0.022707215875370154,0.0006446386755988576,2.0204276707796347,3.41385409374833,0.0061003345515663054,1,lidar_dropout,lidar_dropout_001
140.6,0.4466920793056488,1.4362666093229508,0.8944444444444445,0.20053501900000015,4.986660210204978,0.08105263157894736,0.0,-0.17948717948717924,1.67948036306701,0.1528572986745828,-1.4046918757354911,0.09298192508501944,1.3930561588923474e-06,-0.18239269841500977,-0.19666418278509962,-0.10299600364152844,-0.03955933146347342,3.6034557450048372,2.0104066087344994,1.6213731354233651,0.22579325078309292,-1.2875007184701008,0.02422767872192244,0.14374377807722022,0.077810328435204,0.05288649507343469,0.19890562023830416,-0.043605039719924375,-0.022976437173511215,0.04033691650202697,0.0,0.0,1.67948036306701,0.1528572986745828,-1.4046918757354911,0.15504914199999575,0.03954751199998441,0.01282109499999251,0.0016170179999903667,0.012811726999984785,0.3514648539999996,0.14835664299999962,0.012842229000000316,0.01192929350607208,0.0029055189278305305,1.5930491362703378,7.244411244040024,0.014271484370089849,1,lidar_dropout,lidar_dropout_001
140.8,0.442710280418396,1.435853360787682,0.8944444444444445,0.20087314700001002,4.978266208971925,0.08105263157894736,0.0,-0.17948717948717924,1.6819010701339838,0.136412891832003,-1.443528426175344,0.08140989815053327,-2.3792482626072697e-05,-0.17846009012148709,-0.1786290453064906,-0.025032779990997518,-0.010180895989359713,3.2349916891390755,1.6772775315707757,1.6213731354233651,0.22579325078309292,-1.2875007184701008,0.02422767872192244,0.14374377807722022,0.077810328435204,0.05288649507343469,0.19890562023830416,-0.043605039719924375,-0.022976437173511215,0.04033691650202697,0.0,0.0,1.6819010701339838,0.136412891832003,-1.443528426175344,0.15417599500000279,0.03959962999999789,0.008928017000016553,0.0018108760000075108,0.008917705000015985,0.5514648540000167,0.14429910399999812,0.008952189000012822,0.00035726657158591246,0.001027089365692152,1.5577141575682998,5.425978875011163,0.00016895518500351092,1,lidar_dropout,lidar_dropout_001
141.0,0.43306660652160645,1.4448165726957853,0.8944444444444445,0.19952868699999726,5.0118106575823544,0.06947368421052631,0.0,-0.17948717948717924,1.683594918997757,0.12105926721289943,-1.4822316356793523,0.06987510598305242,5.2817500130490115e-05,-0.18697112107892824,-0.18640032901631232,-0.06292142062607282,-0.030106341458395622,2.922529323872776,1.2887072791932805,1.6213731354233651,0.22579325078309292,-1.2875007184701008,0.02422767872192244,0.14374377807722022,0.077810328435204,0.05288649507343469,0.19890562023830416,-0.043605039719924375,-0.022976437173511215,0.04033691650202697,0.0,0.0,1.683594918997757,0.12105926721289943,-1.4822316356793523,0.15464730799999415,0.039587084000004324,0.004753999000001841,0.001516255000012734,0.004717446999990216,0.7514648540000053,0.14041564699999753,0.004722060999995392,0.00040142177252611155,0.007483941591749005,1.6338220446794955,3.766284813330663,0.0005707920626159269,1,lidar_dropout,lidar_dropout_001
141.20000000000002,0.4469686448574066,1.437612301185495,0.8916666666666667,0.20022747499999127,4.994319585761363,0.05789473684210526,0.0,-0.12820512820512797,1.6844771476318992,0.10922289229235473,-1.509698487465011,0.0697495819181425,2.454863992270174e-05,-0.1323632610670959,-0.19373570190497919,-0.09864084652052754,-0.009151957375850336,2.6837877201614306,1.5274407970297976,1.6213731354233651,0.22579325078309292,-1.2875007184701008,0.02422767872192244,0.14374377807722022,0.077810328435204,0.05288649507343469,0.19890562023830416,-0.043605039719924375,-0.022976437173511215,0.04033691650202697,0.0,0.0,1.6844771476318992,0.10922289229235473,-1.509698487465011,0.15441983300001993,0.039582307000017636,0.03397275400001831,0.0007428440000296632,0.03395965100000353,0.9514648540000223,0.13594469200000958,0.03399698100002979,0.011854845076037235,0.0041581328619679225,1.156346923131633,4.099326854342159,0.06137244083788329,1,lidar_dropout,lidar_dropout_001
141.4,0.44641050696372986,1.4321092566475273,0.8888888888888888,0.20070437500001503,4.9824524253640465,0.05789473684210526,0.0,-0.12820512820512797,1.6850189707449574,0.09735304600591412,-1.5399017766688499,0.058142533857060606,2.0317320113384966e-05,-0.12877271477436508,-0.12804834469608178,-0.055896733650563045,-0.013662439603421797,2.316330138222368,1.1921511330361596,1.6213731354233651,0.22579325078309292,-1.2875007184701008,0.02422767872192244,0.14374377807722022,0.077810328435204,0.05288649507343469,0.19890562023830416,-0.043605039719924375,-0.022976437173511215,0.04033691650202697,0.0,0.0,1.6850189707449574,0.09735304600591412,-1.5399017766688499,0.15371545799999353,0.03971404600000028,0.030090139999998655,0.0010526130000130252,0.030055203000017627,1.151464854000011,0.13130618700000696,0.030059542999993027,0.0002477970149553435,0.0005675865692371107,1.1241790051862084,2.7614155987676003,0.0007243700782832985,1,lidar_dropout,lidar_dropout_001
141.6,0.444506973028183,1.434891654966767,0.8861111111111111,0.19983574299999418,5.004109800317499,0.04631578947368421,0.0,-0.12820512820512797,1.6852355337881826,0.08548774418091272,-1.5659596336800936,0.058167084528272156,1.299215313699015e-05,-0.12733758289840974,-0.1798331706561424,-0.051790789358476065,-0.007902104159989985,2.3099557957109997,1.1985671155183366,1.6365002113160956,0.13625641561410035,-1.5219947459658267,0.022658676781806886,0.15250370733032148,0.07790647414150408,0.09080568967385123,0.2344940274957259,-0.04543506100537219,-0.003112807709715223,0.027516616714937193,0.019947750584468824,0.012820299787089776,1.6852355337881826,0.08548774418091272,-1.5659596336800936,0.15387971499998798,0.03980611200000794,0.02576215799999204,0.0008027169999991202,0.025709110000008195,0.12307454699998743,0.12299314599999889,0.02572527399999558,0.011851295054587943,0.0008675453067182315,1.1113886801926631,2.768637055040197,0.052495587757732665,1,lidar_dropout,lidar_dropout_001
141.8,0.44175097346305847,1.429225910665854,0.8833333333333333,0.2003012829999875,4.992479254364349,0.04631578947368421,0.0,-0.07692307692307669,1.6851410198365084,0.07597503009145253,-1.592534909379008,0.046504455441930666,1.9130282842348516e-06,-0.08113867214049493,-0.07923130148061414,-0.08598001423401837,0.004934622107758113,1.7585091565882354,1.0489833209648731,1.6365002113160956,0.13625641561410035,-1.5219947459658267,0.022658676781806886,0.15250370733032148,0.07790647414150408,0.09080568967385123,0.2344940274957259,-0.04543506100537219,-0.003112807709715223,0.027516616714937193,0.0,0.0,1.6851410198365084,0.07597503009145253,-1.592534909379008,0.15357843200001753,0.039726873000006435,0.02107518100001471,5.7748000017454615e-05,0.021041972000006126,0.3230745470000045,0.12281335900001977,0.021047549000002164,0.00018866596824645282,0.004215595217418239,0.7095258356233622,1.8446467750250652,0.0019073706598807944,1,lidar_dropout,lidar_dropout_001
142.0,0.4446122348308563,1.436657464224845,0.8888888888888888,0.2017689030000156,4.956165123224775,0.04631578947368421,0.0,-0.07692307692307669,1.6848619149591557,0.06649316439132116,-1.6082104679062454,0.046476907379891026,-6.75945287807885e-06,-0.07574787629685643,-0.07573754459589067,-0.05664997885862838,-0.024796399235597358,1.7343598648994172,1.0732122516775657,1.6365002113160956,0.13625641561410035,-1.5219947459658267,0.022658676781806886,0.15250370733032148,0.07790647414150408,0.09080568967385123,0.2344940274957259,-0.04543506100537219,-0.003112807709715223,0.027516616714937193,0.0,0.0,1.6848619149591557,0.06649316439132116,-1.6082104679062454,0.15180952899999056,0.03970834699998704,0.01654365499999244,0.0048695060000056856,0.016531415999992305,0.5230745469999931,0.1184663040000089,0.01657255000000646,0.00016111790620681327,0.0011752006262202574,0.6611476132218514,1.8613362558279023,1.0331700965759971e-05,1,lidar_dropout,lidar_dropout_001
142.20000000000002,0.43734753131866455,1.4341535415021602,0.8861111111111111,0.19997569599999565,5.000607673844635,0.03473684210526316,0.0,-0.07692307692307669,1.6844813798842408,0.05817858545518207,-1.6304514743215064,0.03497950181130542,-6.984385169124703e-06,-0.10916303201309525,-0.10288782279936452,-0.05402062020673562,0.0143043786251375,1.534166115064822,0.5710861300894988,1.6365002113160956,0.13625641561410035,-1.5219947459658267,0.022658676781806886,0.15250370733032148,0.07790647414150408,0.09080568967385123,0.2344940274957259,-0.04543506100537219,-0.003112807709715223,0.027516616714937193,0.0,0.0,1.6844813798842408,0.05817858545518207,-1.6304514743215064,0.15183383300001196,0.039763445000005504,0.012853322000012213,0.0047884830000270995,0.012843443000008392,0.7230745470000102,0.14826333600001362,0.012872942000029752,0.00024265970604225862,0.03223995509001856,0.9630799849753232,0.87614098956681,0.006275209213730731,1,lidar_dropout,lidar_dropout_001
142.4,0.4386056363582611,1.4405504935026916,0.8861111111111111,0.20011421099999893,4.997146354588507,0.03473684210526316,0.0,-0.07692307692307669,1.6839955172736996,0.051068969733620045,-1.6471108396536522,0.03491061806036099,-5.0860931070859094e-06,-0.07529043695832247,-0.07515705453062596,-0.05801097570870023,0.014672532275580276,1.3815086591715862,0.724297953803199,1.6365002113160956,0.13625641561410035,-1.5219947459658267,0.022658676781806886,0.15250370733032148,0.07790647414150408,0.09080568967385123,0.2344940274957259,-0.04543506100537219,-0.003112807709715223,0.027516616714937193,0.0,0.0,1.6839955172736996,0.051068969733620045,-1.6471108396536522,0.15171962200000166,0.039891892000014195,0.0077560269999992215,0.003960172999995848,0.007748399999996991,0.9230745469999988,0.14383465000000228,0.007770267000012154,0.00017377595509782823,0.0016326399647542261,0.6572107053683872,1.0006238949993809,0.00013338242769650455,1,lidar_dropout,lidar_dropout_001
142.6,0.42029133439064026,1.4383921896107494,0.8888888888888888,0.20055474000000117,4.986169860657465,0.03473684210526316,0.0,-0.02564102564102541,1.6833992617764875,0.04397119173602703,-1.6618528420371448,0.03484585480650885,-7.509830563872614e-06,-0.046072621099881354,-0.046294285982455025,-0.04579426537531156,-0.01841970712923845,1.2569373257326175,0.8490692325048216,1.6365002113160956,0.13625641561410035,-1.5219947459658267,0.022658676781806886,0.15250370733032148,0.07790647414150408,0.09080568967385123,0.2344940274957259,-0.04543506100537219,-0.003112807709715223,0.027516616714937193,0.0,0.0,1.6833992617764875,0.04397119173602703,-1.6618528420371448,0.15116488199998912,0.039771033999983274,0.003768344000008028,0.0037108909999972184,0.0037578459999849656,1.1230745469999874,0.13992974600000707,0.003800466000001279,0.00010901270124568513,0.020431595458855943,0.40786809322779594,1.0672268104664564,0.00022166488257367029,1,lidar_dropout,lidar_dropout_001
142.8,0.4424949884414673,1.4516633718370278,0.8916666666666667,0.20083977999999547,4.979093285204866,0.023157894736842106,0.0,-0.07692307692307669,1.6829540301436245,0.03923813154437901,-1.6680121853736227,0.023243602926438425,-1.0736053042769301e-05,-0.028592939615895777,-0.05211941041983662,-0.015801759033943874,-0.012192691223962306,0.8271288583638885,0.5762862711181944,1.6365002113160956,0.13625641561410035,-1.5219947459658267,0.022658676781806886,0.15250370733032148,0.07790647414150408,0.09080568967385123,0.2344940274957259,-0.04543506100537219,-0.003112807709715223,0.027516616714937193,0.0,0.0,1.6829540301436245,0.03923813154437901,-1.6680121853736227,0.1503251020000107,0.03987557900001093,0.033916155000014214,0.0037229630000013003,0.03390741900000194,1.3230745470000045,0.13575175100001502,0.033948871000006875,8.570818959631812e-05,0.048330137307180915,0.2508425872456941,0.47666300552077445,0.023526470803940845,1,lidar_dropout,lidar_dropout_001
143.0,0.4349883794784546,1.443346155395389,0.8916666666666667,0.19927650799999697,5.018152967634375,0.023157894736842106,0.0,-0.02564102564102541,1.682463712093158,0.03450584161468254,-1.6814161504097425,0.02333292880898822,-5.876419306840262e-06,-0.07434700653683031,-0.05036377183045841,-0.06104058822658214,-0.01002063994502313,1.0264594040763935,0.3775977937528265,1.6365002113160956,0.13625641561410035,-1.5219947459658267,0.022658676781806886,0.15250370733032148,0.07790647414150408,0.09080568967385123,0.2344940274957259,-0.04543506100537219,-0.003112807709715223,0.027516616714937193,0.0,0.0,1.682463712093158,0.03450584161468254,-1.6814161504097425,0.15104859400000237,0.039647682999998324,0.029857752999987497,0.003981586999998399,0.02985482899998715,1.5230745469999931,0.13109591400001364,0.02986910900000339,0.000175034072146113,0.0487059808958049,0.6488616103235669,0.3875888063560872,0.023983234706371898,1,lidar_dropout,lidar_dropout_001
143.20000000000002,0.44404250383377075,1.4568477605255494,0.8944444444444445,0.20043359999999666,4.989183450279876,0.0,0.0,-0.5056410256410254,1.6821647485866744,0.03188581938575687,-1.7027028296276123,0.0006463523965937711,-0.0005097942532830321,-0.3115499193978394,-0.4287190880904354,-0.0607021426363344,0.14449088018143028,1.3482435984579375,-1.3489014697665074,1.6365002113160956,0.13625641561410035,-1.5219947459658267,0.022658676781806886,0.15250370733032148,0.07790647414150408,0.09080568967385123,0.2344940274957259,-0.04543506100537219,-0.003112807709715223,0.027516616714937193,0.0,0.0,1.6821647485866744,0.03188581938575687,-1.7027028296276123,0.15061499400002276,0.03983500300000742,0.025792231000025367,0.0035737820000179,0.02571785700001783,1.7230745470000102,0.1275786130000256,0.025729590000025837,0.0006463523965937711,0.19409110624318604,2.6971450682244447,-1.8186477715631968,0.11716916869259603,1,lidar_dropout,lidar_dropout_001
143.4,0.4339888393878937,1.4444139994379144,0.8916666666666667,0.19956380300001797,5.010928760462186,0.0,0.0,-0.6923076923076921,1.6821629410020407,0.031649722384336006,-1.8283475167162908,0.0013437334104416273,0.00023120101153819024,-0.745312775183761,-0.7260759785573254,-0.029123730026242155,-0.020018028743481155,3.2535309994466703,-3.2531787875923928,1.6365002113160956,0.13625641561410035,-1.5219947459658267,0.022658676781806886,0.15250370733032148,0.07790647414150408,0.09080568967385123,0.2344940274957259,-0.04543506100537219,-0.003112807709715223,0.027516616714937193,0.0,0.0,1.6821629410020407,0.031649722384336006,-1.8283475167162908,0.15105119099999342,0.03991389899999831,0.021751383999998097,0.0037233259999993606,0.021743161000017608,1.9230745469999988,0.12328620600001727,0.021775737000012896,0.0013437334104416273,0.053005082876068976,6.506709787039063,-10.584318032174185,0.019236796626435626,1,lidar_dropout,lidar_dropout_001
143.6,0.44951677322387695,1.44555089666836,0.8916666666666667,0.2004609779999953,4.988502051506621,0.0,0.0,-0.5897435897435894,1.6821356164415358,0.03140281832305296,-1.9679709882445204,0.0010634908344004808,0.00018637049581493812,-0.6428632249452445,-0.628343784318575,-0.07373827363874844,-0.007792412916641659,2.8067145287230235,-2.8054685511811437,1.6266245985400565,0.07060191845022896,-1.86192079820619,0.02831402448956455,0.1640862554862671,0.07877128551584256,0.06639307739172105,0.3399260522403633,-0.0547907047351811,0.011168725384570654,0.016544906036568757,0.017073085752795116,0.010971710678368437,1.6821356164415358,0.03140281832305296,-1.9679709882445204,0.15059021299998676,0.03998444399999812,0.017112594999986186,0.002988703999989184,0.01703332200000318,0.11559619099998031,0.1156115679999914,0.01708508699999811,0.0010634908344004808,0.05311963520165508,5.612183079904167,-7.874149342475647,0.014519440626669544,1,lidar_dropout,lidar_dropout_001
143.8,0.45699217915534973,1.4526190901688378,0.8972222222222223,0.20080526899999995,4.979949007214548,0.0,0.0,-0.5384615384615381,1.6820873523237576,0.031207161199871356,-2.090157293734203,0.0009103058602051297,0.000137995872925053,-0.587117821910842,-0.5786678897038783,-0.08658961093739878,0.000282672114997913,2.5622263453513043,-2.5623045102341506,1.6266245985400565,0.07060191845022896,-1.86192079820619,0.02831402448956455,0.1640862554862671,0.07877128551584256,0.06639307739172105,0.3399260522403633,-0.0547907047351811,0.011168725384570654,0.016544906036568757,0.0,0.0,1.6820873523237576,0.031207161199871356,-2.090157293734203,0.14978494400000386,0.039934099000021206,0.012080574000009392,0.002034043000008978,0.01175313300001335,0.31559619099999736,0.14860261600000513,0.011776527000023407,0.0009103058602051297,0.04865628344930395,5.124530855585455,-6.565204120934411,0.008449932206963773,1,lidar_dropout,lidar_dropout_001
144.0,0.46069109439849854,1.4464696094254468,0.8916666666666667,0.20089190999999573,4.977801246451493,0.0,0.0,-0.48717948717948684,1.682019859315331,0.031048452759984885,-2.201869681908049,0.0007976527185968869,5.8259734330346055e-05,-0.5362513564141069,-0.5309870532952754,-0.08969813354463085,-0.009533033011822954,2.3406283051850916,-2.339995064636873,1.6352453854840345,0.0634945215800956,-2.121683625766246,0.02285158332177284,0.14448854474997747,0.07739243267377277,0.01117287151107736,0.25976282756005586,-0.046701698839064665,0.025570599813961585,0.003998850018012451,0.01651805083741271,0.012546056018556304,1.682019859315331,0.031048452759984885,-2.201869681908049,0.14889303399999676,0.04004970599999069,0.00778121499999429,0.0016782820000003085,0.007774871000009398,0.14022538899999404,0.1401858860000118,0.007802806999990253,0.0007976527185968869,0.04907186923462009,4.680623369821964,-5.4770586822824825,0.005264303118831526,1,lidar_dropout,lidar_dropout_001
144.20000000000002,0.4658085107803345,1.4434822111671959,0.8916666666666667,0.19992388599999344,5.00190357444349,0.0,0.0,-0.43589743589743557,1.6818651188061513,0.030831934996159972,-2.298667558269913,0.001371230270826184,5.991037874560621e-05,-0.431908262741987,-0.43135233358039643,-0.03874647236026784,0.00762858722169792,1.8869431301597,-1.883919039405081,1.6352453854840345,0.0634945215800956,-2.121683625766246,0.02285158332177284,0.14448854474997747,0.07739243267377277,0.01117287151107736,0.25976282756005586,-0.046701698839064665,0.025570599813961585,0.003998850018012451,0.0,0.0,1.6818651188061513,0.030831934996159972,-2.298667558269913,0.14896914800002037,0.03997558900002218,0.0036337790000118275,0.00168890800000554,0.003628212000023723,0.3402253890000111,0.13957844700001942,0.003672079000011763,0.001371230270826184,0.0039891731554485554,3.770862169564781,-3.554848089182479,0.0005559291615905848,1,lidar_dropout,lidar_dropout_001
144.4,0.4689182937145233,1.4322223398730018,0.8916666666666667,0.20041469599999573,4.989654052116125,0.0,0.0,-0.3846153846153843,1.6817171619162914,0.030653785596821154,-2.3719587622406277,0.0013577067662807248,9.145955575795821e-05,-0.43135336133331736,-0.39801736571075635,-0.09039253659987065,-0.00382463405876695,1.8839572117568448,-1.8808608147956083,1.6352453854840345,0.0634945215800956,-2.121683625766246,0.02285158332177284,0.14448854474997747,0.07739243267377277,0.01117287151107736,0.25976282756005586,-0.046701698839064665,0.025570599813961585,0.003998850018012451,0.0,0.0,1.6817171619162914,0.030653785596821154,-2.3719587622406277,0.14855445200001327,0.04000806400000556,0.03370571400000699,0.0019470430000012584,0.033702225000013186,0.5402253889999997,0.13526975600001379,0.03371503100001405,0.0013577067662807248,0.04673797671793306,3.764818026552453,-3.5434612963450416,0.03333599562256101,1,lidar_dropout,lidar_dropout_001
144.6,0.46675029397010803,1.4419957427307963,0.8888888888888888,0.1999171300000171,5.0020726087850225,0.0,0.0,-0.33333333333333304,1.6815467358485074,0.030469241645357952,-2.4511781596690683,0.0011960469341866919,0.00011091301414920375,-0.3810832968359918,-0.350931222434427,-0.0915815001844828,0.004161068355548692,1.6643280075758426,-1.6615911648458253,1.6359315691580347,0.06367810200488974,-2.4051600574320187,0.023285854163402675,0.13925853794406118,0.07523522973717806,0.0007103166947439758,0.28347643166577274,-0.045726435271293206,0.03274887817617543,0.0001904717138761204,0.007244226616558168,0.0038083783041363306,1.6815467358485074,0.030469241645357952,-2.4511781596690683,0.1486373219999848,0.039917939999980945,0.02993676399998435,0.001973410999994485,0.029926705999997694,0.12747036799999023,0.12743050899999275,0.02996236600000657,0.0011960469341866919,0.047749963502658754,3.325919172421668,-2.765432712793476,0.03015207440156481,1,lidar_dropout,lidar_dropout_001
144.8,0.47041356563568115,1.4348777906494852,0.8944444444444445,0.19994868099999508,5.001283304289587,0.0,0.0,-0.33333333333333304,1.681417420217838,0.030361543481969813,-2.5201094065179466,0.0005031226997079348,-0.00010279665146025339,-0.33074679866006595,-0.3311258289848306,-0.07653034452246979,0.008686986531610756,1.443711290765086,-1.4429080286354792,1.6359315691580347,0.06367810200488974,-2.4051600574320187,0.023285854163402675,0.13925853794406118,0.07523522973717806,0.0007103166947439758,0.28347643166577274,-0.045726435271293206,0.03274887817617543,0.0001904717138761204,0.0,0.0,1.681417420217838,0.030361543481969813,-2.5201094065179466,0.14868864100000678,0.04006713500001524,0.02483175800000481,0.0009549940000113111,0.024823280000020986,0.3274703680000073,0.12718622100001653,0.024861557999997785,0.0005031226997079348,0.0025865346732670824,2.886619319400565,-2.0831426124766335,0.00037903032476466203,1,lidar_dropout,lidar_dropout_001
145.0,0.4672650098800659,1.4464143466505204,0.8944444444444445,0.200858046999997,4.978640462435717,0.0,0.0,-0.28205128205128177,1.6813258624637555,0.03031556680677888,-2.584565179006967,0.0004480293478103752,-0.0001291138623393349,-0.28611575312362986,-0.2840027917171328,-0.06203742397066852,-0.006562999485011178,1.2496404913453316,-1.2487432741735771,1.6359315691580347,0.06367810200488974,-2.4051600574320187,0.023285854163402675,0.13925853794406118,0.07523522973717806,0.0007103166947439758,0.28347643166577274,-0.045726435271293206,0.03274887817617543,0.0001904717138761204,0.0,0.0,1.6813258624637555,0.03031556680677888,-2.584565179006967,0.14783059399999843,0.03983235800001239,0.020816196999987824,0.0008281810000028145,0.02080815100001132,0.5274703679999959,0.12245333499998878,0.02085439600000427,0.0004480293478103752,0.004064471072348086,2.4983837655189087,-1.560480158702447,0.0021129614064970825,1,lidar_dropout,lidar_dropout_001
145.20000000000002,0.47990477085113525,1.44381579738226,0.8944444444444445,0.19950977199999897,5.0122858142507685,0.0,0.0,-0.2307692307692305,1.6812378573127882,0.030280192649690722,-2.6419203645352516,0.0004462213508946717,-0.0001227746083650426,-0.27973639815441936,-0.26563582900322685,-0.05226132942269942,-0.007789683919474276,1.2211586985205618,-1.2202831449938225,1.6359315691580347,0.06367810200488974,-2.4051600574320187,0.023285854163402675,0.13925853794406118,0.07523522973717806,0.0007103166947439758,0.28347643166577274,-0.045726435271293206,0.03274887817617543,0.0001904717138761204,0.0,0.0,1.6812378573127882,0.030280192649690722,-2.6419203645352516,0.1483208220000165,0.040020656000024246,0.016346207000026425,0.0003996820000224943,0.01633805000003008,0.727470368000013,0.118172622000003,0.016370601000005536,0.0004462213508946717,0.04896716738518886,2.4414418435143843,-1.4901593771672343,0.01410056915119251,1,lidar_dropout,lidar_dropout_001
145.4,0.46904584765434265,1.449913661085046,0.8972222222222223,0.20094623800000022,4.976455443768989,0.0,0.0,-0.2307692307692305,1.681156865885739,0.030253212992029925,-2.69097416857871,0.0003926561478337104,-0.00011365497061936894,-0.2293932954015309,-0.2294326473297308,-0.053824202749319476,-0.008270107423217935,1.0014909953615632,-1.000708769238528,1.6372475439999745,0.020067750888632895,-2.660023050312545,0.023925472508614654,0.13161157451135794,0.07690731307134026,0.04363020185912303,0.25486299288052633,-0.0439996275590825,-0.009040840503329293,-0.0007049276957517049,0.041825380478688966,0.0008953994096278253,1.681156865885739,0.030253212992029925,-2.69097416857871,0.14737458400000492,0.03966944600000488,0.011893387000014854,0.0047592330000156835,0.011844206999995777,0.1444886110000141,0.14451526900001,0.011851386000017783,0.0003926561478337104,0.0013759353676996156,2.002199764600091,-1.0022008213717382,3.9351928199898856e-05,1,lidar_dropout,lidar_dropout_001
145.6,0.4794708490371704,1.4479638412132025,0.8944444444444445,0.2008432449999873,4.979007384590222,0.0,0.0,-0.17948717948717924,1.6810768331747425,0.03023050150482921,-2.7376590879587694,0.00038845692145752803,-0.00011166220607527329,-0.22869514810569128,-0.22608971687963722,-0.053635660093801746,0.008073866189366626,0.9984101986617234,-0.997555878474282,1.6372475439999745,0.020067750888632895,-2.660023050312545,0.023925472508614654,0.13161157451135794,0.07690731307134026,0.04363020185912303,0.25486299288052633,-0.0439996275590825,-0.009040840503329293,-0.0007049276957517049,0.0,0.0,1.6810768331747425,0.03023050150482921,-2.7376590879587694,0.14653133900000626,0.04001946099998577,0.007142568999995547,0.0045375159999991865,0.007135189999985414,0.3444886110000027,0.14284490699998287,0.00716979399999218,0.00038845692145752803,0.04920796861851204,1.9959660771360053,-0.9959699628036779,0.0026054312260540557,1,lidar_dropout,lidar_dropout_001
145.8,0.48133841156959534,1.4386871241194545,0.8972222222222223,0.20026666300000784,4.993342301808668,0.0,0.0,-0.17948717948717924,1.6810063987327886,0.030213548112312864,-2.776223459438612,0.0003264807427415933,-9.976801850389966e-05,-0.17835503800891464,-0.17849604573081257,-0.046819291812898275,0.006646150453650164,0.7787458952585014,-0.7780017522843486,1.6372475439999745,0.020067750888632895,-2.660023050312545,0.023925472508614654,0.13161157451135794,0.07690731307134026,0.04363020185912303,0.25486299288052633,-0.0439996275590825,-0.009040840503329293,-0.0007049276957517049,0.0,0.0,1.6810063987327886,0.030213548112312864,-2.776223459438612,0.14626467600001547,0.03999458800001321,0.002675855000006777,0.003445517000017162,0.0026659010000003036,0.5444886110000198,0.13827094600000578,0.002703236000002107,0.0003264807427415933,0.0011321414782645978,1.55674764754285,-0.6058656710953579,0.00014100772189792887,1,lidar_dropout,lidar_dropout_001
146.0,0.4787186086177826,1.438262499752817,0.8916666666666667,0.1996469230000173,5.008842535479063,0.0,0.0,-0.17948717948717924,1.6809501924876686,0.030201182387267652,-2.8064712499332094,0.0003201965552198801,-9.288180446288472e-05,-0.1777998867544516,-0.1779612811151547,-0.06858709939047386,-0.010519132785697409,0.776286937994828,-0.7754915692163187,1.6372475439999745,0.020067750888632895,-2.660023050312545,0.023925472508614654,0.13161157451135794,0.07690731307134026,0.04363020185912303,0.25486299288052633,-0.0439996275590825,-0.009040840503329293,-0.0007049276957517049,0.0,0.0,1.6809501924876686,0.030201182387267652,-2.8064712499332094,0.1466177529999868,0.04009153600000559,0.032882645999990245,0.003795475999993414,0.03284930000000941,0.7444886110000084,0.13483910499999752,0.03285306899999796,0.0003201965552198801,0.0016872927327276355,1.5517785072111465,-0.6020039757077402,0.00016139436070308766,1,lidar_dropout,lidar_dropout_001
146.20000000000002,0.485355019569397,1.442421117618726,0.8972222222222223,0.2011024019999752,4.972591028525474,0.0,0.0,-0.12820512820512797,1.680886011275749,0.03018885650957413,-2.8395685256689376,0.00024671978849085253,-8.989181113046665e-05,-0.13188238841036815,-0.1298889456928015,-0.0668277999795316,0.00024691297912443665,0.5764897904800653,-0.5757263455787688,1.6372475439999745,0.020067750888632895,-2.660023050312545,0.023925472508614654,0.13161157451135794,0.07690731307134026,0.04363020185912303,0.25486299288052633,-0.0439996275590825,-0.009040840503329293,-0.0007049276957517049,0.0,0.0,1.680886011275749,0.03018885650957413,-2.8395685256689376,0.14551535100002866,0.040006038000029776,0.02885958800001731,0.003639061000029642,0.028786708000012595,0.9444886110000255,0.12990289800001165,0.028809428000016624,0.00024671978849085253,0.0036772602052401737,1.152216136058834,-0.3319003603365581,0.001993442717566657,1,lidar_dropout,lidar_dropout_001
146.4,0.4860999584197998,1.4424946326589436,0.8972222222222223,0.20020988300001363,4.994758425586473,0.0,0.0,-0.12820512820512797,1.6808334838599428,0.030179366341508706,-2.865670139516838,0.00023221745082968446,-8.077458261975028e-05,-0.1269646896173139,-0.1267044037564083,-0.08956401072880063,-0.036842559328936396,0.5542183603938223,-0.5539036904923745,1.6372475439999745,0.020067750888632895,-2.660023050312545,0.023925472508614654,0.13161157451135794,0.07690731307134026,0.04363020185912303,0.25486299288052633,-0.0439996275590825,-0.009040840503329293,-0.0007049276957517049,0.0,0.0,1.6808334838599428,0.030179366341508706,-2.865670139516838,0.14530546800000366,0.040266373999997995,0.024523044999995136,0.003393731000016942,0.024497303000003967,1.144488611000014,0.1260592650000092,0.02450108200000045,0.00023221745082968446,0.0012404385878140856,1.1081220508861969,-0.30698359516077106,0.0002602858609055958,1,lidar_dropout,lidar_dropout_001
146.6,0.476026326417923,1.4388875108626153,0.9,0.19993057299998895,5.001736277723044,0.0,0.0,0.0,1.6807806427776366,0.030170711812781848,-2.8915634446701333,0.00024280310916635807,-7.16643520169334e-05,-0.12692851125728236,-0.32233204253473446,-0.011176083001838095,0.015879944451326095,0.5542547594017474,-0.5535392884849653,1.635665369415652,0.04717167431737305,-2.8627786483639883,0.024449423267224102,0.11438967266046271,0.07582643981834764,0.02715006338199389,0.20275559805144328,-0.0446399669724788,-0.004507655866228724,0.012787094121647632,0.004578187143225289,0.013492021817399337,1.6807806427776366,0.030170711812781848,-2.8915634446701333,0.14537489500000333,0.04015361500000836,0.019778354999999692,0.0029509379999979046,0.019771591999983684,0.11895381400000815,0.11898822099999506,0.019804569999990917,0.00024280310916635807,0.12692851125728236,1.1077940478867125,-0.30680178515864887,0.1954035312774521,0,lidar_dropout,lidar_dropout_001
146.8,0.4888880252838135,1.4457016636310898,0.8944444444444445,0.20030921600002216,4.99228153336634,0.0,0.0,0.0,1.6806817431031003,0.03015742834363895,-2.944851606331497,8.984235462107929e-06,-0.0001138305229542405,0.0016540511279295807,0.0011802222203406675,-0.053537612205006316,-0.02087929589587286,-0.006861908299508076,0.007187804331166069,1.635665369415652,0.04717167431737305,-2.8627786483639883,0.024449423267224102,0.11438967266046271,0.07582643981834764,0.02715006338199389,0.20275559805144328,-0.0446399669724788,-0.004507655866228724,0.012787094121647632,0.0,0.0,1.6806817431031003,0.03015742834363895,-2.944851606331497,0.14506567899999823,0.04005551200000923,0.015384072000017568,0.002410347000022739,0.015371585000025334,0.3189538140000252,0.11715723500000763,0.015403793000018595,8.984235462107929e-06,0.0016540511279295807,0.014049712630674146,-4.9322054195268546e-05,0.00047382890758891323,0,lidar_dropout,lidar_dropout_001
147.0,0.481855183839798,1.4391091381726058,0.8944444444444445,0.20090084299999944,4.977579909906116,0.0,0.0,0.0,1.6806745696562595,0.030156390200052764,-2.944759800556934,1.657899502611553e-05,-4.451849341123879e-05,0.00022982484369945205,0.00019092728624326753,-0.08204742730377622,0.041668321797513806,-0.0015233329291673048,0.0004591845601303471,1.635665369415652,0.04717167431737305,-2.8627786483639883,0.024449423267224102,0.11438967266046271,0.07582643981834764,0.02715006338199389,0.20275559805144328,-0.0446399669724788,-0.004507655866228724,0.012787094121647632,0.0,0.0,1.6806745696562595,0.030156390200052764,-2.944759800556934,0.14416483599998742,0.04016686200000663,0.010847754999986137,0.0018302409999932934,0.010837100000003375,0.5189538140000138,0.11247222200000806,0.010866278000008833,1.657899502611553e-05,0.00022982484369945205,0.001982517489297652,-6.994909610117621e-07,3.8897557456184516e-05,0,lidar_dropout,lidar_dropout_001
147.20000000000002,0.47356170415878296,1.4396239831025557,0.8944444444444445,0.2003723049999735,4.990709669183734,0.0,0.0,0.0,1.680667393444636,0.030155073686818207,-2.944712927475993,3.481182928210321e-05,-4.847941233408125e-05,0.00022201390656489197,0.00015128567997435013,-0.051020721511581185,-0.0012818790658939891,-0.0008283637431655616,0.0010867392356731335,1.635665369415652,0.04717167431737305,-2.8627786483639883,0.024449423267224102,0.11438967266046271,0.07582643981834764,0.02715006338199389,0.20275559805144328,-0.0446399669724788,-0.004507655866228724,0.012787094121647632,0.0,0.0,1.680667393444636,0.030155073686818207,-2.944712927475993,0.14379253100003098,0.04036245000000349,0.007040182000025652,0.002030979000011257,0.0070372450000206754,0.7189538140000309,0.1423256520000109,0.007062782000019752,3.481182928210321e-05,0.00022201390656489197,0.0019151029788386951,-9.002153811070783e-07,7.072822659054184e-05,0,lidar_dropout,lidar_dropout_001
147.4,0.49205631017684937,1.4393272285135637,0.8944444444444445,0.20037047000002417,4.990755374281846,0.0,0.0,0.0,1.6806603776625288,0.03015365014464322,-2.944666513288974,3.2158466948816974e-05,-4.9243231850983354e-05,0.00022085824501918958,0.00026010713882592833,-0.07057767132704369,-0.007399465203187877,-0.0007654734095298875,0.0011395197254457528,1.635665369415652,0.04717167431737305,-2.8627786483639883,0.024449423267224102,0.11438967266046271,0.07582643981834764,0.02715006338199389,0.20275559805144328,-0.0446399669724788,-0.004507655866228724,0.012787094121647632,0.0,0.0,1.6806603776625288,0.03015365014464322,-2.944666513288974,0.14342206099999544,0.04020876900000303,0.002790043000004516,0.001861531999992394,0.002721737000001667,0.9189538140000195,0.1385371320000104,0.002818275999999287,3.2158466948816974e-05,0.00022085824501918958,0.0019049931349756403,-8.722720494635217e-07,3.924889380673875e-05,0,lidar_dropout,lidar_dropout_001
147.6,0.4752129912376404,1.439085747144237,0.8944444444444445,0.19998326999998994,5.000418284989791,0.0,0.0,0.0,1.6806544771778147,0.030152472859934696,-2.944627938297357,2.6381143189545077e-05,-4.6668740571784914e-05,0.00022063581419663286,0.0001304018711007179,-0.04744521598947474,0.017632515060690555,-0.0007439542053383553,0.0011590034064591424,1.635665369415652,0.04717167431737305,-2.8627786483639883,0.024449423267224102,0.11438967266046271,0.07582643981834764,0.02715006338199389,0.20275559805144328,-0.0446399669724788,-0.004507655866228724,0.012787094121647632,0.0,0.0,1.6806544771778147,0.030152472859934696,-2.944627938297357,0.14343879099999413,0.09013831699999741,0.0327860449999946,0.0016930729999842242,0.03277453600000513,1.1189538140000082,0.13429521899999486,0.03280939900000135,2.6381143189545077e-05,0.00022063581419663286,0.0019029576117974977,-8.622454582367581e-07,9.023394309591495e-05,0,lidar_dropout,lidar_dropout_001
147.8,0.4851014018058777,1.4396721348629236,0.8944444444444445,0.19949539099999924,5.012647134288951,0.0,0.0,0.0,1.6806473378031415,0.030151003267698283,-2.944581864607254,2.6108135986682704e-05,-4.7571148011396355e-05,0.0002197912470485854,0.00011186044163124594,-0.08119769379189937,0.0007472728578010371,-0.0007386327618074714,0.0011568379585734957,1.635665369415652,0.04717167431737305,-2.8627786483639883,0.024449423267224102,0.11438967266046271,0.07582643981834764,0.02715006338199389,0.20275559805144328,-0.0446399669724788,-0.004507655866228724,0.012787094121647632,0.0,0.0,1.6806473378031415,0.030151003267698283,-2.944581864607254,0.14394340000001193,0.29013831700001447,0.028620432000025176,0.0013214520000133234,0.02861315200001968,1.3189538140000252,0.130324078000001,0.028636039000019764,2.6108135986682704e-05,0.0002197912470485854,0.0018954707203809671,-8.544784163048584e-07,0.00010793080541733945,0,lidar_dropout,lidar_dropout_001
148.0,0.48645538091659546,1.4397515657340518,0.8944444444444445,0.20108077699998717,4.9731258000861205,0.0,0.0,0.0,1.6806404224086924,0.030149501239960803,-2.9445359861533715,2.5951386647258453e-05,-4.42972762862665e-05,0.00021919173830770039,1.9202452608592e-05,-0.05410277760203995,0.007879249298807633,-0.0007416996122979445,0.0011487591641423161,1.635665369415652,0.04717167431737305,-2.8627786483639883,0.024449423267224102,0.11438967266046271,0.07582643981834764,0.02715006338199389,0.20275559805144328,-0.0446399669724788,-0.004507655866228724,0.012787094121647632,0.0,0.0,1.6806404224086924,0.030149501239960803,-2.9445359861533715,0.1428626230000134,0.4901383170000031,0.02291862600000627,0.004743009999998549,0.022909811999994645,1.5189538140000138,0.12524550399999157,0.02293356499998822,2.5951386647258453e-05,0.00021919173830770039,0.0018904587764402606,-8.520342266680667e-07,0.00019998928569910839,0,lidar_dropout,lidar_dropout_001
148.20000000000002,0.4763336777687073,1.439660861903096,0.8944444444444445,0.20087172700002043,4.978301401271361,0.0,0.0,0.0,1.6806332694248813,0.03014813447777595,-2.9444902091137646,3.5168125054657066e-05,-5.075763597936691e-05,0.0002177100187601035,-0.0002058307661378239,-0.0833564669076716,0.008423616347431268,-0.0008436483767611269,0.0010338678777810422,1.635665369415652,0.04717167431737305,-2.8627786483639883,0.024449423267224102,0.11438967266046271,0.07582643981834764,0.02715006338199389,0.20275559805144328,-0.0446399669724788,-0.004507655866228724,0.012787094121647632,0.0,0.0,1.6806332694248813,0.03014813447777595,-2.9444902091137646,0.14199089600001003,0.6901383170000202,0.018615814000014552,0.004380768000004309,0.018611985000006825,1.7189538140000309,0.120271530000025,0.0186262600000191,3.5168125054657066e-05,0.0002177100187601035,0.001877516254542169,-8.722209568754474e-07,0.0004235407848979274,0,lidar_dropout,lidar_dropout_001
148.4,0.4847985804080963,1.4379250378527255,0.8944444444444445,0.20013030199999093,4.99674457094481,0.0,0.0,0.0,1.6806262553758937,0.030146489913306748,-2.9444447129376154,2.9555659548734615e-05,-4.692152108837856e-05,0.00021698191744719503,-4.922632161891185e-05,-0.08123185908599953,-0.03631666109557325,-0.0007479963803342488,0.0011237964732357013,1.635665369415652,0.04717167431737305,-2.8627786483639883,0.024449423267224102,0.11438967266046271,0.07582643981834764,0.02715006338199389,0.20275559805144328,-0.0446399669724788,-0.004507655866228724,0.012787094121647632,0.0,0.0,1.6806262553758937,0.030146489913306748,-2.9444447129376154,0.14186059400000772,0.8901383170000088,0.014500228000002835,0.004673416000002817,0.014400475000002189,1.9189538140000195,0.11639020399999822,0.01442121499999871,2.9555659548734615e-05,0.00021698191744719503,0.0018717928535699501,-8.405956942126991e-07,0.00026620823906610685,0,lidar_dropout,lidar_dropout_001
148.6,0.47660744190216064,1.4390278590947205,0.8944444444444445,0.20017835600000922,4.9955450728147355,0.0,0.0,0.0,1.680619153062326,0.030145388431859738,-2.9443990857801934,2.08927121208912e-05,-4.487076721756373e-05,0.00021716442287732468,0.0001646236472142611,-0.06777755079272953,0.012058329154659498,-0.0007221841228423362,0.001150341229701899,1.635665369415652,0.04717167431737305,-2.8627786483639883,0.024449423267224102,0.11438967266046271,0.07582643981834764,0.02715006338199389,0.20275559805144328,-0.0446399669724788,-0.004507655866228724,0.012787094121647632,0.0,0.0,1.680619153062326,0.030145388431859738,-2.9443990857801934,0.14168223799998714,1.0901383169999974,0.011026305000001457,0.004858923999989884,0.011015495999998848,2.118953814000008,0.11236062300000071,0.011050619999991795,2.08927121208912e-05,0.00021716442287732468,0.0018725253525442352,-8.307581719416403e-07,5.254077566306357e-05,0,lidar_dropout,lidar_dropout_001
148.8,0.4728146195411682,1.4391073044967948,0.8944444444444445,0.19989763199998833,5.002560510572023,0.0,0.0,0.0,1.6806120499240105,0.030143868911444237,-2.9443538683182604,8.73387704892104e-06,-5.2314908123144474e-05,0.00021619812866677338,9.844377027384606e-05,-0.06520449493250315,-0.01010763057315451,-0.0008931399907579581,0.0009698064827134601,1.635665369415652,0.04717167431737305,-2.8627786483639883,0.024449423267224102,0.11438967266046271,0.07582643981834764,0.02715006338199389,0.20275559805144328,-0.0446399669724788,-0.004507655866228724,0.012787094121647632,0.0,0.0,1.6806120499240105,0.030143868911444237,-2.9443538683182604,0.14178460600001586,1.2901383170000145,0.006130404000003864,0.004324250000024676,0.0061137160000157564,2.318953814000025,0.10834816500002376,0.006081117999997332,8.73387704892104e-06,0.00021619812866677338,0.0018629464734714182,-8.661729530077076e-07,0.00011775435839292733,0,lidar_dropout,lidar_dropout_001
149.0,0.4774200916290283,1.4383869022130966,0.8944444444444445,0.20055884999999307,4.986067680384259,0.0,0.0,0.0,1.6806050027010175,0.030142356535607685,-2.9443088147005008,8.47515374323952e-06,-5.241854839047677e-05,0.00021529210259804902,5.379498818618855e-05,-0.01755617458291743,0.00055759691209516,-0.0008892204140904866,0.0009658680082093977,1.635665369415652,0.04717167431737305,-2.8627786483639883,0.024449423267224102,0.11438967266046271,0.07582643981834764,0.02715006338199389,0.20275559805144328,-0.0446399669724788,-0.004507655866228724,0.012787094121647632,0.0,0.0,1.6806050027010175,0.030142356535607685,-2.9443088147005008,0.14122575600001142,1.490138317000003,0.001878954000005706,0.0038018090000093707,0.0018708020000133274,2.518953814000014,0.13787607899999443,0.00189966199999958,8.47515374323952e-06,0.00021529210259804902,0.0018550884222998843,-8.588695502167142e-07,0.00016149711441186047,0,lidar_dropout,lidar_dropout_001
149.20000000000002,0.4842160940170288,1.4397900131363306,0.8944444444444445,0.20045947700000966,4.988539404400181,0.0,0.0,0.0,1.6805991618003953,0.030141161069297435,-2.944271347979937,3.3378325846538646e-06,-5.011329295760085e-05,0.00021435007163660673,0.00029126139116081805,-0.08060672626113982,-0.01702440301646732,-0.0013176690672849249,0.0005280807395201424,1.635665369415652,0.04717167431737305,-2.8627786483639883,0.024449423267224102,0.11438967266046271,0.07582643981834764,0.02715006338199389,0.20275559805144328,-0.0446399669724788,-0.004507655866228724,0.012787094121647632,0.0,0.0,1.6805991618003953,0.030141161069297435,-2.944271347979937,0.1407662790000188,1.6901383170000202,0.0317873500000303,0.0038712320000229283,0.03178334600002586,2.718953814000031,0.13360781500000485,0.03179802100001439,3.3378325846538646e-06,0.00021435007163660673,0.0018457498068050672,-6.958356554946394e-07,7.691131952421133e-05,0,lidar_dropout,lidar_dropout_001
149.4,0.4765472710132599,1.4395069451250644,0.8944444444444445,0.20008984099999338,4.997754983472815,0.0,0.0,0.0,1.6805920031411536,0.03013991702892993,-2.9442264230152415,1.3328386503026324e-05,-5.040162209292375e-05,0.00021390055873009176,-0.00016565228081474648,-0.07390577045497755,-0.007048050516655913,-0.0007022344835735782,0.0011416860308040354,1.635665369415652,0.04717167431737305,-2.8627786483639883,0.024449423267224102,0.11438967266046271,0.07582643981834764,0.02715006338199389,0.20275559805144328,-0.0446399669724788,-0.004507655866228724,0.012787094121647632,0.0,0.0,1.6805920031411536,0.03013991702892993,-2.9442264230152415,0.14067643800001406,1.8901383170000088,0.027776861999996072,0.003469659000018055,0.02777207299999418,2.9189538140000195,0.12876384200001212,0.027789940000019442,1.3328386503026324e-05,0.00021390055873009176,0.0018439205143776136,-8.017313002448401e-07,0.00037955283954483823,0,lidar_dropout,lidar_dropout_001
149.6,0.48395445942878723,1.439613150236029,0.8944444444444445,0.1996666250000203,5.008348290556313,0.0,0.0,0.0,1.6805849815968052,0.030138511470581813,-2.94418174957118,1.053989862421462e-05,-5.2052664698007934e-05,0.0002131265854845932,-1.0945396966019597e-05,-0.058083064972602134,0.007318115915768612,-0.0008804729369013762,0.0009556627380382279,1.635665369415652,0.04717167431737305,-2.8627786483639883,0.024449423267224102,0.11438967266046271,0.07582643981834764,0.02715006338199389,0.20275559805144328,-0.0446399669724788,-0.004507655866228724,0.012787094121647632,0.0,0.0,1.6805849815968052,0.030138511470581813,-2.94418174957118,0.1410098129999824,2.0901383169999974,0.023750836000004938,0.003740623999988202,0.02374045700000238,3.118953814000008,0.12518218799999659,0.02378708399999141,1.053989862421462e-05,0.0002131265854845932,0.0018361356749396042,-8.414351776477291e-07,0.0002240719824506128,0,lidar_dropout,lidar_dropout_001
149.8,0.48395445942878723,1.439613150236029,0.8944444444444445,0.1996666250000203,5.008348290556313,0.0,0.0,0.0,1.6805825630562536,0.0301379962206706,-2.9441669112944364,2.9821280002952923e-05,-4.7027738933655606e-05,0.00021246138134617957,0.00047111870262959933,-0.05822862089556614,0.011670051107908478,-0.0007160674596975651,0.001115782533666349,1.635665369415652,0.04717167431737305,-2.8627786483639883,0.024449423267224102,0.11438967266046271,0.07582643981834764,0.02715006338199389,0.20275559805144328,-0.0446399669724788,-0.004507655866228724,0.012787094121647632,0.0,0.0,1.6805825630562536,0.0301379962206706,-2.9441669112944364,0.34100981299999944,2.2901383170000145,0.1559527860000003,0.14874752700001181,0.1559413100000029,3.318953814000025,0.32518218800001364,0.1559728920000225,2.9821280002952923e-05,0.00021246138134617957,0.001831849993363914,-7.989755644573754e-07,0.00025865732128341976,0,lidar_dropout,lidar_dropout_001
