time,scan_min,scan_mean,scan_valid_fraction,scan_gap,scan_rate_hz,cmd_vx,cmd_vy,cmd_wz,odom_x,odom_y,odom_yaw,odom_vx,odom_vy,odom_wz,imu_wz,imu_ax,imu_ay,left_wheel_vel,right_wheel_vel,amcl_x,amcl_y,amcl_yaw,amcl_cov_x,amcl_cov_y,amcl_cov_yaw,amcl_position_step,amcl_yaw_step,tf_map_odom_x,tf_map_odom_y,tf_map_odom_yaw,tf_map_odom_position_step,tf_map_odom_yaw_step,tf_odom_base_x,tf_odom_base_y,tf_odom_base_yaw,scan_age,cmd_age,odom_age,imu_age,joint_age,amcl_age,tf_map_odom_age,tf_odom_base_age,linear_motion_error,angular_motion_error,wheel_velocity_difference,wheel_velocity_product,odom_imu_yaw_error,command_active,label,source_bag
0.0,,,,,,,,,,,,,,,,,,,,,,,,,,,,,,,,,,,,,,,,,,,,,,,,,0,localization_jump,localization_jump_001
0.2,,,,,,,,,,,,,,,,,,,,,,,,,,,,,,,,,,,,,,,,,,,,,,,,,0,localization_jump,localization_jump_001
0.4,,,,,,,,,,,,,,,,,,,,,,,,,,,,,,,,,,,,,,,,,,,,,,,,,0,localization_jump,localization_jump_001
0.6000000000000001,,,,,,,,,,,,,,,,,,,,,,,,,,,,,,,,,,,,,,,,,,,,,,,,,0,localization_jump,localization_jump_001
0.8,,,,,,,,,,,,,,,,,,,,,,,,,,,,,,,,,,,,,,,,,,,,,,,,,0,localization_jump,localization_jump_001
1.0,0.48466911911964417,1.3573314588803511,0.9027777777777778,,,,,,-1.9989353075089478,-0.5000000208654442,0.0006565862171827537,3.868888031371966e-06,-6.401526345703811e-06,1.9289656631251313e-05,0.00013028846532914582,-0.08516775443647595,-0.013077675650678341,-0.00045589747717710016,-0.0003130092076550784,-1.9476255221450376,-0.4616420599930162,-0.005669980700697999,0.17291158509330895,0.2082887636906509,0.058379632903338786,,,0.054646357535293594,0.026096747133797966,-0.006128207747810859,,,-1.9989353075089478,-0.5000000208654442,0.0006565862171827537,0.10856022600000004,,0.026677426999999976,0.00037926200000004684,0.026579149000000024,0.13059428699999998,0.09408206500000005,0.026630107000000014,,,0.00014288826952202176,1.427001081031533e-07,0.00011099880869789451,0,localization_jump,localization_jump_001
1.2000000000000002,0.4920286238193512,1.3572053791009462,0.9027777777777778,0.20254132200000008,4.9372641104811175,,,,-1.9989280099469184,-0.4999999594651314,0.0006613234984279754,2.886166929095079e-05,-6.5422591676052514e-06,1.854541048851476e-05,7.193728153403148e-05,-0.07305790024682186,-0.01059918075216149,-0.00029052951966399877,-0.00015241559190646951,-1.9476255221450376,-0.4616420599930162,-0.005669980700697999,0.17291158509330895,0.2082887636906509,0.058379632903338786,,,0.054646357535293594,0.026096747133797966,-0.006128207747810859,0.0,0.0,-1.9989280099469184,-0.4999999594651314,0.0006613234984279754,0.10601890400000014,,0.019181249000000067,0.0018733900000000858,0.019106598000000252,0.33059428700000015,0.08746902400000023,0.019219513000000132,,,0.00013811392775752926,4.428122870589065e-08,5.339187104551672e-05,0,localization_jump,localization_jump_001
1.4000000000000001,0.48943620920181274,1.3568506954266475,0.9027777777777778,0.20308992199999998,4.92392724440556,,,,-1.9989206347321107,-0.49999990631163865,0.0006660388757357131,1.2580662824414795e-05,-1.1526740044287987e-05,1.8996863698022538e-05,-6.122933841511598e-05,-0.07379146541251444,0.027659103560107416,0.00013387102833357489,0.0002766480253759364,-1.9476255221450376,-0.4616420599930162,-0.005669980700697999,0.17291158509330895,0.2082887636906509,0.058379632903338786,,,0.054646357535293594,0.026096747133797966,-0.006128207747810859,0.0,0.0,-1.9989206347321107,-0.49999990631163865,0.0006660388757357131,0.10292898200000011,,0.013791613000000202,0.000847844000000153,0.013746673000000209,0.5305942870000001,0.08037121600000008,0.013811369000000129,,,0.0001427769970423615,3.703515564352952e-08,8.022620211313851e-05,0,localization_jump,localization_jump_001
1.6,0.47573062777519226,1.3578749140409323,0.9027777777777778,0.20009077399999997,4.997731679522616,,,,-1.9989135241791205,-0.4999999735462841,0.0006708557093584908,7.587821280404374e-06,-7.923295329965722e-06,1.9004461591897896e-05,4.8949176022570185e-05,-0.07929502460160874,-0.014719040931967128,-0.00045425098117403027,-0.0003138505845015306,-1.9476255221450376,-0.4616420599930162,-0.005669980700697999,0.17291158509330895,0.2082887636906509,0.058379632903338786,,,0.054646357535293594,0.026096747133797966,-0.006128207747810859,0.0,0.0,-1.9989135241791205,-0.4999999735462841,0.0006708557093584908,0.1028382080000001,,0.008383326000000135,0.004560235000000024,0.008411617000000149,0.7305942870000001,0.075724291,0.008441468000000008,,,0.0001404003966724997,1.4256693595186316e-07,2.994471443067229e-05,0,localization_jump,localization_jump_001
1.8,0.47734615206718445,1.3571476781368255,0.9027777777777778,0.20091821799999998,4.977149458890781,,,,-1.9989061734161355,-0.49999989440028014,0.0006755666436316479,1.2174311206638542e-05,-1.1628090277093953e-05,1.8945899148080382e-05,0.0002252389280878894,-0.06517729549948664,-0.02070395647370054,0.00013396632186894438,0.0002763292670858496,-1.9476255221450376,-0.4616420599930162,-0.005669980700697999,0.17291158509330895,0.2082887636906509,0.058379632903338786,,,0.054646357535293594,0.026096747133797966,-0.006128207747810859,0.0,0.0,-1.9989061734161355,-0.49999989440028014,0.0006755666436316479,0.10191999000000007,,0.004332417999999949,0.00431691100000009,0.0043478120000000064,0.930594287,0.07188588799999995,0.004390767999999934,,,0.00014236294521690522,3.7018815536232424e-08,0.00020629302893980902,0,localization_jump,localization_jump_001
2.0,0.4944413900375366,1.357685227027306,0.9027777777777778,0.199438781,5.014069956634963,,,,-1.9989001836700588,-0.4999998162404021,0.0006795209851105039,5.489652872772193e-06,-4.278127159299911e-06,1.920526890204896e-05,7.290796647296211e-05,-0.03854399137752515,-0.02583178939609288,-0.0004565000338921316,-0.00031408411860353114,-1.9476255221450376,-0.4616420599930162,-0.005669980700697999,0.17291158509330895,0.2082887636906509,0.058379632903338786,,,0.054646357535293594,0.026096747133797966,-0.006128207747810859,0.0,0.0,-1.9989001836700588,-0.4999998162404021,0.0006795209851105039,0.10248120900000002,,0.034252103000000034,0.003290851000000039,0.03400209199999993,1.130594287,0.10127707899999994,0.034137985999999954,,,0.00014241591528860046,1.4337941078749226e-07,5.370269757091315e-05,0,localization_jump,localization_jump_001
2.2,0.4839060604572296,1.3574731017076052,0.9027777777777778,0.20292944600000018,4.92782107136881,,,,-1.9988928026612904,-0.4999999562099401,0.0006843351736330204,1.918799105254359e-05,-1.1482319125190698e-05,1.8882105974618498e-05,-6.499600309717871e-05,-0.13254732248298035,-0.017642328797006245,0.00013118962109762784,0.00027312506285822463,-1.9476255221450376,-0.4616420599930162,-0.005669980700697999,0.17291158509330895,0.2082887636906509,0.058379632903338786,,,0.054646357535293594,0.026096747133797966,-0.006128207747810859,0.0,0.0,-1.9988928026612904,-0.4999999562099401,0.0006843351736330204,0.09955176300000002,,0.02729125000000021,0.0011770150000001145,0.027306571,1.3305942870000003,0.09511894099999996,0.027341396000000184,,,0.0001419354417605968,3.5831173508636274e-08,8.38781090717972e-05,0,localization_jump,localization_jump_001
2.4000000000000004,0.48340266942977905,1.3575367712974549,0.9027777777777778,0.20075406399999984,4.981219209589703,,,,-1.9988857207434723,-0.49999992389365544,0.0006890922252988357,2.972831644087473e-05,-1.040652717315507e-05,1.815195115163399e-05,0.000124575063763858,-0.0373399882078419,-0.01468190053779942,-0.0001947377810318715,-6.014496153386017e-05,-1.9476255221450376,-0.4616420599930162,-0.005669980700697999,0.17291158509330895,0.2082887636906509,0.058379632903338786,,,0.054646357535293594,0.026096747133797966,-0.006128207747810859,0.0,0.0,-1.9988857207434723,-0.49999992389365544,0.0006890922252988357,0.09879769900000035,,0.022284336000000238,0.00036785400000027835,0.022290997000000257,1.5305942870000004,0.09004999500000022,0.022317076000000213,,,0.00013459281949801134,1.1712496349351195e-08,0.00010642311261222401,0,localization_jump,localization_jump_001
2.6,0.4840150773525238,1.3572353524428147,0.9027777777777778,0.20133819200000014,4.966767556947166,,,,-1.9988783434134993,-0.4999998137801096,0.0006938091974343557,3.3543054229382724e-05,-6.390069877859273e-06,1.8499415999809626e-05,-0.0002087152063522462,-0.07325264638505115,0.010087795169806603,-0.00010176427318207056,3.715445870034438e-05,-1.9476255221450376,-0.4616420599930162,-0.005669980700697999,0.17291158509330895,0.2082887636906509,0.058379632903338786,,,0.054646357535293594,0.026096747133797966,-0.006128207747810859,0.0,0.0,-1.9988783434134993,-0.4999998137801096,0.0006938091974343557,0.09745950699999995,,0.01742935999999995,0.004531290000000077,0.017445370999999987,1.7305942870000002,0.08398532999999997,0.01748305700000019,,,0.00013891873188241494,-3.780996485113804e-09,0.00022721462235205585,0,localization_jump,localization_jump_001
2.8000000000000003,0.4821263551712036,1.3570971990548648,0.9027777777777778,0.20137219399999973,4.965928910721415,,,,-1.9988711721617776,-0.49999988978615156,0.0006986023058908776,2.3582240808454095e-05,-9.253465755559279e-06,1.8309804190655037e-05,0.00013123397256070333,-0.03335124281016148,-0.0018758459166586298,-0.000438825047021074,-0.00030358954776875825,-1.9476255221450376,-0.4616420599930162,-0.005669980700697999,0.17291158509330895,0.2082887636906509,0.058379632903338786,,,0.054646357535293594,0.026096747133797966,-0.006128207747810859,0.0,0.0,-1.9988711721617776,-0.49999988978615156,0.0006986023058908776,0.0960873130000004,,0.011239813000000431,0.0021146590000000742,0.011267166000000106,1.9305942870000004,0.07928330000000017,0.011332787000000177,,,0.00013523549925231575,1.3322269757473193e-07,0.0001129241683700483,0,localization_jump,localization_jump_001
3.0,0.4909168481826782,1.3574488789301653,0.9027777777777778,0.2022206040000003,4.9450945166794105,,,,-1.99886379497337,-0.49999999359660874,0.0007034400709503634,4.260074779807167e-06,-9.637352921713383e-06,1.892223822706204e-05,-6.49920415177096e-05,-0.05280810116664176,-0.001983561207728865,-0.00045566821649004096,-0.0003160661465797048,-1.9476255221450376,-0.4616420599930162,-0.005669980700697999,0.17291158509330895,0.2082887636906509,0.058379632903338786,,,0.054646357535293594,0.026096747133797966,-0.006128207747810859,0.0,0.0,-1.99886379497337,-0.49999999359660874,0.0007034400709503634,0.09386670899999983,,0.005974934000000154,0.0008705550000001061,0.005984326000000095,2.130594287,0.07298093399999983,0.006031375000000061,,,0.00013960206991033616,1.4402129730485394e-07,8.391427974477164e-05,0,localization_jump,localization_jump_001
3.2,0.49278032779693604,1.3582266561801617,0.9027777777777778,0.20166560799999989,4.958703717095879,,,,-1.9988566016146745,-0.4999999297682036,0.0007081756899555234,1.7457186337903928e-05,-1.026374151346864e-05,1.8148872250315778e-05,-0.0002251863785381057,-0.06067888204528283,-0.014442171660042188,-0.0005729660070940392,-0.0004396364416175604,-1.9476255221450376,-0.4616420599930162,-0.005669980700697999,0.17291158509330895,0.2082887636906509,0.058379632903338786,,,0.054646357535293594,0.026096747133797966,-0.006128207747810859,0.0,0.0,-1.9988566016146745,-0.4999999297682036,0.0007081756899555234,0.09220110100000012,,0.0006881330000001462,0.004562603000000109,0.0007012820000000808,2.3305942870000003,0.06824822399999997,0.0007280810000001026,,,0.00013332956547647875,2.5189673652664527e-07,0.00024333525078842148,0,localization_jump,localization_jump_001
3.4000000000000004,0.49179917573928833,1.3579842544518985,0.9027777777777778,0.20006568699999994,4.998358364170665,,,,-1.9988505355983923,-0.4999997748104283,0.0007120675396313267,2.760965930018671e-05,-7.0260054828025226e-06,1.8283332404619276e-05,0.000132082084309656,-0.06553728525799628,-0.03139683867234571,-0.00029032922771201654,-0.00015413820183297292,-1.9476255221450376,-0.4616420599930162,-0.005669980700697999,0.17291158509330895,0.2082887636906509,0.058379632903338786,,,0.054646357535293594,0.026096747133797966,-0.006128207747810859,0.0,0.0,-1.9988505355983923,-0.4999997748104283,0.0007120675396313267,0.09213541400000036,,0.030619954000000504,0.004207994000000159,0.03050756800000043,2.5305942870000004,0.06353273400000026,0.030526112000000438,,,0.00013619102587904362,4.475082509908596e-08,0.00011379875190503671,0,localization_jump,localization_jump_001
3.6,0.49752572178840637,1.3582030128515683,0.9027777777777778,0.20092092500000014,4.977082401944941,,,,-1.9988432844058184,-0.4999999180913507,0.0007169063399575946,8.076762692501532e-06,-9.677767578092913e-06,1.8655660877704446e-05,3.0504935745671238e-06,-0.09780810940939408,-0.035590270593613464,-0.0005303990320716205,-0.00039301625903918284,-1.9476255221450376,-0.4616420599930162,-0.005669980700697999,0.17291158509330895,0.2082887636906509,0.058379632903338786,,,0.054646357535293594,0.026096747133797966,-0.006128207747810859,0.0,0.0,-1.9988432844058184,-0.4999999180913507,0.0007169063399575946,0.09121448899999995,,0.024732225000000163,0.0024434370000001593,0.024745427000000042,2.730594287,0.057575522000000046,0.024771595000000257,,,0.00013738277303243767,2.0845544338279186e-07,1.5605167303137324e-05,0,localization_jump,localization_jump_001
3.8000000000000003,0.4956375062465668,1.3594606327093564,0.9027777777777778,0.20081667099999967,4.979666254899732,,,,-1.998836085858398,-0.49999986682394093,0.0007216793815241438,8.008469927021311e-06,-5.208789268042853e-06,1.893460730237538e-05,2.9457537002098963e-05,-0.06679202726377674,-0.019531788099560004,-0.0005314120961300238,-0.00039139479081854453,-1.9476255221450376,-0.4616420599930162,-0.005669980700697999,0.17291158509330895,0.2082887636906509,0.058379632903338786,,,0.054646357535293594,0.026096747133797966,-0.006128207747810859,0.0,0.0,-1.998836085858398,-0.49999986682394093,0.0007216793815241438,0.09039781800000046,,0.019386109000000484,0.0014426650000003427,0.019394475000000355,2.9305942870000004,0.0874372680000004,0.019428308000000172,,,0.00014001730531147932,2.0799192620325498e-07,1.0522929699723584e-05,0,localization_jump,localization_jump_001
4.0,0.4747450351715088,1.356327646603951,0.9027777777777778,0.20179301300000008,4.955572966245366,,,,-1.9988287141701067,-0.49999993427612593,0.0007264634878641746,1.1179267870996422e-05,-1.1814674308949295e-05,1.82711978359739e-05,-0.00024313175936687748,-0.05778731800159096,-0.039212965838368995,-0.0005525516297115317,-0.0004183761990557682,-1.9476255221450376,-0.4616420599930162,-0.005669980700697999,0.17291158509330895,0.2082887636906509,0.058379632903338786,,,0.054646357535293594,0.026096747133797966,-0.006128207747810859,0.0,0.0,-1.9988287141701067,-0.49999993427612593,0.0007264634878641746,0.08860480500000012,,0.014158565999999873,0.004693257000000006,0.014171425999999876,3.130594287,0.0818228379999999,0.014197403999999914,,,0.0001341754306557635,2.311744506207809e-07,0.00026140295720285137,0,localization_jump,localization_jump_001
4.2,0.48299136757850647,1.3572761159676772,0.9027777777777778,0.2025459190000003,4.937152053900422,,,,-1.9988215446228592,-0.4999997866226639,0.0007311677353424145,2.688850914174278e-05,-6.812031599933782e-06,1.8363524564931677e-05,0.00012857148198949423,-0.07543337483888209,-0.012662968840833667,-0.00028697257972882736,-0.0001501461634843401,-1.9476255221450376,-0.4616420599930162,-0.005669980700697999,0.17291158509330895,0.2082887636906509,0.058379632903338786,,,0.054646357535293594,0.026096747133797966,-0.006128207747810859,0.0,0.0,-1.9988215446228592,-0.4999997866226639,0.0007311677353424145,0.086058886,,0.007757246999999801,0.002593154000000375,0.007660310000000337,3.3305942870000003,0.07560886999999994,0.007676983000000526,,,0.00013682641624448728,4.3087831871487335e-08,0.00011020795742456255,0,localization_jump,localization_jump_001
4.4,0.48872458934783936,1.3565706647359408,0.9027777777777778,0.20117889399999989,4.970700355873318,,,,-1.9988141931188865,-0.4999999721791932,0.0007360280016055979,7.210918747831086e-06,-1.04918869148678e-05,1.869445373398787e-05,1.1628697738589282e-05,-0.10495111786620441,-0.01492155728426319,-0.0005309187515247283,-0.000393319451272571,-1.9476255221450376,-0.4616420599930162,-0.005669980700697999,0.17291158509330895,0.2082887636906509,0.058379632903338786,,,0.054646357535293594,0.026096747133797966,-0.006128207747810859,0.0,0.0,-1.9988141931188865,-0.4999999721791932,0.0007360280016055979,0.08487999200000029,,0.002388354000000703,0.0012677590000000905,0.0022773520000001213,3.5305942870000004,0.07014580100000067,0.0022870810000004127,,,0.0001375993002521573,2.0882067202002462e-07,7.065755995398587e-06,0,localization_jump,localization_jump_001
4.6000000000000005,0.48168960213661194,1.35798117683484,0.9027777777777778,0.20106242499999993,4.973579722814943,,,,-1.9988081807818219,-0.4999997129176313,0.0007398569385644331,3.6896277653406763e-05,-7.436530096280557e-06,1.8220908147897135e-05,0.00040974549088534646,-0.05336252222418092,-0.004580819819585679,4.02876034586927e-07,0.00013741052808953057,-1.9476255221450376,-0.4616420599930162,-0.005669980700697999,0.17291158509330895,0.2082887636906509,0.058379632903338786,,,0.054646357535293594,0.026096747133797966,-0.006128207747810859,0.0,0.0,-1.9988081807818219,-0.4999997129176313,0.0007398569385644331,0.08381756700000054,,0.030142959000000857,0.003519347000000117,0.03015885300000054,3.7305942870000006,0.0640060430000009,0.030199668000000734,,,0.00013700765205494365,5.5359408667205624e-11,0.0003915245827374493,0,localization_jump,localization_jump_001
4.800000000000001,0.492681086063385,1.3577447275932018,0.9027777777777778,0.2028420940000002,4.929943190194039,,,,-1.9988008569779467,-0.4999999562965128,0.0007447538582202422,6.176309385429481e-06,-1.0324937474123658e-05,1.9386547157411163e-05,0.00020361499094975787,-0.06663321623913374,-0.02234578337805067,-4.1009717408827494e-05,0.00010411014508117031,-1.9476255221450376,-0.4616420599930162,-0.005669980700697999,0.17291158509330895,0.2082887636906509,0.058379632903338786,,,0.054646357535293594,0.026096747133797966,-0.006128207747810859,0.0,0.0,-1.9988008569779467,-0.4999999562965128,0.0007447538582202422,0.08097547300000052,,0.02433152800000027,0.001638403000000288,0.024342857000000606,3.930594287000001,0.05781917700000072,0.024370048000000644,,,0.0001451198624899978,-4.269527629170826e-09,0.00018422844379234672,0,localization_jump,localization_jump_001
5.0,0.4842950701713562,1.3575591692557702,0.9027777777777778,0.202884085,4.9289228378854855,,,,-1.9987936051466575,-0.49999969176230163,0.0007493813744608113,1.275203781253231e-05,-8.093615594351988e-06,1.9115542596166683e-05,-8.33502532738686e-05,-0.05437372824044909,0.011014058888303771,0.00013376049624395144,0.00027756287333421904,-1.9476255221450376,-0.4616420599930162,-0.005669980700697999,0.17291158509330895,0.2082887636906509,0.058379632903338786,,,0.054646357535293594,0.026096747133797966,-0.006128207747810859,0.0,0.0,-1.9987936051466575,-0.49999969176230163,0.0007493813744608113,0.07809138799999982,,0.018597039000000315,0.00031978300000012894,0.018514734000000033,4.130594287,0.05091772799999994,0.018625034000000262,,,0.0001438023770902676,3.7126947676082176e-08,0.00010246579587003528,0,localization_jump,localization_jump_001
5.2,0.47671791911125183,1.3572091271327091,0.9027777777777778,0.2009034070000002,4.977516384279133,0.125,0.0,0.16,-1.9987864264583084,-0.49999994953427773,0.0007543068335661651,1.248638156782877e-05,-7.278464744650171e-06,1.8828889825586166e-05,-4.3526906530385355e-05,0.5396900436860863,0.008551123480938682,-0.0005651676355402772,-0.0004262522368022495,-1.9476255221450376,-0.4616420599930162,-0.005669980700697999,0.17291158509330895,0.2082887636906509,0.058379632903338786,,,0.054646357535293594,0.026096747133797966,-0.006128207747810859,0.0,0.0,-1.9987864264583084,-0.49999994953427773,0.0007543068335661651,0.0771879809999998,0.029469372000000327,0.012585287000000278,0.003590261000000261,0.012605723000000069,4.330594287,0.046143924999999975,0.012644309000000575,0.12498751361843217,0.15998117111017443,0.0001389153987380277,2.4090396881728164e-07,6.235579635597152e-05,1,localization_jump,localization_jump_001
5.4,0.4983806014060974,1.3678855673849948,0.9055555555555556,0.20372270099999934,4.908633132642411,0.20842105263157892,0.0,0.8,-1.977274419351457,-0.49995727010132324,0.008894487443189382,0.1537366061937127,-2.66678089126868e-05,0.23895558276911993,0.27246179771073564,0.6119827480440561,0.05061538288837576,3.6421601071212275,5.7005591892395575,-1.9476255221450376,-0.4616420599930162,-0.005669980700697999,0.17291158509330895,0.2082887636906509,0.058379632903338786,,,0.054646357535293594,0.026096747133797966,-0.006128207747810859,0.0,0.0,-1.977274419351457,-0.49995727010132324,0.008894487443189382,0.07346528000000063,0.029464259000000048,0.00567743100000051,0.0005780280000005078,0.005563221000000063,4.530594287,0.0726772880000004,0.005583800000000139,0.05468444643786621,0.5610444172308802,2.05839908211833,20.762349267331643,0.03350621494161571,1,localization_jump,localization_jump_001
5.6000000000000005,0.522953450679779,1.3711521183527433,0.9027777777777778,0.20174195500000014,4.9568271508026145,0.21999999999999997,0.0,1.0000000000000004,-1.939240130279881,-0.49713700042234243,0.15714418878852382,0.21804196240114315,-0.00014420732110273504,0.9938683838347215,0.9937624436883264,-0.102948876973144,0.20769663017647078,2.324448733325177,10.998712003788327,-1.9476255221450376,-0.4616420599930162,-0.005669980700697999,0.17291158509330895,0.2082887636906509,0.058379632903338786,,,0.054646357535293594,0.026096747133797966,-0.006128207747810859,0.0,0.0,-1.939240130279881,-0.49713700042234243,0.15714418878852382,0.07172332500000067,0.0293877010000001,0.0001766840000003711,0.0040555220000007,0.000194031000000372,4.730594287000001,0.0674092970000002,0.00022134500000081658,0.001958037598856821,0.006131616165278908,8.67426327046315,25.565942185414194,0.00010594014639508931,1,localization_jump,localization_jump_001
5.800000000000001,0.5563036203384399,1.3740200841389942,0.8972222222222223,0.20170604200000053,4.957709695181056,0.21999999999999997,0.0,1.0000000000000004,-1.9040681304202949,-0.488473111498048,0.32800721011784606,0.20665604519181277,0.00011607665295586267,1.015317507122859,1.0346720225130852,0.010921704326740691,0.2793253006669566,1.88022380953402,10.746874498562242,-1.8587454353993738,-0.45263643524770314,0.28131791599978656,0.11296347174683952,0.16313769698229283,0.06307969526781981,0.08933516159368675,0.2869878967004846,0.05537538444288613,0.03146963836046811,-0.0036500793447749764,0.00542212507838236,0.002478128403035883,-1.9040681304202949,-0.488473111498048,0.32800721011784606,0.07001728300000032,0.029138478000001022,0.026976245000001065,0.0006142980000003462,0.02698900200000054,0.04628771500000095,0.04618991400000105,0.02705637200000055,0.013343954808187203,0.01531750712285862,8.866650689028223,20.20652931027071,0.019354515390226146,1,localization_jump,localization_jump_001
6.0,0.60225909948349,1.3775313786257093,0.8916666666666667,0.20211184599999932,4.947755511569586,0.21999999999999997,0.0,1.0000000000000004,-1.863744249950263,-0.4698657748467417,0.5308518452540687,0.2185604091656114,0.00013719055838302963,0.9497711921190883,0.9615991972570513,-0.02974443659721303,0.24380147345274975,2.5191399430434585,10.810535400423136,-1.8296415075924215,-0.431469782784428,0.4845064963311008,0.08093880157404154,0.13075216253028246,0.057314330332895916,0.03598702252609072,0.20318858033131426,0.044021501681273084,0.03882460830660517,-0.0023887344073260145,0.013527979770573035,0.0012613449374489617,-1.863744249950263,-0.4698657748467417,0.5308518452540687,0.06790543700000029,0.029350695999999843,0.022111565000000333,0.004609532999999999,0.022125538000000056,0.04399117599999958,0.04401673599999967,0.022159997000000153,0.0014395908343885766,0.05022880788091211,8.291395457379679,27.23325153289123,0.011828005137963005,1,localization_jump,localization_jump_001
6.2,0.6499381065368652,1.3883110590279102,0.8888888888888888,0.20140192000000035,4.965195962382078,0.21999999999999997,0.0,0.8461538461538465,-1.8278175204054448,-0.44373811497473,0.7211562490231064,0.21751903473057227,-0.00036795513688828163,0.8058563373770377,0.8168957403252642,-0.0897144032510607,0.16453195033125637,3.1433251187145146,10.183321365870436,-1.8296415075924215,-0.431469782784428,0.4845064963311008,0.08093880157404154,0.13075216253028246,0.057314330332895916,0.03598702252609072,0.20318858033131426,0.044021501681273084,0.03882460830660517,-0.0023887344073260145,0.0,0.0,-1.8278175204054448,-0.44373811497473,0.7211562490231064,0.06650351700000012,0.029419851000000108,0.016465950000000618,0.0034963690000004988,0.016481219000000102,0.24399117599999975,0.05000738000000027,0.01651646200000023,0.002480965269427704,0.04029750877680882,7.039996247155921,32.009489841282736,0.011039402948226584,1,localization_jump,localization_jump_001
6.4,0.7000331878662109,1.397573216104357,0.8805555555555555,0.20104064700000013,4.974118492565333,0.21999999999999997,0.0,0.7435897435897438,-1.797109747048263,-0.41181146376921907,0.8915304556169573,0.21732108912791326,-0.0003588196520732667,0.8407723657180713,0.8059164298735659,-0.0358201563075668,0.1728917217215663,2.9920515500839793,10.329160253086977,-1.754370077553858,-0.40860221850516404,0.8433000954832869,0.06486906111897062,0.10836927848084793,0.06124405624240294,0.07866837786631062,0.35879359915218606,0.05134138020372332,0.0087144778193607,-0.002010946660982842,0.030987103439048914,0.0003777877463431727,-1.797109747048263,-0.41181146376921907,0.8915304556169573,0.06546287000000017,0.02929548700000062,0.011589551000000142,0.002440868000000762,0.01149299199999998,0.03690971000000065,0.036827968000000766,0.011511043000000498,0.002678910872086715,0.09718262212832751,7.337108703002998,30.905379946314717,0.034855935844505415,1,localization_jump,localization_jump_001
6.6000000000000005,0.6682497262954712,1.4153980402826514,0.8833333333333333,0.20065965499999994,4.983562839276288,0.21999999999999997,0.0,0.7435897435897438,-1.772424627946872,-0.3760081690231763,1.0492920779783876,0.20721498162383734,-0.0004024592144407507,0.8291974427389003,0.8249380203319666,2.1520255805753052,0.16919620215296316,2.6983103138641766,9.933642249509651,-1.754370077553858,-0.40860221850516404,0.8433000954832869,0.06486906111897062,0.10836927848084793,0.06124405624240294,0.07866837786631062,0.35879359915218606,0.05134138020372332,0.0087144778193607,-0.002010946660982842,0.0,0.0,-1.772424627946872,-0.3760081690231763,1.0492920779783876,0.06480321500000041,0.029404999000000487,0.007177601000000422,0.0020351180000002245,0.007072250000000224,0.23690971000000083,0.04046751300000029,0.0070859830000005175,0.012785018376162638,0.08560769914915645,7.235331935645474,26.80404933608883,0.004259422406933666,1,localization_jump,localization_jump_001
6.800000000000001,0.6399145126342773,1.4222681914110604,0.8833333333333333,0.20073447600000005,4.981705285144939,0.21999999999999997,0.0,0.6410256410256412,-1.7533063911994085,-0.33573337058223196,1.2054626468572718,0.21882723607434917,-0.00037129997988281926,0.738235107363723,0.737859169426072,-0.047246455488621386,0.1403070652632661,3.444961428348219,9.888863569955273,-1.722914385396816,-0.3444318825273418,1.1498349587324512,0.05103955827562823,0.08349710819598431,0.05363236509728613,0.07146532437892641,0.30653486324916435,0.038872366157828686,-0.013237464844756141,-0.009728998990773424,0.025246070941938488,0.007718052329790582,-1.7533063911994085,-0.33573337058223196,1.2054626468572718,0.06406873900000054,0.029415909000000795,0.0019189260000009867,0.0009909480000009907,0.0018248940000002989,0.02812632100000112,0.028004563000000537,0.0018360450000010076,0.0011727639256507993,0.0972094663380818,6.4439021416070545,34.066753568693784,0.00037593793765100525,1,localization_jump,localization_jump_001
7.0,0.577408492565155,1.4315723400070983,0.8833333333333333,0.20104185199999947,4.97408867880904,0.21999999999999997,0.0,0.3333333333333335,-1.7419729096905616,-0.3002917112508625,1.310229783158186,0.21940345936748956,-0.0002411778542992446,0.37005633031770374,0.3417535740474909,-0.0682258134379782,-0.010708732613081215,5.035587806194266,8.299016525608817,-1.722914385396816,-0.3444318825273418,1.1498349587324512,0.05103955827562823,0.08349710819598431,0.05363236509728613,0.07146532437892641,0.30653486324916435,0.038872366157828686,-0.013237464844756141,-0.009728998990773424,0.0,0.0,-1.7419729096905616,-0.3002917112508625,1.310229783158186,0.06302688700000036,0.02922562899999992,0.031267419999999824,0.00025117499999982584,0.031285953000000255,0.2281263210000004,0.03059739299999986,0.031337624999999925,0.0005965406325104117,0.03672299698437026,3.2634287194145513,41.79042641976046,0.028302756270212837,1,localization_jump,localization_jump_001
7.2,0.5644673109054565,1.4575746436356756,0.8916666666666667,0.20103110700000038,4.974354541061141,0.21999999999999997,0.0,0.38461538461538475,-1.7319262108215618,-0.2566791559208484,1.3797619142348372,0.21932921474367226,-0.00030382337352382466,0.3869274317438442,0.3849635511177737,-0.054461534018942395,0.08761084612095663,4.983713384945163,8.34961224436755,-1.6970288919516665,-0.26450560592882516,1.3554702747602718,0.03533855098316474,0.06984519446067276,0.04917862511508394,0.08401350166372945,0.2056353160278206,0.039342095682303825,-0.019661670911467047,-0.011310292951470015,0.006441356178145162,0.001581293960696591,-1.7319262108215618,-0.2566791559208484,1.3797619142348372,0.06199578000000017,0.029262829000000323,0.026452727000000564,0.0034801790000003052,0.026371643000000056,0.050459232000000576,0.05034590200000011,0.02637834600000044,0.0006707852563277161,0.002312047128459449,3.365898859422388,41.612074301356586,0.001963880626070502,1,localization_jump,localization_jump_001
7.4,0.5331422090530396,1.4658879647002414,0.8916666666666667,0.2022256520000001,4.9449710761718775,0.21999999999999997,0.0,0.23076923076923095,-1.7251302928064551,-0.21247261487172944,1.4578079295937196,0.21922767562316542,-7.585730827792958e-05,0.384478156050429,0.3495394816852795,-0.030110110056172257,0.07564769725059464,4.988423158254289,8.34346423179521,-1.6970288919516665,-0.26450560592882516,1.3554702747602718,0.03533855098316474,0.06984519446067276,0.04917862511508394,0.08401350166372945,0.2056353160278206,0.039342095682303825,-0.019661670911467047,-0.011310292951470015,0.0,0.0,-1.7251302928064551,-0.21247261487172944,1.4578079295937196,0.059770128000000255,0.02930521900000027,0.01947395200000024,0.000934780000000579,0.019495058000000398,0.25045923200000075,0.05362003900000012,0.019535198000000698,0.0007723243768345545,0.15370892528119806,3.355041073540921,41.620730193953555,0.034938674365149525,1,localization_jump,localization_jump_001
7.6000000000000005,0.5103963613510132,1.4849682272591205,0.8944444444444445,0.2021883200000003,4.945884114374156,0.21999999999999997,0.0,0.12820512820512842,-1.7213710335374603,-0.16785631230737214,1.5115355097779055,0.2195730753456469,-6.511249441362374e-05,0.23267723280491667,0.20466900895787835,-0.062031941450202924,0.007251138786228448,5.650802204063791,7.681802866020745,-1.6970288919516665,-0.26450560592882516,1.3554702747602718,0.03533855098316474,0.06984519446067276,0.04917862511508394,0.08401350166372945,0.2056353160278206,0.039342095682303825,-0.019661670911467047,-0.011310292951470015,0.0,0.0,-1.7213710335374603,-0.16785631230737214,1.5115355097779055,0.05758180800000012,0.029172315000000282,0.013345616000000504,0.004004900000000866,0.013444428000000563,0.45045923200000093,0.046557655000000864,0.013468741000000506,0.0004269246543530669,0.10447210459978826,2.031000661956954,43.40834856649357,0.028008223847038327,1,localization_jump,localization_jump_001
7.800000000000001,0.4938386380672455,1.4813364394940436,0.8888888888888888,0.20187694499999953,4.95351264603297,0.21999999999999997,0.0,0.02564102564102587,-1.7194231108947937,-0.12423330720139646,1.5387703945657916,0.20820213357631012,-4.314328152254642e-05,0.1233150870549548,0.1087099401125225,2.195364387340522,0.02005773993242655,5.77833153267679,6.853166597297348,-1.6970288919516665,-0.26450560592882516,1.3554702747602718,0.03533855098316474,0.06984519446067276,0.04917862511508394,0.08401350166372945,0.2056353160278206,0.039342095682303825,-0.019661670911467047,-0.011310292951470015,0.0,0.0,-1.7194231108947937,-0.12423330720139646,1.5387703945657916,0.05570486300000077,0.02898673100000071,0.008751979000000354,0.0034820090000007298,0.008516613000000284,0.6504592320000011,0.041489074000001125,0.008717145000000315,0.011797866423689851,0.09767406141392893,1.074835064620558,39.59986864785057,0.014605146942432298,1,localization_jump,localization_jump_001
8.0,0.4693186283111572,1.486623016441658,0.8805555555555555,0.20034376100000006,4.991420721107455,0.21999999999999997,0.0,-0.13435897435897415,-1.7182052827652776,-0.0805522077728917,1.544836645090508,0.20841589070770444,-1.3245399914738748e-05,0.021087226918914126,0.016994673725949077,1.1326085648932018,-0.030934966825264854,6.224535456428137,6.407086569459429,-1.6970288919516665,-0.26450560592882516,1.3554702747602718,0.03533855098316474,0.06984519446067276,0.04917862511508394,0.08401350166372945,0.2056353160278206,0.039342095682303825,-0.019661670911467047,-0.011310292951470015,0.0,0.0,-1.7182052827652776,-0.0805522077728917,1.544836645090508,0.055361101999999995,0.028917019999999738,0.004474716999999906,0.003434511000000029,0.004377580999999964,0.8504592320000004,0.037469362000000395,0.004394188000000021,0.01158410929229553,0.15544620127788827,0.18255111303129112,39.881137524004735,0.004092553192965049,1,localization_jump,localization_jump_001
8.200000000000001,0.46087101101875305,1.4863799823488935,0.8861111111111111,0.2014539019999999,4.963914771926336,0.21999999999999997,0.0,-0.16,-1.7167430831433044,-0.043122830599128574,1.5140889808536095,0.2203092456529126,0.0001353373972742631,-0.10197545969563318,0.013085414302576839,-0.08282828442594031,0.02182642450174298,7.128782170451303,6.210399498732145,-1.6970288919516665,-0.26450560592882516,1.3554702747602718,0.03533855098316474,0.06984519446067276,0.04917862511508394,0.08401350166372945,0.2056353160278206,0.039342095682303825,-0.019661670911467047,-0.011310292951470015,0.0,0.0,-1.7167430831433044,-0.043122830599128574,1.5140889808536095,0.053907200000001154,0.029210512000000577,0.03243925600000175,0.0010905190000016773,0.03235831200000128,1.0504592320000015,0.031348031000000276,0.03236751900000101,0.0003092456529126264,0.05802454030436682,0.9183826717191579,44.272585217941426,0.11506087399821002,1,localization_jump,localization_jump_001
8.4,0.4552513062953949,1.504916416469568,0.8944444444444445,0.20157391300000072,4.960959407480454,0.21999999999999997,0.0,-0.17948717948717924,-1.7137342620605756,0.0017209085062833542,1.4819195579872615,0.2203529275432826,1.0404639666429516e-05,-0.1598911819648521,-0.16372785640081577,-0.06641703710844482,-0.0664187766188433,7.378572796401843,5.955343135516052,-1.6818596049024468,-0.03311417342234415,1.471002485878806,0.019519380677607057,0.06064038289662739,0.05883156585778268,0.23188812454928126,0.11553221111853418,0.03219810647074004,-0.05757018509706541,-0.01662480631199097,0.03857579590383913,0.005314513360520955,-1.7137342620605756,0.0017209085062833542,1.4819195579872615,0.05233328699999973,0.028994753000000983,0.02692177700000009,0.004433950000001019,0.02685617300000054,0.01927319800000049,0.018745365000000902,0.0268637750000007,0.0003529275432826162,0.01959599752232713,1.4232296608857915,43.941932852957194,0.003836674435963666,1,localization_jump,localization_jump_001
8.6,0.45824936032295227,1.5100298096705516,0.8972222222222223,0.24104855599999908,4.148541756873266,0.21999999999999997,0.0,-0.12820512820512797,-1.7098787907985713,0.03898466483785162,1.453057655455963,0.22037105245263275,1.4530224560733301e-05,-0.1728584927831576,-0.15840693828178823,-0.04785389735650561,-0.03056793783202337,7.421547146794193,5.912655302619632,-1.6818596049024468,-0.03311417342234415,1.471002485878806,0.019519380677607057,0.06064038289662739,0.05883156585778268,0.23188812454928126,0.11553221111853418,0.03219810647074004,-0.05757018509706541,-0.01662480631199097,0.03857579590383913,0.005314513360520955,-1.7098787907985713,0.03898466483785162,1.453057655455963,0.011284730999999937,0.02901171599999941,0.016100992000000147,0.002314192000000048,0.01600310399999927,0.21927319799999978,0.2187453650000002,0.016138473999999903,0.0003710524526327752,0.044653364578029625,1.5088918441745616,43.881050091134284,0.014451554501369368,1,localization_jump,localization_jump_001
8.8,0.44861987233161926,1.510795450577369,0.9027777777777778,0.19413662800000075,5.151011482490548,0.21999999999999997,0.0,-0.2307692307692305,-1.7039475073260697,0.08353879836805336,1.4223471517084483,0.22032621603525426,3.703980005098639e-05,-0.17477694588091106,-0.19273165290967165,-0.08426494000157958,-0.03924087420519902,7.428343090390566,5.903924490343122,-1.6818596049024468,-0.03311417342234415,1.471002485878806,0.019519380677607057,0.06064038289662739,0.05883156585778268,0.23188812454928126,0.11553221111853418,0.03219810647074004,-0.05757018509706541,-0.01662480631199097,0.0,0.0,-1.7039475073260697,0.08353879836805336,1.4223471517084483,0.017148103000000248,0.02907971300000156,0.01822047200000121,0.0010866380000003062,0.018144603000001425,0.41927319800000085,0.016612860000000396,0.018151080000000874,0.00032621603525428977,0.05599228488831945,1.5244186000474444,43.85637669402797,0.01795470702876059,1,localization_jump,localization_jump_001
9.0,0.4546753466129303,1.5131937427285276,0.9,0.2008192839999996,4.9796014609832095,0.21999999999999997,0.0,-0.28205128205128177,-1.696379774344298,0.12785678278931864,1.3809391193921532,0.22033146784753926,8.359174379361095e-05,-0.18330062887623386,-0.17629736080586073,-0.06263770961430215,-0.03096880237790406,7.46680136748149,5.865893104407803,-1.6818596049024468,-0.03311417342234415,1.471002485878806,0.019519380677607057,0.06064038289662739,0.05883156585778268,0.23188812454928126,0.11553221111853418,0.03219810647074004,-0.05757018509706541,-0.01662480631199097,0.0,0.0,-1.696379774344298,0.12785678278931864,1.3809391193921532,0.01632881899999994,0.028800907999999126,0.012928350999999338,0.0002700789999998676,0.01294477399999927,0.6192731980000001,0.012544003000000359,0.012981634000000852,0.0003314678475392907,0.09875065317504791,1.6009082630736868,43.79945865349243,0.007003268070373131,1,localization_jump,localization_jump_001
9.200000000000001,0.45383962988853455,1.4979594669238059,0.8916666666666667,0.20086325099999947,4.978511474953687,0.21999999999999997,0.0,-0.3846153846153843,-1.6869054263387881,0.17182138250938794,1.3287275605550062,0.2205644217849761,0.00013589707636994103,-0.3267928508945223,-0.3312380252892053,-0.09422945463812271,-0.050195875150372576,8.091549102304718,5.240543707638004,-1.6818596049024468,-0.03311417342234415,1.471002485878806,0.019519380677607057,0.06064038289662739,0.05883156585778268,0.23188812454928126,0.11553221111853418,0.03219810647074004,-0.05757018509706541,-0.01662480631199097,0.0,0.0,-1.6869054263387881,0.17182138250938794,1.3287275605550062,0.01546556800000154,0.02886780600000094,0.007316452000001306,0.003269690000001546,0.007326827000001757,0.8192731980000012,0.006735620000000608,0.007370194000001717,0.0005644217849761213,0.05782253372086199,2.851005394666714,42.404116733126926,0.004445174394683005,1,localization_jump,localization_jump_001
9.4,0.4452225863933563,1.489796846544481,0.8861111111111111,0.20855401600000079,4.794920851584063,0.21999999999999997,0.0,-0.48717948717948684,-1.6768142595354034,0.20794878626634936,1.26422866953263,0.2206995401607305,0.00018990019887935028,-0.42251758521092403,-0.4281141467697232,-0.042784110232641503,-0.11917805109255078,8.508411136789611,4.82334822637947,-1.6818596049024468,-0.03311417342234415,1.471002485878806,0.019519380677607057,0.06064038289662739,0.05883156585778268,0.23188812454928126,0.11553221111853418,0.03219810647074004,-0.05757018509706541,-0.01662480631199097,0.0,0.0,-1.6768142595354034,0.20794878626634936,1.26422866953263,0.006911552000000043,0.028912280000000123,0.029500062000000327,7.834200000012004e-05,0.0294572500000001,1.0192731980000005,0.2067356199999999,0.02946233199999959,0.0006995401607305385,0.06466190196856281,3.6850629104101413,41.0390297659415,0.0055965615587991735,1,localization_jump,localization_jump_001
9.600000000000001,0.4502370059490204,1.4949481970981646,0.8916666666666667,0.2009800189999993,4.975618994244416,0.20842105263157892,0.0,-0.48717948717948684,-1.6612991139881363,0.25021478654531976,1.169641012915081,0.2207332118898756,0.00028651691488287834,-0.4844392905099719,-0.4377694614601278,-0.05764917884990371,-0.0565830463324151,8.779020949455965,4.550929073311148,-1.6459113132155168,0.17603049502314635,1.2561896432952384,0.021310163898088597,0.0631385845844537,0.06502519327436987,0.212211620827849,0.2148128425835676,0.0297046783536201,-0.034252788077944386,0.0013325173615702838,0.02345033448636838,0.017957323673561253,-1.6612991139881363,0.25021478654531976,1.169641012915081,0.005931533000001821,0.028774604000000537,0.024379230000000973,0.004123746000001205,0.024395330000000826,0.18967240800000162,0.18956943200000076,0.024430566000001264,0.012312159258296679,0.002740196669514916,4.228091876144817,39.952701674086796,0.046669829049844125,1,localization_jump,localization_jump_001
9.8,0.45999810099601746,1.4891327012399709,0.8944444444444445,0.2030959800000005,4.923780372216119,0.21999999999999997,0.0,-0.5384615384615381,-1.6429211663055017,0.2887202827708548,1.0774546286365796,0.20914489793771154,0.00019704438544534963,-0.4821043097021063,-0.49843302143874024,-0.09238594053119292,-0.1252552162104093,8.418232591917395,4.211033230676611,-1.6459113132155168,0.17603049502314635,1.2561896432952384,0.021310163898088597,0.0631385845844537,0.06502519327436987,0.212211620827849,0.2148128425835676,0.0297046783536201,-0.034252788077944386,0.0013325173615702838,0.0,0.0,-1.6429211663055017,0.2887202827708548,1.0774546286365796,0.0028355530000006013,0.028770837000001492,0.017511394000001346,0.0017263220000014456,0.01751797200000027,0.3896724080000009,0.1891202940000003,0.017546206000000453,0.01085510206228843,0.05635722875943178,4.207199361240784,35.449457188129045,0.016328711736633916,1,localization_jump,localization_jump_001
10.0,0.4595767855644226,1.4943541057707725,0.8972222222222223,0.20111107500000003,4.972376583437784,0.20842105263157892,0.0,-0.48717948717948684,-1.6195715585597998,0.3271952235711171,0.9703572016233435,0.22079112067478301,0.00011337450018658601,-0.5360137844941675,-0.5272779793832186,-0.08170568130410948,-0.05229317965139372,9.005723032832913,4.327236993663,-1.6459113132155168,0.17603049502314635,1.2561896432952384,0.021310163898088597,0.0631385845844537,0.06502519327436987,0.212211620827849,0.2148128425835676,0.0297046783536201,-0.034252788077944386,0.0013325173615702838,0.0,0.0,-1.6195715585597998,0.3271952235711171,0.9703572016233435,0.0017244779999998627,0.028653246999999382,0.012385905000000363,0.00030885199999985957,0.012392845000000818,0.5896724080000002,0.18252779300000022,0.01241880599999945,0.012370068043204091,0.04883429731468064,4.678486039169913,38.96989786235753,0.008735805110948847,1,localization_jump,localization_jump_001
10.200000000000001,0.4546964168548584,1.537094311681759,0.9194444444444444,0.20156497500000015,4.96117939140964,0.20842105263157892,0.0,-0.48717948717948684,-1.5929269727915782,0.36209751000091445,0.8692306690204346,0.2214972254408501,0.0001365927532702843,-0.4791685579961536,-0.47922845072800463,-2.1789218540452344,-0.10446341579464694,8.760626872207714,4.57677403990358,-1.596684966505906,0.28786027272720877,0.9711765599501053,0.027239463676502762,0.06564988068268096,0.07293858360338644,0.12218482881157883,0.2850130833451331,0.023671701300761766,-0.031214433015784214,0.006047453384043897,0.006754880724636785,0.004714936022473613,-1.5929269727915782,0.36209751000091445,0.8692306690204346,0.00015950300000078244,0.02877765300000057,0.0069857500000019,0.003499011000000607,0.006923396000001247,0.17376142600000044,0.17371823000000042,0.006928876000001694,0.013076172809271175,0.008010929183333237,4.183852832304134,40.09540964200197,5.9892731851030057e-05,1,localization_jump,localization_jump_001
10.4,0.4546964168548584,1.537094311681759,0.9194444444444444,0.20156497500000015,4.96117939140964,0.10421052631578946,0.0,-0.007179487179486854,-1.5670579863584344,0.39009500449821755,0.7789335742814902,0.15040325398045962,0.00033341074795972814,-0.2526131713280029,-0.25483212860038545,-0.06229738736787039,-0.014414598950559868,5.648086313196284,3.4190483955371507,0.418731169835362,0.2866187436666173,0.9115296091308301,0.02926774462204168,0.05783827600598246,0.07519855499904633,2.015416518742261,0.05964695081927518,2.0256323747773224,-0.004122673956922097,0.0451743138821324,2.002143976230388,0.03912686049808851,-1.5670579863584344,0.39009500449821755,0.7789335742814902,0.20015950300000007,0.02873726199999993,0.0022691869999995617,0.003552538000000993,0.0022751470000006435,0.16132926999999952,0.16134935200000022,0.002294516000000968,0.046192727664670155,0.24543368414851602,2.2290379176591335,19.311080446989095,0.0022189572723825823,1,localization_jump,localization_jump_001
10.600000000000001,0.456735759973526,1.5543125894773437,0.9222222222222223,0.20041590299999967,4.989624002043399,0.09263157894736841,0.0,0.6328205128205132,-1.5539053638532503,0.4029973791300807,0.7950750568237488,0.09106233300034206,-4.2615995665136464e-05,0.4645527458073305,0.46804913651520885,-0.030178690792581182,0.046213287667193015,0.7897186405866947,4.812960468794268,0.418731169835362,0.2866187436666173,0.9115296091308301,0.02926774462204168,0.05783827600598246,0.07519855499904633,2.015416518742261,0.05964695081927518,2.0256323747773224,-0.004122673956922097,0.0451743138821324,0.0,0.0,-1.5539053638532503,0.4029973791300807,0.7950750568237488,0.19974360000000146,0.02853613300000113,0.03224895800000205,0.0026973840000010796,0.03226167500000088,0.3613292700000006,0.16754932100000097,0.03229747300000163,0.001569245947026357,0.1682677670131827,4.023241828207573,3.80088459861371,0.0034963907078783274,1,localization_jump,localization_jump_001
10.8,0.4332472085952759,1.5579472409037058,0.9277777777777778,0.2005503649999998,4.986278633798553,0.11578947368421051,0.0,1.0000000000000004,-1.5418197744334354,0.41697181866825705,0.9445594792332725,0.0912530943390394,-0.0003841427101006836,0.9723174936445225,1.0048289241236161,-0.07062709681503682,0.12071594606018464,-1.435202701182082,7.04697417794003,0.418731169835362,0.2866187436666173,0.9115296091308301,0.02926774462204168,0.05783827600598246,0.07519855499904633,2.015416518742261,0.05964695081927518,2.0256323747773224,-0.004122673956922097,0.0451743138821324,0.0,0.0,-1.5418197744334354,0.41697181866825705,0.9445594792332725,0.19919323500000097,0.028798597999999842,0.02677513100000084,0.0014623250000003196,0.026555468000001525,0.5613292699999999,0.19668762400000084,0.026575776000001383,0.02453637934517111,0.027682506355477976,8.482176879122113,-10.113836375339913,0.03251143047909366,1,localization_jump,localization_jump_001
11.0,0.43378835916519165,1.554486469148162,0.9277777777777778,0.20125938300000001,4.9687124401052145,0.09263157894736841,0.0,0.9487179487179491,-1.5306595503821794,0.4360409701028908,1.14980187830146,0.1026235604122535,-0.00044964881482797286,0.9995091117737545,0.9997338324254652,-0.04536819491246513,0.0723431600661052,-1.2054781879861172,7.520056618549773,0.418731169835362,0.2866187436666173,0.9115296091308301,0.02926774462204168,0.05783827600598246,0.07519855499904633,2.015416518742261,0.05964695081927518,2.0256323747773224,-0.004122673956922097,0.0451743138821324,0.0,0.0,-1.5306595503821794,0.4360409701028908,1.14980187830146,0.19793385200000024,0.028339124000000382,0.02112461599999982,0.004774116000000106,0.021156329000000085,0.7613292699999992,0.19122072599999917,0.021198532999999742,0.009991981464885086,0.05079116305580533,8.72553480653589,-9.065264226082387,0.0002247206517107525,1,localization_jump,localization_jump_001
11.200000000000001,0.4328855276107788,1.5584894304160957,0.925,0.20178107399999945,4.95586617801431,0.21999999999999997,0.0,0.8400000000000004,-1.523042943342203,0.4599398549950859,1.3500493611193634,0.18367113663010354,-0.000490359267587788,0.9994144017964623,0.9830585992647872,-0.1790400832819275,0.23534406889820314,1.2577371332478604,9.978928842659908,0.5073706929006614,0.3682662244287625,1.210520659752653,0.04682916420074712,0.0738657963117281,0.09813493780151497,0.12051255604313024,0.29899105062182285,2.052639444514977,-0.011657621818144925,0.03771644705533647,0.028038495949067637,0.007457866826795931,-1.523042943342203,0.4599398549950859,1.3500493611193634,0.19615277800000186,0.028374637000000646,0.01607692300000174,0.003604869000001898,0.016085886000000826,0.17976740300000138,0.17941542100000163,0.016115298000000777,0.036328863369896436,0.15941440179646194,8.721191709412047,12.550869355451463,0.016355802531675123,1,localization_jump,localization_jump_001
11.4,0.42821604013442993,1.5671859808822177,0.9305555555555556,0.20024531200000162,4.993874713031943,0.20842105263157892,0.0,0.20000000000000032,-1.517031289681346,0.5036526761051457,1.495007743220127,0.2193484803651957,-6.773288027033322e-05,0.3610373477028359,0.31088811406564915,-0.3111444256606938,0.036746470564367514,5.075186556691731,8.259340264225669,0.5073706929006614,0.3682662244287625,1.210520659752653,0.04682916420074712,0.0738657963117281,0.09813493780151497,0.12051255604313024,0.29899105062182285,2.052639444514977,-0.011657621818144925,0.03771644705533647,0.0,0.0,-1.517031289681346,0.5036526761051457,1.495007743220127,0.19590746599999953,0.028479146000000455,0.010525082000000907,0.00220461800000038,0.010541111000000214,0.37976740300000067,0.18118157600000018,0.010573046000001085,0.010927427733616768,0.1610373477028356,3.1841537075339374,41.917692676140845,0.05014923363718676,1,localization_jump,localization_jump_001
11.600000000000001,0.45143207907676697,1.5588282029188814,0.9333333333333333,0.20190617199999927,4.952795598541701,0.21999999999999997,0.0,0.17948717948717968,-1.5142830556533633,0.5472633977509574,1.510785041133064,0.2199684101565867,-6.412848776076244e-06,0.018102018283090705,0.02183862883414521,-0.039349406172917406,-0.00826975170419911,6.5884712961139655,6.743829092032596,0.5386523818380894,0.4428301999349644,1.5369232251810547,0.05472622217748341,0.08304323472399952,0.1177469545168344,0.08085994376740244,0.32640256542840174,2.07346123751465,-0.006631304976804222,0.03765594202241992,0.02141987219174724,6.050503291655379e-05,-1.5142830556533633,0.5472633977509574,1.510785041133064,0.19400129400000132,0.02852432600000121,0.006700019000001944,0.0023608670000019316,0.006227916000002054,0.17000968200000166,0.170066665000002,0.006622601000001893,3.158984341328219e-05,0.16138516120408897,0.15535779591863008,44.431524398755066,0.0037366105510545054,1,localization_jump,localization_jump_001
11.8,0.48263129591941833,1.5593536983434808,0.9361111111111111,0.20027913700000077,4.993031301108493,0.21999999999999997,0.0,0.17948717948717968,-1.5121313673058683,0.5908765364098845,1.539019972695417,0.20806806438345998,-7.045571049463586e-05,0.18230268947679149,0.18218898925550744,-0.061687450454201764,0.028714828095223827,5.519024715502116,7.110858740143614,0.5386523818380894,0.4428301999349644,1.5369232251810547,0.05472622217748341,0.08304323472399952,0.1177469545168344,0.08085994376740244,0.32640256542840174,2.07346123751465,-0.006631304976804222,0.03765594202241992,0.0,0.0,-1.5121313673058683,0.5908765364098845,1.539019972695417,0.19372215699999984,0.028596771000000132,0.0009749680000012972,0.0008811739999998736,0.0008925260000012258,0.37000968200000095,0.1711660540000004,0.0009053709999999882,0.01193193561653999,0.002815509989611803,1.5918340246414981,39.24500513529685,0.000113700221284041,1,localization_jump,localization_jump_001
12.0,0.5179459452629089,1.5399585530429543,0.9277777777777778,0.20100798099999828,4.9749268413377505,0.21999999999999997,0.0,0.12820512820512842,-1.5115212112241982,0.6274569308749296,1.5652017602413724,0.20834074999095128,-8.950091263328248e-06,0.015934689765261828,0.006811117124734154,-0.04594837201358213,-0.015169067295860468,6.234867559058021,6.392907915372162,0.5386523818380894,0.4428301999349644,1.5369232251810547,0.05472622217748341,0.08304323472399952,0.1177469545168344,0.08085994376740244,0.32640256542840174,2.07346123751465,-0.006631304976804222,0.03765594202241992,0.0,0.0,-1.5115212112241982,0.6274569308749296,1.5652017602413724,0.19271417600000085,0.028295014999999424,0.030655322999999512,0.0005056159999998755,0.03066820199999931,0.5700096820000002,0.16573191500000028,0.030697711000000183,0.011659250009048688,0.11227043843986659,0.15804035631414148,39.85893416959913,0.009123572640527674,1,localization_jump,localization_jump_001
12.200000000000001,0.513933539390564,1.528370895838163,0.9222222222222223,0.20120081100000142,4.970158892649756,0.21999999999999997,0.0,-0.02564102564102541,-1.511480227911014,0.6711365373932643,1.5760465272686932,0.20836918903613055,-3.5613098260205405e-06,-0.016191564776126016,-0.04364072031947238,-0.08648006300660604,0.008177889678150783,6.376463190897061,6.249873741520153,0.5386523818380894,0.4428301999349644,1.5369232251810547,0.05472622217748341,0.08304323472399952,0.1177469545168344,0.08085994376740244,0.32640256542840174,2.07346123751465,-0.006631304976804222,0.03765594202241992,0.0,0.0,-1.511480227911014,0.6711365373932643,1.5760465272686932,0.1915133650000005,0.02846699300000033,0.025439622000000384,0.0033783790000008196,0.025455709000000937,0.7700096820000013,0.16136599700000076,0.025503236000000484,0.01163081096386942,0.009449460864899395,0.1265894493769082,39.85208986055735,0.027449155543346364,1,localization_jump,localization_jump_001
12.4,0.48273614048957825,1.5135618019680241,0.9194444444444444,0.20142482400000006,4.964631370361777,0.20842105263157892,0.0,0.12820512820512842,-1.5116207023514567,0.7160061792237258,1.5786254116937406,0.21980545043167382,-5.2130997738064535e-05,0.12045000923229178,0.1403392001578471,-0.06398621610713022,0.022774882577572996,6.141829715301143,7.1912511331710345,0.5386523818380894,0.4428301999349644,1.5369232251810547,0.05472622217748341,0.08304323472399952,0.1177469545168344,0.08085994376740244,0.32640256542840174,2.07346123751465,-0.006631304976804222,0.03765594202241992,0.0,0.0,-1.5116207023514567,0.7160061792237258,1.5786254116937406,0.19008854099999972,0.028249794000000605,0.019119836999999862,0.002362961000001107,0.01913243100000095,0.9700096820000006,0.18955653000000083,0.019182191000000515,0.011384397800094898,0.007755118972836636,1.0494214178698913,44.16743989990288,0.019889190925555314,1,localization_jump,localization_jump_001
12.600000000000001,0.43580466508865356,1.4851773535226978,0.9138888888888889,0.20103691499999954,4.974210830881494,0.20842105263157892,0.0,0.07692307692307715,-1.5125963139501928,0.7596436305286993,1.6075510721925452,0.21975897019041166,-5.068996985928102e-05,0.13181297305857909,0.1301615218991605,-0.4113578060680372,0.060232733375171515,6.090575050061374,7.242686809040286,0.5386523818380894,0.4428301999349644,1.5369232251810547,0.05472622217748341,0.08304323472399952,0.1177469545168344,0.08085994376740244,0.32640256542840174,2.07346123751465,-0.006631304976804222,0.03765594202241992,0.0,0.0,-1.5125963139501928,0.7596436305286993,1.6075510721925452,0.18905162600000125,0.028460597000002252,0.013059280000002005,0.005060161000001173,0.013067479000001825,1.1700096820000017,0.18494624700000095,0.013111008000000979,0.011337917558832733,0.05488989613550194,1.1521117589789123,44.1121275745494,0.0016514511594185877,1,localization_jump,localization_jump_001
12.8,0.4109181761741638,1.4638763708598685,0.9166666666666666,0.20296854399999908,4.926871821083786,0.21999999999999997,0.0,0.17948717948717968,-1.5147333699024752,0.8032446876073732,1.6343574675197632,0.21968407187324865,-7.473038550894796e-05,0.17247908244821358,0.17235210353530714,-0.06465512763140313,0.028959159240283736,5.914315415362156,7.418965846738383,0.5416208766434136,0.6645460672568663,1.6215374950549375,0.07779856452519329,0.09510544848645791,0.1638078412256731,0.2217357386253114,0.08461426987388276,2.0625688073844843,-0.08389483961986759,0.010774905654207917,0.07802755167042214,0.026881036368212,-1.5147333699024752,0.8032446876073732,1.6343574675197632,0.18608308200000145,0.02840038999999983,0.008428221000000846,0.0034923190000011317,0.008353480000000246,0.16856505000000155,0.16851778700000075,0.008463684000000526,0.00031592812675132476,0.007008097038966099,1.504650431376227,43.87810407341018,0.0001269789129064447,1,localization_jump,localization_jump_001
13.0,0.3795201778411865,1.4412383440791108,0.9111111111111111,0.2010475490000001,4.973947730146163,0.21999999999999997,0.0,0.12820512820512842,-1.5182479989384066,0.8467533028876539,1.6679155297068196,0.2081685113272438,-5.999521053193582e-05,0.13197774881653676,0.13176731211759454,-0.04799186692878975,0.0036666388552419535,5.7386136599198565,6.892949295152605,0.5416208766434136,0.6645460672568663,1.6215374950549375,0.07779856452519329,0.09510544848645791,0.1638078412256731,0.2217357386253114,0.08461426987388276,2.0625688073844843,-0.08389483961986759,0.010774905654207917,0.0,0.0,-1.5182479989384066,0.8467533028876539,1.6679155297068196,0.18503553300000064,0.02833595799999955,0.0030231419999999787,0.0030156639999994184,0.0030609489999999795,0.36856505000000084,0.1721028820000008,0.0031439330000004873,0.011831488672756185,0.003772620611408345,1.1543356352327487,39.55597298229769,0.00021043669894221795,1,localization_jump,localization_jump_001
13.200000000000001,0.3554149568080902,1.4048819914460182,0.9111111111111111,0.20039833900000126,4.99006131981959,0.21999999999999997,0.0,0.07692307692307715,-1.5222101275970659,0.8831093404645065,1.6913872862772321,0.20817845430800552,-6.193256084603346e-05,0.13313473734927186,0.1274427935029143,-0.06392310056955966,0.03562759246920051,5.733362185899496,6.898183442516591,0.5416208766434136,0.6645460672568663,1.6215374950549375,0.07779856452519329,0.09510544848645791,0.1638078412256731,0.2217357386253114,0.08461426987388276,2.0625688073844843,-0.08389483961986759,0.010774905654207917,0.0,0.0,-1.5222101275970659,0.8831093404645065,1.6913872862772321,0.18463719400000045,0.028301731000000885,0.03312053100000156,0.002297885000000832,0.03299681000000021,0.5685650500000019,0.16833334800000088,0.03301086600000147,0.01182154569199445,0.056211660426194715,1.1648212566170946,39.54978410072263,0.005691943846357572,1,localization_jump,localization_jump_001
13.4,0.32494619488716125,1.3942827922957284,0.9138888888888889,0.20047290800000006,4.988205189301687,0.19684210526315787,0.0,0.07692307692307715,-1.527955546557353,0.9263916598922795,1.712797711693671,0.2082856465298113,-4.710297329980212e-05,0.08640331801069637,0.09149242669679915,-0.07825134440612183,0.0038027926545016535,5.937534417892171,6.693869913938636,0.5416208766434136,0.6645460672568663,1.6215374950549375,0.07779856452519329,0.09510544848645791,0.1638078412256731,0.2217357386253114,0.08461426987388276,2.0625688073844843,-0.08389483961986759,0.010774905654207917,0.0,0.0,-1.527955546557353,0.9263916598922795,1.712797711693671,0.18416428599999968,0.028267271000000704,0.02665548999999956,0.0003596370000007454,0.026563303999999732,0.7685650500000012,0.16342784100000074,0.026576566000001023,0.011443541266653423,0.009480241087619218,0.7563354960464652,39.745083002903556,0.005089108686102781,1,localization_jump,localization_jump_001
13.600000000000001,0.32030701637268066,1.3938238034645716,0.9166666666666666,0.20214259699999992,4.947002832856651,0.20842105263157892,0.0,-0.07692307692307669,-1.5340810742751745,0.9672695352820446,1.7188276371176425,0.2085470629334155,-0.00010081907355561151,-0.07643804675582914,-0.07657405779333562,-0.10473136732895863,-0.029332521786211353,6.648455770072693,5.981269743943601,0.5416208766434136,0.6645460672568663,1.6215374950549375,0.07779856452519329,0.09510544848645791,0.1638078412256731,0.2217357386253114,0.08461426987388276,2.0625688073844843,-0.08389483961986759,0.010774905654207917,0.0,0.0,-1.5340810742751745,0.9672695352820446,1.7188276371176425,0.18202168900000082,0.028013817000001495,0.02202350100000139,0.0047494670000016725,0.021950333000001265,0.9685650500000023,0.15764497100000163,0.021957927000000765,0.00012601030183656547,0.00048503016724754655,0.6671860261290918,39.76620734148305,0.00013601103750647547,1,localization_jump,localization_jump_001
13.8,0.30209100246429443,1.3946184226933562,0.9194444444444444,0.20095005499999985,4.976360917144316,0.20842105263157892,0.0,0.0,-1.5402109167441227,1.0105597779917608,1.7064393674061942,0.22006352366504794,-6.875480591279556e-05,-0.011898212228936817,-0.004139192153878028,-0.024284618800304324,-0.006172275674262085,6.7204964737030775,6.613381604823765,0.5416208766434136,0.6645460672568663,1.6215374950549375,0.07779856452519329,0.09510544848645791,0.1638078412256731,0.2217357386253114,0.08461426987388276,2.0625688073844843,-0.08389483961986759,0.010774905654207917,0.0,0.0,-1.5402109167441227,1.0105597779917608,1.7064393674061942,0.18107163400000026,0.02832257000000027,0.015754670000001525,0.0027604980000006663,0.015766479999999916,1.1685650500000015,0.1522715580000007,0.015805209000001597,0.01164247103346902,0.011898212228936817,0.10711486887931265,44.445207754470914,0.007759020075058789,1,localization_jump,localization_jump_001
14.0,0.28940582275390625,1.367873004569513,0.9111111111111111,0.202342625,4.942112419466734,0.21999999999999997,0.0,0.07692307692307716,-1.546087581787969,1.0538755033253946,1.7021743423311515,0.22013837828583788,-2.1747745843188337e-05,-0.0674542713216243,-0.0403440159245876,-0.05991938234639373,-0.02437638343006996,6.960292144863132,6.373617034349451,0.53604751966681,0.8657617261677658,1.6816337572557007,0.11248397165303575,0.10562508651065927,0.20271372627053535,0.20129283071916923,0.06009626220076326,2.0516267003950306,-0.18995916793911236,-0.02472224087539993,0.10662725471089088,0.035497146529607844,-1.546087581787969,1.0538755033253946,1.7021743423311515,0.17872900899999955,0.028027450999999814,0.010921138000000497,0.001650078000000832,0.01051108300000081,0.1382925410000002,0.13831492899999986,0.010553715000000352,0.00013837828583790346,0.14437734824470147,0.5866751105136814,44.362236578548334,0.02711025539703671,1,localization_jump,localization_jump_001
14.200000000000001,0.29224908351898193,1.3796056353294097,0.925,0.20110330500000018,4.972568700449747,0.21999999999999997,0.0,0.07692307692307715,-1.5519523096396193,1.0971788169827639,1.7126480343544692,0.20828491687628228,-8.078526430991412e-05,0.07800179908484513,0.07970327390269741,2.178928846793232,0.03212535893372323,5.974654751224288,6.655646825424105,0.53604751966681,0.8657617261677658,1.6816337572557007,0.11248397165303575,0.10562508651065927,0.20271372627053535,0.20129283071916923,0.06009626220076326,2.0516267003950306,-0.18995916793911236,-0.02472224087539993,0.0,0.0,-1.5519523096396193,1.0971788169827639,1.7126480343544692,0.17762570400000044,0.028353940000000577,0.005424803000000367,0.0004390800000013684,0.005431723000000943,0.3382925410000013,0.17581709200000084,0.00545934400000192,0.01171508312371769,0.0010787221617679782,0.6809920741998168,39.76519192799098,0.0017014748178522804,1,localization_jump,localization_jump_001
14.4,0.28300172090530396,1.3820177573888075,0.9333333333333333,0.20039675800000012,4.990100688155841,0.21999999999999997,0.0,0.07692307692307715,-1.5584833663658328,1.1403612263467897,1.7293358751049859,0.20830200198957607,-5.050573089782767e-05,0.0788086934020813,0.07898325280878896,-0.054851700347289235,0.05218688738081166,5.9716855539029625,6.6599143782140695,0.53604751966681,0.8657617261677658,1.6816337572557007,0.11248397165303575,0.10562508651065927,0.20271372627053535,0.20129283071916923,0.06009626220076326,2.0516267003950306,-0.18995916793911236,-0.02472224087539993,0.0,0.0,-1.5584833663658328,1.1403612263467897,1.7293358751049859,0.1772289459999996,0.028110048000000276,0.000543193000000386,0.004425540999999811,0.00044635799999959147,0.5382925410000006,0.1706808070000001,0.0004549380000007375,0.011697998010423899,0.0018856164790041485,0.688228824311107,39.77091448261159,0.00017455940670765835,1,localization_jump,localization_jump_001
14.600000000000001,0.27913251519203186,1.3871780551288684,0.9416666666666667,0.2011342419999984,4.971803856252422,0.19684210526315787,0.0,0.07692307692307715,-1.564506076559773,1.1764546146484847,1.7431086662279147,0.20828528428298038,-5.1049534950102504e-05,0.07981367958197601,0.07856511805146696,-0.02852928865405638,0.02493493431903252,5.9672183039686955,6.664417606750005,0.53604751966681,0.8657617261677658,1.6816337572557007,0.11248397165303575,0.10562508651065927,0.20271372627053535,0.20129283071916923,0.06009626220076326,2.0516267003950306,-0.18995916793911236,-0.02472224087539993,0.0,0.0,-1.564506076559773,1.1764546146484847,1.7431086662279147,0.17609470400000227,0.0280097700000006,0.030485143000001713,0.0022603280000019765,0.030375669000001437,0.7382925410000016,0.16541487900000185,0.030394210000000754,0.011443179019822503,0.002890602658898858,0.6971993027813097,39.76803472828988,0.0012485615305090486,1,localization_jump,localization_jump_001
14.8,0.3018578290939331,1.3962128657628508,0.9444444444444444,0.20014817800000095,4.996298292558003,0.17368421052631577,0.0,0.0,-1.571777203800322,1.2163356394261609,1.759226295154901,0.1967301093466432,-4.7752724803333535e-05,0.07752982146046786,0.048192887726386524,-0.03642450101501522,0.035772625226560634,5.626511305014909,6.303208137767268,0.53604751966681,0.8657617261677658,1.6816337572557007,0.11248397165303575,0.10562508651065927,0.20271372627053535,0.20129283071916923,0.06009626220076326,2.0516267003950306,-0.18995916793911236,-0.02472224087539993,0.0,0.0,-1.571777203800322,1.2163356394261609,1.759226295154901,0.1759465260000006,0.027762777000001293,0.02552604200000097,0.0007041180000015856,0.02553209000000045,0.9382925410000009,0.16109288,0.02555415800000027,0.023045898820327426,0.07752982146046786,0.6766968327523593,35.46507184500951,0.029336933734081333,1,localization_jump,localization_jump_001
15.0,0.2994807958602905,1.3982328497244816,0.9472222222222222,0.20150892300000045,4.962559399913014,0.16210526315789472,0.0,0.07692307692307715,-1.5785503133972754,1.251136064045752,1.7677377880455303,0.17357758638664827,-3.828669111086841e-05,0.07129085652282656,0.05500301970253141,-0.01157648352398726,0.015462975709891061,4.952579704249299,5.573281226520623,0.53604751966681,0.8657617261677658,1.6816337572557007,0.11248397165303575,0.10562508651065927,0.20271372627053535,0.20129283071916923,0.06009626220076326,2.0516267003950306,-0.18995916793911236,-0.02472224087539993,0.0,0.0,-1.5785503133972754,1.251136064045752,1.7677377880455303,0.17443760299999944,0.028148379999999307,0.019095312999999337,0.004448709000000051,0.01911297400000045,1.1382925410000002,0.1558892949999997,0.01916105899999998,0.01147232322875355,0.00563222040025059,0.6207015222713244,27.602119488539678,0.01628783682029515,1,localization_jump,localization_jump_001
15.200000000000001,0.3180701434612274,1.3803254544029575,0.9388888888888889,0.20145463199999902,4.963896784463138,0.15052631578947367,0.0,0.02564102564102587,-1.5849422843084164,1.2824088133345863,1.7746471895329783,0.1505552600843184,-4.147895709619501e-05,0.0009342300725944649,0.005997668171052721,-0.07399115818819271,0.024701962950927386,4.557425616239624,4.565493274426263,0.53604751966681,0.8657617261677658,1.6816337572557007,0.11248397165303575,0.10562508651065927,0.20271372627053535,0.20129283071916923,0.06009626220076326,2.0516267003950306,-0.18995916793911236,-0.02472224087539993,0.0,0.0,-1.5849422843084164,1.2824088133345863,1.7746471895329783,0.17298297100000148,0.028058029000000317,0.013505347000000612,0.0022313270000005048,0.013515252000001254,1.3382925410000013,0.1503811120000016,0.013552666000000713,2.894429484473493e-05,0.024706795568431403,0.008067658186639015,20.80689599963997,0.005063438098458256,1,localization_jump,localization_jump_001
15.4,0.3220334053039551,1.3712980084165314,0.9388888888888889,0.20215592599999965,4.946676655919559,0.16210526315789472,0.0,-0.02564102564102541,-1.5909745519283878,1.3113290359950887,1.7798625736903704,0.13885961446837486,-9.61424728772517e-05,0.06370503989047724,0.043334448928811824,1.0996131008547616,0.07371706328433653,3.934406093612483,4.486962135557647,0.5118861857678453,1.07110780866108,1.7507521628242935,0.16963113376647637,0.11355229869126982,0.24684788713302727,0.2067626263402751,0.06911840556859274,2.0662538776377963,-0.25564162254752254,-0.024342892332725442,0.06729144936377242,0.0003793485426744868,-1.5909745519283878,1.3113290359950887,1.7798625736903704,0.17082704500000112,0.027925008000000417,0.007294521000000387,0.00027789499999997247,0.007244527000001,0.13367587800000003,0.1336055500000004,0.00731821900000007,0.023245648689519866,0.08934606553150265,0.5525560419451638,17.653531167946486,0.020370590961665415,1,localization_jump,localization_jump_001
15.600000000000001,0.34649989008903503,1.3559342382732267,0.9277777777777778,0.2023209700000006,4.942641388087439,0.13894736842105262,0.0,-0.02564102564102541,-1.5975374248641794,1.3424818084646046,1.7747217896067133,0.15059720893296466,-1.7613617869199905e-05,-0.03125415188842785,-0.03162481293508293,-0.04631932513243843,-0.0054907747905640555,4.698610250262104,4.424057394621,0.5118861857678453,1.07110780866108,1.7507521628242935,0.16963113376647637,0.11355229869126982,0.24684788713302727,0.2067626263402751,0.06911840556859274,2.0662538776377963,-0.25564162254752254,-0.024342892332725442,0.0,0.0,-1.5975374248641794,1.3424818084646046,1.7747217896067133,0.1685060750000016,0.02800699400000184,0.0013760270000009456,0.0034558410000009587,0.0013910130000009957,0.3336758780000011,0.13735696800000063,0.0014253130000021486,0.011649840511912035,0.005613126247402442,0.27455285564110365,20.78692142211409,0.00037066104665507693,1,localization_jump,localization_jump_001
15.8,0.36034196615219116,1.3518975253425427,0.9305555555555556,0.2028302919999998,4.930230046703286,0.12736842105263158,0.0,-0.02564102564102541,-1.6022386232900987,1.3656331028965605,1.7684194687376995,0.13899966409013662,-3.9526220582362936e-05,-0.025753145048343862,-0.025132854287119887,-0.07873479101954824,-0.01401796531243922,4.322698016423618,4.097548442043288,0.5118861857678453,1.07110780866108,1.7507521628242935,0.16963113376647637,0.11355229869126982,0.24684788713302727,0.2067626263402751,0.06911840556859274,2.0662538776377963,-0.25564162254752254,-0.024342892332725442,0.0,0.0,-1.6022386232900987,1.3656331028965605,1.7684194687376995,0.16567578300000108,0.028086719000000926,0.028635108000001352,0.00036398000000126274,0.02855665800000118,0.5336758780000004,0.1648348740000003,0.02857267200000102,0.01163124303750504,0.0001121194073184506,0.22514957438033,17.712464522620206,0.0006202907612239753,1,localization_jump,localization_jump_001
16.0,0.3757207989692688,1.3320015585886504,0.9277777777777778,0.20173036400000122,4.957111959605615,0.11578947368421051,0.0,-0.02564102564102541,-1.607097769390203,1.3903469364784982,1.7618273648749716,0.11584275685854578,-7.529204944534476e-05,-0.007337301185584306,-0.014581510102418191,-0.08028295486737126,-0.024386556920400995,3.542130915849123,3.475972902111527,0.5118861857678453,1.07110780866108,1.7507521628242935,0.16963113376647637,0.11355229869126982,0.24684788713302727,0.2067626263402751,0.06911840556859274,2.0662538776377963,-0.25564162254752254,-0.024342892332725442,0.0,0.0,-1.607097769390203,1.3903469364784982,1.7618273648749716,0.16394541899999915,0.027860245999999478,0.024253764999999206,0.00011828300000082947,0.024269644000000312,0.7336758779999997,0.15968668600000058,0.024299105000000765,5.3283174335269634e-05,0.018303724455441105,0.06615801373759611,12.312351079223037,0.007244208916833885,1,localization_jump,localization_jump_001
16.2,0.3951776623725891,1.3250548186416398,0.9277777777777778,0.20116531099999868,4.971035985423981,0.10421052631578946,0.0,-0.02564102564102541,-1.6115405244881091,1.4135609632801005,1.7575629668111772,0.11585925273164013,-4.4538748429634456e-05,-0.02431291308637162,-0.029906158474976057,-0.08140441878415648,-0.01133578742501967,3.615127079072758,3.4029189264824815,0.5118861857678453,1.07110780866108,1.7507521628242935,0.16963113376647637,0.11355229869126982,0.24684788713302727,0.2067626263402751,0.06911840556859274,2.0662538776377963,-0.25564162254752254,-0.024342892332725442,0.0,0.0,-1.6115405244881091,1.4135609632801005,1.7575629668111772,0.16278010799999976,0.027763748999998228,0.018743240999999244,0.002832778999998453,0.01864892700000098,0.933675877999999,0.15433864099999894,0.018658589999997588,0.011648726415850671,0.001328112554653791,0.21220815259027637,12.301984359016018,0.005593245388604437,1,localization_jump,localization_jump_001
16.400000000000002,0.40562179684638977,1.306560573807682,0.9222222222222223,0.2012001060000017,4.970176307958762,0.09263157894736841,0.0,-0.02564102564102541,-1.6154261634683782,1.4344646240765937,1.7519308926603314,0.10425842743985902,-4.042061977779787e-05,-0.024655538722383023,-0.02903576026516456,-0.10288978827515755,-0.03707677915245727,3.2651867294202384,3.0499088126858807,0.5118861857678453,1.07110780866108,1.7507521628242935,0.16963113376647637,0.11355229869126982,0.24684788713302727,0.2067626263402751,0.06911840556859274,2.0662538776377963,-0.25564162254752254,-0.024342892332725442,0.0,0.0,-1.6154261634683782,1.4344646240765937,1.7519308926603314,0.1615800020000009,0.027961777000001575,0.01297713300000325,0.0014099670000007336,0.012932850000002105,1.1336758780000018,0.1491725150000036,0.012940853000003472,0.011626848492490613,0.0009854869186423885,0.2152779167343577,9.958521781123773,0.004380221542781539,1,localization_jump,localization_jump_001
16.6,0.4175127148628235,1.3063809519057517,0.925,0.2026545679999998,4.934505103284921,0.08105263157894736,0.0,-0.02564102564102541,-1.6187752018527264,1.4530655798900274,1.7462500418548763,0.0927046737831032,-4.7849436207596935e-05,-0.024696780758716248,-0.025568283363917477,-1.8163608243493892,0.03148765103537213,2.914732335180023,2.699094882675038,0.5118861857678453,1.07110780866108,1.7507521628242935,0.16963113376647637,0.11355229869126982,0.24684788713302727,0.2067626263402751,0.06911840556859274,2.0662538776377963,-0.25564162254752254,-0.024342892332725442,0.0,0.0,-1.6187752018527264,1.4530655798900274,1.7462500418548763,0.15892543400000037,0.027824202000001463,0.005925472000001264,0.003959880000000027,0.005944743000000585,1.333675878000001,0.142597097000003,0.005998770000001485,0.011652042204155832,0.0009442448823091636,0.21563745250498512,7.867139130251864,0.0008715026052012291,1,localization_jump,localization_jump_001
16.8,0.4283263087272644,1.2887912740010814,0.9222222222222223,0.20215519999999998,4.946694420920164,0.06947368421052631,0.0,0.0,-1.6216129053416959,1.4693582393295572,1.740534540011215,0.08112206611298098,-4.914058826972767e-05,-0.02473178868827614,-0.024927102734714716,-0.05661410234644081,0.021598406316766242,2.5643424922555145,2.3483975540927635,0.5118861857678453,1.07110780866108,1.7507521628242935,0.16963113376647637,0.11355229869126982,0.24684788713302727,0.2067626263402751,0.06911840556859274,2.0662538776377963,-0.25564162254752254,-0.024342892332725442,0.0,0.0,-1.6216129053416959,1.4693582393295572,1.740534540011215,0.15677023399999968,0.027740013999999036,0.0004913819999998736,0.002160694000000518,0.0003902810000013801,1.5336758780000004,0.13628344099999978,0.0004060820000013621,0.011648381902454666,0.02473178868827614,0.21594493816275095,6.0220956366689915,0.0001953140464385772,1,localization_jump,localization_jump_001
17.0,0.42471742630004883,1.289841138365039,0.9222222222222223,0.20181050100000064,4.955143538343413,0.06947368421052631,0.0,-0.02564102564102541,-1.6235912892998057,1.4809977418551432,1.7380389183382428,0.06951002397329036,-6.645367769097382e-05,-0.02043365609898626,-0.022233754101563245,-0.06750506569597203,0.03489535956484555,2.193543317183465,2.016202578878608,0.5118861857678453,1.07110780866108,1.7507521628242935,0.16963113376647637,0.11355229869126982,0.24684788713302727,0.2067626263402751,0.06911840556859274,2.0662538776377963,-0.25564162254752254,-0.024342892332725442,0.0,0.0,-1.6235912892998057,1.4809977418551432,1.7380389183382428,0.15495973299999832,0.027803635000001492,0.027501123000000405,0.0037297299999998756,0.027252763999999985,1.7336758779999997,0.13021863000000167,0.02744237599999977,3.6339762764042716e-05,0.0052073695420391496,0.17734073830485686,4.422627692987239,0.0018000980025769837,1,localization_jump,localization_jump_001
17.2,0.4119209051132202,1.2857319779963379,0.9222222222222223,0.20310918499999886,4.923460256117938,0.05789473684210526,0.0,-0.02564102564102541,-1.6259201031739656,1.4949938589621496,1.7331968953968797,0.06953958304066918,-4.716996971852218e-05,-0.024543016801185372,-0.023639513376887238,-0.01842156561277279,0.0066436609469535295,2.211869582462276,1.9976307317038764,0.5118861857678453,1.07110780866108,1.7507521628242935,0.16963113376647637,0.11355229869126982,0.24684788713302727,0.2067626263402751,0.06911840556859274,2.0662538776377963,-0.25564162254752254,-0.024342892332725442,0.0,0.0,-1.6259201031739656,1.4949938589621496,1.7331968953968797,0.15185054799999875,0.02784134699999896,0.02270446800000059,0.0031577210000008904,0.022607511000000358,1.933675877999999,0.12231455399999902,0.022629555999998274,0.011644846198563916,0.0010980088398400388,0.21423885075839944,4.4184986524476635,0.0009035034242981348,1,localization_jump,localization_jump_001
17.400000000000002,0.4087103307247162,1.2807487255676995,0.9194444444444444,0.20022154299999784,4.994467553374168,0.05789473684210526,0.0,-0.02564102564102541,-1.627801368198438,1.5066554427404346,1.728271306836535,0.05796535061478615,-4.47812907840954e-05,-0.024573738658471202,-0.024851232684079027,-0.05532506955911258,-0.004048116733316086,1.8614220168245468,1.64691523099245,0.5118861857678453,1.07110780866108,1.7507521628242935,0.16963113376647637,0.11355229869126982,0.24684788713302727,0.2067626263402751,0.06911840556859274,2.0662538776377963,-0.25564162254752254,-0.024342892332725442,0.0,0.0,-1.627801368198438,1.5066554427404346,1.728271306836535,0.15162900500000376,0.027741660000003776,0.017162694000003142,0.0016158220000015433,0.016865903000002902,2.133675878000002,0.11942494700000239,0.017119891000003662,7.061377268088864e-05,0.0010672869825542088,0.2145067858320968,3.0656042708130307,0.00027749402560782455,1,localization_jump,localization_jump_001
17.6,0.39940786361694336,1.268233685330911,0.9166666666666666,0.2014261870000027,4.9645977759584285,0.04631578947368421,0.0,0.07692307692307715,-1.6294438417629504,1.5171596601919906,1.7233020333407019,0.0463904076762811,-4.2881008285728696e-05,-0.02444292188231169,-0.012149883642833769,-0.14803771702674062,0.023145130844130356,1.5103761375878395,1.2970517673160171,0.5118861857678453,1.07110780866108,1.7507521628242935,0.16963113376647637,0.11355229869126982,0.24684788713302727,0.2067626263402751,0.06911840556859274,2.0662538776377963,-0.25564162254752254,-0.024342892332725442,0.0,0.0,-1.6294438417629504,1.5171596601919906,1.7233020333407019,0.15020281800000035,0.027649674000002733,0.010573352000001535,0.004664276999999828,0.010587950000001456,2.333675878000001,0.147241944000001,0.01063251000000065,7.461820259688917e-05,0.10136599880538884,0.21332437027182238,1.959036038570247,0.01229303823947792,1,localization_jump,localization_jump_001
17.8,0.389640748500824,1.2675280079697118,0.9166666666666666,0.20261468100000002,4.935476516630105,0.04631578947368421,0.0,-0.02564102564102541,-1.6309010296250606,1.5264372430924127,1.7286224759078204,0.046364019450995685,-1.908110474431457e-05,-0.015624162814564645,-0.016035293510605494,-0.04182047964121052,0.02539861722108999,1.4707301309884935,1.336628923651368,0.5118861857678453,1.07110780866108,1.7507521628242935,0.16963113376647637,0.11355229869126982,0.24684788713302727,0.2067626263402751,0.06911840556859274,2.0662538776377963,-0.25564162254752254,-0.024342892332725442,0.0,0.0,-1.6309010296250606,1.5264372430924127,1.7286224759078204,0.14758813699999962,0.02752388000000039,0.004230702000000974,0.002256239000001159,0.004238077000000118,2.5336758780000004,0.14118877900000015,0.004270325000000241,4.822997731147166e-05,0.010016862826460766,0.1341012073371255,1.9658204319647854,0.0004111306960408491,1,localization_jump,localization_jump_001
18.0,0.38577863574028015,1.266379947012121,0.9166666666666666,0.2016545789999995,4.958974921169544,0.03473684210526316,0.0,-0.02564102564102541,-1.6321269195823962,1.5342281558371835,1.7247999306597288,0.04638629823649191,-4.939498195897802e-05,-0.024476344904860663,-0.0247503807487571,-0.08459603799239077,0.002292476571201985,1.5101114676113994,1.296485922258555,0.5118861857678453,1.07110780866108,1.7507521628242935,0.16963113376647637,0.11355229869126982,0.24684788713302727,0.2067626263402751,0.06911840556859274,2.0662538776377963,-0.25564162254752254,-0.024342892332725442,0.0,0.0,-1.6321269195823962,1.5342281558371835,1.7247999306597288,0.1459335579999994,0.027698576999998892,0.032932307999999466,0.00021132899999898314,0.032963635000001545,2.7336758779999997,0.1351954279999994,0.033021263999998496,0.011649456131228746,0.0011646807361647485,0.2136255453528444,1.957838258799385,0.0002740358438964377,1,localization_jump,localization_jump_001
18.2,0.38137203454971313,1.2520473601251114,0.9111111111111111,0.20352444399999925,4.913414724768901,0.03473684210526316,0.0,-0.02564102564102541,-1.633257813222666,1.5416241504423527,1.7200461012135435,0.034803690330595834,-4.272499015892193e-05,-0.02447865432379881,-0.024732099477938786,-0.10646330356012133,-0.026571051019964247,1.1596754275108185,0.9460367892238871,0.5118861857678453,1.07110780866108,1.7507521628242935,0.16963113376647637,0.11355229869126982,0.24684788713302727,0.2067626263402751,0.06911840556859274,2.0662538776377963,-0.25564162254752254,-0.024342892332725442,0.0,0.0,-1.633257813222666,1.5416241504423527,1.7200461012135435,0.14240911399999945,0.027611888999999223,0.026254454000000038,0.0028603479999986803,0.02626419699999971,2.933675877999999,0.12772719999999893,0.026288129000000993,6.684822533267049e-05,0.0011623713172266015,0.21363863828693141,1.0970956179841733,0.00025344515413997654,1,localization_jump,localization_jump_001
18.400000000000002,0.38495147228240967,1.2619486083797098,0.9194444444444444,0.20248385600000063,4.938665332410485,0.08105263157894736,0.0,-0.17948717948717924,-1.6342961915294363,1.5486507942998045,1.7150235185778815,0.03479182951989415,-5.274714248165637e-05,-0.024671644919949953,-0.03425361241941916,-0.1659747840587294,-0.00874604822315301,1.1603697954631544,0.9450031840952592,0.4629491106322797,1.26049655378111,1.7016777049606922,0.2516207650432036,0.13858564318264532,0.2889602352587011,0.19560913603654528,0.04907445786360132,2.071229646417611,-0.31035946953282995,-0.01630064429780082,0.054943617041997656,0.008042248034924624,-1.6342961915294363,1.5486507942998045,1.7150235185778815,0.13992525800000166,0.027399907000003054,0.019788350000002453,0.0006442130000010593,0.019547130000002966,0.10791504000000174,0.10784109600000136,0.0197480160000012,0.04626080205905321,0.1548155345672293,0.21536661136789526,1.0965531514406457,0.00958196749946921,1,localization_jump,localization_jump_001
18.6,0.3722495138645172,1.2585078761520156,0.9222222222222223,0.20151354600000104,4.9624455519233175,0.04631578947368421,0.0,-0.019487179487179235,-1.6364054237693382,1.5643832434048737,1.6872516248598917,0.08144205988766304,4.8234211994527265e-05,-0.18196330001405941,-0.17829682914185802,-0.2904829737961214,-0.00658059073994292,3.2505135279949338,1.6625033569761523,0.4629491106322797,1.26049655378111,1.7016777049606922,0.2516207650432036,0.13858564318264532,0.2889602352587011,0.19560913603654528,0.04907445786360132,2.071229646417611,-0.31035946953282995,-0.01630064429780082,0.0,0.0,-1.6364054237693382,1.5643832434048737,1.6872516248598917,0.1384117119999999,0.02770639700000288,0.01329374400000205,0.003166170000000079,0.01319313800000188,0.30791504000000103,0.116028711000002,0.01320719799999992,0.035126270413978825,0.16247612052688018,1.5880101710187815,5.403989652187973,0.0036664708722013994,1,localization_jump,localization_jump_001
18.8,0.3656654953956604,1.2158222449598488,0.9,0.20186675899999784,4.953762595455405,0.04631578947368421,0.0,-0.02564102564102541,-1.6374716607038258,1.5742674358339195,1.674260738541829,0.046370280970596076,-3.2371046245725787e-06,-0.026623466067792666,-0.02641994813201585,-0.05861998723638641,0.04542447314229985,1.5188562500356348,1.28724103656306,0.4629491106322797,1.26049655378111,1.7016777049606922,0.2516207650432036,0.13858564318264532,0.2889602352587011,0.19560913603654528,0.04907445786360132,2.071229646417611,-0.31035946953282995,-0.01630064429780082,0.0,0.0,-1.6374716607038258,1.5742674358339195,1.674260738541829,0.13654495300000136,0.027560126000000906,0.007394685000001289,0.001413958000000548,0.007412247000001315,0.5079150400000003,0.11037308399999901,0.007459954000001545,5.4491496911862614e-05,0.0009824404267672546,0.23161521347257485,1.9551340936861528,0.00020351793577681743,1,localization_jump,localization_jump_001
19.0,0.35231032967567444,1.2032965436393832,0.9,0.20257162800000117,4.9365254644643235,0.04631578947368421,0.0,-0.02564102564102541,-1.6384236209763334,1.5836865793088402,1.6684105545499313,0.046401045733710226,2.607674951526917e-06,-0.0290613714305467,-0.029041206575951595,-0.08428023925631359,-0.0104997960812926,1.530506222556303,1.2768990929441086,0.4629491106322797,1.26049655378111,1.7016777049606922,0.2516207650432036,0.13858564318264532,0.2889602352587011,0.19560913603654528,0.04907445786360132,2.071229646417611,-0.31035946953282995,-0.01630064429780082,0.0,0.0,-1.6384236209763334,1.5836865793088402,1.6684105545499313,0.13397332499999948,0.02762288099999921,0.0004076479999994831,0.0031596379999996316,0.0002991309999984537,0.7079150399999996,0.10364630600000169,0.0003091690000012193,8.525626002601344e-05,0.0034203457895212903,0.25360712961219445,1.9543020073274575,2.0164854595106085e-05,1,localization_jump,localization_jump_001
19.200000000000003,0.3460550606250763,1.1943201433763415,0.8972222222222223,0.2036810399999993,4.90963714639322,0.03473684210526316,0.0,0.0,-1.6391035108064294,1.5907599643938501,1.666871440964494,0.034733148152655505,-1.2407245435064069e-05,0.017563408377762327,0.007506797350638342,-0.06771376392174595,0.025401570224965392,0.9734357774227849,1.1319636629981322,0.4629491106322797,1.26049655378111,1.7016777049606922,0.2516207650432036,0.13858564318264532,0.2889602352587011,0.19560913603654528,0.04907445786360132,2.071229646417611,-0.31035946953282995,-0.01630064429780082,0.0,0.0,-1.6391035108064294,1.5907599643938501,1.666871440964494,0.130292285000003,0.027621582000001865,0.028731082000003738,0.0017440990000032741,0.028746111000003793,0.9079150400000024,0.12956721400000148,0.028777488000002904,3.6939526076584794e-06,0.017563408377762327,0.15852788557534736,1.10189392830493,0.010056611027123985,1,localization_jump,localization_jump_001
19.400000000000002,0.3471476435661316,1.1903028463169654,0.8944444444444445,0.2000758789999999,4.998103744429884,0.03473684210526316,0.0,0.0,-1.6397860946558913,1.5978197975359032,1.6669690649331828,0.03477821653477123,-4.187634537200242e-06,-0.003382165066127078,-0.0033480769681089296,-0.04353603301668672,-0.012280236817356377,1.0673391046379122,1.0378946668944204,0.4629491106322797,1.26049655378111,1.7016777049606922,0.2516207650432036,0.13858564318264532,0.2889602352587011,0.19560913603654528,0.04907445786360132,2.071229646417611,-0.31035946953282995,-0.01630064429780082,0.0,0.0,-1.6397860946558913,1.5978197975359032,1.6669690649331828,0.1302164060000024,0.027609286000000566,0.023274373000003123,0.0003352760000012722,0.02328806900000302,1.1079150400000017,0.12539463900000314,0.023313333000000824,4.13744295080648e-05,0.003382165066127078,0.029444437743491703,1.1077855644715549,3.4088098018148546e-05,1,localization_jump,localization_jump_001
19.6,0.3455999195575714,1.182642033751707,0.8944444444444445,0.20266505900000098,4.934249667575875,0.03473684210526316,0.0,-0.02564102564102541,-1.640465011026501,1.6048816896974742,1.6662657564845036,0.03477357210750957,-8.295619276421987e-06,-0.0034475051279760417,-0.010708292194149866,-0.09431931471143191,0.008141038362963196,1.067748719670727,1.0377012228679,0.4629491106322797,1.26049655378111,1.7016777049606922,0.2516207650432036,0.13858564318264532,0.2889602352587011,0.19560913603654528,0.04907445786360132,2.071229646417611,-0.31035946953282995,-0.01630064429780082,0.0,0.0,-1.640465011026501,1.6048816896974742,1.6662657564845036,0.1275513470000007,0.0275538370000028,0.017425675000001917,0.0033759010000018463,0.01744827500000312,1.307915040000001,0.11898439300000163,0.017501824,3.67300022464101e-05,0.022193520513049368,0.030047496802827034,1.1080041521179478,0.0072607870661738245,1,localization_jump,localization_jump_001
19.8,0.3338235318660736,1.1899732464791821,0.8972222222222223,0.2017555850000008,4.956492282481281,0.023157894736842106,0.0,0.0,-1.6410273418737453,1.610767711953207,1.6718786946091284,0.023023326749674698,-3.112739765091235e-05,0.07866546647768412,0.08789038487316013,-0.08816761398380737,0.013894956743602003,0.3576474670048349,1.0459113370897972,0.4629491106322797,1.26049655378111,1.7016777049606922,0.2516207650432036,0.13858564318264532,0.2889602352587011,0.19560913603654528,0.04907445786360132,2.071229646417611,-0.31035946953282995,-0.01630064429780082,0.0,0.0,-1.6410273418737453,1.610767711953207,1.6718786946091284,0.1257957619999992,0.027635877000001585,0.012594957000001017,0.0022366650000016364,0.012536903000000876,1.5079150400000003,0.1126358990000007,0.012542478000000301,0.00013456798716740895,0.07866546647768412,0.6882638700849624,0.374067540421806,0.009224918395476012,1,localization_jump,localization_jump_001
20.0,0.3304998278617859,1.192643736799558,0.9,0.200632707999997,4.984232182122643,0.023157894736842106,0.0,-0.02564102564102541,-1.6415278736633825,1.6154592217450379,1.677790710918952,0.023213872008634368,-5.9168346263340985e-06,-0.025321167903273014,-0.025459035329223192,-0.07535981908058177,-0.011119708320190635,0.8115566542725287,0.5916490860201592,0.4629491106322797,1.26049655378111,1.7016777049606922,0.2516207650432036,0.13858564318264532,0.2889602352587011,0.19560913603654528,0.04907445786360132,2.071229646417611,-0.31035946953282995,-0.01630064429780082,0.0,0.0,-1.6415278736633825,1.6154592217450379,1.677790710918952,0.1251630540000015,0.027364717000001093,0.006444156000000589,0.0003623869999991314,0.006399323000000123,1.7079150399999996,0.10844798700000169,0.006472426999998504,5.597727179226103e-05,0.00031985773775239715,0.21990756825236946,0.4801567527539199,0.00013786742595017776,1,localization_jump,localization_jump_001
20.200000000000003,0.3291069567203522,1.1896919907979022,0.9,0.2022628320000024,4.944062090458559,0.011578947368421053,0.0,0.0,-1.6419028696175635,1.619006165211216,1.6752438094309867,0.011604925292744093,-4.131863012179831e-06,-8.608784878873061e-07,0.00015050161958294386,-0.06807985771870903,0.014041380457397433,0.3502156759961646,0.3512286779222682,0.4629491106322797,1.26049655378111,1.7016777049606922,0.2516207650432036,0.13858564318264532,0.2889602352587011,0.19560913603654528,0.04907445786360132,2.071229646417611,-0.31035946953282995,-0.01630064429780082,0.0,0.0,-1.6419028696175635,1.619006165211216,1.6752438094309867,0.12290022200000195,0.027436626000003628,0.00025591600000396397,0.0031507040000029463,0.00013571600000261697,1.9079150400000024,0.10229564900000199,0.00014925200000348582,2.5977924323039928e-05,8.608784878873061e-07,0.001013001926103596,0.12300578886778633,0.00015136249807083115,0,localization_jump,localization_jump_001
20.400000000000002,0.31732866168022156,1.1889418996410606,0.9,0.20233336399999757,4.942338624884485,0.011578947368421053,0.0,0.0,-1.6421081871147294,1.620970154571839,1.6747700277264488,0.011601102602704132,-5.5861645712892375e-06,-0.0035379149524097115,-0.0035503502183450567,-0.04914196549849136,0.018566204570672734,0.3664557060701594,0.3356374310129733,0.4629491106322797,1.26049655378111,1.7016777049606922,0.2516207650432036,0.13858564318264532,0.2889602352587011,0.19560913603654528,0.04907445786360132,2.071229646417611,-0.31035946953282995,-0.01630064429780082,0.0,0.0,-1.6421081871147294,1.620970154571839,1.6747700277264488,0.12056685800000366,0.02730516400000127,0.027969221000002875,0.0003507420000019579,0.02798399600000323,2.1079150400000017,0.09610501200000243,0.028015878000001493,2.2155234283078445e-05,0.0035379149524097115,0.03081827505718615,0.12299625176543355,1.2435265935345236e-05,0,localization_jump,localization_jump_001
20.6,0.3250502347946167,1.1872553910922121,0.9,0.20185128600000013,4.954142328327793,0.023157894736842106,0.0,-0.02564102564102541,-1.642474739956551,1.6244900701456317,1.674071352671912,0.023210548256309766,-1.166062334437756e-05,-0.02106526940364737,-0.023793520964549467,-0.08493414507022147,-0.017872463177782745,0.7920514159177189,0.6103317524913114,0.4629491106322797,1.26049655378111,1.7016777049606922,0.2516207650432036,0.13858564318264532,0.2889602352587011,0.19560913603654528,0.04907445786360132,2.071229646417611,-0.31035946953282995,-0.01630064429780082,0.0,0.0,-1.642474739956551,1.6244900701456317,1.674071352671912,0.11871557200000282,0.027325250000000523,0.022366521000002137,0.0036705680000004293,0.022373689000001917,2.307915040000001,0.08936594600000092,0.022397856000001326,5.265351946765959e-05,0.004575756237378041,0.18171966342640744,0.483414128740286,0.0027282515609020966,1,localization_jump,localization_jump_001
20.8,0.3183992803096771,1.1850893186566271,0.9,0.20320598800000056,4.921114824628088,0.0,0.0,0.2820512820512822,-1.6427357006023129,1.627060106958424,1.683624424990996,-0.0004921434586150678,-8.584451959809108e-05,0.26016314696334575,0.26574021010747667,-0.06993545072181799,0.021891851293418613,-1.124695869653428,1.1245140579703854,0.4629491106322797,1.26049655378111,1.7016777049606922,0.2516207650432036,0.13858564318264532,0.2889602352587011,0.19560913603654528,0.04907445786360132,2.071229646417611,-0.31035946953282995,-0.01630064429780082,0.0,0.0,-1.6427357006023129,1.627060106958424,1.683624424990996,0.11550958400000155,0.027476791000001555,0.015117197000002136,0.001030136000000681,0.01513163999999989,2.5079150400000003,0.0819649499999997,0.015160153000000065,0.0004921434586150678,0.021888135087936467,2.2492099276238133,-1.264736316366508,0.005577063144130923,1,localization_jump,localization_jump_001
21.0,0.3314066529273987,1.1863351043532877,0.8972222222222223,0.20045480099999935,4.988655771831592,0.0,0.0,0.23076923076923095,-1.6427166182595077,1.6269573578592607,1.7397996409277519,-0.000510936558977787,-3.355697320728356e-05,0.28028012981064704,0.2702232018839935,-0.07552069621665418,0.003863184290819782,-1.224282979430725,1.2219216582423558,0.4629491106322797,1.26049655378111,1.7016777049606922,0.2516207650432036,0.13858564318264532,0.2889602352587011,0.19560913603654528,0.04907445786360132,2.071229646417611,-0.31035946953282995,-0.01630064429780082,0.0,0.0,-1.6427166182595077,1.6269573578592607,1.7397996409277519,0.11505478300000149,0.0273777079999995,0.010441492999998303,0.000579350999998951,0.01044758300000126,2.7079150399999996,0.11298847000000123,0.010461275000000825,0.000510936558977787,0.04951089904141609,2.446204637673081,-1.4959778883838835,0.010056927926653525,1,localization_jump,localization_jump_001
21.200000000000003,0.3277747631072998,1.187433329537327,0.9,0.20087486600000304,4.9782236071285535,0.0,0.0,0.23076923076923095,-1.642701363604868,1.626875029046166,1.7887790161070176,-0.0003868655002132817,-2.9494609067744304e-05,0.23029916668532502,0.23057915952358066,-0.05312724422254875,-0.00839884920719341,-1.005297779444088,1.0048274629733136,0.4629491106322797,1.26049655378111,1.7016777049606922,0.2516207650432036,0.13858564318264532,0.2889602352587011,0.19560913603654528,0.04907445786360132,2.071229646417611,-0.31035946953282995,-0.01630064429780082,0.0,0.0,-1.642701363604868,1.626875029046166,1.7887790161070176,0.1141799170000013,0.027295552000001777,0.006326215000001412,0.0003250340000029439,0.006346612000001528,2.9079150400000024,0.10783722900000114,0.0063882610000014495,0.0003868655002132817,0.00047006408390593,2.0101252424174016,-1.0101508172515088,0.00027999283825563825,1,localization_jump,localization_jump_001
21.400000000000002,0.33303821086883545,1.2005544746839083,0.9027777777777778,0.20040526100000022,4.9898889630447325,0.0,0.0,0.23076923076923095,-1.6426854305188365,1.6267988713356925,1.8357197421523865,-0.00039029788899265126,-3.747701235003528e-05,0.230122042400683,0.2304555216429442,-0.026687561085599,0.005036278373108028,-1.0043039928772854,1.0041826899003659,0.4629491106322797,1.26049655378111,1.7016777049606922,0.2516207650432036,0.13858564318264532,0.2889602352587011,0.19560913603654528,0.04907445786360132,2.071229646417611,-0.31035946953282995,-0.01630064429780082,0.0,0.0,-1.6426854305188365,1.6267988713356925,1.8357197421523865,0.11377465600000036,0.027307300000000367,0.001407814000003782,0.004330633000002138,0.0014186630000025957,3.1079150400000017,0.10377130000000179,0.001457894000001403,0.00039029788899265126,0.0006471883685479352,2.0084866827776513,-1.0085046850451904,0.000333479242261181,1,localization_jump,localization_jump_001
21.6,0.33353284001350403,1.2058583010160007,0.9027777777777778,0.20071663399999906,4.982148116334018,0.0,0.0,0.17948717948717968,-1.6426710214962006,1.6267397486627329,1.8731509195734064,-0.00034220816431354236,-0.00010535447628505536,0.19018577403034756,0.1855005991195697,-0.08285286648256537,0.012596923481099268,-0.8324036517998816,0.8300345959084982,0.4629491106322797,1.26049655378111,1.7016777049606922,0.2516207650432036,0.13858564318264532,0.2889602352587011,0.19560913603654528,0.04907445786360132,2.071229646417611,-0.31035946953282995,-0.01630064429780082,0.0,0.0,-1.6426710214962006,1.6267397486627329,1.8731509195734064,0.11305802200000059,0.027128219000001508,0.030845530000000565,0.0033777280000002463,0.0308598040000021,3.307915040000001,0.09910074400000113,0.030899597000001222,0.00034220816431354236,0.010698594543167878,1.66243824770838,-0.690923828754473,0.004685174910777856,1,localization_jump,localization_jump_001
21.8,0.337859570980072,1.2022725639899083,0.9055555555555556,0.20348513200000085,4.914363964439406,0.0,0.0,0.17948717948717968,-1.642656075823642,1.6266845022133054,1.9102225040284075,-0.00030649847819574113,-3.758934945235057e-05,0.17962369867736705,0.17971200403128804,-0.08322353654901242,-0.007893378133395123,-0.7844104514781681,0.7833418404992585,0.4629491106322797,1.26049655378111,1.7016777049606922,0.2516207650432036,0.13858564318264532,0.2889602352587011,0.19560913603654528,0.04907445786360132,2.071229646417611,-0.31035946953282995,-0.01630064429780082,0.0,0.0,-1.642656075823642,1.6266845022133054,1.9102225040284075,0.10957288999999903,0.027064230000000578,0.023173793000001552,0.005272516000001559,0.02309169000000111,3.5079150400000003,0.09088508600000011,0.023099604000002216,0.00030649847819574113,0.00013651919018736747,1.5677522919774267,-0.6144615267677626,8.83053539209866e-05,1,localization_jump,localization_jump_001
22.0,0.3311006426811218,1.1965660030108232,0.9027777777777778,0.2016049109999969,4.960196629337147,0.0,0.0,0.01948717948717968,-1.6426397255234853,1.6266323057549754,1.9468607156181907,-0.00028220418586151746,-3.5950050543554374e-05,0.17961751103091098,0.18181829920522213,-0.07074837511374231,0.037019923512481054,-0.7837958068755706,0.7838813073030076,0.44432614234170137,1.2909892745293758,1.9385568777259896,0.32711668274710176,0.15401133232362163,0.34297766415050635,0.03572983300525786,0.23687917276529746,2.0996745785920727,-0.3226117272950377,0.007867981137044688,0.030971470528234474,0.024168625434845506,-1.6426397255234853,1.6266323057549754,1.9468607156181907,0.10796797900000143,0.02718811900000162,0.017556282000001033,0.0033229980000015757,0.017563067000001098,0.07014441600000154,0.0700106869999999,0.01758793400000158,0.00028220418586151746,0.1601303315437313,1.5676771141785784,-0.614402881752238,0.002200788174311158,0,localization_jump,localization_jump_001
22.200000000000003,0.3330329954624176,1.2055695977496224,0.9055555555555556,0.20080023500000266,4.980073853001152,0.0,0.0,-0.12820512820512797,-1.6426433427330804,1.626641672022105,1.9434822339616868,0.00023121680656072483,-3.183386378641437e-05,-0.13683054357192992,-0.13469122093202385,-0.05825067702825755,-0.00822580183050398,0.5982127182304808,-0.598675560459097,0.44432614234170137,1.2909892745293758,1.9385568777259896,0.32711668274710176,0.15401133232362163,0.34297766415050635,0.03572983300525786,0.23687917276529746,2.0996745785920727,-0.3226117272950377,0.007867981137044688,0.0,0.0,-1.6426433427330804,1.626641672022105,1.9434822339616868,0.10716774400000162,0.027068499000002078,0.011589846000003234,0.0008091340000042635,0.011522597000002577,0.2701444160000044,0.07999847200000332,0.011531702000002753,0.00023121680656072483,0.008625415366801947,1.1968882786895778,-0.35813533436039297,0.0021393226399060716,1,localization_jump,localization_jump_001
22.400000000000002,0.33820006251335144,1.2023816443294104,0.9055555555555556,0.20208591499999784,4.948390391284868,0.0,0.0,-0.12820512820512797,-1.6426593456103682,1.626690416614481,1.9173670019206797,0.00021626767564905585,-6.130622822787441e-05,-0.12575809222953394,-0.12596351465531105,-0.05968800751724896,-4.8819393907864844e-05,0.5483940687886703,-0.5493214251972783,0.44432614234170137,1.2909892745293758,1.9385568777259896,0.32711668274710176,0.15401133232362163,0.34297766415050635,0.03572983300525786,0.23687917276529746,2.0996745785920727,-0.3226117272950377,0.007867981137044688,0.0,0.0,-1.6426593456103682,1.626690416614481,1.9173670019206797,0.10508182900000307,0.02699684200000263,0.006347348000002029,0.0005900870000026259,0.006366116000002364,0.4701444160000037,0.07464625600000119,0.006425812000003361,0.00021626767564905585,0.0024470359755940363,1.0977154939859486,-0.30124461143672665,0.00020542242577711867,1,localization_jump,localization_jump_001
22.6,0.3398387134075165,1.2081556210488629,0.9055555555555556,0.20088848299999995,4.977886163837477,0.0,0.0,-0.07692307692307669,-1.6426739586686165,1.6267392505237483,1.8917264322005727,0.000232492631707978,-6.0192904593695654e-05,-0.12570170678975395,-0.12568122643733942,-0.04933514925434843,0.014261374476746214,0.5489430607334694,-0.5482474686988982,0.44432614234170137,1.2909892745293758,1.9385568777259896,0.32711668274710176,0.15401133232362163,0.34297766415050635,0.03572983300525786,0.23687917276529746,2.0996745785920727,-0.3226117272950377,0.007867981137044688,0.0,0.0,-1.6426739586686165,1.6267392505237483,1.8917264322005727,0.10419334600000241,0.026921422000000916,0.001941786999999806,0.005290923000000447,0.001953426000000036,0.670144416000003,0.10383908300000044,0.002066272000000424,0.000232492631707978,0.04877862986667726,1.0971905294323676,-0.30095664350695017,2.048035241453139e-05,1,localization_jump,localization_jump_001
22.8,0.3388282358646393,1.190867731600632,0.9,0.2016420029999999,4.959284202309776,0.0,0.0,-0.07692307692307669,-1.6426828302194183,1.6267705266636237,1.8768087998886918,0.00015081372301925573,-5.812236697976096e-05,-0.07593323658162059,-0.07572802964593818,-0.06095739112196555,-5.40497091066311e-06,0.33183207534417375,-0.33121976818557447,0.44432614234170137,1.2909892745293758,1.9385568777259896,0.32711668274710176,0.15401133232362163,0.34297766415050635,0.03572983300525786,0.23687917276529746,2.0996745785920727,-0.3226117272950377,0.007867981137044688,0.0,0.0,-1.6426828302194183,1.6267705266636237,1.8768087998886918,0.1025513430000018,0.027004718000000594,0.03139380200000019,0.004330680999999004,0.03140943800000073,0.8701444160000023,0.09820337500000065,0.03144214399999967,0.00015081372301925573,0.0009898403414561052,0.6630518435297482,-0.10990934307203531,0.000205206935682406,1,localization_jump,localization_jump_001
23.0,0.3331754505634308,1.1875001457002428,0.9,0.19969227200000006,5.007705055306295,0.0,0.0,-0.07692307692307669,-1.6426917543652935,1.6268033279871026,1.8614842693907914,0.0001498578585147772,-5.0712048276446756e-05,-0.0749404311305984,-0.07502163578067951,-0.08773079249727689,0.017419364214431503,0.32736789774064023,-0.3267684337687458,0.44432614234170137,1.2909892745293758,1.9385568777259896,0.32711668274710176,0.15401133232362163,0.34297766415050635,0.03572983300525786,0.23687917276529746,2.0996745785920727,-0.3226117272950377,0.007867981137044688,0.0,0.0,-1.6426917543652935,1.6268033279871026,1.8614842693907914,0.10285907100000102,0.027110060999998353,0.027639116999999658,0.004247739000000195,0.027644553999998323,1.0701444160000015,0.09459300700000028,0.02766722999999871,0.0001498578585147772,0.0019826457924782964,0.654136331509386,-0.10697349521087596,8.120465008111533e-05,1,localization_jump,localization_jump_001
23.200000000000003,0.33397260308265686,1.1940311051332033,0.9027777777777778,0.20129637500000186,4.967799345616585,0.0,0.0,-0.07692307692307669,-1.6427001696049677,1.6268363884524326,1.8461938515662446,0.00015503296597969303,-5.5105975723356923e-05,-0.07498342354347846,-0.07501660900073243,-0.08442801248921056,-0.006638383449853858,0.3275521371971972,-0.3269547252286445,0.44432614234170137,1.2909892745293758,1.9385568777259896,0.32711668274710176,0.15401133232362163,0.34297766415050635,0.03572983300525786,0.23687917276529746,2.0996745785920727,-0.3226117272950377,0.007867981137044688,0.0,0.0,-1.6427001696049677,1.6268363884524326,1.8461938515662446,0.101562696000002,0.026966577000003156,0.022576746000002146,0.0034039440000022125,0.022593301000004118,1.2701444160000044,0.08930589900000285,0.02261661400000392,0.00015503296597969303,0.0019396533795982274,0.6545068624258417,-0.10709471901536488,3.3185457253961936e-05,1,localization_jump,localization_jump_001
23.400000000000002,0.3263973593711853,1.199043435370264,0.9055555555555556,0.20043144299999938,4.989237142797017,0.011578947368421053,0.0,-0.07692307692307669,-1.6433136003556168,1.629161769923766,1.8186752732909959,0.023585405223845144,2.780630764671107e-05,-0.18529345917588005,-0.1419801518354952,-0.06341689965259638,0.00014856358420282934,1.5178387951870325,-0.1090348529512472,0.44432614234170137,1.2909892745293758,1.9385568777259896,0.32711668274710176,0.15401133232362163,0.34297766415050635,0.03572983300525786,0.23687917276529746,2.0996745785920727,-0.3226117272950377,0.007867981137044688,0.0,0.0,-1.6433136003556168,1.629161769923766,1.8186752732909959,0.10113125300000192,0.026915252000002,0.017378861000000967,0.001167928000000984,0.016998106000002622,1.4701444160000037,0.08434390100000044,0.01727117000000078,0.01200645785542409,0.10837038225280336,1.6268736481382797,-0.16549732983691628,0.043313307340384855,1,localization_jump,localization_jump_001
23.6,0.32897958159446716,1.193223349382112,0.9,0.2014320579999982,4.96445307628247,0.011578947368421053,0.0,-0.07692307692307669,-1.643881331564946,1.6315122712704266,1.800068345771863,0.0117486328100944,-5.3374668780738384e-05,-0.0756485795393648,-0.07550368557411098,-0.10892055807302675,0.030598668913392343,0.6813131526191069,0.020886618183926342,0.44432614234170137,1.2909892745293758,1.9385568777259896,0.32711668274710176,0.15401133232362163,0.34297766415050635,0.03572983300525786,0.23687917276529746,2.0996745785920727,-0.3226117272950377,0.007867981137044688,0.0,0.0,-1.643881331564946,1.6315122712704266,1.800068345771863,0.09969919500000302,0.02695205200000217,0.01142607100000248,0.0005024340000012728,0.011438289000000879,1.670144416000003,0.07905616000000038,0.0114707420000002,0.00016968544167334648,0.001274497383711895,0.6604265344351805,0.01423032768244242,0.00014489396525381448,1,localization_jump,localization_jump_001
23.8,0.3231793940067291,1.1905725495314892,0.9,0.20060373300000123,4.98495209957032,0.011578947368421053,0.0,-0.07692307692307669,-1.6444075169042192,1.6338509032345934,1.7847118279968217,0.011746047908350175,-4.867790618669947e-05,-0.0752183325249038,-0.07532743428174343,-0.0881819066799188,0.030503530462397448,0.6794307930632091,0.022881679793781612,0.44432614234170137,1.2909892745293758,1.9385568777259896,0.32711668274710176,0.15401133232362163,0.34297766415050635,0.03572983300525786,0.23687917276529746,2.0996745785920727,-0.3226117272950377,0.007867981137044688,0.0,0.0,-1.6444075169042192,1.6338509032345934,1.7847118279968217,0.09909546200000108,0.025625789999999427,0.0065809950000002004,0.004347180999999978,0.006468527999999196,1.8701444160000023,0.07419368300000073,0.0064843279999990955,0.00016710053992912213,0.0017047443981728916,0.6565491132694274,0.015546517848907447,0.00010910175683963297,1,localization_jump,localization_jump_001
24.0,0.32582536339759827,1.182152840734264,0.9,0.2011368140000016,4.971740280225339,0.011578947368421053,0.0,-0.07692307692307669,-1.6448977551388264,1.636197578875473,1.7693624978496012,0.011746889106456522,-5.029291740020914e-05,-0.0752809205631688,-0.07518945949799248,-0.03622553275893299,-0.001435097356948467,0.6797100454909702,0.022617791903016948,0.44432614234170137,1.2909892745293758,1.9385568777259896,0.32711668274710176,0.15401133232362163,0.34297766415050635,0.03572983300525786,0.23687917276529746,2.0996745785920727,-0.3226117272950377,0.007867981137044688,0.0,0.0,-1.6448977551388264,1.636197578875473,1.7693624978496012,0.09795864799999876,0.026739775999999438,0.001438076999999538,0.003606208000000777,0.0014490330000000995,2.0701444160000015,0.06935482300000118,0.0014711419999997588,0.00016794173803546912,0.001642156359907887,0.6570922535879533,0.015373540363304948,9.146106517632369e-05,1,localization_jump,localization_jump_001
24.200000000000003,0.3173719644546509,1.1864509069257312,0.9,0.20228816599999888,4.943442910051424,0.011578947368421053,0.0,-0.07692307692307669,-1.6452790384183222,1.638158674536787,1.7565609207603337,0.011732337755631877,-5.190502241188798e-05,-0.07533737172489423,-0.07548776074506945,-0.0676288678864869,-0.000947970519181913,0.6799740170155834,0.022390296250050512,0.44432614234170137,1.2909892745293758,1.9385568777259896,0.32711668274710176,0.15401133232362163,0.34297766415050635,0.03572983300525786,0.23687917276529746,2.0996745785920727,-0.3226117272950377,0.007867981137044688,0.0,0.0,-1.6452790384183222,1.638158674536787,1.7565609207603337,0.09567048200000272,0.027013914000001193,0.02860992600000145,0.004655811000002785,0.028513963000001752,2.2701444160000044,0.061331529000003826,0.028529204000001585,0.00015339038721082394,0.0015857051981824632,0.6575837207655328,0.015224819683315799,0.00015038902017522338,1,localization_jump,localization_jump_001
24.400000000000002,0.3156326711177826,1.1841008795632257,0.9,0.2037626930000016,4.9076697273528485,0.011578947368421053,0.0,-0.07692307692307669,-1.6457035159015736,1.6405184784661648,1.7411861464236387,0.011737556315516678,-4.764059429040904e-05,-0.0754072973137799,-0.07525095738346763,-0.08692355864354412,-0.01571906368918085,0.6802756320052428,0.022083898821770503,0.44432614234170137,1.2909892745293758,1.9385568777259896,0.32711668274710176,0.15401133232362163,0.34297766415050635,0.03572983300525786,0.23687917276529746,2.0996745785920727,-0.3226117272950377,0.007867981137044688,0.0,0.0,-1.6457035159015736,1.6405184784661648,1.7411861464236387,0.0919077890000004,0.0269695530000007,0.022603953000000843,0.0031798190000031923,0.022621939000000424,2.4701444160000037,0.09000546000000043,0.02264518200000154,0.0001586089470956252,0.0015157796092967885,0.6581917331834722,0.015023138228119766,0.000156339930312277,1,localization_jump,localization_jump_001
24.6,0.31483954191207886,1.1920745540981643,0.9055555555555556,0.2000805149999998,4.997987935007069,0.011578947368421053,0.0,-0.02564102564102541,-1.6460924204326224,1.6428790024369426,1.729049079521392,0.011661095831297767,-6.564425393532363e-05,-0.02898434984152711,-0.02758339241999469,-0.0680495660969789,-0.00645055032942305,0.47820556547154075,0.22408171732019672,0.44432614234170137,1.2909892745293758,1.9385568777259896,0.32711668274710176,0.15401133232362163,0.34297766415050635,0.03572983300525786,0.23687917276529746,2.0996745785920727,-0.3226117272950377,0.007867981137044688,0.0,0.0,-1.6460924204326224,1.6428790024369426,1.729049079521392,0.0918272739999999,0.026678938999999957,0.018730555000001203,0.003171962999999778,0.018537707000000125,2.670144416000003,0.0851415880000026,0.018544233000000077,8.214846287671329e-05,0.0033433242005017003,0.25412384815134403,0.10715712434293861,0.0014009574215324214,1,localization_jump,localization_jump_001
24.8,0.3155210614204407,1.1820657875066922,0.9,0.20054243399999905,4.986475829848583,0.03473684210526316,0.0,-0.18564102564102541,-1.646461056865153,1.6452292411927167,1.7238494365549362,0.011647287773062533,-4.9261374795963025e-05,-0.024671211922279324,-0.05253355618185132,0.0017723102633429855,0.06985511904803474,0.45879997452045457,0.24342947174945498,0.41550129466691094,1.2810644998129963,1.7729712410662328,0.3634368180715466,0.15859736904797406,0.37082642458238774,0.030485619505690842,0.16558563665975679,2.1375436737902227,-0.2836783565033682,0.04719629959475774,0.05431275846730827,0.039328318457713056,-1.646461056865153,1.6452292411927167,1.7238494365549362,0.09128484000000014,0.02683952699999992,0.012163466000000511,0.0013430049999989535,0.012089760000002059,0.06490176500000189,0.06476773900000055,0.012095911999999487,0.02308955433220063,0.16096981371874608,0.2153705027709996,0.11168543543617766,0.027862344259571997,1,localization_jump,localization_jump_001
25.0,0.3145449757575989,1.173560766889584,0.8972222222222223,0.20271353300000072,4.9330697620469,0.03473684210526316,0.0,-0.2307692307692305,-1.6474153808987377,1.652093942780533,1.6876112917496748,0.0352354331723179,6.303274048695493e-05,-0.22979604267622938,-0.23005671445528653,-0.05801701495013391,-0.024508292924876857,2.0553699326697674,0.050675139305476145,0.41550129466691094,1.2810644998129963,1.7729712410662328,0.3634368180715466,0.15859736904797406,0.37082642458238774,0.030485619505690842,0.16558563665975679,2.1375436737902227,-0.2836783565033682,0.04719629959475774,0.0,0.0,-1.6474153808987377,1.652093942780533,1.6876112917496748,0.08857130699999871,0.026559523999999612,0.006511836000001381,0.004473268999998226,0.00652055000000118,0.2649017650000012,0.07349953099999951,0.006548083999998511,0.0004985910670547364,0.0009731880930011205,2.0046947933642913,0.1041561576623276,0.00026067177905714223,1,localization_jump,localization_jump_001
25.200000000000003,0.30800920724868774,1.1853739246955284,0.9027777777777778,0.2018798069999974,4.953442421311671,0.023157894736842106,0.0,-0.12820512820512797,-1.6480061894299816,1.6580531358516417,1.648167516242151,0.03520414742106141,5.0569380353286935e-05,-0.232166883712589,-0.2321502122990019,-0.04955319966792216,-0.01736569404785428,2.0662627157661055,0.03986225144023027,0.41550129466691094,1.2810644998129963,1.7729712410662328,0.3634368180715466,0.15859736904797406,0.37082642458238774,0.030485619505690842,0.16558563665975679,2.1375436737902227,-0.2836783565033682,0.04719629959475774,0.0,0.0,-1.648095852787319,1.6592472513157552,1.6402781498463477,0.08669150000000414,0.02698807900000233,0.03396678000000364,0.0020094190000037315,0.033861784000002615,0.464901765000004,0.06802191700000293,6.643800000460942e-05,0.012046252684219307,0.10396175550746103,2.0264004643258753,0.08236588391744155,1.667141358710489e-05,1,localization_jump,localization_jump_001
25.400000000000002,0.30120354890823364,1.1771527514090905,0.9027777777777778,0.202698465000001,4.933436471756187,0.023157894736842106,0.0,-0.17948717948717924,-1.64832169913205,1.663249845889874,1.6119841858718518,0.02350094131460626,2.757564587931526e-05,-0.17214710870930952,-0.17564911607074216,-0.07660738981126766,0.002364494809065281,1.4523258045460596,-0.04816883606748645,0.41550129466691094,1.2810644998129963,1.7729712410662328,0.3634368180715466,0.15859736904797406,0.37082642458238774,0.030485619505690842,0.16558563665975679,2.1375436737902227,-0.2836783565033682,0.04719629959475774,0.0,0.0,-1.64832169913205,1.663249845889874,1.6119841858718518,0.08399303500000244,0.0266071210000014,0.026880897000001625,0.003747909000001215,0.026895012000000662,0.6649017650000033,0.06065213900000188,0.026938498000003364,0.0003430465777641521,0.007340070777869717,1.500494640613546,-0.06995684359575952,0.0035020073614326352,1,localization_jump,localization_jump_001
25.6,0.29066014289855957,1.1680606339632729,0.9,0.2031966169999997,4.921341776078887,0.023157894736842106,0.0,-0.17948717948717924,-1.6484391373849294,1.668048364257533,1.5757304491173871,0.023525732435506125,2.3556372273503476e-05,-0.17846079933890033,-0.17829142764348002,-0.03267657769254427,-0.003124704630404872,1.4804691531122713,-0.07721758310997831,0.41550129466691094,1.2810644998129963,1.7729712410662328,0.3634368180715466,0.15859736904797406,0.37082642458238774,0.030485619505690842,0.16558563665975679,2.1375436737902227,-0.2836783565033682,0.04719629959475774,0.0,0.0,-1.6484391373849294,1.668048364257533,1.5757304491173871,0.08079641800000203,0.026745370000000435,0.02167724200000265,0.002289264000001623,0.02158635600000025,0.8649017650000026,0.05407131100000129,0.021594295999999957,0.00036783769866401833,0.0010263801482789103,1.5576867362222497,-0.11431824987220601,0.00016937169542030617,1,localization_jump,localization_jump_001
25.8,0.2718255817890167,1.1576211566895522,0.8972222222222223,0.20088653000000178,4.977934558379753,0.0,0.0,-0.3394871794871792,-1.648380811965365,1.6728483256956024,1.5394695879482587,0.023496339069851668,1.3566004730630504e-05,-0.17702567863522162,-0.20056419847616977,-0.06359403447944793,0.0003325399733644465,1.4740145256623198,-0.07118417356782432,0.41550129466691094,1.2810644998129963,1.7729712410662328,0.3634368180715466,0.15859736904797406,0.37082642458238774,0.030485619505690842,0.16558563665975679,2.1375436737902227,-0.2836783565033682,0.04719629959475774,0.0,0.0,-1.648380811965365,1.6728483256956024,1.5394695879482587,0.07990988799999954,0.026743058000000985,0.015362045999999907,0.00044555699999904164,0.015380061000001888,1.0649017650000019,0.048645792000002075,0.015420320000000487,0.023496339069851668,0.1624615008519576,1.545198699230144,-0.1049265058362408,0.023538519840948152,1,localization_jump,localization_jump_001
26.0,0.2843412160873413,1.1671589800368058,0.9055555555555556,0.20155712000000037,4.961372736423294,0.0,0.0,-0.9794871794871793,-1.648363544789019,1.6732696096857476,1.4442184966082534,0.0013844295281100895,-1.8638836597398853e-05,-0.8122056051821711,-0.8496229342263713,-0.011343325302989118,0.014918781609643779,3.547735061299662,-3.505990498398056,0.372786985938073,1.2850923979135243,1.5781343620644201,0.38557678261648765,0.1564408208945547,0.3818954898561015,0.0429038009189246,0.19483687900181268,2.160250429698503,-0.23850906109211806,0.08696131900977568,0.05055553393869959,0.039765019415017935,-1.648363544789019,1.6732696096857476,1.4442184966082534,0.07835276799999846,0.026745361999999773,0.010217115999999749,0.003970128999998934,0.010148314999998576,0.06278988700000099,0.06242088300000148,0.010253614999999883,0.0013844295281100895,0.16728157430500823,7.0537255596977175,-12.43832541575026,0.03741732904420014,1,localization_jump,localization_jump_001
26.200000000000003,0.2800784707069397,1.1637882637831332,0.9055555555555556,0.20290384299999786,4.928442878235729,0.0,0.0,-1.0,-1.6483536983143807,1.67361662534346,1.244896020834677,0.001662687859772875,0.00032014129072756574,-0.9937847276913785,-0.9938674881399675,-0.060428601377193414,0.003032885306499602,4.336735060294836,-4.3376171248394195,0.372786985938073,1.2850923979135243,1.5781343620644201,0.38557678261648765,0.1564408208945547,0.3818954898561015,0.0429038009189246,0.19483687900181268,2.160250429698503,-0.23850906109211806,0.08696131900977568,0.0,0.0,-1.6483536983143807,1.67361662534346,1.244896020834677,0.07544892500000344,0.02677282200000164,0.004477103000002813,0.0021611660000040445,0.004494399000002147,0.26278988700000383,0.07147018600000266,0.004531299000003486,0.001662687859772875,0.006215272308621511,8.674352185134255,-18.811096263426393,8.276044858901432e-05,1,localization_jump,localization_jump_001
26.400000000000002,0.25886639952659607,1.132956616256548,0.8944444444444445,0.20026416700000027,4.993404536519,0.0,0.0,-1.0,-1.6483027119010272,1.6738927446540548,1.0758359440120044,0.0015312117311589472,0.0002819464998172037,-0.9949184071663754,-0.994832856291703,-0.03931046618392914,0.005739745295919377,4.342742695639314,-4.341813217629262,0.400986559381074,1.2928629458768301,1.1907573141567622,0.408980981366876,0.18549913726606504,0.4509006785741295,0.029250595857473482,0.38737704790765787,2.1672368718522366,-0.2559783378095248,0.07312979764324787,0.018814515752386345,0.013831521366527808,-1.6483027119010272,1.6738927446540548,1.0758359440120044,0.07518475800000246,0.02662956700000052,0.0333705660000021,0.0016466090000015754,0.03338827200000338,0.051535562000001534,0.05158745800000375,0.03343537300000321,0.0015312117311589472,0.005081592833624637,8.684555913268575,-18.855377636689703,8.555087467232436e-05,1,localization_jump,localization_jump_001
26.6,0.24795415997505188,1.1392775291662949,0.9027777777777778,0.20089900500000013,4.977625449165362,0.0,0.0,-0.5199999999999999,-1.6481728076036586,1.674172825863621,0.8774476797818158,0.0018160308105327238,0.0003312581071598877,-0.7995813602537339,-0.672685704907883,-0.06813454004997163,-0.01794693978047579,3.489028302876614,-3.5249908217729606,0.400986559381074,1.2928629458768301,1.1907573141567622,0.408980981366876,0.18549913726606504,0.4509006785741295,0.029250595857473482,0.38737704790765787,2.1672368718522366,-0.2559783378095248,0.07312979764324787,0.0,0.0,-1.6481728076036586,1.674172825863621,0.8774476797818158,0.07428575300000162,0.026600051000002622,0.028653062000000062,0.00020693000000093775,0.028530668000001924,0.2515355620000008,0.06119744900000157,0.028549431000001846,0.0018160308105327238,0.27958136025373403,7.014019124649574,-12.298792744546153,0.1268956553458509,1,localization_jump,localization_jump_001
26.8,0.2428128868341446,1.1230428127496974,0.8972222222222223,0.20335612399999903,4.9174816097498235,0.023157894736842106,0.0,0.12000000000000013,-1.6460112621853007,1.6764759820621427,0.7977186386506956,0.02312799816665237,0.0002442502455873852,-0.05153481446072921,0.06227476777140238,-0.099658924346059,0.07679918619403937,0.934276035803317,0.4558393201381293,0.404676117244157,1.2646274793070338,0.8802194537197887,0.4363480454223961,0.19145293721216916,0.5109704374887684,0.028475505432548957,0.3105378604369735,2.1728852213084258,-0.28237278917159864,0.07526273750698247,0.026992052798631587,0.002132939863734598,-1.6460112621853007,1.6764759820621427,0.7977186386506956,0.07092962900000188,0.026590237000000627,0.02091739600000153,0.0015234920000004593,0.02085047499999959,0.035608741000000776,0.03556823699999967,0.020856333000001115,2.989657018973718e-05,0.17153481446072935,0.4784367156651877,0.42587975298193054,0.11380958223213158,1,localization_jump,localization_jump_001
27.0,0.23903515934944153,1.1282519918661738,0.8972222222222223,0.2012381860000012,4.969235808953247,0.023157894736842106,0.0,0.12820512820512842,-1.6428006177082275,1.6798337375625065,0.8252058635812908,0.022713946010941417,-5.341058912236747e-05,0.14354630346282785,0.13665882992809036,-0.04651134386769788,0.025659552757165006,0.07187205093948298,1.3305914526076028,0.404676117244157,1.2646274793070338,0.8802194537197887,0.4363480454223961,0.19145293721216916,0.5109704374887684,0.028475505432548957,0.3105378604369735,2.1728852213084258,-0.28237278917159864,0.07526273750698247,0.0,0.0,-1.6428006177082275,1.6798337375625065,0.8252058635812908,0.06969144299999996,0.026593534999999946,0.015177638000000826,0.00020570999999947048,0.015185893999998257,0.23560874100000007,0.04871467299999921,0.015220004999999759,0.0004439487259006898,0.01534117525769943,1.2587194016681198,0.09563233666145429,0.006887473534737482,1,localization_jump,localization_jump_001
27.200000000000003,0.2510237693786621,1.1265917536644006,0.8972222222222223,0.20126228899999887,4.968640697512914,0.023157894736842106,0.0,0.07692307692307715,-1.6396805649379358,1.683292960184781,0.8479550679123476,0.022924596072829158,-4.831798738776094e-05,0.07817010311345879,0.07807990797382869,-0.072235811370671,0.02568410223917542,0.3596531114346398,1.0424367906034342,0.404676117244157,1.2646274793070338,0.8802194537197887,0.4363480454223961,0.19145293721216916,0.5109704374887684,0.028475505432548957,0.3105378604369735,2.1728852213084258,-0.28237278917159864,0.07526273750698247,0.0,0.0,-1.6396805649379358,1.683292960184781,0.8479550679123476,0.06842915400000393,0.0267922870000028,0.01013286600000285,0.003679027000003998,0.010148968000002867,0.4356087410000029,0.043945640000004005,0.010191411000004535,0.00023329866401294863,0.0012470261903816393,0.6827836791687945,0.3749156352144652,9.01951396301004e-05,1,localization_jump,localization_jump_001
27.400000000000002,0.24007536470890045,1.125902912334392,0.8972222222222223,0.20326317800000027,4.919730222854229,0.023157894736842106,0.0,0.07692307692307715,-1.6366089761530185,1.6868260201579013,0.8635876828937794,0.022951904718221235,-3.740883790074451e-05,0.07632796600484386,0.07624059113427335,-0.06034393972813737,0.009846538087177344,0.36819983461989414,1.0342844016865604,0.404676117244157,1.2646274793070338,0.8802194537197887,0.4363480454223961,0.19145293721216916,0.5109704374887684,0.028475505432548957,0.3105378604369735,2.1728852213084258,-0.28237278917159864,0.07526273750698247,0.0,0.0,-1.6366089761530185,1.6868260201579013,0.8635876828937794,0.06516597600000296,0.026390087000002893,0.0032291610000036997,0.0010730920000021626,0.003242091000000613,0.6356087410000022,0.036919426000000755,0.0032752160000022457,0.00020599001862087185,0.0005951109182332909,0.6660845670666663,0.38082334565092774,8.737487057050575e-05,1,localization_jump,localization_jump_001
27.6,0.25521108508110046,1.128287521032357,0.8972222222222223,0.20295466199999979,4.927208816715928,0.011578947368421053,0.0,0.17948717948717968,-1.6343453369274572,1.6895038518187067,0.8795445079890668,0.010903888873143355,-8.93208484527867e-05,0.2243678039478688,0.19853389797599388,-0.05965736628865022,0.026352890532726606,-0.6157369478827366,1.314904703538842,0.404676117244157,1.2646274793070338,0.8802194537197887,0.4363480454223961,0.19145293721216916,0.5109704374887684,0.028475505432548957,0.3105378604369735,2.1728852213084258,-0.28237278917159864,0.07526273750698247,0.0,0.0,-1.6343453369274572,1.6895038518187067,0.8795445079890668,0.06221131400000246,0.02644147600000224,0.03051578000000177,0.0032507559999999103,0.030421661000001876,0.8356087410000015,0.029592484000001917,0.03043061300000005,0.0006750584952776983,0.044880624460689106,1.9306416514215785,-0.8096354089136611,0.025833905971874904,1,localization_jump,localization_jump_001
27.8,0.2569981515407562,1.1503925112310363,0.9055555555555556,0.20120674600000044,4.970012287758969,0.011578947368421053,0.0,0.12820512820512842,-1.6329368228639456,1.6912642726915532,0.9152430129451984,0.011322506852534478,-0.00013913547910057548,0.13308353126810069,0.1308256191657102,-0.05915441172049139,0.008655875486110408,-0.23247342624360343,0.9308096700887639,0.404676117244157,1.2646274793070338,0.8802194537197887,0.4363480454223961,0.19145293721216916,0.5109704374887684,0.028475505432548957,0.3105378604369735,2.1728852213084258,-0.28237278917159864,0.07526273750698247,0.0,0.0,-1.6329368228639456,1.6912642726915532,0.9152430129451984,0.061004568000001314,0.026460378999999534,0.02565414500000074,0.0023241130000002386,0.025664155000001188,1.0356087410000008,0.058754563000000815,0.02568755000000067,0.0002564405158865749,0.00487840306297227,1.1632830963323673,-0.2163885131862131,0.002257912102390486,1,localization_jump,localization_jump_001
28.0,0.2581590414047241,1.1285640047430623,0.8972222222222223,0.20134284199999897,4.9666528497695746,0.03473684210526316,0.0,-0.33333333333333304,-1.6302693978484755,1.6948400656816178,0.9368020406359545,0.034888708210911494,-0.00013868341359025288,-0.07608794138617737,-0.19923927779189624,-0.04730086685754411,0.17674716367581927,1.370081819748996,0.7358729158939623,0.404676117244157,1.2646274793070338,0.8802194537197887,0.4363480454223961,0.19145293721216916,0.5109704374887684,0.028475505432548957,0.3105378604369735,2.1728852213084258,-0.28237278917159864,0.07526273750698247,0.0,0.0,-1.6302693978484755,1.6948400656816178,0.9368020406359545,0.059661726000001636,0.02655549199999996,0.019626539000000776,0.00016576200000173458,0.019564611999999926,1.235608741,0.053346564000001706,0.019576060999998646,0.00015186610564833086,0.2572453919471557,0.6342089038550336,1.0082061037119996,0.12315133640571886,1,localization_jump,localization_jump_001
28.200000000000003,0.24934209883213043,1.1553538299937496,0.9083333333333333,0.20259997300000165,4.935834813758794,0.023157894736842106,0.0,-0.28205128205128177,-1.6260747810914955,1.7002652137249088,0.8756006185006947,0.0243371680918866,7.121824226298014e-05,-0.3929167142627524,-0.3732808317827652,-0.08509694747323367,0.008291556784870917,2.410077985339936,-1.007328088950631,0.404676117244157,1.2646274793070338,0.8802194537197887,0.4363480454223961,0.19145293721216916,0.5109704374887684,0.028475505432548957,0.3105378604369735,2.1728852213084258,-0.28237278917159864,0.07526273750698247,0.0,0.0,-1.6260747810914955,1.7002652137249088,0.8756006185006947,0.057061753000002824,0.02646858300000332,0.013000361000003124,0.002478443000001107,0.013026893000002815,1.435608741000003,0.046668011000001286,0.01309482100000281,0.0011792733550444918,0.1108654322114706,3.417406074290567,-2.427739251194465,0.019635882479987155,1,localization_jump,localization_jump_001
28.400000000000002,0.255451500415802,1.154533552337278,0.9055555555555556,0.2025241830000013,4.9376819359888175,0.03473684210526316,0.0,-0.12820512820512797,-1.6218432966434575,1.7050575241888253,0.8308512060863644,0.03515483599974332,3.4566723954194967e-06,-0.1258981275218891,-0.12586815149773428,-0.05152655235290352,-0.006688011961514781,1.6023739896222888,0.5040054344405026,0.404676117244157,1.2646274793070338,0.8802194537197887,0.4363480454223961,0.19145293721216916,0.5109704374887684,0.028475505432548957,0.3105378604369735,2.1728852213084258,-0.28237278917159864,0.07526273750698247,0.0,0.0,-1.6218432966434575,1.7050575241888253,0.8308512060863644,0.05453757000000081,0.026339550000002987,0.006218106000002166,7.518800000383408e-05,0.006238694000003875,1.6356087410000022,0.04003095100000209,0.006286417000001876,0.00041799389448015506,0.002307000683238858,1.098368555181786,0.8076051987757431,2.9976024154831915e-05,1,localization_jump,localization_jump_001
28.6,0.2572898268699646,1.1356070607442121,0.9027777777777778,0.20136351499999705,4.966142947991421,0.023157894736842106,0.0,-0.28205128205128177,-1.617471135042182,1.7097390890498287,0.7995652902613805,0.023949592568361478,6.261847205718367e-05,-0.2774189270315265,-0.27297591419186407,-0.034888032139788624,-0.011055638406143754,1.9037219485831522,-0.5025091115113752,0.404676117244157,1.2646274793070338,0.8802194537197887,0.4363480454223961,0.19145293721216916,0.5109704374887684,0.028475505432548957,0.3105378604369735,2.1728852213084258,-0.28237278917159864,0.07526273750698247,0.0,0.0,-1.617471135042182,1.7097390890498287,0.7995652902613805,0.05317405500000305,0.026591454000001846,0.0007701640000021825,0.0037147869999998306,0.0007078780000000506,1.8356087410000015,0.033715540000002875,0.0007148739999998099,0.0007916978315193716,0.004632355019755285,2.4062310600945276,-0.9566376249472238,0.004443012839662419,1,localization_jump,localization_jump_001
28.8,0.2514151632785797,1.1345274284252753,0.9027777777777778,0.2015891680000017,4.960583993282771,0.023157894736842106,0.0,-0.28205128205128177,-1.6145621476545344,1.7126104042576822,0.752103083378143,0.02404307496912817,6.165843020355423e-05,-0.27939159343586917,-0.2794681096905552,-0.0708254438864179,-0.0015614246896076276,1.9213839960249965,-0.5170091971466612,0.404676117244157,1.2646274793070338,0.8802194537197887,0.4363480454223961,0.19145293721216916,0.5109704374887684,0.028475505432548957,0.3105378604369735,2.1728852213084258,-0.28237278917159864,0.07526273750698247,0.0,0.0,-1.6145621476545344,1.7126104042576822,0.752103083378143,0.051584887000000634,0.026129077000000223,0.030431903000000204,0.002611682000001281,0.0303836000000004,2.0356087410000008,0.029630580999999268,0.030454821999999382,0.0008851802322860647,0.002659688615412603,2.438393193171658,-0.993373197195327,7.651625468602097e-05,1,localization_jump,localization_jump_001
29.0,0.2523496150970459,1.132365551462934,0.9055555555555556,0.20296516899999872,4.926953747418634,0.0,0.0,-0.5507692307692306,-1.6123848435669026,1.714590394855186,0.6966038779844634,0.001042440502970998,0.00011613850435910586,-0.35950028511635085,-0.4706456920278427,-0.07845744529087573,-0.016955322464269028,1.5560071473716413,-1.558062404223598,0.404676117244157,1.2646274793070338,0.8802194537197887,0.4363480454223961,0.19145293721216916,0.5109704374887684,0.028475505432548957,0.3105378604369735,2.1728852213084258,-0.28237278917159864,0.07526273750698247,0.0,0.0,-1.6123848435669026,1.714590394855186,0.6966038779844634,0.0486197180000012,0.02644719199999912,0.02296973700000038,0.004939190999998289,0.0228843079999983,2.235608741,0.022164628999998826,0.02289889800000111,0.001042440502970998,0.19126894565287972,3.1140695515952395,-2.4243562370229617,0.11114540691149183,1,localization_jump,localization_jump_001
29.200000000000003,0.24841350317001343,1.1285261892813903,0.9027777777777778,0.20124336499999984,4.9691079256203095,0.0,0.0,-1.0,-1.6121622285336092,1.7147468607650826,0.5559531000845339,0.0013221570730150472,-0.0008132447563162013,-0.9836493360255654,-0.9879310524015364,-0.04998009992008805,-0.040128833230077404,4.2756251135096655,-4.282192905101984,0.4432554249422418,1.270684773787296,0.6400719483858733,0.4711203218874209,0.19157795911369413,0.5986677529186979,0.03905193719758497,0.24014750533391538,2.149681995963882,-0.3503123287876767,0.05644889669041426,0.07179255330209611,0.018813840816568207,-1.6121622285336092,1.7147468607650826,0.5559531000845339,0.0473763530000042,0.026544736000001734,0.01761525300000244,0.002264477000004206,0.017538882000003753,0.00048452800000120533,0.0004906980000036754,0.017552241000004187,0.0013221570730150472,0.01635066397443463,8.557818018611648,-18.309051525946952,0.004281716375971079,1,localization_jump,localization_jump_001
29.400000000000002,0.22633886337280273,1.1182259092881128,0.9027777777777778,0.19983783900000063,5.004057314691022,0.0,0.0,-1.0,-1.6118556800183452,1.7148387328433983,0.35396738028293245,0.0015701375664448137,-0.0003373646274078332,-0.9910422710589252,-0.9908530131601566,-0.08043211578189761,-0.008601688963011727,4.322158529346729,-4.3278113640634785,0.4432554249422418,1.270684773787296,0.6400719483858733,0.4711203218874209,0.19157795911369413,0.5986677529186979,0.03905193719758497,0.24014750533391538,2.149681995963882,-0.3503123287876767,0.05644889669041426,0.0,0.0,-1.6118556800183452,1.7148387328433983,0.35396738028293245,0.04753851400000286,0.026407864000002945,0.013793071000002044,0.002489690000000877,0.013625215000001134,0.2004845280000005,0.046440054000001396,0.0136679670000035,0.0015701375664448137,0.008957728941074827,8.649969893410208,-18.705486800590666,0.0001892578987685578,1,localization_jump,localization_jump_001
29.6,0.22114525735378265,1.1059235418100415,0.9,0.20235753400000078,4.941748301795356,0.0,0.0,-0.8974358974358974,-1.6115039051153295,1.714890061035284,0.15503298638290916,0.0017280225094147177,-0.0001438547922639827,-0.9446371324273113,-0.936736286471692,-0.047671081613943345,-0.006499173451218393,4.123022279383784,-4.123243944950393,0.491373012587851,1.2492436135872196,0.20402263455225117,0.5017151610010708,0.19712836077880858,0.7027721176391222,0.052678511668024765,0.43604931383362217,2.1250689161550818,-0.44459239856404686,0.012963684432578929,0.09743990586362246,0.04348521225783533,-1.6115039051153295,1.714890061035284,0.15503298638290916,0.04518098000000137,0.02630821300000008,0.0067438580000001025,0.00019050400000253376,0.006772217000001746,0.020520508000000603,0.02036800600000177,0.006801516000003005,0.0017280225094147177,0.04720123499141393,8.246266224334178,-17.000226648364755,0.00790084595561924,1,localization_jump,localization_jump_001
29.8,0.20925268530845642,1.092942942071844,0.9,0.20221426799999875,4.9452494618233676,0.0,0.0,-0.846153846153846,-1.6111532519242926,1.7149484741269516,-0.0257076390071235,0.0015650487523181068,9.166832660398686e-05,-0.8437885621338662,-0.8442487031973884,-0.10350713838717943,-0.034061127183810574,3.6825314409109,-3.6840027072541823,0.491373012587851,1.2492436135872196,0.20402263455225117,0.5017151610010708,0.19712836077880858,0.7027721176391222,0.052678511668024765,0.43604931383362217,2.1250689161550818,-0.44459239856404686,0.012963684432578929,0.0,0.0,-1.6111532519242926,1.7149484741269516,-0.0257076390071235,0.042966712000001905,0.026347853000000754,0.001267121000001481,0.003217669000001422,0.0012923220000011781,0.2205205079999999,0.0343873830000021,0.0013166810000022622,0.0015650487523181068,0.0023652840199798186,7.366534148165082,-13.5664557978644,0.0004601410635222125,1,localization_jump,localization_jump_001
30.0,0.20962440967559814,1.0774650857870622,0.8944444444444445,0.20062199800000258,4.984498260255524,0.0,0.0,-0.3148717948717946,-1.6108723749663878,1.7149396413775968,-0.166971903594729,0.0015415891868264696,0.0002326881415728352,-0.8034667678975731,-0.6553353084252822,-0.07333374115585856,0.025492521692772604,3.5163520295397053,-3.5140020039354787,0.5717151498857157,1.2844229898386421,-0.2397329277912695,0.5306714054674344,0.21817938085348376,0.7774682446547767,0.08770659917604887,0.44375556234352065,2.0351688279733224,-0.5579477490031062,-0.08284849881197555,0.14467709330868533,0.09581218324455448,-1.6108723749663878,1.7149396413775968,-0.166971903594729,0.04234471399999862,0.026078352999999055,0.031067853999999784,0.002801766000001038,0.03092596300000139,0.015894434999999874,0.01583867300000108,0.030943546999999683,0.0015415891868264696,0.4885949730257785,7.030354033475184,-12.356468078345111,0.1481314594722909,1,localization_jump,localization_jump_001
30.200000000000003,0.21928352117538452,1.075070922928197,0.8944444444444445,0.20035149799999985,4.991227966760701,0.0,0.0,-0.6348717948717947,-1.610726848088264,1.7149404113984812,-0.23929734838867175,0.0005477028277773051,0.0002657350539088277,-0.2933784021946734,-0.41496751804804305,-0.042209229434600266,-0.04275059812803326,1.2684863716920558,-1.2676137422798595,0.5717151498857157,1.2844229898386421,-0.2397329277912695,0.5306714054674344,0.21817938085348376,0.7774682446547767,0.08770659917604887,0.44375556234352065,2.0351688279733224,-0.5579477490031062,-0.08284849881197555,0.0,0.0,-1.610726848088264,1.7149404113984812,-0.23929734838867175,0.04199321600000161,0.026153204000003427,0.02616859100000113,0.001529687000001445,0.026187415000002545,0.21589443500000272,0.025269628000003763,0.02621467000000166,0.0005477028277773051,0.34149339267712125,2.5361001139719153,-1.6079507566515676,0.12158911585336962,1,localization_jump,localization_jump_001
30.400000000000002,0.20541803538799286,1.0807806774054045,0.9,0.20377682899999883,4.907329282270879,0.0,0.0,-1.0,-1.6104515813567633,1.7149393703271605,-0.3910355936055848,0.0016010972457948369,0.0005433993184418139,-0.9749170596780447,-0.9804393285595658,-0.07689085108741188,-0.013045006664879242,4.253679701320353,-4.2524663527238795,0.618641122590901,1.2955266096986615,-0.5239405667602252,0.556740021867905,0.22317360356253668,0.8601740604858225,0.048221751195115375,0.2842076389689556,1.9504550275427535,-0.6437980419961008,-0.15221915499343608,0.12060970437893168,0.06937065618146054,-1.6104515813567633,1.7149393703271605,-0.3910355936055848,0.03821638700000207,0.02619054700000234,0.018160021000003468,0.003622367000001958,0.0181722920000027,0.0019368970000037677,0.0018506510000015908,0.018201702000002484,0.0016010972457948369,0.02508294032195535,8.506146054044233,-18.08862980512936,0.005522268881521186,1,localization_jump,localization_jump_001
30.6,0.21375082433223724,1.0658417204830135,0.8916666666666667,0.19985071199999993,5.003734987944403,0.011578947368421053,0.0,-1.0,-1.6091246212403676,1.7142886562072126,-0.5960492748736963,0.01287155361786447,0.0005471792866320619,-1.0073387162760956,-1.0042295546111635,-0.06831975023612935,0.0027974966407258942,4.7440492538148495,-4.05231312845324,0.618641122590901,1.2955266096986615,-0.5239405667602252,0.556740021867905,0.22317360356253668,0.8601740604858225,0.048221751195115375,0.2842076389689556,1.9504550275427535,-0.6437980419961008,-0.15221915499343608,0.12060970437893168,0.06937065618146054,-1.6091246212403676,1.7142886562072126,-0.5960492748736963,0.03836567500000143,0.026216573000002796,0.014424642000001597,0.003032568000001845,0.0142702820000018,0.20193689700000306,0.20185065100000088,0.014297923000000878,0.0012926062494434173,0.007338716276095614,8.79636238226809,-19.22437307326271,0.0031091616649321363,1,localization_jump,localization_jump_001
30.8,0.21233491599559784,1.06163817676614,0.8916666666666667,0.20231285099999852,4.94283974081314,0.04631578947368421,0.0,-1.0,-1.6043428784258484,1.7100635537670257,-0.8038785105212518,0.04946712331455572,8.182973174665834e-05,-1.0110986791833174,-1.0075455463327794,-0.08649477873265428,-0.07002128773077573,5.822098858347382,-3.0085885947391033,0.6793496172387206,1.3194014728807635,-0.8322538666588655,0.5938350427238841,0.23419463592729395,0.9348414124380403,0.06523442660412082,0.3083132998986403,1.792806957077923,-0.7517595665447648,-0.26051856166198345,0.19107225048173773,0.10829940666854737,-1.6043428784258484,1.7100635537670257,-0.8038785105212518,0.036052824000002204,0.026179673000001458,0.007966885000001867,0.000678382000000255,0.007981953000001596,0.19763503500000112,0.1975370699999992,0.00803115600000126,0.0031513338408715036,0.011098679183317417,8.830687453086485,-17.51630022266749,0.0035531328505380433,1,localization_jump,localization_jump_001
31.0,0.22489461302757263,1.075937409652397,0.8888888888888888,0.20139320900000257,4.965410725443017,0.10421052631578946,0.0,-1.0,-1.5949359948556998,1.6975660777096655,-1.0092942403801848,0.11730658334692037,3.2392611002518557e-05,-1.007303027523721,-1.0076560460148052,-0.05064352559648285,-0.14004666922799824,7.907710783446079,-0.8879531923616101,0.7483135144912353,1.3507700815353778,-1.1725686825833896,0.6335145791148563,0.22728884297077534,1.040960264583824,0.07576284533451573,0.3403148159245241,1.5663150864185307,-0.8482315977908924,-0.3973928381769884,0.2461816814621769,0.13687427651500494,-1.5949359948556998,1.6975660777096655,-1.0092942403801848,0.03465961499999892,0.026187700000001257,0.0022178329999995583,0.0045091440000000205,0.0022365109999995525,0.1901824079999983,0.19020928100000134,0.002283322000000254,0.013096057031130912,0.0073030275237209175,8.79566397580769,-7.021677034433274,0.0003530184910842671,1,localization_jump,localization_jump_001
31.200000000000003,0.24563807249069214,1.1008905814494938,0.8888888888888888,0.2023951430000004,4.94083002772452,0.19684210526315787,0.0,-0.9487179487179487,-1.5854146942834975,1.6786756418126594,-1.1802401738110317,0.17183161813872663,-2.202835646627349e-05,-1.0133539533764733,-1.0158427716370821,-0.17179816193129985,-0.19921075222570445,9.577945367085244,0.7338023818472924,0.9423288962260075,1.397571485870885,-1.9133258899249272,0.5796268640455854,0.2157453564062246,1.0108410891755029,0.08859992498506392,0.3664905136366227,0.9923806733308509,-0.9112137296779238,-0.7350997222982626,0.2909975829534121,0.165101212497629,-1.5854146942834975,1.6786756418126594,-1.1802401738110317,0.032264472000001376,0.026017901000003008,0.030797233000001256,0.003089557000002685,0.030816092000002016,0.014696149000002379,0.014590496000003839,0.030851715000004276,0.02501048712443124,0.06463600465852459,8.844142985237951,7.028319123570391,0.0024888182606088716,1,localization_jump,localization_jump_001
31.400000000000002,0.2789677083492279,1.1428006273804243,0.8944444444444445,0.2016939409999985,4.958007142118402,0.21999999999999997,0.0,-0.7435897435897434,-1.5734498459680804,1.6384008037550373,-1.372816636985018,0.22152253369102246,0.00043205173515648704,-0.7756058446361638,-0.7576279210442352,-0.07059706157011689,-0.2501495867218498,10.066351502432349,3.2745742845183465,0.9423288962260075,1.397571485870885,-1.9133258899249272,0.5796268640455854,0.2157453564062246,1.0108410891755029,0.08859992498506392,0.3664905136366227,0.9923806733308509,-0.9112137296779238,-0.7350997222982626,0.0,0.0,-1.5734498459680804,1.6384008037550373,-1.372816636985018,0.030570531000002177,0.02624865700000356,0.025061791000002387,0.00043802000000070507,0.025068037000000487,0.21469614900000167,0.02439797900000329,0.02508712800000268,0.0015225336910224818,0.03201610104642039,6.791777217914003,32.96301576878759,0.017977923591928624,1,localization_jump,localization_jump_001
31.6,0.31580832600593567,1.1773881063372726,0.8972222222222223,0.202333694,4.942330564082916,0.0,0.0,-0.1035897435897433,-1.5688775756774618,1.6049629080186982,-1.5204185783511708,0.08554503501138092,0.00018283676773962233,-0.6955635708734786,-0.6585297785044788,-0.184108965968307,-0.07498450123698654,5.588310583682113,-0.48394798053250254,0.9423288962260075,1.397571485870885,-1.9133258899249272,0.5796268640455854,0.2157453564062246,1.0108410891755029,0.08859992498506392,0.3664905136366227,0.9923806733308509,-0.9112137296779238,-0.7350997222982626,0.0,0.0,-1.5688775756774618,1.6049629080186982,-1.5204185783511708,0.028236837000001458,0.02598226000000281,0.018748683000001876,0.003820572000002187,0.018761029000000207,0.41469614900000096,0.22439797900000258,0.018870909000000324,0.08554503501138092,0.5919738272837354,6.072258564214616,-2.704451621561369,0.03703379236899984,1,localization_jump,localization_jump_001
31.8,0.326567143201828,1.185799049150095,0.8972222222222223,0.20112426900000102,4.972050389403752,0.0,0.0,0.0,-1.5687566798735364,1.5973508508377434,-1.5911850673441446,-2.285378690317752e-05,-2.472814910057943e-05,0.018577252041345135,0.016183985167053744,-0.06272590679959597,-0.0126886054939403,-0.07073031474587614,0.07030300556111709,1.0151262218880361,1.4087873845659464,-2.4415501224543528,0.48492749501947774,0.20169455606866427,0.90499832165956,0.07365627608752251,0.5282242325294255,0.6700260013717765,-0.8095870288824715,-0.9280997665630788,0.0,0.0,-1.5687566798735364,1.5973508508377434,-1.5911850673441446,0.027112567999999726,0.02598134500000171,0.013492083999999238,0.0023796719999999993,0.013523139000000128,0.19695938399999946,0.011716322000001611,0.013588049999999186,2.285378690317752e-05,0.018577252041345135,0.14103332030699323,-0.0049725537109188925,0.002393266874291391,0,localization_jump,localization_jump_001
32.0,0.32023945450782776,1.1848049372342349,0.8972222222222223,0.20191000599999853,4.952701551601199,0.0,0.0,0.0,-1.568756945147585,1.5973455760198112,-1.5901038307824686,1.1160520784756626e-05,-1.0374575146992599e-05,0.001723225662394417,0.001859678003725256,-0.09520041088574997,-0.004028580369492983,-0.007454175716537954,0.007578374576071899,1.0151262218880361,1.4087873845659464,-2.4415501224543528,0.48492749501947774,0.20169455606866427,0.90499832165956,0.07365627608752251,0.5282242325294255,0.6700260013717765,-0.8095870288824715,-0.9280997665630788,0.0,0.0,-1.568756945147585,1.5973455760198112,-1.5901038307824686,0.025202562000000484,0.025923294999998348,0.007672580000001261,0.0010028189999999881,0.00761159400000011,0.39695938399999875,0.007062937000000602,0.007701890999999961,1.1160520784756626e-05,0.001723225662394417,0.015032550292609853,-5.649053573578376e-05,0.00013645234133083904,0,localization_jump,localization_jump_001
32.2,0.324655145406723,1.1789470608389414,0.8972222222222223,0.2014627400000002,4.963697009183926,0.0,0.0,0.0,-1.568757252523692,1.5973399609811951,-1.589774244884411,2.701887803194581e-05,-6.995557698667867e-06,0.0015717736015596964,0.0014851278023498941,-0.07138130865825362,0.03237035513652747,-0.006880094405958541,0.0067997553588432635,1.0151262218880361,1.4087873845659464,-2.4415501224543528,0.48492749501947774,0.20169455606866427,0.90499832165956,0.07365627608752251,0.5282242325294255,0.6700260013717765,-0.8095870288824715,-0.9280997665630788,0.0,0.0,-1.568757252523692,1.5973399609811951,-1.589774244884411,0.02373982200000313,0.025858628000001715,0.0021582130000012967,0.004269630999999663,0.001890667000004953,0.5969593840000016,0.0008172360000031631,0.001916980000004287,2.701887803194581e-05,0.0015717736015596964,0.013679849764801804,-4.678295880626415e-05,8.664579920980228e-05,0,localization_jump,localization_jump_001
32.4,0.3174590766429901,1.1779796132362295,0.8972222222222223,0.20159239899999903,4.960504488068545,0.0,0.0,0.0,-1.5687573605713752,1.5973349841758389,-1.5895086921460961,1.5172872433230353e-05,-8.710276761618319e-06,0.0015443473049338793,0.0016544699903169038,-0.10774961002184597,-0.01957426555584231,-0.0066602933896937324,0.00678017277660456,1.0151262218880361,1.4087873845659464,-2.4415501224543528,0.48492749501947774,0.20169455606866427,0.90499832165956,0.07365627608752251,0.5282242325294255,0.6700260013717765,-0.8095870288824715,-0.9280997665630788,0.0,0.0,-1.5687573605713752,1.5973349841758389,-1.5895086921460961,0.022147422999999833,0.07569401299999612,0.030542636999996375,0.0025159730000012814,0.03055711500000058,0.7969593839999973,0.2008172359999989,0.03058683700000131,1.5172872433230353e-05,0.0015443473049338793,0.013440466166298293,-4.5157939925000755e-05,0.00011012268538302446,0,localization_jump,localization_jump_001
32.6,0.31571683287620544,1.1775409425190728,0.8972222222222223,0.20190576699999951,4.952805533286241,0.0,0.0,0.0,-1.5687573242953383,1.59732934254742,-1.5891961218456412,2.7386708952756935e-05,-8.236182378483948e-06,0.0015119285079845308,0.001599457414289508,-0.028486276300341597,-0.010291880141606561,-0.006588785873207799,0.006570101262831913,1.0151262218880361,1.4087873845659464,-2.4415501224543528,0.48492749501947774,0.20169455606866427,0.90499832165956,0.07365627608752251,0.5282242325294255,0.6700260013717765,-0.8095870288824715,-0.9280997665630788,0.0,0.0,-1.5687573242953383,1.59732934254742,-1.5891961218456412,0.02024165600000316,0.27569401299999896,0.02524181500000111,0.00048631300000323563,0.025171603000003984,0.9969593840000002,0.19540112600000015,0.02517815800000278,2.7386708952756935e-05,0.0015119285079845308,0.013158887136039712,-4.3288990386091635e-05,8.752890630497716e-05,0,localization_jump,localization_jump_001
32.800000000000004,0.3198889493942261,1.1778055466365518,0.8972222222222223,0.20111367700000216,4.972312251045906,0.0,0.0,0.0,-1.5687576588782883,1.5973235469914495,-1.5888896918059636,-1.6681244595283517e-06,-8.444771878162324e-06,0.0014819230547361434,0.001331974519232922,-0.044102445807380264,0.038766299080633906,-0.006716547948466494,0.0061786367936163215,1.0151262218880361,1.4087873845659464,-2.4415501224543528,0.48492749501947774,0.20169455606866427,0.90499832165956,0.07365627608752251,0.5282242325294255,0.6700260013717765,-0.8095870288824715,-0.9280997665630788,0.0,0.0,-1.5687576588782883,1.5973235469914495,-1.5888896918059636,0.019127979000003847,0.4756940130000018,0.019106370000002926,0.003003899000006527,0.019116701000001513,1.196959384000003,0.01857596000000683,0.01915306000000072,1.6681244595283517e-06,0.0014819230547361434,0.012895184742082816,-4.14991102804833e-05,0.00014994853550322142,0,localization_jump,localization_jump_001
33.0,0.32300469279289246,1.177548753495556,0.8972222222222223,0.20148424499999606,4.963167219352657,0.0,0.0,0.0,-1.5687578401738314,1.5973176623237535,-1.5885895880718468,2.8186653921128103e-05,-7.725722830871096e-06,0.0014513482109995669,0.001583528756638155,-0.034605700811100586,0.009931957970549361,-0.006324047316284564,0.006306355656809288,1.0151262218880361,1.4087873845659464,-2.4415501224543528,0.48492749501947774,0.20169455606866427,0.90499832165956,0.07365627608752251,0.5282242325294255,0.6700260013717765,-0.8095870288824715,-0.9280997665630788,0.0,0.0,-1.5687578401738314,1.5973176623237535,-1.5885895880718468,0.01764373400000352,0.6756940129999975,0.013808494000002725,0.0021860840000016424,0.013824208999999144,1.3969593839999987,0.012421867999997005,0.01387162700000033,2.8186653921128103e-05,0.0014513482109995669,0.012630402973093851,-3.988169156698076e-05,0.0001321805456385881,0,localization_jump,localization_jump_001
33.2,0.32788705825805664,1.1774033946518558,0.8972222222222223,0.2033523910000028,4.917571881414398,0.0,0.0,0.0,-1.5687580001805572,1.5973118315316073,-1.5882955591756815,1.250838118999355e-05,-7.4974765766278525e-06,0.001422567539774806,0.0014538136778564435,-0.07685712147118232,0.03146160074519823,-0.006123952259841079,0.006255020185781056,1.0151262218880361,1.4087873845659464,-2.4415501224543528,0.48492749501947774,0.20169455606866427,0.90499832165956,0.07365627608752251,0.5282242325294255,0.6700260013717765,-0.8095870288824715,-0.9280997665630788,0.0,0.0,-1.5687580001805572,1.5973118315316073,-1.5882955591756815,0.014291343000003565,0.8756940130000004,0.006595057000005511,0.00479949400000379,0.00616396800000274,1.5969593840000016,0.005515457000001334,0.006189011000003575,1.250838118999355e-05,0.001422567539774806,0.012378972445622135,-3.830544500206547e-05,3.124613808163745e-05,0,localization_jump,localization_jump_001
33.4,0.3240022659301758,1.18643019758738,0.9027777777777778,0.20159961200000254,4.960327006978503,0.0,0.0,0.0,-1.5687581537569835,1.59730582310951,-1.5880074840343903,1.2117359947500167e-05,-1.1207465163373436e-05,0.0013934829352700237,0.0015305954847823194,-0.04658477825460986,0.003717752005518206,-0.0059951638051211975,0.006130203998152926,1.0151262218880361,1.4087873845659464,-2.4415501224543528,0.48492749501947774,0.20169455606866427,0.90499832165956,0.07365627608752251,0.5282242325294255,0.6700260013717765,-0.8095870288824715,-0.9280997665630788,0.0,0.0,-1.5687581537569835,1.59730582310951,-1.5880074840343903,0.012691730999996764,1.0756940129999961,0.0011918619999988778,0.00343763200000069,0.0010877839999992034,1.7969593839999973,0.00010151800000102185,0.0011058149999954026,1.2117359947500167e-05,0.0013934829352700237,0.012125367803274122,-3.675157712773567e-05,0.0001371125495122957,0,localization_jump,localization_jump_001
33.6,0.3207811713218689,1.1864938998222352,0.9027777777777778,0.2003912169999964,4.9902386689932525,0.0,0.0,0.0,-1.5687581906380847,1.5973011189890765,-1.5877718781406769,2.160674561538699e-05,-8.409579149081845e-06,0.0013693927776506003,0.0013454866690699892,-0.05884315790395473,0.008164683897944369,-0.006313581780420783,0.0056011624102745945,1.0151262218880361,1.4087873845659464,-2.4415501224543528,0.48492749501947774,0.20169455606866427,0.90499832165956,0.07365627608752251,0.5282242325294255,0.6700260013717765,-0.8095870288824715,-0.9280997665630788,0.0,0.0,-1.5687581906380847,1.5973011189890765,-1.5877718781406769,0.012300514000003204,1.275694012999999,0.030687270000001377,0.0023935910000005833,0.03070023500000474,1.9969593840000002,0.20010151800000386,0.030724847999998417,2.160674561538699e-05,0.0013693927776506003,0.011914744190695378,-3.536339694268744e-05,2.3906108580611053e-05,0,localization_jump,localization_jump_001
33.800000000000004,0.32617154717445374,1.1862871380952689,0.9027777777777778,0.20217305900000326,4.946257453620385,0.0,0.0,0.0,-1.5687583455360392,1.5972951278777416,-1.5874943050920551,2.1384346406206102e-05,-7.824423465654976e-06,0.0013420580060936927,0.0013356654304121282,-0.04384157135121563,0.015562370770669519,-0.006193791482601946,0.005482670487534718,1.0151262218880361,1.4087873845659464,-2.4415501224543528,0.48492749501947774,0.20169455606866427,0.90499832165956,0.07365627608752251,0.5282242325294255,0.6700260013717765,-0.8095870288824715,-0.9280997665630788,0.0,0.0,-1.5687583455360392,1.5972951278777416,-1.5874943050920551,0.010127455000002783,1.4756940130000018,0.024160554000005163,0.00022773500000283775,0.0241776650000034,2.196959384000003,0.19577036900000166,0.024214608000001192,2.1384346406206102e-05,0.0013420580060936927,0.011676461970136665,-3.3958517767605594e-05,6.392575681564514e-06,0,localization_jump,localization_jump_001
34.0,0.32280397415161133,1.1865750440267415,0.9027777777777778,0.2035296649999978,4.913288684477571,0.0,0.0,0.0,-1.5687584435232476,1.5972892058461114,-1.5872223317929735,-2.8946473138220745e-06,-9.710910873590743e-06,0.0013157503689418624,0.0014943030986899362,-0.0487162592830528,0.02911532870459168,-0.006091879846471072,0.0053540404695695525,1.0151262218880361,1.4087873845659464,-2.4415501224543528,0.48492749501947774,0.20169455606866427,0.90499832165956,0.07365627608752251,0.5282242325294255,0.6700260013717765,-0.8095870288824715,-0.9280997665630788,0.0,0.0,-1.5687584435232476,1.5972892058461114,-1.5872223317929735,0.006597790000000714,1.6756940129999975,0.016775029000001496,0.0017875280000012594,0.01679220500000156,2.3969593839999987,0.18884369999999961,0.01683604699999819,2.8946473138220745e-06,0.0013157503689418624,0.011445920316040624,-3.261617123376127e-05,0.00017855272974807383,0,localization_jump,localization_jump_001
34.2,0.3334813714027405,1.1864113158446092,0.9027777777777778,0.2023696649999991,4.941452069903879,0.0,0.0,0.0,-1.5687587640145932,1.5972832722300347,-1.586955627355586,1.4259890558011046e-05,-1.113219184322768e-05,0.001289340270301426,0.0009435462891725153,-0.0792288912975411,0.002101196130768728,-0.00553936973710059,0.005678235493081616,1.0151262218880361,1.4087873845659464,-2.4415501224543528,0.48492749501947774,0.20169455606866427,0.90499832165956,0.07365627608752251,0.5282242325294255,0.6700260013717765,-0.8095870288824715,-0.9280997665630788,0.0,0.0,-1.5687587640145932,1.5972832722300347,-1.586955627355586,0.004228125000004468,1.8756940130000004,0.010977922000002138,0.004918221000004053,0.010996570999999733,2.5969593840000016,0.18161562100000594,0.01105594500000251,1.4259890558011046e-05,0.001289340270301426,0.011217605230182205,-3.145384585050675e-05,0.0003457939811289106,0,localization_jump,localization_jump_001
34.4,0.33021408319473267,1.1877024131554823,0.9027777777777778,0.20076482400000373,4.980952240916374,0.0,0.0,0.0,-1.5687589077651565,1.597277412503807,-1.586694288102878,2.6557734832662845e-05,-8.06153184113488e-06,0.0012634159069518118,0.0011964793321375257,-0.07426026531001398,0.003581864434893441,-0.0054677590641072265,0.005524342192459778,1.0151262218880361,1.4087873845659464,-2.4415501224543528,0.48492749501947774,0.20169455606866427,0.90499832165956,0.07365627608752251,0.5282242325294255,0.6700260013717765,-0.8095870288824715,-0.9280997665630788,0.0,0.0,-1.5687589077651565,1.597277412503807,-1.586694288102878,0.003463300999996477,2.075694012999996,0.006279548999998497,0.004023406000001728,0.0060356269999957135,2.7969593839999973,0.17544862199999756,0.00622601599999939,2.6557734832662845e-05,0.0012634159069518118,0.010992101256567004,-3.020577209605194e-05,6.693657481428609e-05,0,localization_jump,localization_jump_001
34.6,0.3261830806732178,1.174319584672296,0.8972222222222223,0.2016317739999991,4.9595357922110255,0.0,0.0,0.0,-1.5687590646004697,1.597271442668718,-1.586438157233548,1.1817048941074525e-05,-1.0845609549546966e-05,0.00123802167861482,0.001217680765724185,-0.068518677386043,0.009300063107610612,-0.006026303252223532,0.004741620636787921,1.0151262218880361,1.4087873845659464,-2.4415501224543528,0.48492749501947774,0.20169455606866427,0.90499832165956,0.07365627608752251,0.5282242325294255,0.6700260013717765,-0.8095870288824715,-0.9280997665630788,0.0,0.0,-1.5687590646004697,1.597271442668718,-1.586438157233548,0.0018315270000002215,2.275694012999999,0.0003230439999981627,0.0021652510000009784,0.0003298020000030988,2.996959384,0.17061370900000128,0.00036104299999806244,1.1817048941074525e-05,0.00123802167861482,0.010767923889011453,-2.8574443864285267e-05,2.0340912890634815e-05,0,localization_jump,localization_jump_001
34.800000000000004,0.3261830806732178,1.174319584672296,0.8972222222222223,0.2016317739999991,4.9595357922110255,0.0,0.0,0.0,-1.5687589561135036,1.5972665062242712,-1.5862287136444013,2.8475449006930297e-05,-7.586905515154279e-06,0.0012177017351287303,0.001153313876332051,-0.06303409586512954,0.014101154606532662,-0.005284461411635296,0.005309407435742676,1.0151262218880361,1.4087873845659464,-2.4415501224543528,0.48492749501947774,0.20169455606866427,0.90499832165956,0.07365627608752251,0.5282242325294255,0.6700260013717765,-0.8095870288824715,-0.9280997665630788,0.0,0.0,-1.5687589561135036,1.5972665062242712,-1.5862287136444013,0.20183152700000306,2.475694013000002,0.029066278000001944,0.000893240000003459,0.02893285200000406,3.196959384000003,0.1998214120000057,0.029158054000006928,2.8475449006930297e-05,0.0012177017351287303,0.010593868847377973,-2.8057358712831678e-05,6.438785879667934e-05,0,localization_jump,localization_jump_001
35.0,0.32365503907203674,1.1750861508742945,0.8972222222222223,0.2020922760000019,4.948234637131756,0.0,0.0,0.0,-1.5687592733571696,1.5972605440024195,-1.5859816727480214,1.662767425924599e-05,-9.46645208326731e-06,0.0011942545780148773,0.0011044757539103312,-0.07794521549301872,-0.0034028430641430294,-0.005125162329259392,0.005263815506911247,1.0151262218880361,1.4087873845659464,-2.4415501224543528,0.48492749501947774,0.20169455606866427,0.90499832165956,0.07365627608752251,0.5282242325294255,0.6700260013717765,-0.8095870288824715,-0.9280997665630788,0.0,0.0,-1.5687592733571696,1.5972605440024195,-1.5859816727480214,0.1997392509999969,2.6756940129999975,0.02216439800000103,0.002866828999998461,0.022185321999998564,3.3969593839999987,0.19334431600000102,0.022240947000000233,1.662767425924599e-05,0.0011942545780148773,0.01038897783617064,-2.6977908944192956e-05,8.97788241045461e-05,0,localization_jump,localization_jump_001
35.2,0.31201231479644775,1.1751526880190468,0.8972222222222223,0.20226467699999517,4.944016992151447,0.0,0.0,0.0,-1.5687590787697725,1.5972544323651086,-1.5857397834823712,2.083905490221592e-05,-8.419047103391192e-06,0.0011703104722568503,0.0011197775066201364,-0.06013924896390184,0.012662959879649702,-0.005024112607476438,0.005156600900038751,1.0151262218880361,1.4087873845659464,-2.4415501224543528,0.48492749501947774,0.20169455606866427,0.90499832165956,0.07365627608752251,0.5282242325294255,0.6700260013717765,-0.8095870288824715,-0.9280997665630788,0.0,0.0,-1.5687590787697725,1.5972544323651086,-1.5857397834823712,0.19747457400000457,2.8756940130000004,0.016393781000004992,0.0009908650000056696,0.01641163600000084,3.5969593840000016,0.18701453000000612,0.016456127000004983,2.083905490221592e-05,0.0011703104722568503,0.010180713507515189,-2.5907343593609034e-05,5.053296563671387e-05,0,localization_jump,localization_jump_001
35.4,0.31726181507110596,1.1755002808091073,0.8972222222222223,0.20251434000000046,4.937921926911436,0.0,0.0,0.0,-1.5687595126696947,1.5972486239606856,-1.5855022471233142,1.1766299987389481e-05,-7.538063690390273e-06,0.001148173968004598,0.0011886067521164581,-0.060068178178537684,0.007984063801302562,-0.004919421794224103,0.005067756155382319,1.0151262218880361,1.4087873845659464,-2.4415501224543528,0.48492749501947774,0.20169455606866427,0.90499832165956,0.07365627608752251,0.5282242325294255,0.6700260013717765,-0.8095870288824715,-0.9280997665630788,0.0,0.0,-1.5687595126696947,1.5972486239606856,-1.5855022471233142,0.19496023399999984,3.075694012999996,0.00942609199999822,0.0033926469999983055,0.009444721000001266,3.7969593839999973,0.18026493299999657,0.009467752999995582,1.1766299987389481e-05,0.001148173968004598,0.009987177949606421,-2.493043007860113e-05,4.0432784111860045e-05,0,localization_jump,localization_jump_001
35.6,0.32272717356681824,1.1749443519779772,0.8972222222222223,0.2020271789999981,4.9498290524563995,0.0,0.0,0.0,-1.5687595147188604,1.5972426066114636,-1.585269610698281,6.639906985842377e-06,-1.0410499816300766e-05,0.0011246654351280314,0.0014037168676197206,-0.06588366413701854,0.006217275482822977,-0.005515353357088741,0.0042647318158386995,1.0151262218880361,1.4087873845659464,-2.4415501224543528,0.48492749501947774,0.20169455606866427,0.90499832165956,0.07365627608752251,0.5282242325294255,0.6700260013717765,-0.8095870288824715,-0.9280997665630788,0.0,0.0,-1.5687595147188604,1.5972426066114636,-1.585269610698281,0.19293305500000457,3.275694012999999,0.005366389999998944,0.0032929420000016307,0.005238332000004675,3.996959384,0.17464054399999895,0.005253660000001048,6.639906985842377e-06,0.0011246654351280314,0.00978008517292744,-2.3521502937569135e-05,0.00027905143249168916,0,localization_jump,localization_jump_001
35.800000000000004,0.3154239356517792,1.1747323024568175,0.8972222222222223,0.20004504599999962,4.998874103585659,0.0,0.0,0.0,-1.5687597766184518,1.597236541480043,-1.585041323031672,4.441864503228121e-06,-6.823131349702388e-06,0.0011039731150522074,0.0012912988730906696,-0.07831243778764138,-0.01607301816409285,-0.00489646716500709,0.004704319196331689,1.0151262218880361,1.4087873845659464,-2.4415501224543528,0.48492749501947774,0.20169455606866427,0.90499832165956,0.07365627608752251,0.5282242325294255,0.6700260013717765,-0.8095870288824715,-0.9280997665630788,0.0,0.0,-1.5687597766184518,1.597236541480043,-1.585041323031672,0.1928880090000078,3.475694013000002,0.0005685510000077443,0.002275438000005181,0.0005106130000029907,4.196959384000003,0.1699190690000023,0.000516208000007623,4.441864503228121e-06,0.0011039731150522074,0.009600786361338778,-2.303454447855066e-05,0.0001873257580384622,0,localization_jump,localization_jump_001
36.0,0.3253357410430908,1.1750217874537312,0.8972222222222223,0.20045455300000015,4.988661943737438,0.0,0.0,0.0,-1.5687596276804543,1.5972314329310606,-1.5848547199658756,2.339109849351824e-06,-1.1151536900609585e-05,0.0010853442651524029,0.0010167861688881814,-0.09037125818127853,-0.008948771072004971,-0.0048158014011294315,0.004622585385755647,1.0151262218880361,1.4087873845659464,-2.4415501224543528,0.48492749501947774,0.20169455606866427,0.90499832165956,0.07365627608752251,0.5282242325294255,0.6700260013717765,-0.8095870288824715,-0.9280997665630788,0.0,0.0,-1.5687596276804543,1.5972314329310606,-1.5848547199658756,0.1924334560000034,3.6756940129999975,0.02930068100000227,0.0008711830000009968,0.029316129000001467,4.396959383999999,0.1650055929999965,0.029346527999997818,2.339109849351824e-06,0.0010853442651524029,0.009438386786885078,-2.2261453177562478e-05,6.855809626422145e-05,0,localization_jump,localization_jump_001
36.2,0.3231160044670105,1.1736460160175712,0.8972222222222223,0.20195852600000563,4.951511678194621,0.0,0.0,0.0,-1.568759784370647,1.5972255370225108,-1.5846345337291157,2.8234640812159278e-05,-9.341138988640835e-06,0.0010635226348399637,0.0011787293314931984,-0.05246021458272658,-0.010440177338552459,-0.004681185191137264,0.004568920197199603,1.0151262218880361,1.4087873845659464,-2.4415501224543528,0.48492749501947774,0.20169455606866427,0.90499832165956,0.07365627608752251,0.5282242325294255,0.6700260013717765,-0.8095870288824715,-0.9280997665630788,0.0,0.0,-1.568759784370647,1.5972255370225108,-1.5846345337291157,0.1904749300000006,3.8756940130000004,0.02478801800000241,0.0007041260000022476,0.02471385100000134,4.596959384000002,0.15959813300000292,0.02473680800000011,2.8234640812159278e-05,0.0010635226348399637,0.009250105388336868,-2.138796156661873e-05,0.00011520669665323474,0,localization_jump,localization_jump_001
36.4,0.3220561146736145,1.1735856781249445,0.8972222222222223,0.2003801110000012,4.990515251286562,0.0,0.0,0.0,-1.5687599963972563,1.5972193473395446,-1.5844185819560461,2.35313807706086e-05,-9.315475530628244e-06,0.0010434966255143902,0.001506196607637814,-0.037159927869156444,0.006566660630399667,-0.004474261476537926,0.0046009434001617125,1.0151262218880361,1.4087873845659464,-2.4415501224543528,0.48492749501947774,0.20169455606866427,0.90499832165956,0.07365627608752251,0.5282242325294255,0.6700260013717765,-0.8095870288824715,-0.9280997665630788,0.0,0.0,-1.5687599963972563,1.5972193473395446,-1.5844185819560461,0.19009481899999514,4.075694012999996,0.01942521200000158,0.004277199000000564,0.01943402899999569,4.796959383999997,0.18942923599999517,0.019474217999999155,2.35313807706086e-05,0.0010434966255143902,0.009075204876699638,-2.0585823811074967e-05,0.00046269998212342383,0,localization_jump,localization_jump_001
36.6,0.3258000612258911,1.1745811229335266,0.8972222222222223,0.2011567969999959,4.971246385475209,0.0,0.0,0.0,-1.56876016782086,1.5972133254540786,-1.584206817943708,1.4457282117659086e-05,-1.288238207348637e-05,0.0010234657197727526,0.000559246044070944,-0.04496088262989202,0.01195899465417146,-0.004374508079862347,0.004525593169580781,1.0151262218880361,1.4087873845659464,-2.4415501224543528,0.48492749501947774,0.20169455606866427,0.90499832165956,0.07365627608752251,0.5282242325294255,0.6700260013717765,-0.8095870288824715,-0.9280997665630788,0.0,0.0,-1.56876016782086,1.5972133254540786,-1.584206817943708,0.1889380220000021,4.275694012999999,0.012585987000001353,0.0018468780000020502,0.012607453000001101,4.996959384,0.1845734219999997,0.012658819000002097,1.4457282117659086e-05,0.0010234657197727526,0.008900101249443128,-1.9797243886500974e-05,0.0004642196757018086,0,localization_jump,localization_jump_001
36.800000000000004,0.32338422536849976,1.17463458091851,0.8972222222222223,0.20203409900000224,4.949659512674585,0.0,0.0,0.0,-1.5687601942947298,1.5972072626742877,-1.583999137338382,2.3144673302920427e-05,-8.590710396798466e-06,0.0010036135755759248,0.0011495379787355698,-0.037819801189128234,-0.0388896329401202,-0.0042993472119965855,0.004428268400527338,1.0151262218880361,1.4087873845659464,-2.4415501224543528,0.48492749501947774,0.20169455606866427,0.90499832165956,0.07365627608752251,0.5282242325294255,0.6700260013717765,-0.8095870288824715,-0.9280997665630788,0.0,0.0,-1.5687601942947298,1.5972072626742877,-1.583999137338382,0.1869039230000027,4.475694013000002,0.007942290000002572,0.000772837000006632,0.007950411000003044,5.196959384000003,0.17779600900000503,0.00798030300000363,2.3144673302920427e-05,0.0010036135755759248,0.008727615612523923,-1.903866340177979e-05,0.00014592440315964496,0,localization_jump,localization_jump_001
37.0,0.3272915780544281,1.1791541279282098,0.9,0.20111957399999625,4.972166458546788,0.0,0.0,0.0,-1.5687603047971626,1.5972012298484588,-1.583795424754933,2.757668308446316e-05,-9.780054287690784e-06,0.000984013636072277,0.0009734867075066105,-0.07117974102123174,0.005890926454123955,-0.004434791349805558,0.004121664395737418,1.0151262218880361,1.4087873845659464,-2.4415501224543528,0.48492749501947774,0.20169455606866427,0.90499832165956,0.07365627608752251,0.5282242325294255,0.6700260013717765,-0.8095870288824715,-0.9280997665630788,0.0,0.0,-1.5687603047971626,1.5972012298484588,-1.583795424754933,0.18578434900000218,4.6756940129999975,0.0031504439999991973,0.0002307250000015415,0.003108619000002477,5.396959383999999,0.17266737799999987,0.0031140500000006455,2.757668308446316e-05,0.000984013636072277,0.008556455745542976,-1.8278721609017857e-05,1.0526928565666592e-05,0,localization_jump,localization_jump_001
37.2,0.3237898051738739,1.179813046146322,0.9,0.20089302099999884,4.977773717684328,0.0,0.0,0.0,-1.568760532073738,1.5971961881895855,-1.5836285319448995,2.217508392862232e-05,-1.0359001019996359e-05,0.0009683184062461101,0.001477322360526577,-0.03169369737271723,0.0013936363497573498,-0.0045552089060923945,0.0038631843379695954,1.0151262218880361,1.4087873845659464,-2.4415501224543528,0.48492749501947774,0.20169455606866427,0.90499832165956,0.07365627608752251,0.5282242325294255,0.6700260013717765,-0.8095870288824715,-0.9280997665630788,0.0,0.0,-1.568760532073738,1.5971961881895855,-1.5836285319448995,0.18489132800000618,4.875694013,0.032418761000002405,0.0035895270000025903,0.03234341800000351,5.596959384000002,0.16836207500000455,0.03244842700000561,2.217508392862232e-05,0.0009683184062461101,0.008418393244061989,-1.7597611702195754e-05,0.0005090039542804669,0,localization_jump,localization_jump_001
37.4,0.3164491355419159,1.1802904528600198,0.9,0.20130406300000203,4.967609620477407,0.0,0.0,0.0,-1.5687603893409663,1.597190010443769,-1.583431984855155,2.797573244519789e-06,-7.12821833316744e-06,0.0009502459335470388,0.0009745225439156115,-0.03422470919346295,0.01738834553354472,-0.004714998782523776,0.0035448993043466826,1.0151262218880361,1.4087873845659464,-2.4415501224543528,0.48492749501947774,0.20169455606866427,0.90499832165956,0.07365627608752251,0.5282242325294255,0.6700260013717765,-0.8095870288824715,-0.9280997665630788,0.0,0.0,-1.5687603893409663,1.597190010443769,-1.583431984855155,0.1835872649999999,5.075694012999996,0.027010074999999745,0.0027389259999992532,0.0270216259999998,5.796959383999997,0.1629256789999971,0.02707959499999646,2.797573244519789e-06,0.0009502459335470388,0.008259898086870459,-1.6714195904163988e-05,2.4276610368572683e-05,0,localization_jump,localization_jump_001
37.6,0.3078870177268982,1.1794900195098217,0.9,0.2011642460000047,4.971062302989849,0.0,0.0,0.0,-1.568760600169518,1.597184018325147,-1.583238991920567,2.5461240497459972e-05,-8.734325582857718e-06,0.0009319550886735696,0.0010710825366596682,-0.07045638263397754,-0.010745945938167068,-0.004204191002743985,0.0038986367394871673,1.0151262218880361,1.4087873845659464,-2.4415501224543528,0.48492749501947774,0.20169455606866427,0.90499832165956,0.07365627608752251,0.5282242325294255,0.6700260013717765,-0.8095870288824715,-0.9280997665630788,0.0,0.0,-1.568760600169518,1.597184018325147,-1.583238991920567,0.18242301899999802,5.275694012999999,0.022469409999999357,0.002342888000001153,0.022485959000000832,5.996959384,0.15739565100000164,0.022528307000001746,2.5461240497459972e-05,0.0009319550886735696,0.008102827742231151,-1.6390613503119096e-05,0.0001391274479860986,0,localization_jump,localization_jump_001
37.800000000000004,0.328874409198761,1.1802411596348257,0.9,0.200766576999996,4.980908749567513,0.0,0.0,0.0,-1.5687608205442642,1.5971778236077954,-1.5830496092518096,2.9399625590745132e-05,-7.505452460743214e-06,0.0009145532744155544,0.0009898284179367138,-0.11121683115100715,0.022336563380419797,-0.004028561605396186,0.003922646872865778,1.0151262218880361,1.4087873845659464,-2.4415501224543528,0.48492749501947774,0.20169455606866427,0.90499832165956,0.07365627608752251,0.5282242325294255,0.6700260013717765,-0.8095870288824715,-0.9280997665630788,0.0,0.0,-1.5687608205442642,1.5971778236077954,-1.5830496092518096,0.18165644200000486,5.475694013000002,0.018405155000003504,0.002260739000007561,0.018415896000007592,6.196959384000003,0.15335857300000555,0.018451351000003058,2.9399625590745132e-05,0.0009145532744155544,0.007951208478261964,-1.5802624583554488e-05,7.527514352115934e-05,0,localization_jump,localization_jump_001
38.0,0.3282894790172577,1.1802341290462164,0.9,0.19935496000000086,5.01617817785921,0.0,0.0,0.0,-1.5687609002348752,1.597171702781078,-1.5828638872916554,1.3668909297693026e-05,-1.0985283755228196e-05,0.0008967461650326156,0.0008986892581105271,-0.08548661831196971,-0.015056940144157923,-0.004529390147038833,0.003264053349366699,1.0151262218880361,1.4087873845659464,-2.4415501224543528,0.48492749501947774,0.20169455606866427,0.90499832165956,0.07365627608752251,0.5282242325294255,0.6700260013717765,-0.8095870288824715,-0.9280997665630788,0.0,0.0,-1.5687609002348752,1.597171702781078,-1.5828638872916554,0.18230148199999974,5.6756940129999975,0.012604342999999574,0.004407565000001057,0.01262973499999731,6.396959383999999,0.14952956300000153,0.01266673199999957,1.3668909297693026e-05,0.0008967461650326156,0.007793443496405532,-1.4784171080030628e-05,1.943093077911499e-06,0,localization_jump,localization_jump_001
38.2,0.32293838262557983,1.1797963566618201,0.9,0.20185613000000302,4.954023442339775,0.0,0.0,0.0,-1.5687609462454095,1.5971655905265811,-1.5826816586565557,1.3492312291669125e-05,-1.0437893095239068e-05,0.0008797913816260686,0.0010083032364526239,-0.10012761045564096,0.010192769588649885,-0.004455095970789787,0.0031907227170611743,1.0151262218880361,1.4087873845659464,-2.4415501224543528,0.48492749501947774,0.20169455606866427,0.90499832165956,0.07365627608752251,0.5282242325294255,0.6700260013717765,-0.8095870288824715,-0.9280997665630788,0.0,0.0,-1.5687609462454095,1.5971655905265811,-1.5826816586565557,0.18044535199999956,5.875694013,0.007713228000000072,0.0035039199999999937,0.007661803000004852,6.596959384000002,0.17759928600000308,0.007669220000003918,1.3492312291669125e-05,0.0008797913816260686,0.0076458186878509615,-1.421497592068668e-05,0.00012851185482655523,0,localization_jump,localization_jump_001
38.400000000000006,0.31493380665779114,1.180348182901924,0.9,0.2009367839999996,4.976689584123144,0.0,0.0,0.0,-1.5687610319536531,1.5971594807342429,-1.582502808600006,1.3327072951133522e-05,-9.669461861629708e-06,0.0008632016930391794,0.0009385249901804127,-0.07578854552976928,-7.408200562054148e-05,-0.0043820874640991886,0.0031192318504233724,1.0151262218880361,1.4087873845659464,-2.4415501224543528,0.48492749501947774,0.20169455606866427,0.90499832165956,0.07365627608752251,0.5282242325294255,0.6700260013717765,-0.8095870288824715,-0.9280997665630788,0.0,0.0,-1.5687610319536531,1.5971594807342429,-1.582502808600006,0.1795085680000028,6.075694013000003,0.0021470430000078977,0.0020605970000033835,0.0018519910000023287,6.796959384000004,0.17276938100000905,0.001989434000002177,1.3327072951133522e-05,0.0008632016930391794,0.007501319314522561,-1.3668746789359176e-05,7.532329714123335e-05,0,localization_jump,localization_jump_001
38.6,0.32335951924324036,1.1840796153302546,0.9,0.20243925699999465,4.9397533601895525,0.0,0.0,0.0,-1.5687611327105047,1.5971542072539429,-1.5823563155897749,2.8123079185956276e-05,-5.4760092689485455e-06,0.0008503178694294579,0.0008981454543168673,-0.08169406857459566,0.007993616142743912,-0.0037175416200697646,0.0036741126465972404,1.0151262218880361,1.4087873845659464,-2.4415501224543528,0.48492749501947774,0.20169455606866427,0.90499832165956,0.07365627608752251,0.5282242325294255,0.6700260013717765,-0.8095870288824715,-0.9280997665630788,0.0,0.0,-1.5687611327105047,1.5971542072539429,-1.5823563155897749,0.1770693110000039,6.275694012999999,0.031240561000004163,0.0013394930000032446,0.03125360399999977,6.996959384,0.1660861149999988,0.031284900000002835,2.8123079185956276e-05,0.0008503178694294579,0.007391654266667005,-1.3658666680549916e-05,4.782758488740941e-05,0,localization_jump,localization_jump_001
38.800000000000004,0.3272096514701843,1.1836487532213882,0.9,0.2000741240000039,4.9981475865413785,0.0,0.0,0.0,-1.5687612655893706,1.597148109185828,-1.5821835432610543,2.516272421123274e-05,-1.0831029917114444e-05,0.0008343499946527354,0.0008207883840971031,-0.08138405351090658,0.03088685355126456,-0.00360189013845313,0.003650179568150378,1.0151262218880361,1.4087873845659464,-2.4415501224543528,0.48492749501947774,0.20169455606866427,0.90499832165956,0.07365627608752251,0.5282242325294255,0.6700260013717765,-0.8095870288824715,-0.9280997665630788,0.0,0.0,-1.5687612655893706,1.597148109185828,-1.5821835432610543,0.17699518700000283,6.475694013000002,0.02738248600000759,0.0012598550000078035,0.027390986000007445,7.196959384000003,0.16236031100000758,0.027423199000004672,2.516272421123274e-05,0.0008343499946527354,0.007252069706603508,-1.314754579010395e-05,1.3561610555632244e-05,0,localization_jump,localization_jump_001
39.0,0.32926779985427856,1.1834616929660609,0.9,0.20002136600000142,4.999465907057114,0.0,0.0,0.0,-1.5687612069292258,1.5971418147176832,-1.5820140562877771,2.208587007689372e-05,-9.28627249669874e-06,0.0008188197198370679,0.0010283927952811694,-0.046723951376757666,0.010272516422288925,-0.0034821006747559687,0.003634794054139246,1.0151262218880361,1.4087873845659464,-2.4415501224543528,0.48492749501947774,0.20169455606866427,0.90499832165956,0.07365627608752251,0.5282242325294255,0.6700260013717765,-0.8095870288824715,-0.9280997665630788,0.0,0.0,-1.5687612069292258,1.5971418147176832,-1.5820140562877771,0.17697382099999714,6.6756940129999975,0.023325530000001038,0.0013349789999992367,0.023338400000000092,7.396959383999999,0.1585487910000012,0.023365609999999037,2.208587007689372e-05,0.0008188197198370679,0.0071168947288952145,-1.265671882851725e-05,0.0002095730754441015,0,localization_jump,localization_jump_001
39.2,0.32581570744514465,1.18395626158626,0.9,0.20039818299999723,4.990065204333783,0.0,0.0,0.0,-1.5687614564953478,1.5971357558052577,-1.5818475406731225,1.2887185995106627e-05,-1.2243385547508058e-05,0.0008037995834759656,0.0011946967221305367,-0.05916860481659431,0.006187859637164176,-0.0034081554811241014,0.0035773475056784677,1.0151262218880361,1.4087873845659464,-2.4415501224543528,0.48492749501947774,0.20169455606866427,0.90499832165956,0.07365627608752251,0.5282242325294255,0.6700260013717765,-0.8095870288824715,-0.9280997665630788,0.0,0.0,-1.5687614564953478,1.5971357558052577,-1.5818475406731225,0.17657563800000275,6.875694013,0.017345242000004646,0.0041286690000035264,0.017196094000006212,7.596959384000002,0.15353047400000008,0.017266678000005697,1.2887185995106627e-05,0.0008037995834759656,0.0069855029868025695,-1.2192156509363703e-05,0.0003908971386545711,0,localization_jump,localization_jump_001
39.400000000000006,0.3217043876647949,1.1837011633647814,0.9,0.20189720799999833,4.953015496876056,0.0,0.0,0.0,-1.5687613577158945,1.597129443192345,-1.5816842785596823,2.1684187175147297e-05,-8.632751031134215e-06,0.0007887184021399091,0.0006007707429622051,-0.07277328084980936,0.006022101555244711,-0.0033499384881666905,0.003504652649488827,1.0151262218880361,1.4087873845659464,-2.4415501224543528,0.48492749501947774,0.20169455606866427,0.90499832165956,0.07365627608752251,0.5282242325294255,0.6700260013717765,-0.8095870288824715,-0.9280997665630788,0.0,0.0,-1.5687613577158945,1.597129443192345,-1.5816842785596823,0.17467843000000727,7.075694013000003,0.011601695000003076,0.0023959780000026853,0.011617100000002267,7.796959384000004,0.14812801300000444,0.011646684000005791,2.1684187175147297e-05,0.0007887184021399091,0.006854591137655517,-1.1740370798177987e-05,0.000187947659177704,0,localization_jump,localization_jump_001
39.6,0.32851535081863403,1.1826994043809396,0.9,0.20195727800000185,4.951542276183733,0.0,0.0,0.0,-1.5687615596434226,1.5971233066104304,-1.581523862320178,2.817471377472003e-05,-7.999329895133164e-06,0.0007742098890767914,0.0009950156206964239,-0.0562900585474873,-0.018725581796093776,-0.0033547691748951336,0.0033736226131549476,1.0151262218880361,1.4087873845659464,-2.4415501224543528,0.48492749501947774,0.20169455606866427,0.90499832165956,0.07365627608752251,0.5282242325294255,0.6700260013717765,-0.8095870288824715,-0.9280997665630788,0.0,0.0,-1.5687615596434226,1.5971233066104304,-1.581523862320178,0.17272115200000115,7.275694012999999,0.00679956000000459,0.0016560560000016267,0.00681613100000078,7.996959384,0.14212267700000325,0.006864882999998656,2.817471377472003e-05,0.0007742098890767914,0.006728391788050081,-1.1317725150341387e-05,0.00022080573161963241,0,localization_jump,localization_jump_001
39.800000000000004,0.32476136088371277,1.1836535971105835,0.9,0.20042498400000142,4.989397928553623,0.0,0.0,0.0,-1.5687616282681134,1.597117065306515,-1.5813664481026226,2.9160778981590623e-05,-7.890589446078645e-06,0.0007598088190431118,0.0007480773324525881,-0.05487601499636217,0.009430640678669833,-0.0032586794345443033,0.0033441631212002497,1.0151262218880361,1.4087873845659464,-2.4415501224543528,0.48492749501947774,0.20169455606866427,0.90499832165956,0.07365627608752251,0.5282242325294255,0.6700260013717765,-0.8095870288824715,-0.9280997665630788,0.0,0.0,-1.5687616282681134,1.597117065306515,-1.5813664481026226,0.17229616800000258,7.475694013000002,0.0004082440000061638,0.004645458000005931,0.0003180380000031846,8.196959384000003,0.1713278290000062,0.0005349190000032422,2.9160778981590623e-05,0.0007598088190431118,0.006602842555744553,-1.0897555588816743e-05,1.1731486590523693e-05,0,localization_jump,localization_jump_001
40.0,0.3136322498321533,1.1825206262277967,0.9,0.20277209500000026,4.931645056978865,0.0,0.0,0.0,-1.5687616103955335,1.5971119368175621,-1.5812375348549839,1.4979928668229109e-05,-9.937065166195431e-06,0.0007483690196483547,0.0006630883863546317,-0.05999300991529625,-0.00789145404707545,-0.0031664520871917713,0.0033362041518394483,1.0151262218880361,1.4087873845659464,-2.4415501224543528,0.48492749501947774,0.20169455606866427,0.90499832165956,0.07365627608752251,0.5282242325294255,0.6700260013717765,-0.8095870288824715,-0.9280997665630788,0.0,0.0,-1.5687616103955335,1.5971119368175621,-1.5812375348549839,0.16952407299999805,7.6756940129999975,0.027575982000001886,0.001661028999997427,0.02747370400000193,8.396959383999999,0.16528656700000255,0.027487276999998755,1.4979928668229109e-05,0.0007483690196483547,0.006502656239031219,-1.0563930599889875e-05,8.528063329372299e-05,0,localization_jump,localization_jump_001
40.2,0.3219521939754486,1.1828513274222245,0.9,0.20207381599999508,4.948686672003187,0.0,0.0,0.0,-1.5687616927604615,1.5971056737698976,-1.5810853387939263,6.133350631734065e-07,-7.159012688004091e-06,0.0007347991954198651,0.000630954735009273,-0.09502103176670698,0.012619502147302508,-0.003692876094269587,0.002689124182368522,1.0151262218880361,1.4087873845659464,-2.4415501224543528,0.48492749501947774,0.20169455606866427,0.90499832165956,0.07365627608752251,0.5282242325294255,0.6700260013717765,-0.8095870288824715,-0.9280997665630788,0.0,0.0,-1.5687616927604615,1.5971056737698976,-1.5810853387939263,0.16745025700000582,7.875694013,0.022270003000002703,0.00038994300000183557,0.022184705000000804,8.596959384000002,0.15826974500000546,0.022191497000001448,6.133350631734065e-07,0.0007347991954198651,0.006382000276638109,-9.930602407590963e-06,0.0001038444604105921,0,localization_jump,localization_jump_001
40.400000000000006,0.3319367468357086,1.1836207041769853,0.9,0.20174064400000447,4.956859362459346,0.0,0.0,0.0,-1.5687620275119485,1.5970994462947425,-1.580935784860936,1.4605683938149032e-05,-1.0086713792227181e-05,0.0007216180935410888,0.0006997112722181758,-0.04992116869187706,0.010331837545470469,-0.0030494708232848295,0.0032197821568418624,1.0151262218880361,1.4087873845659464,-2.4415501224543528,0.48492749501947774,0.20169455606866427,0.90499832165956,0.07365627608752251,0.5282242325294255,0.6700260013717765,-0.8095870288824715,-0.9280997665630788,0.0,0.0,-1.5687620275119485,1.5970994462947425,-1.580935784860936,0.1657096130000042,8.075694013000003,0.017424720000008165,0.0035032540000088375,0.01736232100000734,8.796959384000004,0.15337564900000444,0.017383697000006748,1.4605683938149032e-05,0.0007216180935410888,0.006269252980126692,-9.818631744622359e-06,2.1906821322912923e-05,0,localization_jump,localization_jump_001
40.6,0.32780277729034424,1.182896310440552,0.9,0.20198510200000186,4.9508601876983525,0.0,0.0,0.0,-1.5687619111863036,1.597093198994717,-1.580789205273825,9.271774078672769e-07,-1.2209472532557928e-05,0.0007081157589183955,0.0008065068524290956,-0.0363942664048523,0.0013559498880780447,-0.0033235188712194604,0.0028267971930897736,1.0151262218880361,1.4087873845659464,-2.4415501224543528,0.48492749501947774,0.20169455606866427,0.90499832165956,0.07365627608752251,0.5282242325294255,0.6700260013717765,-0.8095870288824715,-0.9280997665630788,0.0,0.0,-1.5687619111863036,1.597093198994717,-1.580789205273825,0.16372451099999807,8.275694012999999,0.010643335000004583,0.0012544329999997217,0.010653400999999008,8.996959384,0.14669509000000147,0.010685363000000336,9.271774078672769e-07,0.0007081157589183955,0.0061503160643092344,-9.394913816344064e-06,9.839109351070013e-05,0,localization_jump,localization_jump_001
40.800000000000004,0.32508358359336853,1.1830635676045476,0.9,0.20117760599999457,4.970732179803487,0.0,0.0,0.0,-1.5687621085482533,1.597087030711453,-1.580645048121316,2.878842790465489e-06,-9.756239090868886e-06,0.0006956546626218717,0.0004462493193731637,-0.06616274265316185,0.007548480917380892,-0.0031048850274146573,0.0029369789967016915,1.0151262218880361,1.4087873845659464,-2.4415501224543528,0.48492749501947774,0.20169455606866427,0.90499832165956,0.07365627608752251,0.5282242325294255,0.6700260013717765,-0.8095870288824715,-0.9280997665630788,0.0,0.0,-1.5687621085482533,1.597087030711453,-1.580645048121316,0.16254690500000635,8.475694013000002,0.005839573000002929,0.0001857110000074158,0.005416577000005418,9.196959384000003,0.14216028400000624,0.005939461000004087,2.878842790465489e-06,0.0006956546626218717,0.006041864024116349,-9.118982112690404e-06,0.00024940534324870806,0,localization_jump,localization_jump_001
41.0,0.31974101066589355,1.182965369504175,0.9,0.20166754899999972,4.958655990805944,0.0,0.0,0.0,-1.5687619795434031,1.5970817725322313,-1.5805270807632779,2.72673195372331e-05,-6.356602816956982e-06,0.0006843010497595325,0.0008402229851101834,-0.03925312003325619,-0.037084356698535124,-0.0031169573596110407,0.0028276760939731863,1.0151262218880361,1.4087873845659464,-2.4415501224543528,0.48492749501947774,0.20169455606866427,0.90499832165956,0.07365627608752251,0.5282242325294255,0.6700260013717765,-0.8095870288824715,-0.9280997665630788,0.0,0.0,-1.5687619795434031,1.5970817725322313,-1.5805270807632779,0.16087935600000236,8.675694012999998,0.03392993599999983,0.0029149639999985766,0.03384702599999656,9.396959383999999,0.13606735700000172,0.03398436799999871,2.72673195372331e-05,0.0006843010497595325,0.005944633453584227,-8.813745811705923e-06,0.00015592193535065083,0,localization_jump,localization_jump_001
41.2,0.32887691259384155,1.183880146730829,0.9,0.20186217999999911,4.953874965582975,0.0,0.0,0.0,-1.568762368148707,1.5970755383221795,-1.580387567499748,3.223670196509867e-05,-8.907061331837071e-06,0.0006721613855161148,0.000289119422568374,-0.06893221913884634,-0.005082461487087977,-0.0029367043415387904,0.0029016141170758224,1.0151262218880361,1.4087873845659464,-2.4415501224543528,0.48492749501947774,0.20169455606866427,0.90499832165956,0.07365627608752251,0.5282242325294255,0.6700260013717765,-0.8095870288824715,-0.9280997665630788,0.0,0.0,-1.568762368148707,1.5970755383221795,-1.580387567499748,0.1590171760000061,8.875694013,0.029298566000001358,0.0028709120000058874,0.0292336840000047,9.596959384000002,0.13032792000000626,0.029339226000004714,3.223670196509867e-05,0.0006721613855161148,0.005838318458614613,-8.521182775086812e-06,0.0003830419629477408,0,localization_jump,localization_jump_001
41.400000000000006,0.32837826013565063,1.1837115076221065,0.9,0.20080639300000058,4.979921132291825,0.0,0.0,0.0,-1.5687622207065282,1.597069191813725,-1.5802508528994965,3.08759179046323e-05,-9.20698246626132e-06,0.0006597597582901065,0.0002988204736156421,-0.04401081094573773,0.0003014711250946012,-0.002909801503958446,0.0028209961669063985,1.0151262218880361,1.4087873845659464,-2.4415501224543528,0.48492749501947774,0.20169455606866427,0.90499832165956,0.07365627608752251,0.5282242325294255,0.6700260013717765,-0.8095870288824715,-0.9280997665630788,0.0,0.0,-1.5687622207065282,1.597069191813725,-1.5802508528994965,0.15821078300000835,9.075694013000003,0.023918650000005925,0.0019148020000088195,0.023926666000008368,9.796959384000004,0.1259877570000043,0.023948354000005168,3.08759179046323e-05,0.0006597597582901065,0.005730797670864845,-8.20853888912525e-06,0.0003609392846744644,0,localization_jump,localization_jump_001
41.6,0.3148917257785797,1.1824591734711034,0.9,0.20186492999999928,4.95380747909012,0.0,0.0,0.0,-1.5687624164425842,1.5970630157969505,-1.5801163784979777,2.5726655073276006e-05,-8.726681978512446e-06,0.0006483896990957526,0.00027684796252176947,-0.05962060226245469,-0.009110312197594178,-0.0027590511312017623,0.002872259132121398,1.0151262218880361,1.4087873845659464,-2.4415501224543528,0.48492749501947774,0.20169455606866427,0.90499832165956,0.07365627608752251,0.5282242325294255,0.6700260013717765,-0.8095870288824715,-0.9280997665630788,0.0,0.0,-1.5687624164425842,1.5970630157969505,-1.5801163784979777,0.1563458530000048,9.275694012999999,0.018267604999998355,1.2153000000125758e-05,0.01815201899999863,9.996959384,0.15437936800000074,0.01816296900000225,2.5726655073276006e-05,0.0006483896990957526,0.005631310263323161,-7.924709807584134e-06,0.00037154173657398315,0,localization_jump,localization_jump_001
41.800000000000004,0.318041056394577,1.1838844450719563,0.9,0.20128107300000408,4.968177012847997,0.0,0.0,0.0,-1.5687624344588522,1.5970587206330298,-1.5800281242654657,9.167117037551373e-06,-1.035014506888533e-05,0.0006409710862259253,0.0007640020763562497,-0.08819493315675185,0.00691043754967134,-0.00269030259241582,0.0028758826075937953,1.0151262218880361,1.4087873845659464,-2.4415501224543528,0.48492749501947774,0.20169455606866427,0.90499832165956,0.07365627608752251,0.5282242325294255,0.6700260013717765,-0.8095870288824715,-0.9280997665630788,0.0,0.0,-1.5687624344588522,1.5970587206330298,-1.5800281242654657,0.15506478000000357,9.475694013000002,0.08010027900000694,0.058018800000006365,0.08011244200000078,10.196959384000003,0.14838250600000435,0.08014523400000684,9.167117037551373e-06,0.0006409710862259253,0.005566185200009615,-7.736994434693156e-06,0.0001230309901303244,0,localization_jump,localization_jump_001
